armor,weapon,name,pose,primary_overlap_pixels,primary_gap_pixels,support_overlap_pixels,support_gap_pixels,anatomy_status,acceptance
1,86,Beretta 21A Bobcat,pistol,6730,0.0,,,NOT_REVIEWED,NOT_APPROVED
1,2,Пистолет ПСМ,pistol,6452,0.0,,,NOT_REVIEWED,NOT_APPROVED
1,87,Walther PPK,pistol,6665,0.0,,,NOT_REVIEWED,NOT_APPROVED
1,1,Пистолет Макарова,pistol,6453,0.0,,,NOT_REVIEWED,NOT_APPROVED
1,3,Пистолет ИЖ-71,pistol,6383,0.0,,,NOT_REVIEWED,NOT_APPROVED
1,88,Glock 25,pistol,6256,0.0,,,NOT_REVIEWED,NOT_APPROVED
1,5,Пистолет ОЦ-33 «Пернач»,pistol,6371,0.0,,,NOT_REVIEWED,NOT_APPROVED
1,6,Револьвер Наган,pistol,4853,0.0,,,NOT_REVIEWED,NOT_APPROVED
1,89,Walther P99,pistol,6141,0.0,,,NOT_REVIEWED,NOT_APPROVED
1,90,CZ 75,pistol,5938,0.0,,,NOT_REVIEWED,NOT_APPROVED
1,91,Glock 17,pistol,5989,0.0,,,NOT_REVIEWED,NOT_APPROVED
1,92,Beretta 92FS,pistol,5574,0.0,,,NOT_REVIEWED,NOT_APPROVED
1,93,SIG Sauer P226,pistol,6728,0.0,,,NOT_REVIEWED,NOT_APPROVED
1,7,Пистолет ТТ,pistol,6304,0.0,,,NOT_REVIEWED,NOT_APPROVED
1,94,HK USP,pistol,6133,0.0,,,NOT_REVIEWED,NOT_APPROVED
1,95,Glock 22,pistol,6027,0.0,,,NOT_REVIEWED,NOT_APPROVED
1,96,SIG Sauer P229,pistol,6682,0.0,,,NOT_REVIEWED,NOT_APPROVED
1,97,Glock 20,pistol,6617,0.0,,,NOT_REVIEWED,NOT_APPROVED
1,98,Colt 1911,pistol,6135,0.0,,,NOT_REVIEWED,NOT_APPROVED
1,99,Glock 21,pistol,6102,0.0,,,NOT_REVIEWED,NOT_APPROVED
1,100,CZ 97B,pistol,6515,0.0,,,NOT_REVIEWED,NOT_APPROVED
1,101,HK Mark 23,pistol,5362,0.0,,,NOT_REVIEWED,NOT_APPROVED
1,102,Taurus Judge,pistol,5639,0.0,,,NOT_REVIEWED,NOT_APPROVED
1,103,Smith & Wesson Model 29,pistol,4013,0.0,,,NOT_REVIEWED,NOT_APPROVED
1,104,Taurus Raging Bull,pistol,4118,0.0,,,NOT_REVIEWED,NOT_APPROVED
1,105,Desert Eagle Mark XIX,pistol,7231,0.0,,,NOT_REVIEWED,NOT_APPROVED
1,11,Автомат АКС-74У,heavy,5179,0.0,1254,0.0,NOT_REVIEWED,NOT_APPROVED
1,12,Автомат АК-74,heavy,5442,0.0,1523,0.0,NOT_REVIEWED,NOT_APPROVED
1,37,Автомат АК-107,heavy,4010,0.0,13,0.0,NOT_REVIEWED,NOT_APPROVED
1,21,Автомат АК-12,heavy,4861,0.0,0,1.0,NOT_REVIEWED,NOT_APPROVED
1,26,Автомат АН-94 «Абакан»,heavy,4209,0.0,292,0.0,NOT_REVIEWED,NOT_APPROVED
1,17,Пулемёт РПК-74,heavy,3850,0.0,775,0.0,NOT_REVIEWED,NOT_APPROVED
1,38,Автомат ADAR 2-15,heavy,4860,0.0,229,0.0,NOT_REVIEWED,NOT_APPROVED
1,45,Автомат АК-19,heavy,4351,0.0,132,0.0,NOT_REVIEWED,NOT_APPROVED
1,57,Автомат HK416,heavy,4417,0.0,19,0.0,NOT_REVIEWED,NOT_APPROVED
1,69,Автомат CZ Bren 2,heavy,4114,0.0,152,0.0,NOT_REVIEWED,NOT_APPROVED
1,67,Пулемёт Minimi Mk3,heavy,3249,0.0,1935,0.0,NOT_REVIEWED,NOT_APPROVED
1,43,Автомат ОЦ-14 «Гроза»,heavy,4487,0.0,0,32.02,NOT_REVIEWED,NOT_APPROVED
1,16,Карабин «Вепрь»,heavy,5095,0.0,537,0.0,NOT_REVIEWED,NOT_APPROVED
1,15,Автомат АК-103,heavy,4382,0.0,493,0.0,NOT_REVIEWED,NOT_APPROVED
1,25,Пулемёт РПД,heavy,3479,0.0,0,4.12,NOT_REVIEWED,NOT_APPROVED
1,18,Автомат АС «Вал»,heavy,4209,0.0,343,0.0,NOT_REVIEWED,NOT_APPROVED
1,10,Карабин Сайга-12,heavy,5461,0.0,1962,0.0,NOT_REVIEWED,NOT_APPROVED
1,63,Автомат АК-308,heavy,4153,0.0,39,0.0,NOT_REVIEWED,NOT_APPROVED
1,51,Автомат ЛР-308,heavy,3832,0.0,0,10.0,NOT_REVIEWED,NOT_APPROVED
1,75,Автомат SCAR-H,heavy,4145,0.0,0,8.94,NOT_REVIEWED,NOT_APPROVED
1,61,Пулемёт M60E6,heavy,3714,0.0,2098,0.0,NOT_REVIEWED,NOT_APPROVED
1,59,Пулемёт M240,heavy,3550,0.0,88,0.0,NOT_REVIEWED,NOT_APPROVED
1,71,Пулемёт FN MAG,heavy,3052,0.0,1200,0.0,NOT_REVIEWED,NOT_APPROVED
1,77,Пулемёт Negev NG7,heavy,3170,0.0,1666,0.0,NOT_REVIEWED,NOT_APPROVED
1,22,Пулемёт ПКМ,heavy,2312,0.0,50,0.0,NOT_REVIEWED,NOT_APPROVED
1,29,Пулемёт «Печенег»,heavy,3601,0.0,406,0.0,NOT_REVIEWED,NOT_APPROVED
1,53,Пулемёт «Печенег-СП»,heavy,3926,0.0,1398,0.0,NOT_REVIEWED,NOT_APPROVED
1,47,Автомат АК-АН «Абакан-100»,heavy,3458,0.0,1103,0.0,NOT_REVIEWED,NOT_APPROVED
1,65,Пулемёт «Утёс-М»,heavy,4049,0.0,2304,0.0,NOT_REVIEWED,NOT_APPROVED
1,14,Винтовка СКС,heavy,5542,0.0,3569,0.0,NOT_REVIEWED,NOT_APPROVED
1,46,Винтовка SSG 08,heavy,3515,0.0,1098,0.0,NOT_REVIEWED,NOT_APPROVED
1,42,Винтовка SR-25,heavy,3930,0.0,0,2.0,NOT_REVIEWED,NOT_APPROVED
1,13,Винтовка СВД,heavy,5280,0.0,2796,0.0,NOT_REVIEWED,NOT_APPROVED
1,24,Винтовка СВДС,heavy,3795,0.0,1510,0.0,NOT_REVIEWED,NOT_APPROVED
1,23,Винтовка Т-5000,heavy,3111,0.0,1001,0.0,NOT_REVIEWED,NOT_APPROVED
1,28,Винтовка СВ-98,heavy,4567,0.0,1350,0.0,NOT_REVIEWED,NOT_APPROVED
1,36,Винтовка СВК,heavy,3127,0.0,1933,0.0,NOT_REVIEWED,NOT_APPROVED
1,30,Винтовка ВСС «Винторез»,heavy,4752,0.0,1064,0.0,NOT_REVIEWED,NOT_APPROVED
1,40,Винтовка ВСК-94,heavy,4297,0.0,0,5.0,NOT_REVIEWED,NOT_APPROVED
1,31,Винтовка СВ-338,heavy,3722,0.0,2454,0.0,NOT_REVIEWED,NOT_APPROVED
1,27,Винтовка ОРСИС T-5000M,heavy,3984,0.0,1688,0.0,NOT_REVIEWED,NOT_APPROVED
1,70,Винтовка Sako TRG-42,heavy,4082,0.0,1734,0.0,NOT_REVIEWED,NOT_APPROVED
1,76,Винтовка Blaser R93 Tactical 2,heavy,3875,0.0,2218,0.0,NOT_REVIEWED,NOT_APPROVED
1,39,Винтовка ORSIS T-5000 Sniper Pro,heavy,3815,0.0,1911,0.0,NOT_REVIEWED,NOT_APPROVED
1,60,Винтовка Accuracy International AXMC,heavy,3464,0.0,2053,0.0,NOT_REVIEWED,NOT_APPROVED
1,48,Винтовка Barrett M98B,heavy,2912,0.0,1611,0.0,NOT_REVIEWED,NOT_APPROVED
1,64,Винтовка ORSIS T-5000 Elite,heavy,4034,0.0,802,0.0,NOT_REVIEWED,NOT_APPROVED
1,33,Винтовка «Выхлоп»,heavy,3430,0.0,1261,0.0,NOT_REVIEWED,NOT_APPROVED
1,35,Винтовка ОСВ-96,heavy,3068,0.0,427,0.0,NOT_REVIEWED,NOT_APPROVED
1,66,Винтовка Zastava M93 Black Arrow,heavy,4283,0.0,1527,0.0,NOT_REVIEWED,NOT_APPROVED
1,52,Винтовка АСВК «Корд»,heavy,3291,0.0,2329,0.0,NOT_REVIEWED,NOT_APPROVED
1,58,Винтовка Steyr HS .50,heavy,5042,0.0,3430,0.0,NOT_REVIEWED,NOT_APPROVED
1,49,Винтовка Barrett M82,heavy,2253,0.0,1750,0.0,NOT_REVIEWED,NOT_APPROVED
1,54,Винтовка McMillan TAC-50,heavy,4332,0.0,589,0.0,NOT_REVIEWED,NOT_APPROVED
1,72,Винтовка Desert Tech HTI,heavy,4115,0.0,976,0.0,NOT_REVIEWED,NOT_APPROVED
1,78,Винтовка Cheytac M200 Intervention,heavy,2692,0.0,1547,0.0,NOT_REVIEWED,NOT_APPROVED
1,73,Прототип X-17,heavy,2563,0.0,25,0.0,NOT_REVIEWED,NOT_APPROVED
1,55,Гаусс-пушка,heavy,5059,0.0,1484,0.0,NOT_REVIEWED,NOT_APPROVED
1,4,Обрез охотничьего ружья,heavy,7043,0.0,2813,0.0,NOT_REVIEWED,NOT_APPROVED
1,8,ПП «Кедр»,heavy,7237,0.0,0,18.25,NOT_REVIEWED,NOT_APPROVED
1,9,ПП-19 «Бизон»,heavy,5740,0.0,5043,0.0,NOT_REVIEWED,NOT_APPROVED
1,20,Дробовик Сайга-410,heavy,4608,0.0,917,0.0,NOT_REVIEWED,NOT_APPROVED
1,106,Дробовик Mossberg 500,heavy,5100,0.0,5467,0.0,NOT_REVIEWED,NOT_APPROVED
1,107,Дробовик Stoeger P3000,heavy,5773,0.0,5549,0.0,NOT_REVIEWED,NOT_APPROVED
1,108,Дробовик Remington 870,heavy,5344,0.0,5252,0.0,NOT_REVIEWED,NOT_APPROVED
1,109,Дробовик Winchester Model 1300,heavy,5303,0.0,5231,0.0,NOT_REVIEWED,NOT_APPROVED
1,110,Дробовик Ithaca 37,heavy,5374,0.0,5414,0.0,NOT_REVIEWED,NOT_APPROVED
1,111,Дробовик Browning BPS,heavy,5114,0.0,4952,0.0,NOT_REVIEWED,NOT_APPROVED
1,19,Дробовик СПАС-12,heavy,4733,0.0,2721,0.0,NOT_REVIEWED,NOT_APPROVED
1,112,Дробовик Winchester SXP Defender,heavy,4946,0.0,1619,0.0,NOT_REVIEWED,NOT_APPROVED
1,113,Дробовик Mossberg 590A1,heavy,5228,0.0,5490,0.0,NOT_REVIEWED,NOT_APPROVED
1,114,Дробовик Remington 870 MCS,heavy,4186,0.0,1085,0.0,NOT_REVIEWED,NOT_APPROVED
1,32,Дробовик Сайга-12К,heavy,3470,0.0,0,7.07,NOT_REVIEWED,NOT_APPROVED
1,115,Дробовик Benelli Nova,heavy,5402,0.0,4973,0.0,NOT_REVIEWED,NOT_APPROVED
1,116,Дробовик TOZ-194,heavy,4973,0.0,2919,0.0,NOT_REVIEWED,NOT_APPROVED
1,44,Дробовик «Вепрь-12»,heavy,3974,0.0,161,0.0,NOT_REVIEWED,NOT_APPROVED
1,117,Дробовик Remington 1100,heavy,5265,0.0,4734,0.0,NOT_REVIEWED,NOT_APPROVED
1,62,Дробовик Kel-Tec KSG,heavy,4503,0.0,0,9.22,NOT_REVIEWED,NOT_APPROVED
1,118,Дробовик Beretta 1301 Tactical,heavy,3915,0.0,1133,0.0,NOT_REVIEWED,NOT_APPROVED
1,50,Дробовик Benelli M4,heavy,4418,0.0,2334,0.0,NOT_REVIEWED,NOT_APPROVED
1,119,Дробовик Fabarm STF/12,heavy,4539,0.0,1192,0.0,NOT_REVIEWED,NOT_APPROVED
1,56,Дробовик AA-12,heavy,5434,0.0,1276,0.0,NOT_REVIEWED,NOT_APPROVED
1,120,Дробовик Winchester SX4,heavy,5344,0.0,4530,0.0,NOT_REVIEWED,NOT_APPROVED
1,121,Дробовик Browning A5,heavy,5438,0.0,4084,0.0,NOT_REVIEWED,NOT_APPROVED
1,68,Дробовик Franchi SPAS-15,heavy,4730,0.0,2806,0.0,NOT_REVIEWED,NOT_APPROVED
1,122,Дробовик Remington 870 Magnum,heavy,6677,0.0,5113,0.0,NOT_REVIEWED,NOT_APPROVED
1,123,Дробовик Benelli Vinci,heavy,5526,0.0,4898,0.0,NOT_REVIEWED,NOT_APPROVED
1,74,Дробовик USAS-12,heavy,3793,0.0,405,0.0,NOT_REVIEWED,NOT_APPROVED
1,124,Дробовик Ithaca Mag-10,heavy,3643,0.0,88,0.0,NOT_REVIEWED,NOT_APPROVED
1,125,Дробовик Remington SP-10,heavy,4754,0.0,176,0.0,NOT_REVIEWED,NOT_APPROVED
2,86,Beretta 21A Bobcat,pistol,7221,0.0,,,NOT_REVIEWED,NOT_APPROVED
2,2,Пистолет ПСМ,pistol,6863,0.0,,,NOT_REVIEWED,NOT_APPROVED
2,87,Walther PPK,pistol,7090,0.0,,,NOT_REVIEWED,NOT_APPROVED
2,1,Пистолет Макарова,pistol,6832,0.0,,,NOT_REVIEWED,NOT_APPROVED
2,3,Пистолет ИЖ-71,pistol,6671,0.0,,,NOT_REVIEWED,NOT_APPROVED
2,88,Glock 25,pistol,6657,0.0,,,NOT_REVIEWED,NOT_APPROVED
2,5,Пистолет ОЦ-33 «Пернач»,pistol,6794,0.0,,,NOT_REVIEWED,NOT_APPROVED
2,6,Револьвер Наган,pistol,5068,0.0,,,NOT_REVIEWED,NOT_APPROVED
2,89,Walther P99,pistol,6530,0.0,,,NOT_REVIEWED,NOT_APPROVED
2,90,CZ 75,pistol,6369,0.0,,,NOT_REVIEWED,NOT_APPROVED
2,91,Glock 17,pistol,6398,0.0,,,NOT_REVIEWED,NOT_APPROVED
2,92,Beretta 92FS,pistol,5965,0.0,,,NOT_REVIEWED,NOT_APPROVED
2,93,SIG Sauer P226,pistol,7098,0.0,,,NOT_REVIEWED,NOT_APPROVED
2,7,Пистолет ТТ,pistol,6704,0.0,,,NOT_REVIEWED,NOT_APPROVED
2,94,HK USP,pistol,6511,0.0,,,NOT_REVIEWED,NOT_APPROVED
2,95,Glock 22,pistol,6426,0.0,,,NOT_REVIEWED,NOT_APPROVED
2,96,SIG Sauer P229,pistol,7067,0.0,,,NOT_REVIEWED,NOT_APPROVED
2,97,Glock 20,pistol,7013,0.0,,,NOT_REVIEWED,NOT_APPROVED
2,98,Colt 1911,pistol,6523,0.0,,,NOT_REVIEWED,NOT_APPROVED
2,99,Glock 21,pistol,6560,0.0,,,NOT_REVIEWED,NOT_APPROVED
2,100,CZ 97B,pistol,6920,0.0,,,NOT_REVIEWED,NOT_APPROVED
2,101,HK Mark 23,pistol,5726,0.0,,,NOT_REVIEWED,NOT_APPROVED
2,102,Taurus Judge,pistol,6026,0.0,,,NOT_REVIEWED,NOT_APPROVED
2,103,Smith & Wesson Model 29,pistol,4254,0.0,,,NOT_REVIEWED,NOT_APPROVED
2,104,Taurus Raging Bull,pistol,4524,0.0,,,NOT_REVIEWED,NOT_APPROVED
2,105,Desert Eagle Mark XIX,pistol,7787,0.0,,,NOT_REVIEWED,NOT_APPROVED
2,11,Автомат АКС-74У,heavy,5979,0.0,875,0.0,NOT_REVIEWED,NOT_APPROVED
2,12,Автомат АК-74,heavy,6103,0.0,1076,0.0,NOT_REVIEWED,NOT_APPROVED
2,37,Автомат АК-107,heavy,4110,0.0,0,1.41,NOT_REVIEWED,NOT_APPROVED
2,21,Автомат АК-12,heavy,5161,0.0,0,6.32,NOT_REVIEWED,NOT_APPROVED
2,26,Автомат АН-94 «Абакан»,heavy,4230,0.0,133,0.0,NOT_REVIEWED,NOT_APPROVED
2,17,Пулемёт РПК-74,heavy,3796,0.0,563,0.0,NOT_REVIEWED,NOT_APPROVED
2,38,Автомат ADAR 2-15,heavy,5510,0.0,108,0.0,NOT_REVIEWED,NOT_APPROVED
2,45,Автомат АК-19,heavy,4424,0.0,47,0.0,NOT_REVIEWED,NOT_APPROVED
2,57,Автомат HK416,heavy,4536,0.0,0,2.0,NOT_REVIEWED,NOT_APPROVED
2,69,Автомат CZ Bren 2,heavy,4222,0.0,53,0.0,NOT_REVIEWED,NOT_APPROVED
2,67,Пулемёт Minimi Mk3,heavy,3250,0.0,1937,0.0,NOT_REVIEWED,NOT_APPROVED
2,43,Автомат ОЦ-14 «Гроза»,heavy,4768,0.0,0,45.45,NOT_REVIEWED,NOT_APPROVED
2,16,Карабин «Вепрь»,heavy,5720,0.0,235,0.0,NOT_REVIEWED,NOT_APPROVED
2,15,Автомат АК-103,heavy,4777,0.0,289,0.0,NOT_REVIEWED,NOT_APPROVED
2,25,Пулемёт РПД,heavy,3392,0.0,0,9.85,NOT_REVIEWED,NOT_APPROVED
2,18,Автомат АС «Вал»,heavy,4486,0.0,213,0.0,NOT_REVIEWED,NOT_APPROVED
2,10,Карабин Сайга-12,heavy,6356,0.0,1640,0.0,NOT_REVIEWED,NOT_APPROVED
2,63,Автомат АК-308,heavy,4222,0.0,24,0.0,NOT_REVIEWED,NOT_APPROVED
2,51,Автомат ЛР-308,heavy,3905,0.0,0,10.0,NOT_REVIEWED,NOT_APPROVED
2,75,Автомат SCAR-H,heavy,4323,0.0,0,17.0,NOT_REVIEWED,NOT_APPROVED
2,61,Пулемёт M60E6,heavy,3705,0.0,2295,0.0,NOT_REVIEWED,NOT_APPROVED
2,59,Пулемёт M240,heavy,3572,0.0,144,0.0,NOT_REVIEWED,NOT_APPROVED
2,71,Пулемёт FN MAG,heavy,3067,0.0,1693,0.0,NOT_REVIEWED,NOT_APPROVED
2,77,Пулемёт Negev NG7,heavy,3246,0.0,1729,0.0,NOT_REVIEWED,NOT_APPROVED
2,22,Пулемёт ПКМ,heavy,2352,0.0,0,1.0,NOT_REVIEWED,NOT_APPROVED
2,29,Пулемёт «Печенег»,heavy,3642,0.0,384,0.0,NOT_REVIEWED,NOT_APPROVED
2,53,Пулемёт «Печенег-СП»,heavy,3848,0.0,1696,0.0,NOT_REVIEWED,NOT_APPROVED
2,47,Автомат АК-АН «Абакан-100»,heavy,3445,0.0,922,0.0,NOT_REVIEWED,NOT_APPROVED
2,65,Пулемёт «Утёс-М»,heavy,4274,0.0,2297,0.0,NOT_REVIEWED,NOT_APPROVED
2,14,Винтовка СКС,heavy,5880,0.0,3095,0.0,NOT_REVIEWED,NOT_APPROVED
2,46,Винтовка SSG 08,heavy,3459,0.0,1042,0.0,NOT_REVIEWED,NOT_APPROVED
2,42,Винтовка SR-25,heavy,4012,0.0,0,2.0,NOT_REVIEWED,NOT_APPROVED
2,13,Винтовка СВД,heavy,5513,0.0,2269,0.0,NOT_REVIEWED,NOT_APPROVED
2,24,Винтовка СВДС,heavy,3921,0.0,1252,0.0,NOT_REVIEWED,NOT_APPROVED
2,23,Винтовка Т-5000,heavy,3088,0.0,670,0.0,NOT_REVIEWED,NOT_APPROVED
2,28,Винтовка СВ-98,heavy,4517,0.0,771,0.0,NOT_REVIEWED,NOT_APPROVED
2,36,Винтовка СВК,heavy,3077,0.0,1994,0.0,NOT_REVIEWED,NOT_APPROVED
2,30,Винтовка ВСС «Винторез»,heavy,4692,0.0,857,0.0,NOT_REVIEWED,NOT_APPROVED
2,40,Винтовка ВСК-94,heavy,4284,0.0,0,5.0,NOT_REVIEWED,NOT_APPROVED
2,31,Винтовка СВ-338,heavy,3721,0.0,2169,0.0,NOT_REVIEWED,NOT_APPROVED
2,27,Винтовка ОРСИС T-5000M,heavy,4050,0.0,1505,0.0,NOT_REVIEWED,NOT_APPROVED
2,70,Винтовка Sako TRG-42,heavy,3958,0.0,1667,0.0,NOT_REVIEWED,NOT_APPROVED
2,76,Винтовка Blaser R93 Tactical 2,heavy,3818,0.0,1686,0.0,NOT_REVIEWED,NOT_APPROVED
2,39,Винтовка ORSIS T-5000 Sniper Pro,heavy,3843,0.0,1802,0.0,NOT_REVIEWED,NOT_APPROVED
2,60,Винтовка Accuracy International AXMC,heavy,3550,0.0,1195,0.0,NOT_REVIEWED,NOT_APPROVED
2,48,Винтовка Barrett M98B,heavy,2907,0.0,1097,0.0,NOT_REVIEWED,NOT_APPROVED
2,64,Винтовка ORSIS T-5000 Elite,heavy,4011,0.0,387,0.0,NOT_REVIEWED,NOT_APPROVED
2,33,Винтовка «Выхлоп»,heavy,3501,0.0,1050,0.0,NOT_REVIEWED,NOT_APPROVED
2,35,Винтовка ОСВ-96,heavy,3068,0.0,469,0.0,NOT_REVIEWED,NOT_APPROVED
2,66,Винтовка Zastava M93 Black Arrow,heavy,4343,0.0,992,0.0,NOT_REVIEWED,NOT_APPROVED
2,52,Винтовка АСВК «Корд»,heavy,3313,0.0,2424,0.0,NOT_REVIEWED,NOT_APPROVED
2,58,Винтовка Steyr HS .50,heavy,5108,0.0,3319,0.0,NOT_REVIEWED,NOT_APPROVED
2,49,Винтовка Barrett M82,heavy,2314,0.0,1645,0.0,NOT_REVIEWED,NOT_APPROVED
2,54,Винтовка McMillan TAC-50,heavy,4482,0.0,307,0.0,NOT_REVIEWED,NOT_APPROVED
2,72,Винтовка Desert Tech HTI,heavy,4150,0.0,675,0.0,NOT_REVIEWED,NOT_APPROVED
2,78,Винтовка Cheytac M200 Intervention,heavy,2692,0.0,1662,0.0,NOT_REVIEWED,NOT_APPROVED
2,73,Прототип X-17,heavy,2723,0.0,0,9.22,NOT_REVIEWED,NOT_APPROVED
2,55,Гаусс-пушка,heavy,5462,0.0,1336,0.0,NOT_REVIEWED,NOT_APPROVED
2,4,Обрез охотничьего ружья,heavy,7361,0.0,2303,0.0,NOT_REVIEWED,NOT_APPROVED
2,8,ПП «Кедр»,heavy,8579,0.0,0,30.08,NOT_REVIEWED,NOT_APPROVED
2,9,ПП-19 «Бизон»,heavy,6646,0.0,4876,0.0,NOT_REVIEWED,NOT_APPROVED
2,20,Дробовик Сайга-410,heavy,5118,0.0,545,0.0,NOT_REVIEWED,NOT_APPROVED
2,106,Дробовик Mossberg 500,heavy,5551,0.0,5536,0.0,NOT_REVIEWED,NOT_APPROVED
2,107,Дробовик Stoeger P3000,heavy,6043,0.0,5478,0.0,NOT_REVIEWED,NOT_APPROVED
2,108,Дробовик Remington 870,heavy,5683,0.0,5027,0.0,NOT_REVIEWED,NOT_APPROVED
2,109,Дробовик Winchester Model 1300,heavy,5741,0.0,5109,0.0,NOT_REVIEWED,NOT_APPROVED
2,110,Дробовик Ithaca 37,heavy,5731,0.0,5216,0.0,NOT_REVIEWED,NOT_APPROVED
2,111,Дробовик Browning BPS,heavy,5480,0.0,4685,0.0,NOT_REVIEWED,NOT_APPROVED
2,19,Дробовик СПАС-12,heavy,5277,0.0,2354,0.0,NOT_REVIEWED,NOT_APPROVED
2,112,Дробовик Winchester SXP Defender,heavy,5113,0.0,1472,0.0,NOT_REVIEWED,NOT_APPROVED
2,113,Дробовик Mossberg 590A1,heavy,5639,0.0,5405,0.0,NOT_REVIEWED,NOT_APPROVED
2,114,Дробовик Remington 870 MCS,heavy,4223,0.0,790,0.0,NOT_REVIEWED,NOT_APPROVED
2,32,Дробовик Сайга-12К,heavy,3522,0.0,0,13.42,NOT_REVIEWED,NOT_APPROVED
2,115,Дробовик Benelli Nova,heavy,5652,0.0,4869,0.0,NOT_REVIEWED,NOT_APPROVED
2,116,Дробовик TOZ-194,heavy,5332,0.0,2742,0.0,NOT_REVIEWED,NOT_APPROVED
2,44,Дробовик «Вепрь-12»,heavy,3955,0.0,128,0.0,NOT_REVIEWED,NOT_APPROVED
2,117,Дробовик Remington 1100,heavy,5589,0.0,4444,0.0,NOT_REVIEWED,NOT_APPROVED
2,62,Дробовик Kel-Tec KSG,heavy,4561,0.0,0,15.23,NOT_REVIEWED,NOT_APPROVED
2,118,Дробовик Beretta 1301 Tactical,heavy,4002,0.0,860,0.0,NOT_REVIEWED,NOT_APPROVED
2,50,Дробовик Benelli M4,heavy,4528,0.0,1808,0.0,NOT_REVIEWED,NOT_APPROVED
2,119,Дробовик Fabarm STF/12,heavy,4786,0.0,839,0.0,NOT_REVIEWED,NOT_APPROVED
2,56,Дробовик AA-12,heavy,6043,0.0,998,0.0,NOT_REVIEWED,NOT_APPROVED
2,120,Дробовик Winchester SX4,heavy,5735,0.0,4185,0.0,NOT_REVIEWED,NOT_APPROVED
2,121,Дробовик Browning A5,heavy,5760,0.0,3527,0.0,NOT_REVIEWED,NOT_APPROVED
2,68,Дробовик Franchi SPAS-15,heavy,4896,0.0,2466,0.0,NOT_REVIEWED,NOT_APPROVED
2,122,Дробовик Remington 870 Magnum,heavy,6830,0.0,4824,0.0,NOT_REVIEWED,NOT_APPROVED
2,123,Дробовик Benelli Vinci,heavy,5953,0.0,4744,0.0,NOT_REVIEWED,NOT_APPROVED
2,74,Дробовик USAS-12,heavy,3813,0.0,264,0.0,NOT_REVIEWED,NOT_APPROVED
2,124,Дробовик Ithaca Mag-10,heavy,3674,0.0,41,0.0,NOT_REVIEWED,NOT_APPROVED
2,125,Дробовик Remington SP-10,heavy,4839,0.0,32,0.0,NOT_REVIEWED,NOT_APPROVED
3,86,Beretta 21A Bobcat,pistol,7147,0.0,,,NOT_REVIEWED,NOT_APPROVED
3,2,Пистолет ПСМ,pistol,6785,0.0,,,NOT_REVIEWED,NOT_APPROVED
3,87,Walther PPK,pistol,7008,0.0,,,NOT_REVIEWED,NOT_APPROVED
3,1,Пистолет Макарова,pistol,6766,0.0,,,NOT_REVIEWED,NOT_APPROVED
3,3,Пистолет ИЖ-71,pistol,6643,0.0,,,NOT_REVIEWED,NOT_APPROVED
3,88,Glock 25,pistol,6583,0.0,,,NOT_REVIEWED,NOT_APPROVED
3,5,Пистолет ОЦ-33 «Пернач»,pistol,6715,0.0,,,NOT_REVIEWED,NOT_APPROVED
3,6,Револьвер Наган,pistol,5075,0.0,,,NOT_REVIEWED,NOT_APPROVED
3,89,Walther P99,pistol,6458,0.0,,,NOT_REVIEWED,NOT_APPROVED
3,90,CZ 75,pistol,6280,0.0,,,NOT_REVIEWED,NOT_APPROVED
3,91,Glock 17,pistol,6318,0.0,,,NOT_REVIEWED,NOT_APPROVED
3,92,Beretta 92FS,pistol,5905,0.0,,,NOT_REVIEWED,NOT_APPROVED
3,93,SIG Sauer P226,pistol,7043,0.0,,,NOT_REVIEWED,NOT_APPROVED
3,7,Пистолет ТТ,pistol,6635,0.0,,,NOT_REVIEWED,NOT_APPROVED
3,94,HK USP,pistol,6446,0.0,,,NOT_REVIEWED,NOT_APPROVED
3,95,Glock 22,pistol,6356,0.0,,,NOT_REVIEWED,NOT_APPROVED
3,96,SIG Sauer P229,pistol,7000,0.0,,,NOT_REVIEWED,NOT_APPROVED
3,97,Glock 20,pistol,6945,0.0,,,NOT_REVIEWED,NOT_APPROVED
3,98,Colt 1911,pistol,6458,0.0,,,NOT_REVIEWED,NOT_APPROVED
3,99,Glock 21,pistol,6477,0.0,,,NOT_REVIEWED,NOT_APPROVED
3,100,CZ 97B,pistol,6850,0.0,,,NOT_REVIEWED,NOT_APPROVED
3,101,HK Mark 23,pistol,5674,0.0,,,NOT_REVIEWED,NOT_APPROVED
3,102,Taurus Judge,pistol,5967,0.0,,,NOT_REVIEWED,NOT_APPROVED
3,103,Smith & Wesson Model 29,pistol,4232,0.0,,,NOT_REVIEWED,NOT_APPROVED
3,104,Taurus Raging Bull,pistol,4458,0.0,,,NOT_REVIEWED,NOT_APPROVED
3,105,Desert Eagle Mark XIX,pistol,7711,0.0,,,NOT_REVIEWED,NOT_APPROVED
3,11,Автомат АКС-74У,heavy,5979,0.0,562,0.0,NOT_REVIEWED,NOT_APPROVED
3,12,Автомат АК-74,heavy,6103,0.0,693,0.0,NOT_REVIEWED,NOT_APPROVED
3,37,Автомат АК-107,heavy,4110,0.0,0,5.0,NOT_REVIEWED,NOT_APPROVED
3,21,Автомат АК-12,heavy,5161,0.0,0,10.2,NOT_REVIEWED,NOT_APPROVED
3,26,Автомат АН-94 «Абакан»,heavy,4230,0.0,32,0.0,NOT_REVIEWED,NOT_APPROVED
3,17,Пулемёт РПК-74,heavy,3796,0.0,288,0.0,NOT_REVIEWED,NOT_APPROVED
3,38,Автомат ADAR 2-15,heavy,5510,0.0,34,0.0,NOT_REVIEWED,NOT_APPROVED
3,45,Автомат АК-19,heavy,4424,0.0,19,0.0,NOT_REVIEWED,NOT_APPROVED
3,57,Автомат HK416,heavy,4536,0.0,0,6.0,NOT_REVIEWED,NOT_APPROVED
3,69,Автомат CZ Bren 2,heavy,4222,0.0,0,1.0,NOT_REVIEWED,NOT_APPROVED
3,67,Пулемёт Minimi Mk3,heavy,3250,0.0,2013,0.0,NOT_REVIEWED,NOT_APPROVED
3,43,Автомат ОЦ-14 «Гроза»,heavy,4768,0.0,0,46.62,NOT_REVIEWED,NOT_APPROVED
3,16,Карабин «Вепрь»,heavy,5720,0.0,71,0.0,NOT_REVIEWED,NOT_APPROVED
3,15,Автомат АК-103,heavy,4777,0.0,119,0.0,NOT_REVIEWED,NOT_APPROVED
3,25,Пулемёт РПД,heavy,3392,0.0,0,13.6,NOT_REVIEWED,NOT_APPROVED
3,18,Автомат АС «Вал»,heavy,4486,0.0,56,0.0,NOT_REVIEWED,NOT_APPROVED
3,10,Карабин Сайга-12,heavy,6356,0.0,1234,0.0,NOT_REVIEWED,NOT_APPROVED
3,63,Автомат АК-308,heavy,4222,0.0,0,3.61,NOT_REVIEWED,NOT_APPROVED
3,51,Автомат ЛР-308,heavy,3905,0.0,0,14.0,NOT_REVIEWED,NOT_APPROVED
3,75,Автомат SCAR-H,heavy,4323,0.0,0,15.0,NOT_REVIEWED,NOT_APPROVED
3,61,Пулемёт M60E6,heavy,3705,0.0,2186,0.0,NOT_REVIEWED,NOT_APPROVED
3,59,Пулемёт M240,heavy,3572,0.0,83,0.0,NOT_REVIEWED,NOT_APPROVED
3,71,Пулемёт FN MAG,heavy,3067,0.0,1646,0.0,NOT_REVIEWED,NOT_APPROVED
3,77,Пулемёт Negev NG7,heavy,3246,0.0,1765,0.0,NOT_REVIEWED,NOT_APPROVED
3,22,Пулемёт ПКМ,heavy,2352,0.0,0,6.0,NOT_REVIEWED,NOT_APPROVED
3,29,Пулемёт «Печенег»,heavy,3642,0.0,238,0.0,NOT_REVIEWED,NOT_APPROVED
3,53,Пулемёт «Печенег-СП»,heavy,3848,0.0,1683,0.0,NOT_REVIEWED,NOT_APPROVED
3,47,Автомат АК-АН «Абакан-100»,heavy,3445,0.0,610,0.0,NOT_REVIEWED,NOT_APPROVED
3,65,Пулемёт «Утёс-М»,heavy,4274,0.0,2187,0.0,NOT_REVIEWED,NOT_APPROVED
3,14,Винтовка СКС,heavy,5946,0.0,2606,0.0,NOT_REVIEWED,NOT_APPROVED
3,46,Винтовка SSG 08,heavy,3459,0.0,923,0.0,NOT_REVIEWED,NOT_APPROVED
3,42,Винтовка SR-25,heavy,4012,0.0,0,6.0,NOT_REVIEWED,NOT_APPROVED
3,13,Винтовка СВД,heavy,5513,0.0,1918,0.0,NOT_REVIEWED,NOT_APPROVED
3,24,Винтовка СВДС,heavy,3921,0.0,921,0.0,NOT_REVIEWED,NOT_APPROVED
3,23,Винтовка Т-5000,heavy,3088,0.0,378,0.0,NOT_REVIEWED,NOT_APPROVED
3,28,Винтовка СВ-98,heavy,4517,0.0,516,0.0,NOT_REVIEWED,NOT_APPROVED
3,36,Винтовка СВК,heavy,3077,0.0,1976,0.0,NOT_REVIEWED,NOT_APPROVED
3,30,Винтовка ВСС «Винторез»,heavy,4692,0.0,524,0.0,NOT_REVIEWED,NOT_APPROVED
3,40,Винтовка ВСК-94,heavy,4284,0.0,0,9.0,NOT_REVIEWED,NOT_APPROVED
3,31,Винтовка СВ-338,heavy,3721,0.0,1921,0.0,NOT_REVIEWED,NOT_APPROVED
3,27,Винтовка ОРСИС T-5000M,heavy,4050,0.0,1193,0.0,NOT_REVIEWED,NOT_APPROVED
3,70,Винтовка Sako TRG-42,heavy,3958,0.0,1541,0.0,NOT_REVIEWED,NOT_APPROVED
3,76,Винтовка Blaser R93 Tactical 2,heavy,3818,0.0,1568,0.0,NOT_REVIEWED,NOT_APPROVED
3,39,Винтовка ORSIS T-5000 Sniper Pro,heavy,3843,0.0,1843,0.0,NOT_REVIEWED,NOT_APPROVED
3,60,Винтовка Accuracy International AXMC,heavy,3550,0.0,969,0.0,NOT_REVIEWED,NOT_APPROVED
3,48,Винтовка Barrett M98B,heavy,2907,0.0,933,0.0,NOT_REVIEWED,NOT_APPROVED
3,64,Винтовка ORSIS T-5000 Elite,heavy,4011,0.0,162,0.0,NOT_REVIEWED,NOT_APPROVED
3,33,Винтовка «Выхлоп»,heavy,3501,0.0,700,0.0,NOT_REVIEWED,NOT_APPROVED
3,35,Винтовка ОСВ-96,heavy,3068,0.0,617,0.0,NOT_REVIEWED,NOT_APPROVED
3,66,Винтовка Zastava M93 Black Arrow,heavy,4343,0.0,864,0.0,NOT_REVIEWED,NOT_APPROVED
3,52,Винтовка АСВК «Корд»,heavy,3313,0.0,2225,0.0,NOT_REVIEWED,NOT_APPROVED
3,58,Винтовка Steyr HS .50,heavy,5108,0.0,2977,0.0,NOT_REVIEWED,NOT_APPROVED
3,49,Винтовка Barrett M82,heavy,2314,0.0,1807,0.0,NOT_REVIEWED,NOT_APPROVED
3,54,Винтовка McMillan TAC-50,heavy,4482,0.0,113,0.0,NOT_REVIEWED,NOT_APPROVED
3,72,Винтовка Desert Tech HTI,heavy,4150,0.0,399,0.0,NOT_REVIEWED,NOT_APPROVED
3,78,Винтовка Cheytac M200 Intervention,heavy,2692,0.0,1646,0.0,NOT_REVIEWED,NOT_APPROVED
3,73,Прототип X-17,heavy,2972,0.0,0,10.3,NOT_REVIEWED,NOT_APPROVED
3,55,Гаусс-пушка,heavy,5774,0.0,1012,0.0,NOT_REVIEWED,NOT_APPROVED
3,4,Обрез охотничьего ружья,heavy,7623,0.0,1824,0.0,NOT_REVIEWED,NOT_APPROVED
3,8,ПП «Кедр»,heavy,8579,0.0,0,32.56,NOT_REVIEWED,NOT_APPROVED
3,9,ПП-19 «Бизон»,heavy,6646,0.0,4645,0.0,NOT_REVIEWED,NOT_APPROVED
3,20,Дробовик Сайга-410,heavy,5118,0.0,261,0.0,NOT_REVIEWED,NOT_APPROVED
3,106,Дробовик Mossberg 500,heavy,5567,0.0,5422,0.0,NOT_REVIEWED,NOT_APPROVED
3,107,Дробовик Stoeger P3000,heavy,6043,0.0,5230,0.0,NOT_REVIEWED,NOT_APPROVED
3,108,Дробовик Remington 870,heavy,5688,0.0,4657,0.0,NOT_REVIEWED,NOT_APPROVED
3,109,Дробовик Winchester Model 1300,heavy,5741,0.0,4950,0.0,NOT_REVIEWED,NOT_APPROVED
3,110,Дробовик Ithaca 37,heavy,5731,0.0,4948,0.0,NOT_REVIEWED,NOT_APPROVED
3,111,Дробовик Browning BPS,heavy,5480,0.0,4526,0.0,NOT_REVIEWED,NOT_APPROVED
3,19,Дробовик СПАС-12,heavy,5277,0.0,1903,0.0,NOT_REVIEWED,NOT_APPROVED
3,112,Дробовик Winchester SXP Defender,heavy,5113,0.0,1054,0.0,NOT_REVIEWED,NOT_APPROVED
3,113,Дробовик Mossberg 590A1,heavy,5639,0.0,5153,0.0,NOT_REVIEWED,NOT_APPROVED
3,114,Дробовик Remington 870 MCS,heavy,4223,0.0,491,0.0,NOT_REVIEWED,NOT_APPROVED
3,32,Дробовик Сайга-12К,heavy,3522,0.0,0,17.46,NOT_REVIEWED,NOT_APPROVED
3,115,Дробовик Benelli Nova,heavy,5652,0.0,4658,0.0,NOT_REVIEWED,NOT_APPROVED
3,116,Дробовик TOZ-194,heavy,5366,0.0,2548,0.0,NOT_REVIEWED,NOT_APPROVED
3,44,Дробовик «Вепрь-12»,heavy,3955,0.0,75,0.0,NOT_REVIEWED,NOT_APPROVED
3,117,Дробовик Remington 1100,heavy,5591,0.0,4250,0.0,NOT_REVIEWED,NOT_APPROVED
3,62,Дробовик Kel-Tec KSG,heavy,4561,0.0,0,19.92,NOT_REVIEWED,NOT_APPROVED
3,118,Дробовик Beretta 1301 Tactical,heavy,4002,0.0,539,0.0,NOT_REVIEWED,NOT_APPROVED
3,50,Дробовик Benelli M4,heavy,4528,0.0,1388,0.0,NOT_REVIEWED,NOT_APPROVED
3,119,Дробовик Fabarm STF/12,heavy,4786,0.0,508,0.0,NOT_REVIEWED,NOT_APPROVED
3,56,Дробовик AA-12,heavy,6157,0.0,786,0.0,NOT_REVIEWED,NOT_APPROVED
3,120,Дробовик Winchester SX4,heavy,5735,0.0,3846,0.0,NOT_REVIEWED,NOT_APPROVED
3,121,Дробовик Browning A5,heavy,5760,0.0,3225,0.0,NOT_REVIEWED,NOT_APPROVED
3,68,Дробовик Franchi SPAS-15,heavy,4896,0.0,1986,0.0,NOT_REVIEWED,NOT_APPROVED
3,122,Дробовик Remington 870 Magnum,heavy,6830,0.0,4431,0.0,NOT_REVIEWED,NOT_APPROVED
3,123,Дробовик Benelli Vinci,heavy,5958,0.0,4594,0.0,NOT_REVIEWED,NOT_APPROVED
3,74,Дробовик USAS-12,heavy,3813,0.0,88,0.0,NOT_REVIEWED,NOT_APPROVED
3,124,Дробовик Ithaca Mag-10,heavy,3674,0.0,0,2.0,NOT_REVIEWED,NOT_APPROVED
3,125,Дробовик Remington SP-10,heavy,4839,0.0,0,2.0,NOT_REVIEWED,NOT_APPROVED
4,86,Beretta 21A Bobcat,pistol,6951,0.0,,,NOT_REVIEWED,NOT_APPROVED
4,2,Пистолет ПСМ,pistol,6609,0.0,,,NOT_REVIEWED,NOT_APPROVED
4,87,Walther PPK,pistol,6831,0.0,,,NOT_REVIEWED,NOT_APPROVED
4,1,Пистолет Макарова,pistol,6558,0.0,,,NOT_REVIEWED,NOT_APPROVED
4,3,Пистолет ИЖ-71,pistol,6263,0.0,,,NOT_REVIEWED,NOT_APPROVED
4,88,Glock 25,pistol,6372,0.0,,,NOT_REVIEWED,NOT_APPROVED
4,5,Пистолет ОЦ-33 «Пернач»,pistol,6547,0.0,,,NOT_REVIEWED,NOT_APPROVED
4,6,Револьвер Наган,pistol,4657,0.0,,,NOT_REVIEWED,NOT_APPROVED
4,89,Walther P99,pistol,6273,0.0,,,NOT_REVIEWED,NOT_APPROVED
4,90,CZ 75,pistol,6157,0.0,,,NOT_REVIEWED,NOT_APPROVED
4,91,Glock 17,pistol,6173,0.0,,,NOT_REVIEWED,NOT_APPROVED
4,92,Beretta 92FS,pistol,5683,0.0,,,NOT_REVIEWED,NOT_APPROVED
4,93,SIG Sauer P226,pistol,6866,0.0,,,NOT_REVIEWED,NOT_APPROVED
4,7,Пистолет ТТ,pistol,6388,0.0,,,NOT_REVIEWED,NOT_APPROVED
4,94,HK USP,pistol,6238,0.0,,,NOT_REVIEWED,NOT_APPROVED
4,95,Glock 22,pistol,6212,0.0,,,NOT_REVIEWED,NOT_APPROVED
4,96,SIG Sauer P229,pistol,6764,0.0,,,NOT_REVIEWED,NOT_APPROVED
4,97,Glock 20,pistol,6766,0.0,,,NOT_REVIEWED,NOT_APPROVED
4,98,Colt 1911,pistol,6169,0.0,,,NOT_REVIEWED,NOT_APPROVED
4,99,Glock 21,pistol,6364,0.0,,,NOT_REVIEWED,NOT_APPROVED
4,100,CZ 97B,pistol,6657,0.0,,,NOT_REVIEWED,NOT_APPROVED
4,101,HK Mark 23,pistol,5458,0.0,,,NOT_REVIEWED,NOT_APPROVED
4,102,Taurus Judge,pistol,5648,0.0,,,NOT_REVIEWED,NOT_APPROVED
4,103,Smith & Wesson Model 29,pistol,3859,0.0,,,NOT_REVIEWED,NOT_APPROVED
4,104,Taurus Raging Bull,pistol,4094,0.0,,,NOT_REVIEWED,NOT_APPROVED
4,105,Desert Eagle Mark XIX,pistol,7432,0.0,,,NOT_REVIEWED,NOT_APPROVED
4,11,Автомат АКС-74У,heavy,5979,0.0,309,0.0,NOT_REVIEWED,NOT_APPROVED
4,12,Автомат АК-74,heavy,6166,0.0,553,0.0,NOT_REVIEWED,NOT_APPROVED
4,37,Автомат АК-107,heavy,4110,0.0,0,9.0,NOT_REVIEWED,NOT_APPROVED
4,21,Автомат АК-12,heavy,5161,0.0,0,12.08,NOT_REVIEWED,NOT_APPROVED
4,26,Автомат АН-94 «Абакан»,heavy,4287,0.0,0,1.41,NOT_REVIEWED,NOT_APPROVED
4,17,Пулемёт РПК-74,heavy,3796,0.0,67,0.0,NOT_REVIEWED,NOT_APPROVED
4,38,Автомат ADAR 2-15,heavy,5510,0.0,0,2.0,NOT_REVIEWED,NOT_APPROVED
4,45,Автомат АК-19,heavy,4424,0.0,0,2.0,NOT_REVIEWED,NOT_APPROVED
4,57,Автомат HK416,heavy,4536,0.0,946,0.0,NOT_REVIEWED,NOT_APPROVED
4,69,Автомат CZ Bren 2,heavy,4222,0.0,0,5.83,NOT_REVIEWED,NOT_APPROVED
4,67,Пулемёт Minimi Mk3,heavy,3250,0.0,2190,0.0,NOT_REVIEWED,NOT_APPROVED
4,43,Автомат ОЦ-14 «Гроза»,heavy,4705,0.0,0,48.55,NOT_REVIEWED,NOT_APPROVED
4,16,Карабин «Вепрь»,heavy,5787,0.0,26,0.0,NOT_REVIEWED,NOT_APPROVED
4,15,Автомат АК-103,heavy,4777,0.0,12,0.0,NOT_REVIEWED,NOT_APPROVED
4,25,Пулемёт РПД,heavy,3476,0.0,0,14.76,NOT_REVIEWED,NOT_APPROVED
4,18,Автомат АС «Вал»,heavy,4540,0.0,0,2.0,NOT_REVIEWED,NOT_APPROVED
4,10,Карабин Сайга-12,heavy,6409,0.0,802,0.0,NOT_REVIEWED,NOT_APPROVED
4,63,Автомат АК-308,heavy,4222,0.0,0,8.94,NOT_REVIEWED,NOT_APPROVED
4,51,Автомат ЛР-308,heavy,3905,0.0,0,20.0,NOT_REVIEWED,NOT_APPROVED
4,75,Автомат SCAR-H,heavy,4269,0.0,328,0.0,NOT_REVIEWED,NOT_APPROVED
4,61,Пулемёт M60E6,heavy,3705,0.0,1852,0.0,NOT_REVIEWED,NOT_APPROVED
4,59,Пулемёт M240,heavy,3572,0.0,0,8.0,NOT_REVIEWED,NOT_APPROVED
4,71,Пулемёт FN MAG,heavy,3067,0.0,607,0.0,NOT_REVIEWED,NOT_APPROVED
4,77,Пулемёт Negev NG7,heavy,3246,0.0,2375,0.0,NOT_REVIEWED,NOT_APPROVED
4,22,Пулемёт ПКМ,heavy,2309,0.0,0,9.85,NOT_REVIEWED,NOT_APPROVED
4,29,Пулемёт «Печенег»,heavy,3642,0.0,0,4.0,NOT_REVIEWED,NOT_APPROVED
4,53,Пулемёт «Печенег-СП»,heavy,3848,0.0,1047,0.0,NOT_REVIEWED,NOT_APPROVED
4,47,Автомат АК-АН «Абакан-100»,heavy,3555,0.0,357,0.0,NOT_REVIEWED,NOT_APPROVED
4,65,Пулемёт «Утёс-М»,heavy,4274,0.0,2004,0.0,NOT_REVIEWED,NOT_APPROVED
4,14,Винтовка СКС,heavy,5950,0.0,1979,0.0,NOT_REVIEWED,NOT_APPROVED
4,46,Винтовка SSG 08,heavy,3376,0.0,520,0.0,NOT_REVIEWED,NOT_APPROVED
4,42,Винтовка SR-25,heavy,4012,0.0,0,13.0,NOT_REVIEWED,NOT_APPROVED
4,13,Винтовка СВД,heavy,5419,0.0,1432,0.0,NOT_REVIEWED,NOT_APPROVED
4,24,Винтовка СВДС,heavy,3811,0.0,485,0.0,NOT_REVIEWED,NOT_APPROVED
4,23,Винтовка Т-5000,heavy,3088,0.0,141,0.0,NOT_REVIEWED,NOT_APPROVED
4,28,Винтовка СВ-98,heavy,4604,0.0,538,0.0,NOT_REVIEWED,NOT_APPROVED
4,36,Винтовка СВК,heavy,3077,0.0,1925,0.0,NOT_REVIEWED,NOT_APPROVED
4,30,Винтовка ВСС «Винторез»,heavy,4802,0.0,211,0.0,NOT_REVIEWED,NOT_APPROVED
4,40,Винтовка ВСК-94,heavy,4284,0.0,0,15.0,NOT_REVIEWED,NOT_APPROVED
4,31,Винтовка СВ-338,heavy,3721,0.0,1477,0.0,NOT_REVIEWED,NOT_APPROVED
4,27,Винтовка ОРСИС T-5000M,heavy,3940,0.0,662,0.0,NOT_REVIEWED,NOT_APPROVED
4,70,Винтовка Sako TRG-42,heavy,4021,0.0,1461,0.0,NOT_REVIEWED,NOT_APPROVED
4,76,Винтовка Blaser R93 Tactical 2,heavy,3890,0.0,2048,0.0,NOT_REVIEWED,NOT_APPROVED
4,39,Винтовка ORSIS T-5000 Sniper Pro,heavy,3843,0.0,2183,0.0,NOT_REVIEWED,NOT_APPROVED
4,60,Винтовка Accuracy International AXMC,heavy,3550,0.0,2145,0.0,NOT_REVIEWED,NOT_APPROVED
4,48,Винтовка Barrett M98B,heavy,2907,0.0,1161,0.0,NOT_REVIEWED,NOT_APPROVED
4,64,Винтовка ORSIS T-5000 Elite,heavy,4011,0.0,218,0.0,NOT_REVIEWED,NOT_APPROVED
4,33,Винтовка «Выхлоп»,heavy,3501,0.0,291,0.0,NOT_REVIEWED,NOT_APPROVED
4,35,Винтовка ОСВ-96,heavy,3178,0.0,854,0.0,NOT_REVIEWED,NOT_APPROVED
4,66,Винтовка Zastava M93 Black Arrow,heavy,4343,0.0,2138,0.0,NOT_REVIEWED,NOT_APPROVED
4,52,Винтовка АСВК «Корд»,heavy,3313,0.0,2509,0.0,NOT_REVIEWED,NOT_APPROVED
4,58,Винтовка Steyr HS .50,heavy,5108,0.0,2692,0.0,NOT_REVIEWED,NOT_APPROVED
4,49,Винтовка Barrett M82,heavy,2365,0.0,2246,0.0,NOT_REVIEWED,NOT_APPROVED
4,54,Винтовка McMillan TAC-50,heavy,4482,0.0,48,0.0,NOT_REVIEWED,NOT_APPROVED
4,72,Винтовка Desert Tech HTI,heavy,4243,0.0,169,0.0,NOT_REVIEWED,NOT_APPROVED
4,78,Винтовка Cheytac M200 Intervention,heavy,2692,0.0,1500,0.0,NOT_REVIEWED,NOT_APPROVED
4,73,Прототип X-17,heavy,2989,0.0,0,10.05,NOT_REVIEWED,NOT_APPROVED
4,55,Гаусс-пушка,heavy,5896,0.0,435,0.0,NOT_REVIEWED,NOT_APPROVED
4,4,Обрез охотничьего ружья,heavy,7673,0.0,1337,0.0,NOT_REVIEWED,NOT_APPROVED
4,8,ПП «Кедр»,heavy,8579,0.0,0,25.94,NOT_REVIEWED,NOT_APPROVED
4,9,ПП-19 «Бизон»,heavy,6701,0.0,5679,0.0,NOT_REVIEWED,NOT_APPROVED
4,20,Дробовик Сайга-410,heavy,5195,0.0,269,0.0,NOT_REVIEWED,NOT_APPROVED
4,106,Дробовик Mossberg 500,heavy,5533,0.0,4682,0.0,NOT_REVIEWED,NOT_APPROVED
4,107,Дробовик Stoeger P3000,heavy,6003,0.0,4338,0.0,NOT_REVIEWED,NOT_APPROVED
4,108,Дробовик Remington 870,heavy,5746,0.0,3859,0.0,NOT_REVIEWED,NOT_APPROVED
4,109,Дробовик Winchester Model 1300,heavy,5741,0.0,4363,0.0,NOT_REVIEWED,NOT_APPROVED
4,110,Дробовик Ithaca 37,heavy,5694,0.0,4147,0.0,NOT_REVIEWED,NOT_APPROVED
4,111,Дробовик Browning BPS,heavy,5524,0.0,4223,0.0,NOT_REVIEWED,NOT_APPROVED
4,19,Дробовик СПАС-12,heavy,5277,0.0,1244,0.0,NOT_REVIEWED,NOT_APPROVED
4,112,Дробовик Winchester SXP Defender,heavy,5113,0.0,510,0.0,NOT_REVIEWED,NOT_APPROVED
4,113,Дробовик Mossberg 590A1,heavy,5682,0.0,4440,0.0,NOT_REVIEWED,NOT_APPROVED
4,114,Дробовик Remington 870 MCS,heavy,4223,0.0,230,0.0,NOT_REVIEWED,NOT_APPROVED
4,32,Дробовик Сайга-12К,heavy,3522,0.0,0,16.0,NOT_REVIEWED,NOT_APPROVED
4,115,Дробовик Benelli Nova,heavy,5626,0.0,3755,0.0,NOT_REVIEWED,NOT_APPROVED
4,116,Дробовик TOZ-194,heavy,5332,0.0,1857,0.0,NOT_REVIEWED,NOT_APPROVED
4,44,Дробовик «Вепрь-12»,heavy,3955,0.0,17,0.0,NOT_REVIEWED,NOT_APPROVED
4,117,Дробовик Remington 1100,heavy,5591,0.0,3836,0.0,NOT_REVIEWED,NOT_APPROVED
4,62,Дробовик Kel-Tec KSG,heavy,4561,0.0,0,14.87,NOT_REVIEWED,NOT_APPROVED
4,118,Дробовик Beretta 1301 Tactical,heavy,3947,0.0,202,0.0,NOT_REVIEWED,NOT_APPROVED
4,50,Дробовик Benelli M4,heavy,4528,0.0,1137,0.0,NOT_REVIEWED,NOT_APPROVED
4,119,Дробовик Fabarm STF/12,heavy,4786,0.0,338,0.0,NOT_REVIEWED,NOT_APPROVED
4,56,Дробовик AA-12,heavy,6157,0.0,760,0.0,NOT_REVIEWED,NOT_APPROVED
4,120,Дробовик Winchester SX4,heavy,5693,0.0,3105,0.0,NOT_REVIEWED,NOT_APPROVED
4,121,Дробовик Browning A5,heavy,5760,0.0,3000,0.0,NOT_REVIEWED,NOT_APPROVED
4,68,Дробовик Franchi SPAS-15,heavy,4843,0.0,1176,0.0,NOT_REVIEWED,NOT_APPROVED
4,122,Дробовик Remington 870 Magnum,heavy,6748,0.0,3495,0.0,NOT_REVIEWED,NOT_APPROVED
4,123,Дробовик Benelli Vinci,heavy,5958,0.0,4031,0.0,NOT_REVIEWED,NOT_APPROVED
4,74,Дробовик USAS-12,heavy,3768,0.0,6,0.0,NOT_REVIEWED,NOT_APPROVED
4,124,Дробовик Ithaca Mag-10,heavy,3618,0.0,0,8.54,NOT_REVIEWED,NOT_APPROVED
4,125,Дробовик Remington SP-10,heavy,4897,0.0,0,4.0,NOT_REVIEWED,NOT_APPROVED
5,86,Beretta 21A Bobcat,pistol,7463,0.0,,,NOT_REVIEWED,NOT_APPROVED
5,2,Пистолет ПСМ,pistol,7066,0.0,,,NOT_REVIEWED,NOT_APPROVED
5,87,Walther PPK,pistol,7372,0.0,,,NOT_REVIEWED,NOT_APPROVED
5,1,Пистолет Макарова,pistol,6959,0.0,,,NOT_REVIEWED,NOT_APPROVED
5,3,Пистолет ИЖ-71,pistol,6503,0.0,,,NOT_REVIEWED,NOT_APPROVED
5,88,Glock 25,pistol,6782,0.0,,,NOT_REVIEWED,NOT_APPROVED
5,5,Пистолет ОЦ-33 «Пернач»,pistol,6994,0.0,,,NOT_REVIEWED,NOT_APPROVED
5,6,Револьвер Наган,pistol,4874,0.0,,,NOT_REVIEWED,NOT_APPROVED
5,89,Walther P99,pistol,6703,0.0,,,NOT_REVIEWED,NOT_APPROVED
5,90,CZ 75,pistol,6587,0.0,,,NOT_REVIEWED,NOT_APPROVED
5,91,Glock 17,pistol,6605,0.0,,,NOT_REVIEWED,NOT_APPROVED
5,92,Beretta 92FS,pistol,6188,0.0,,,NOT_REVIEWED,NOT_APPROVED
5,93,SIG Sauer P226,pistol,7417,0.0,,,NOT_REVIEWED,NOT_APPROVED
5,7,Пистолет ТТ,pistol,6912,0.0,,,NOT_REVIEWED,NOT_APPROVED
5,94,HK USP,pistol,6776,0.0,,,NOT_REVIEWED,NOT_APPROVED
5,95,Glock 22,pistol,6642,0.0,,,NOT_REVIEWED,NOT_APPROVED
5,96,SIG Sauer P229,pistol,7327,0.0,,,NOT_REVIEWED,NOT_APPROVED
5,97,Glock 20,pistol,7232,0.0,,,NOT_REVIEWED,NOT_APPROVED
5,98,Colt 1911,pistol,6706,0.0,,,NOT_REVIEWED,NOT_APPROVED
5,99,Glock 21,pistol,6818,0.0,,,NOT_REVIEWED,NOT_APPROVED
5,100,CZ 97B,pistol,7129,0.0,,,NOT_REVIEWED,NOT_APPROVED
5,101,HK Mark 23,pistol,6001,0.0,,,NOT_REVIEWED,NOT_APPROVED
5,102,Taurus Judge,pistol,5946,0.0,,,NOT_REVIEWED,NOT_APPROVED
5,103,Smith & Wesson Model 29,pistol,4080,0.0,,,NOT_REVIEWED,NOT_APPROVED
5,104,Taurus Raging Bull,pistol,4412,0.0,,,NOT_REVIEWED,NOT_APPROVED
5,105,Desert Eagle Mark XIX,pistol,8133,0.0,,,NOT_REVIEWED,NOT_APPROVED
5,11,Автомат АКС-74У,heavy,5790,0.0,1110,0.0,NOT_REVIEWED,NOT_APPROVED
5,12,Автомат АК-74,heavy,6103,0.0,1409,0.0,NOT_REVIEWED,NOT_APPROVED
5,37,Автомат АК-107,heavy,4042,0.0,0,1.41,NOT_REVIEWED,NOT_APPROVED
5,21,Автомат АК-12,heavy,5119,0.0,0,9.0,NOT_REVIEWED,NOT_APPROVED
5,26,Автомат АН-94 «Абакан»,heavy,4185,0.0,120,0.0,NOT_REVIEWED,NOT_APPROVED
5,17,Пулемёт РПК-74,heavy,3796,0.0,465,0.0,NOT_REVIEWED,NOT_APPROVED
5,38,Автомат ADAR 2-15,heavy,5510,0.0,0,2.0,NOT_REVIEWED,NOT_APPROVED
5,45,Автомат АК-19,heavy,4424,0.0,139,0.0,NOT_REVIEWED,NOT_APPROVED
5,57,Автомат HK416,heavy,4536,0.0,2310,0.0,NOT_REVIEWED,NOT_APPROVED
5,69,Автомат CZ Bren 2,heavy,4222,0.0,2248,0.0,NOT_REVIEWED,NOT_APPROVED
5,67,Пулемёт Minimi Mk3,heavy,3250,0.0,897,0.0,NOT_REVIEWED,NOT_APPROVED
5,43,Автомат ОЦ-14 «Гроза»,heavy,4743,0.0,0,10.0,NOT_REVIEWED,NOT_APPROVED
5,16,Карабин «Вепрь»,heavy,5720,0.0,884,0.0,NOT_REVIEWED,NOT_APPROVED
5,15,Автомат АК-103,heavy,4765,0.0,453,0.0,NOT_REVIEWED,NOT_APPROVED
5,25,Пулемёт РПД,heavy,3392,0.0,0,10.0,NOT_REVIEWED,NOT_APPROVED
5,18,Автомат АС «Вал»,heavy,4438,0.0,178,0.0,NOT_REVIEWED,NOT_APPROVED
5,10,Карабин Сайга-12,heavy,6209,0.0,1342,0.0,NOT_REVIEWED,NOT_APPROVED
5,63,Автомат АК-308,heavy,4222,0.0,27,0.0,NOT_REVIEWED,NOT_APPROVED
5,51,Автомат ЛР-308,heavy,3905,0.0,0,21.0,NOT_REVIEWED,NOT_APPROVED
5,75,Автомат SCAR-H,heavy,4323,0.0,2053,0.0,NOT_REVIEWED,NOT_APPROVED
5,61,Пулемёт M60E6,heavy,3705,0.0,703,0.0,NOT_REVIEWED,NOT_APPROVED
5,59,Пулемёт M240,heavy,3572,0.0,127,0.0,NOT_REVIEWED,NOT_APPROVED
5,71,Пулемёт FN MAG,heavy,3067,0.0,58,0.0,NOT_REVIEWED,NOT_APPROVED
5,77,Пулемёт Negev NG7,heavy,3246,0.0,777,0.0,NOT_REVIEWED,NOT_APPROVED
5,22,Пулемёт ПКМ,heavy,2352,0.0,0,3.0,NOT_REVIEWED,NOT_APPROVED
5,29,Пулемёт «Печенег»,heavy,3642,0.0,431,0.0,NOT_REVIEWED,NOT_APPROVED
5,53,Пулемёт «Печенег-СП»,heavy,3848,0.0,109,0.0,NOT_REVIEWED,NOT_APPROVED
5,47,Автомат АК-АН «Абакан-100»,heavy,3445,0.0,1029,0.0,NOT_REVIEWED,NOT_APPROVED
5,65,Пулемёт «Утёс-М»,heavy,4274,0.0,1248,0.0,NOT_REVIEWED,NOT_APPROVED
5,14,Винтовка СКС,heavy,5950,0.0,3443,0.0,NOT_REVIEWED,NOT_APPROVED
5,46,Винтовка SSG 08,heavy,3459,0.0,123,0.0,NOT_REVIEWED,NOT_APPROVED
5,42,Винтовка SR-25,heavy,4012,0.0,0,13.04,NOT_REVIEWED,NOT_APPROVED
5,13,Винтовка СВД,heavy,5513,0.0,2705,0.0,NOT_REVIEWED,NOT_APPROVED
5,24,Винтовка СВДС,heavy,3921,0.0,1049,0.0,NOT_REVIEWED,NOT_APPROVED
5,23,Винтовка Т-5000,heavy,3088,0.0,163,0.0,NOT_REVIEWED,NOT_APPROVED
5,28,Винтовка СВ-98,heavy,4517,0.0,1273,0.0,NOT_REVIEWED,NOT_APPROVED
5,36,Винтовка СВК,heavy,3077,0.0,166,0.0,NOT_REVIEWED,NOT_APPROVED
5,30,Винтовка ВСС «Винторез»,heavy,4692,0.0,437,0.0,NOT_REVIEWED,NOT_APPROVED
5,40,Винтовка ВСК-94,heavy,4284,0.0,513,0.0,NOT_REVIEWED,NOT_APPROVED
5,31,Винтовка СВ-338,heavy,3721,0.0,1009,0.0,NOT_REVIEWED,NOT_APPROVED
5,27,Винтовка ОРСИС T-5000M,heavy,4050,0.0,533,0.0,NOT_REVIEWED,NOT_APPROVED
5,70,Винтовка Sako TRG-42,heavy,3958,0.0,876,0.0,NOT_REVIEWED,NOT_APPROVED
5,76,Винтовка Blaser R93 Tactical 2,heavy,3818,0.0,1850,0.0,NOT_REVIEWED,NOT_APPROVED
5,39,Винтовка ORSIS T-5000 Sniper Pro,heavy,3843,0.0,946,0.0,NOT_REVIEWED,NOT_APPROVED
5,60,Винтовка Accuracy International AXMC,heavy,3550,0.0,2368,0.0,NOT_REVIEWED,NOT_APPROVED
5,48,Винтовка Barrett M98B,heavy,2907,0.0,1435,0.0,NOT_REVIEWED,NOT_APPROVED
5,64,Винтовка ORSIS T-5000 Elite,heavy,4011,0.0,2596,0.0,NOT_REVIEWED,NOT_APPROVED
5,33,Винтовка «Выхлоп»,heavy,3501,0.0,437,0.0,NOT_REVIEWED,NOT_APPROVED
5,35,Винтовка ОСВ-96,heavy,3068,0.0,1873,0.0,NOT_REVIEWED,NOT_APPROVED
5,66,Винтовка Zastava M93 Black Arrow,heavy,4343,0.0,2402,0.0,NOT_REVIEWED,NOT_APPROVED
5,52,Винтовка АСВК «Корд»,heavy,3313,0.0,460,0.0,NOT_REVIEWED,NOT_APPROVED
5,58,Винтовка Steyr HS .50,heavy,5108,0.0,2872,0.0,NOT_REVIEWED,NOT_APPROVED
5,49,Винтовка Barrett M82,heavy,2314,0.0,1056,0.0,NOT_REVIEWED,NOT_APPROVED
5,54,Винтовка McMillan TAC-50,heavy,4482,0.0,1798,0.0,NOT_REVIEWED,NOT_APPROVED
5,72,Винтовка Desert Tech HTI,heavy,4124,0.0,88,0.0,NOT_REVIEWED,NOT_APPROVED
5,78,Винтовка Cheytac M200 Intervention,heavy,2692,0.0,1423,0.0,NOT_REVIEWED,NOT_APPROVED
5,73,Прототип X-17,heavy,2987,0.0,848,0.0,NOT_REVIEWED,NOT_APPROVED
5,55,Гаусс-пушка,heavy,5637,0.0,2041,0.0,NOT_REVIEWED,NOT_APPROVED
5,4,Обрез охотничьего ружья,heavy,7667,0.0,2915,0.0,NOT_REVIEWED,NOT_APPROVED
5,8,ПП «Кедр»,heavy,8209,0.0,144,0.0,NOT_REVIEWED,NOT_APPROVED
5,9,ПП-19 «Бизон»,heavy,6550,0.0,5932,0.0,NOT_REVIEWED,NOT_APPROVED
5,20,Дробовик Сайга-410,heavy,5113,0.0,754,0.0,NOT_REVIEWED,NOT_APPROVED
5,106,Дробовик Mossberg 500,heavy,5567,0.0,5045,0.0,NOT_REVIEWED,NOT_APPROVED
5,107,Дробовик Stoeger P3000,heavy,6043,0.0,4861,0.0,NOT_REVIEWED,NOT_APPROVED
5,108,Дробовик Remington 870,heavy,5688,0.0,4172,0.0,NOT_REVIEWED,NOT_APPROVED
5,109,Дробовик Winchester Model 1300,heavy,5741,0.0,4855,0.0,NOT_REVIEWED,NOT_APPROVED
5,110,Дробовик Ithaca 37,heavy,5731,0.0,4617,0.0,NOT_REVIEWED,NOT_APPROVED
5,111,Дробовик Browning BPS,heavy,5480,0.0,4896,0.0,NOT_REVIEWED,NOT_APPROVED
5,19,Дробовик СПАС-12,heavy,5277,0.0,1712,0.0,NOT_REVIEWED,NOT_APPROVED
5,112,Дробовик Winchester SXP Defender,heavy,5113,0.0,882,0.0,NOT_REVIEWED,NOT_APPROVED
5,113,Дробовик Mossberg 590A1,heavy,5639,0.0,4596,0.0,NOT_REVIEWED,NOT_APPROVED
5,114,Дробовик Remington 870 MCS,heavy,4223,0.0,925,0.0,NOT_REVIEWED,NOT_APPROVED
5,32,Дробовик Сайга-12К,heavy,3522,0.0,0,7.0,NOT_REVIEWED,NOT_APPROVED
5,115,Дробовик Benelli Nova,heavy,5652,0.0,4606,0.0,NOT_REVIEWED,NOT_APPROVED
5,116,Дробовик TOZ-194,heavy,5366,0.0,3310,0.0,NOT_REVIEWED,NOT_APPROVED
5,44,Дробовик «Вепрь-12»,heavy,3955,0.0,496,0.0,NOT_REVIEWED,NOT_APPROVED
5,117,Дробовик Remington 1100,heavy,5591,0.0,4704,0.0,NOT_REVIEWED,NOT_APPROVED
5,62,Дробовик Kel-Tec KSG,heavy,4556,0.0,7,0.0,NOT_REVIEWED,NOT_APPROVED
5,118,Дробовик Beretta 1301 Tactical,heavy,4002,0.0,474,0.0,NOT_REVIEWED,NOT_APPROVED
5,50,Дробовик Benelli M4,heavy,4528,0.0,1429,0.0,NOT_REVIEWED,NOT_APPROVED
5,119,Дробовик Fabarm STF/12,heavy,4748,0.0,803,0.0,NOT_REVIEWED,NOT_APPROVED
5,56,Дробовик AA-12,heavy,6157,0.0,0,4.0,NOT_REVIEWED,NOT_APPROVED
5,120,Дробовик Winchester SX4,heavy,5735,0.0,4170,0.0,NOT_REVIEWED,NOT_APPROVED
5,121,Дробовик Browning A5,heavy,5760,0.0,4257,0.0,NOT_REVIEWED,NOT_APPROVED
5,68,Дробовик Franchi SPAS-15,heavy,4819,0.0,1492,0.0,NOT_REVIEWED,NOT_APPROVED
5,122,Дробовик Remington 870 Magnum,heavy,6830,0.0,4408,0.0,NOT_REVIEWED,NOT_APPROVED
5,123,Дробовик Benelli Vinci,heavy,5958,0.0,4748,0.0,NOT_REVIEWED,NOT_APPROVED
5,74,Дробовик USAS-12,heavy,3813,0.0,2770,0.0,NOT_REVIEWED,NOT_APPROVED
5,124,Дробовик Ithaca Mag-10,heavy,3674,0.0,164,0.0,NOT_REVIEWED,NOT_APPROVED
5,125,Дробовик Remington SP-10,heavy,4839,0.0,0,1.0,NOT_REVIEWED,NOT_APPROVED
6,86,Beretta 21A Bobcat,pistol,6913,0.0,,,NOT_REVIEWED,NOT_APPROVED
6,2,Пистолет ПСМ,pistol,6591,0.0,,,NOT_REVIEWED,NOT_APPROVED
6,87,Walther PPK,pistol,6818,0.0,,,NOT_REVIEWED,NOT_APPROVED
6,1,Пистолет Макарова,pistol,6599,0.0,,,NOT_REVIEWED,NOT_APPROVED
6,3,Пистолет ИЖ-71,pistol,6499,0.0,,,NOT_REVIEWED,NOT_APPROVED
6,88,Glock 25,pistol,6431,0.0,,,NOT_REVIEWED,NOT_APPROVED
6,5,Пистолет ОЦ-33 «Пернач»,pistol,6514,0.0,,,NOT_REVIEWED,NOT_APPROVED
6,6,Револьвер Наган,pistol,4940,0.0,,,NOT_REVIEWED,NOT_APPROVED
6,89,Walther P99,pistol,6320,0.0,,,NOT_REVIEWED,NOT_APPROVED
6,90,CZ 75,pistol,6080,0.0,,,NOT_REVIEWED,NOT_APPROVED
6,91,Glock 17,pistol,6124,0.0,,,NOT_REVIEWED,NOT_APPROVED
6,92,Beretta 92FS,pistol,5657,0.0,,,NOT_REVIEWED,NOT_APPROVED
6,93,SIG Sauer P226,pistol,6831,0.0,,,NOT_REVIEWED,NOT_APPROVED
6,7,Пистолет ТТ,pistol,6390,0.0,,,NOT_REVIEWED,NOT_APPROVED
6,94,HK USP,pistol,6280,0.0,,,NOT_REVIEWED,NOT_APPROVED
6,95,Glock 22,pistol,6202,0.0,,,NOT_REVIEWED,NOT_APPROVED
6,96,SIG Sauer P229,pistol,6794,0.0,,,NOT_REVIEWED,NOT_APPROVED
6,97,Glock 20,pistol,6770,0.0,,,NOT_REVIEWED,NOT_APPROVED
6,98,Colt 1911,pistol,6208,0.0,,,NOT_REVIEWED,NOT_APPROVED
6,99,Glock 21,pistol,6277,0.0,,,NOT_REVIEWED,NOT_APPROVED
6,100,CZ 97B,pistol,6674,0.0,,,NOT_REVIEWED,NOT_APPROVED
6,101,HK Mark 23,pistol,5455,0.0,,,NOT_REVIEWED,NOT_APPROVED
6,102,Taurus Judge,pistol,5717,0.0,,,NOT_REVIEWED,NOT_APPROVED
6,103,Smith & Wesson Model 29,pistol,4121,0.0,,,NOT_REVIEWED,NOT_APPROVED
6,104,Taurus Raging Bull,pistol,4181,0.0,,,NOT_REVIEWED,NOT_APPROVED
6,105,Desert Eagle Mark XIX,pistol,7439,0.0,,,NOT_REVIEWED,NOT_APPROVED
6,11,Автомат АКС-74У,heavy,5813,0.0,2585,0.0,NOT_REVIEWED,NOT_APPROVED
6,12,Автомат АК-74,heavy,6098,0.0,2971,0.0,NOT_REVIEWED,NOT_APPROVED
6,37,Автомат АК-107,heavy,4053,0.0,858,0.0,NOT_REVIEWED,NOT_APPROVED
6,21,Автомат АК-12,heavy,5121,0.0,673,0.0,NOT_REVIEWED,NOT_APPROVED
6,26,Автомат АН-94 «Абакан»,heavy,4203,0.0,1781,0.0,NOT_REVIEWED,NOT_APPROVED
6,17,Пулемёт РПК-74,heavy,3796,0.0,2109,0.0,NOT_REVIEWED,NOT_APPROVED
6,38,Автомат ADAR 2-15,heavy,5510,0.0,1490,0.0,NOT_REVIEWED,NOT_APPROVED
6,45,Автомат АК-19,heavy,4424,0.0,1300,0.0,NOT_REVIEWED,NOT_APPROVED
6,57,Автомат HK416,heavy,4536,0.0,500,0.0,NOT_REVIEWED,NOT_APPROVED
6,69,Автомат CZ Bren 2,heavy,4222,0.0,973,0.0,NOT_REVIEWED,NOT_APPROVED
6,67,Пулемёт Minimi Mk3,heavy,3250,0.0,2848,0.0,NOT_REVIEWED,NOT_APPROVED
6,43,Автомат ОЦ-14 «Гроза»,heavy,4742,0.0,0,38.47,NOT_REVIEWED,NOT_APPROVED
6,16,Карабин «Вепрь»,heavy,5720,0.0,2005,0.0,NOT_REVIEWED,NOT_APPROVED
6,15,Автомат АК-103,heavy,4764,0.0,1990,0.0,NOT_REVIEWED,NOT_APPROVED
6,25,Пулемёт РПД,heavy,3392,0.0,283,0.0,NOT_REVIEWED,NOT_APPROVED
6,18,Автомат АС «Вал»,heavy,4441,0.0,1719,0.0,NOT_REVIEWED,NOT_APPROVED
6,10,Карабин Сайга-12,heavy,6220,0.0,3795,0.0,NOT_REVIEWED,NOT_APPROVED
6,63,Автомат АК-308,heavy,4222,0.0,796,0.0,NOT_REVIEWED,NOT_APPROVED
6,51,Автомат ЛР-308,heavy,3905,0.0,210,0.0,NOT_REVIEWED,NOT_APPROVED
6,75,Автомат SCAR-H,heavy,4323,0.0,24,0.0,NOT_REVIEWED,NOT_APPROVED
6,61,Пулемёт M60E6,heavy,3705,0.0,3534,0.0,NOT_REVIEWED,NOT_APPROVED
6,59,Пулемёт M240,heavy,3572,0.0,1646,0.0,NOT_REVIEWED,NOT_APPROVED
6,71,Пулемёт FN MAG,heavy,3067,0.0,2535,0.0,NOT_REVIEWED,NOT_APPROVED
6,77,Пулемёт Negev NG7,heavy,3246,0.0,1659,0.0,NOT_REVIEWED,NOT_APPROVED
6,22,Пулемёт ПКМ,heavy,2352,0.0,662,0.0,NOT_REVIEWED,NOT_APPROVED
6,29,Пулемёт «Печенег»,heavy,3642,0.0,1857,0.0,NOT_REVIEWED,NOT_APPROVED
6,53,Пулемёт «Печенег-СП»,heavy,3848,0.0,2523,0.0,NOT_REVIEWED,NOT_APPROVED
6,47,Автомат АК-АН «Абакан-100»,heavy,3445,0.0,2778,0.0,NOT_REVIEWED,NOT_APPROVED
6,65,Пулемёт «Утёс-М»,heavy,4274,0.0,3345,0.0,NOT_REVIEWED,NOT_APPROVED
6,14,Винтовка СКС,heavy,5840,0.0,4783,0.0,NOT_REVIEWED,NOT_APPROVED
6,46,Винтовка SSG 08,heavy,3459,0.0,2122,0.0,NOT_REVIEWED,NOT_APPROVED
6,42,Винтовка SR-25,heavy,4012,0.0,621,0.0,NOT_REVIEWED,NOT_APPROVED
6,13,Винтовка СВД,heavy,5497,0.0,2879,0.0,NOT_REVIEWED,NOT_APPROVED
6,24,Винтовка СВДС,heavy,3921,0.0,3297,0.0,NOT_REVIEWED,NOT_APPROVED
6,23,Винтовка Т-5000,heavy,3088,0.0,2180,0.0,NOT_REVIEWED,NOT_APPROVED
6,28,Винтовка СВ-98,heavy,4517,0.0,2007,0.0,NOT_REVIEWED,NOT_APPROVED
6,36,Винтовка СВК,heavy,3077,0.0,2996,0.0,NOT_REVIEWED,NOT_APPROVED
6,30,Винтовка ВСС «Винторез»,heavy,4692,0.0,2812,0.0,NOT_REVIEWED,NOT_APPROVED
6,40,Винтовка ВСК-94,heavy,4284,0.0,508,0.0,NOT_REVIEWED,NOT_APPROVED
6,31,Винтовка СВ-338,heavy,3721,0.0,3454,0.0,NOT_REVIEWED,NOT_APPROVED
6,27,Винтовка ОРСИС T-5000M,heavy,4050,0.0,3477,0.0,NOT_REVIEWED,NOT_APPROVED
6,70,Винтовка Sako TRG-42,heavy,3958,0.0,2593,0.0,NOT_REVIEWED,NOT_APPROVED
6,76,Винтовка Blaser R93 Tactical 2,heavy,3818,0.0,2823,0.0,NOT_REVIEWED,NOT_APPROVED
6,39,Винтовка ORSIS T-5000 Sniper Pro,heavy,3843,0.0,2586,0.0,NOT_REVIEWED,NOT_APPROVED
6,60,Винтовка Accuracy International AXMC,heavy,3550,0.0,2728,0.0,NOT_REVIEWED,NOT_APPROVED
6,48,Винтовка Barrett M98B,heavy,2907,0.0,2693,0.0,NOT_REVIEWED,NOT_APPROVED
6,64,Винтовка ORSIS T-5000 Elite,heavy,4011,0.0,2217,0.0,NOT_REVIEWED,NOT_APPROVED
6,33,Винтовка «Выхлоп»,heavy,3501,0.0,3053,0.0,NOT_REVIEWED,NOT_APPROVED
6,35,Винтовка ОСВ-96,heavy,3068,0.0,443,0.0,NOT_REVIEWED,NOT_APPROVED
6,66,Винтовка Zastava M93 Black Arrow,heavy,4343,0.0,2234,0.0,NOT_REVIEWED,NOT_APPROVED
6,52,Винтовка АСВК «Корд»,heavy,3313,0.0,3577,0.0,NOT_REVIEWED,NOT_APPROVED
6,58,Винтовка Steyr HS .50,heavy,5108,0.0,4301,0.0,NOT_REVIEWED,NOT_APPROVED
6,49,Винтовка Barrett M82,heavy,2314,0.0,2008,0.0,NOT_REVIEWED,NOT_APPROVED
6,54,Винтовка McMillan TAC-50,heavy,4482,0.0,1669,0.0,NOT_REVIEWED,NOT_APPROVED
6,72,Винтовка Desert Tech HTI,heavy,4138,0.0,2105,0.0,NOT_REVIEWED,NOT_APPROVED
6,78,Винтовка Cheytac M200 Intervention,heavy,2692,0.0,2357,0.0,NOT_REVIEWED,NOT_APPROVED
6,73,Прототип X-17,heavy,2648,0.0,615,0.0,NOT_REVIEWED,NOT_APPROVED
6,55,Гаусс-пушка,heavy,5136,0.0,3212,0.0,NOT_REVIEWED,NOT_APPROVED
6,4,Обрез охотничьего ружья,heavy,7184,0.0,4404,0.0,NOT_REVIEWED,NOT_APPROVED
6,8,ПП «Кедр»,heavy,8104,0.0,0,5.39,NOT_REVIEWED,NOT_APPROVED
6,9,ПП-19 «Бизон»,heavy,6540,0.0,5588,0.0,NOT_REVIEWED,NOT_APPROVED
6,20,Дробовик Сайга-410,heavy,5118,0.0,2339,0.0,NOT_REVIEWED,NOT_APPROVED
6,106,Дробовик Mossberg 500,heavy,5485,0.0,5317,0.0,NOT_REVIEWED,NOT_APPROVED
6,107,Дробовик Stoeger P3000,heavy,6043,0.0,5813,0.0,NOT_REVIEWED,NOT_APPROVED
6,108,Дробовик Remington 870,heavy,5632,0.0,6195,0.0,NOT_REVIEWED,NOT_APPROVED
6,109,Дробовик Winchester Model 1300,heavy,5686,0.0,5223,0.0,NOT_REVIEWED,NOT_APPROVED
6,110,Дробовик Ithaca 37,heavy,5717,0.0,5659,0.0,NOT_REVIEWED,NOT_APPROVED
6,111,Дробовик Browning BPS,heavy,5440,0.0,4842,0.0,NOT_REVIEWED,NOT_APPROVED
6,19,Дробовик СПАС-12,heavy,5277,0.0,4556,0.0,NOT_REVIEWED,NOT_APPROVED
6,112,Дробовик Winchester SXP Defender,heavy,5113,0.0,3564,0.0,NOT_REVIEWED,NOT_APPROVED
6,113,Дробовик Mossberg 590A1,heavy,5592,0.0,5782,0.0,NOT_REVIEWED,NOT_APPROVED
6,114,Дробовик Remington 870 MCS,heavy,4223,0.0,2737,0.0,NOT_REVIEWED,NOT_APPROVED
6,32,Дробовик Сайга-12К,heavy,3522,0.0,370,0.0,NOT_REVIEWED,NOT_APPROVED
6,115,Дробовик Benelli Nova,heavy,5652,0.0,5187,0.0,NOT_REVIEWED,NOT_APPROVED
6,116,Дробовик TOZ-194,heavy,5287,0.0,3029,0.0,NOT_REVIEWED,NOT_APPROVED
6,44,Дробовик «Вепрь-12»,heavy,3955,0.0,1612,0.0,NOT_REVIEWED,NOT_APPROVED
6,117,Дробовик Remington 1100,heavy,5551,0.0,4679,0.0,NOT_REVIEWED,NOT_APPROVED
6,62,Дробовик Kel-Tec KSG,heavy,4561,0.0,203,0.0,NOT_REVIEWED,NOT_APPROVED
6,118,Дробовик Beretta 1301 Tactical,heavy,4002,0.0,2715,0.0,NOT_REVIEWED,NOT_APPROVED
6,50,Дробовик Benelli M4,heavy,4528,0.0,3840,0.0,NOT_REVIEWED,NOT_APPROVED
6,119,Дробовик Fabarm STF/12,heavy,4748,0.0,2759,0.0,NOT_REVIEWED,NOT_APPROVED
6,56,Дробовик AA-12,heavy,6009,0.0,2209,0.0,NOT_REVIEWED,NOT_APPROVED
6,120,Дробовик Winchester SX4,heavy,5708,0.0,4840,0.0,NOT_REVIEWED,NOT_APPROVED
6,121,Дробовик Browning A5,heavy,5760,0.0,3968,0.0,NOT_REVIEWED,NOT_APPROVED
6,68,Дробовик Franchi SPAS-15,heavy,4830,0.0,4660,0.0,NOT_REVIEWED,NOT_APPROVED
6,122,Дробовик Remington 870 Magnum,heavy,6830,0.0,6020,0.0,NOT_REVIEWED,NOT_APPROVED
6,123,Дробовик Benelli Vinci,heavy,5889,0.0,4842,0.0,NOT_REVIEWED,NOT_APPROVED
6,74,Дробовик USAS-12,heavy,3813,0.0,1792,0.0,NOT_REVIEWED,NOT_APPROVED
6,124,Дробовик Ithaca Mag-10,heavy,3674,0.0,1333,0.0,NOT_REVIEWED,NOT_APPROVED
6,125,Дробовик Remington SP-10,heavy,4839,0.0,1302,0.0,NOT_REVIEWED,NOT_APPROVED
7,86,Beretta 21A Bobcat,pistol,7673,0.0,,,NOT_REVIEWED,NOT_APPROVED
7,2,Пистолет ПСМ,pistol,7058,0.0,,,NOT_REVIEWED,NOT_APPROVED
7,87,Walther PPK,pistol,7345,0.0,,,NOT_REVIEWED,NOT_APPROVED
7,1,Пистолет Макарова,pistol,6846,0.0,,,NOT_REVIEWED,NOT_APPROVED
7,3,Пистолет ИЖ-71,pistol,6602,0.0,,,NOT_REVIEWED,NOT_APPROVED
7,88,Glock 25,pistol,6884,0.0,,,NOT_REVIEWED,NOT_APPROVED
7,5,Пистолет ОЦ-33 «Пернач»,pistol,7097,0.0,,,NOT_REVIEWED,NOT_APPROVED
7,6,Револьвер Наган,pistol,5056,0.0,,,NOT_REVIEWED,NOT_APPROVED
7,89,Walther P99,pistol,6766,0.0,,,NOT_REVIEWED,NOT_APPROVED
7,90,CZ 75,pistol,6590,0.0,,,NOT_REVIEWED,NOT_APPROVED
7,91,Glock 17,pistol,6691,0.0,,,NOT_REVIEWED,NOT_APPROVED
7,92,Beretta 92FS,pistol,6439,0.0,,,NOT_REVIEWED,NOT_APPROVED
7,93,SIG Sauer P226,pistol,7344,0.0,,,NOT_REVIEWED,NOT_APPROVED
7,7,Пистолет ТТ,pistol,6941,0.0,,,NOT_REVIEWED,NOT_APPROVED
7,94,HK USP,pistol,6893,0.0,,,NOT_REVIEWED,NOT_APPROVED
7,95,Glock 22,pistol,6776,0.0,,,NOT_REVIEWED,NOT_APPROVED
7,96,SIG Sauer P229,pistol,7401,0.0,,,NOT_REVIEWED,NOT_APPROVED
7,97,Glock 20,pistol,7442,0.0,,,NOT_REVIEWED,NOT_APPROVED
7,98,Colt 1911,pistol,6778,0.0,,,NOT_REVIEWED,NOT_APPROVED
7,99,Glock 21,pistol,6966,0.0,,,NOT_REVIEWED,NOT_APPROVED
7,100,CZ 97B,pistol,7228,0.0,,,NOT_REVIEWED,NOT_APPROVED
7,101,HK Mark 23,pistol,6280,0.0,,,NOT_REVIEWED,NOT_APPROVED
7,102,Taurus Judge,pistol,6148,0.0,,,NOT_REVIEWED,NOT_APPROVED
7,103,Smith & Wesson Model 29,pistol,4324,0.0,,,NOT_REVIEWED,NOT_APPROVED
7,104,Taurus Raging Bull,pistol,4657,0.0,,,NOT_REVIEWED,NOT_APPROVED
7,105,Desert Eagle Mark XIX,pistol,7868,0.0,,,NOT_REVIEWED,NOT_APPROVED
7,11,Автомат АКС-74У,heavy,6026,0.0,1120,0.0,NOT_REVIEWED,NOT_APPROVED
7,12,Автомат АК-74,heavy,6103,0.0,0,7.0,NOT_REVIEWED,NOT_APPROVED
7,37,Автомат АК-107,heavy,4110,0.0,0,26.0,NOT_REVIEWED,NOT_APPROVED
7,21,Автомат АК-12,heavy,5161,0.0,0,26.02,NOT_REVIEWED,NOT_APPROVED
7,26,Автомат АН-94 «Абакан»,heavy,4230,0.0,0,13.0,NOT_REVIEWED,NOT_APPROVED
7,17,Пулемёт РПК-74,heavy,3796,0.0,0,11.0,NOT_REVIEWED,NOT_APPROVED
7,38,Автомат ADAR 2-15,heavy,5510,0.0,0,17.0,NOT_REVIEWED,NOT_APPROVED
7,45,Автомат АК-19,heavy,4424,0.0,0,21.02,NOT_REVIEWED,NOT_APPROVED
7,57,Автомат HK416,heavy,4536,0.0,0,24.0,NOT_REVIEWED,NOT_APPROVED
7,69,Автомат CZ Bren 2,heavy,4222,0.0,0,21.0,NOT_REVIEWED,NOT_APPROVED
7,67,Пулемёт Minimi Mk3,heavy,3250,0.0,1834,0.0,NOT_REVIEWED,NOT_APPROVED
7,43,Автомат ОЦ-14 «Гроза»,heavy,4768,0.0,0,72.14,NOT_REVIEWED,NOT_APPROVED
7,16,Карабин «Вепрь»,heavy,5720,0.0,0,18.0,NOT_REVIEWED,NOT_APPROVED
7,15,Автомат АК-103,heavy,4777,0.0,0,16.0,NOT_REVIEWED,NOT_APPROVED
7,25,Пулемёт РПД,heavy,3392,0.0,0,12.17,NOT_REVIEWED,NOT_APPROVED
7,18,Автомат АС «Вал»,heavy,4486,0.0,0,20.0,NOT_REVIEWED,NOT_APPROVED
7,10,Карабин Сайга-12,heavy,6356,0.0,14,0.0,NOT_REVIEWED,NOT_APPROVED
7,63,Автомат АК-308,heavy,4222,0.0,0,25.0,NOT_REVIEWED,NOT_APPROVED
7,51,Автомат ЛР-308,heavy,3905,0.0,0,37.0,NOT_REVIEWED,NOT_APPROVED
7,75,Автомат SCAR-H,heavy,4323,0.0,0,33.0,NOT_REVIEWED,NOT_APPROVED
7,61,Пулемёт M60E6,heavy,3705,0.0,2205,0.0,NOT_REVIEWED,NOT_APPROVED
7,59,Пулемёт M240,heavy,3572,0.0,977,0.0,NOT_REVIEWED,NOT_APPROVED
7,71,Пулемёт FN MAG,heavy,3067,0.0,1861,0.0,NOT_REVIEWED,NOT_APPROVED
7,77,Пулемёт Negev NG7,heavy,3246,0.0,926,0.0,NOT_REVIEWED,NOT_APPROVED
7,22,Пулемёт ПКМ,heavy,2352,0.0,0,12.17,NOT_REVIEWED,NOT_APPROVED
7,29,Пулемёт «Печенег»,heavy,3642,0.0,0,10.0,NOT_REVIEWED,NOT_APPROVED
7,53,Пулемёт «Печенег-СП»,heavy,3848,0.0,2039,0.0,NOT_REVIEWED,NOT_APPROVED
7,47,Автомат АК-АН «Абакан-100»,heavy,3445,0.0,13,0.0,NOT_REVIEWED,NOT_APPROVED
7,65,Пулемёт «Утёс-М»,heavy,4274,0.0,1967,0.0,NOT_REVIEWED,NOT_APPROVED
7,14,Винтовка СКС,heavy,5950,0.0,575,0.0,NOT_REVIEWED,NOT_APPROVED
7,46,Винтовка SSG 08,heavy,3459,0.0,45,0.0,NOT_REVIEWED,NOT_APPROVED
7,42,Винтовка SR-25,heavy,4012,0.0,0,29.0,NOT_REVIEWED,NOT_APPROVED
7,13,Винтовка СВД,heavy,5513,0.0,490,0.0,NOT_REVIEWED,NOT_APPROVED
7,24,Винтовка СВДС,heavy,3921,0.0,0,4.12,NOT_REVIEWED,NOT_APPROVED
7,23,Винтовка Т-5000,heavy,3088,0.0,0,8.6,NOT_REVIEWED,NOT_APPROVED
7,28,Винтовка СВ-98,heavy,4517,0.0,0,4.0,NOT_REVIEWED,NOT_APPROVED
7,36,Винтовка СВК,heavy,3077,0.0,2420,0.0,NOT_REVIEWED,NOT_APPROVED
7,30,Винтовка ВСС «Винторез»,heavy,4692,0.0,0,10.0,NOT_REVIEWED,NOT_APPROVED
7,40,Винтовка ВСК-94,heavy,4284,0.0,0,32.0,NOT_REVIEWED,NOT_APPROVED
7,31,Винтовка СВ-338,heavy,3721,0.0,614,0.0,NOT_REVIEWED,NOT_APPROVED
7,27,Винтовка ОРСИС T-5000M,heavy,4050,0.0,6,0.0,NOT_REVIEWED,NOT_APPROVED
7,70,Винтовка Sako TRG-42,heavy,3958,0.0,1532,0.0,NOT_REVIEWED,NOT_APPROVED
7,76,Винтовка Blaser R93 Tactical 2,heavy,3818,0.0,845,0.0,NOT_REVIEWED,NOT_APPROVED
7,39,Винтовка ORSIS T-5000 Sniper Pro,heavy,3843,0.0,1937,0.0,NOT_REVIEWED,NOT_APPROVED
7,60,Винтовка Accuracy International AXMC,heavy,3550,0.0,0,2.0,NOT_REVIEWED,NOT_APPROVED
7,48,Винтовка Barrett M98B,heavy,2907,0.0,108,0.0,NOT_REVIEWED,NOT_APPROVED
7,64,Винтовка ORSIS T-5000 Elite,heavy,4011,0.0,0,11.18,NOT_REVIEWED,NOT_APPROVED
7,33,Винтовка «Выхлоп»,heavy,3501,0.0,0,7.0,NOT_REVIEWED,NOT_APPROVED
7,35,Винтовка ОСВ-96,heavy,3068,0.0,638,0.0,NOT_REVIEWED,NOT_APPROVED
7,66,Винтовка Zastava M93 Black Arrow,heavy,4343,0.0,811,0.0,NOT_REVIEWED,NOT_APPROVED
7,52,Винтовка АСВК «Корд»,heavy,3313,0.0,1224,0.0,NOT_REVIEWED,NOT_APPROVED
7,58,Винтовка Steyr HS .50,heavy,5108,0.0,1884,0.0,NOT_REVIEWED,NOT_APPROVED
7,49,Винтовка Barrett M82,heavy,2314,0.0,1405,0.0,NOT_REVIEWED,NOT_APPROVED
7,54,Винтовка McMillan TAC-50,heavy,4482,0.0,0,14.0,NOT_REVIEWED,NOT_APPROVED
7,72,Винтовка Desert Tech HTI,heavy,4150,0.0,0,10.0,NOT_REVIEWED,NOT_APPROVED
7,78,Винтовка Cheytac M200 Intervention,heavy,2692,0.0,1559,0.0,NOT_REVIEWED,NOT_APPROVED
7,73,Прототип X-17,heavy,2989,0.0,0,33.24,NOT_REVIEWED,NOT_APPROVED
7,55,Гаусс-пушка,heavy,5896,0.0,31,0.0,NOT_REVIEWED,NOT_APPROVED
7,4,Обрез охотничьего ружья,heavy,7673,0.0,140,0.0,NOT_REVIEWED,NOT_APPROVED
7,8,ПП «Кедр»,heavy,8579,0.0,0,51.92,NOT_REVIEWED,NOT_APPROVED
7,9,ПП-19 «Бизон»,heavy,6646,0.0,2442,0.0,NOT_REVIEWED,NOT_APPROVED
7,20,Дробовик Сайга-410,heavy,5118,0.0,0,7.28,NOT_REVIEWED,NOT_APPROVED
7,106,Дробовик Mossberg 500,heavy,5567,0.0,3783,0.0,NOT_REVIEWED,NOT_APPROVED
7,107,Дробовик Stoeger P3000,heavy,6043,0.0,3517,0.0,NOT_REVIEWED,NOT_APPROVED
7,108,Дробовик Remington 870,heavy,5688,0.0,2789,0.0,NOT_REVIEWED,NOT_APPROVED
7,109,Дробовик Winchester Model 1300,heavy,5741,0.0,3043,0.0,NOT_REVIEWED,NOT_APPROVED
7,110,Дробовик Ithaca 37,heavy,5731,0.0,2908,0.0,NOT_REVIEWED,NOT_APPROVED
7,111,Дробовик Browning BPS,heavy,5480,0.0,2593,0.0,NOT_REVIEWED,NOT_APPROVED
7,19,Дробовик СПАС-12,heavy,5277,0.0,317,0.0,NOT_REVIEWED,NOT_APPROVED
7,112,Дробовик Winchester SXP Defender,heavy,5113,0.0,63,0.0,NOT_REVIEWED,NOT_APPROVED
7,113,Дробовик Mossberg 590A1,heavy,5639,0.0,3393,0.0,NOT_REVIEWED,NOT_APPROVED
7,114,Дробовик Remington 870 MCS,heavy,4223,0.0,0,8.0,NOT_REVIEWED,NOT_APPROVED
7,32,Дробовик Сайга-12К,heavy,3522,0.0,0,33.14,NOT_REVIEWED,NOT_APPROVED
7,115,Дробовик Benelli Nova,heavy,5652,0.0,2839,0.0,NOT_REVIEWED,NOT_APPROVED
7,116,Дробовик TOZ-194,heavy,5366,0.0,1073,0.0,NOT_REVIEWED,NOT_APPROVED
7,44,Дробовик «Вепрь-12»,heavy,3955,0.0,0,14.0,NOT_REVIEWED,NOT_APPROVED
7,117,Дробовик Remington 1100,heavy,5591,0.0,2294,0.0,NOT_REVIEWED,NOT_APPROVED
7,62,Дробовик Kel-Tec KSG,heavy,4561,0.0,0,36.72,NOT_REVIEWED,NOT_APPROVED
7,118,Дробовик Beretta 1301 Tactical,heavy,4002,0.0,0,8.0,NOT_REVIEWED,NOT_APPROVED
7,50,Дробовик Benelli M4,heavy,4528,0.0,96,0.0,NOT_REVIEWED,NOT_APPROVED
7,119,Дробовик Fabarm STF/12,heavy,4786,0.0,0,5.0,NOT_REVIEWED,NOT_APPROVED
7,56,Дробовик AA-12,heavy,6157,0.0,57,0.0,NOT_REVIEWED,NOT_APPROVED
7,120,Дробовик Winchester SX4,heavy,5735,0.0,1833,0.0,NOT_REVIEWED,NOT_APPROVED
7,121,Дробовик Browning A5,heavy,5760,0.0,1004,0.0,NOT_REVIEWED,NOT_APPROVED
7,68,Дробовик Franchi SPAS-15,heavy,4896,0.0,413,0.0,NOT_REVIEWED,NOT_APPROVED
7,122,Дробовик Remington 870 Magnum,heavy,6830,0.0,2377,0.0,NOT_REVIEWED,NOT_APPROVED
7,123,Дробовик Benelli Vinci,heavy,5958,0.0,2708,0.0,NOT_REVIEWED,NOT_APPROVED
7,74,Дробовик USAS-12,heavy,3813,0.0,0,18.0,NOT_REVIEWED,NOT_APPROVED
7,124,Дробовик Ithaca Mag-10,heavy,3674,0.0,0,24.35,NOT_REVIEWED,NOT_APPROVED
7,125,Дробовик Remington SP-10,heavy,4839,0.0,0,22.0,NOT_REVIEWED,NOT_APPROVED
8,86,Beretta 21A Bobcat,pistol,7292,0.0,,,NOT_REVIEWED,NOT_APPROVED
8,2,Пистолет ПСМ,pistol,6915,0.0,,,NOT_REVIEWED,NOT_APPROVED
8,87,Walther PPK,pistol,7163,0.0,,,NOT_REVIEWED,NOT_APPROVED
8,1,Пистолет Макарова,pistol,6858,0.0,,,NOT_REVIEWED,NOT_APPROVED
8,3,Пистолет ИЖ-71,pistol,6606,0.0,,,NOT_REVIEWED,NOT_APPROVED
8,88,Glock 25,pistol,6698,0.0,,,NOT_REVIEWED,NOT_APPROVED
8,5,Пистолет ОЦ-33 «Пернач»,pistol,6851,0.0,,,NOT_REVIEWED,NOT_APPROVED
8,6,Револьвер Наган,pistol,4997,0.0,,,NOT_REVIEWED,NOT_APPROVED
8,89,Walther P99,pistol,6571,0.0,,,NOT_REVIEWED,NOT_APPROVED
8,90,CZ 75,pistol,6429,0.0,,,NOT_REVIEWED,NOT_APPROVED
8,91,Glock 17,pistol,6460,0.0,,,NOT_REVIEWED,NOT_APPROVED
8,92,Beretta 92FS,pistol,6005,0.0,,,NOT_REVIEWED,NOT_APPROVED
8,93,SIG Sauer P226,pistol,7153,0.0,,,NOT_REVIEWED,NOT_APPROVED
8,7,Пистолет ТТ,pistol,6747,0.0,,,NOT_REVIEWED,NOT_APPROVED
8,94,HK USP,pistol,6550,0.0,,,NOT_REVIEWED,NOT_APPROVED
8,95,Glock 22,pistol,6484,0.0,,,NOT_REVIEWED,NOT_APPROVED
8,96,SIG Sauer P229,pistol,7113,0.0,,,NOT_REVIEWED,NOT_APPROVED
8,97,Glock 20,pistol,7056,0.0,,,NOT_REVIEWED,NOT_APPROVED
8,98,Colt 1911,pistol,6557,0.0,,,NOT_REVIEWED,NOT_APPROVED
8,99,Glock 21,pistol,6638,0.0,,,NOT_REVIEWED,NOT_APPROVED
8,100,CZ 97B,pistol,6974,0.0,,,NOT_REVIEWED,NOT_APPROVED
8,101,HK Mark 23,pistol,5761,0.0,,,NOT_REVIEWED,NOT_APPROVED
8,102,Taurus Judge,pistol,6007,0.0,,,NOT_REVIEWED,NOT_APPROVED
8,103,Smith & Wesson Model 29,pistol,4191,0.0,,,NOT_REVIEWED,NOT_APPROVED
8,104,Taurus Raging Bull,pistol,4529,0.0,,,NOT_REVIEWED,NOT_APPROVED
8,105,Desert Eagle Mark XIX,pistol,7882,0.0,,,NOT_REVIEWED,NOT_APPROVED
8,11,Автомат АКС-74У,heavy,6048,0.0,386,0.0,NOT_REVIEWED,NOT_APPROVED
8,12,Автомат АК-74,heavy,6103,0.0,0,16.0,NOT_REVIEWED,NOT_APPROVED
8,37,Автомат АК-107,heavy,4110,0.0,0,36.0,NOT_REVIEWED,NOT_APPROVED
8,21,Автомат АК-12,heavy,5161,0.0,0,44.0,NOT_REVIEWED,NOT_APPROVED
8,26,Автомат АН-94 «Абакан»,heavy,4230,0.0,0,24.0,NOT_REVIEWED,NOT_APPROVED
8,17,Пулемёт РПК-74,heavy,3796,0.0,691,0.0,NOT_REVIEWED,NOT_APPROVED
8,38,Автомат ADAR 2-15,heavy,5510,0.0,0,29.0,NOT_REVIEWED,NOT_APPROVED
8,45,Автомат АК-19,heavy,4424,0.0,0,32.0,NOT_REVIEWED,NOT_APPROVED
8,57,Автомат HK416,heavy,4536,0.0,0,43.86,NOT_REVIEWED,NOT_APPROVED
8,69,Автомат CZ Bren 2,heavy,4222,0.0,0,37.58,NOT_REVIEWED,NOT_APPROVED
8,67,Пулемёт Minimi Mk3,heavy,3250,0.0,773,0.0,NOT_REVIEWED,NOT_APPROVED
8,43,Автомат ОЦ-14 «Гроза»,heavy,4768,0.0,0,114.34,NOT_REVIEWED,NOT_APPROVED
8,16,Карабин «Вепрь»,heavy,5720,0.0,0,25.32,NOT_REVIEWED,NOT_APPROVED
8,15,Автомат АК-103,heavy,4777,0.0,0,27.0,NOT_REVIEWED,NOT_APPROVED
8,25,Пулемёт РПД,heavy,3392,0.0,1274,0.0,NOT_REVIEWED,NOT_APPROVED
8,18,Автомат АС «Вал»,heavy,4486,0.0,0,31.0,NOT_REVIEWED,NOT_APPROVED
8,10,Карабин Сайга-12,heavy,6356,0.0,0,12.0,NOT_REVIEWED,NOT_APPROVED
8,63,Автомат АК-308,heavy,4222,0.0,0,36.0,NOT_REVIEWED,NOT_APPROVED
8,51,Автомат ЛР-308,heavy,3905,0.0,0,48.0,NOT_REVIEWED,NOT_APPROVED
8,75,Автомат SCAR-H,heavy,4323,0.0,0,62.0,NOT_REVIEWED,NOT_APPROVED
8,61,Пулемёт M60E6,heavy,3705,0.0,1090,0.0,NOT_REVIEWED,NOT_APPROVED
8,59,Пулемёт M240,heavy,3572,0.0,2313,0.0,NOT_REVIEWED,NOT_APPROVED
8,71,Пулемёт FN MAG,heavy,3067,0.0,1813,0.0,NOT_REVIEWED,NOT_APPROVED
8,77,Пулемёт Negev NG7,heavy,3246,0.0,431,0.0,NOT_REVIEWED,NOT_APPROVED
8,22,Пулемёт ПКМ,heavy,2352,0.0,1294,0.0,NOT_REVIEWED,NOT_APPROVED
8,29,Пулемёт «Печенег»,heavy,3642,0.0,0,21.21,NOT_REVIEWED,NOT_APPROVED
8,53,Пулемёт «Печенег-СП»,heavy,3848,0.0,1041,0.0,NOT_REVIEWED,NOT_APPROVED
8,47,Автомат АК-АН «Абакан-100»,heavy,3445,0.0,0,21.0,NOT_REVIEWED,NOT_APPROVED
8,65,Пулемёт «Утёс-М»,heavy,4274,0.0,831,0.0,NOT_REVIEWED,NOT_APPROVED
8,14,Винтовка СКС,heavy,5950,0.0,0,3.0,NOT_REVIEWED,NOT_APPROVED
8,46,Винтовка SSG 08,heavy,3459,0.0,0,9.0,NOT_REVIEWED,NOT_APPROVED
8,42,Винтовка SR-25,heavy,4012,0.0,0,40.0,NOT_REVIEWED,NOT_APPROVED
8,13,Винтовка СВД,heavy,5513,0.0,0,4.0,NOT_REVIEWED,NOT_APPROVED
8,24,Винтовка СВДС,heavy,3921,0.0,0,11.7,NOT_REVIEWED,NOT_APPROVED
8,23,Винтовка Т-5000,heavy,3088,0.0,0,24.7,NOT_REVIEWED,NOT_APPROVED
8,28,Винтовка СВ-98,heavy,4517,0.0,0,26.08,NOT_REVIEWED,NOT_APPROVED
8,36,Винтовка СВК,heavy,3077,0.0,1071,0.0,NOT_REVIEWED,NOT_APPROVED
8,30,Винтовка ВСС «Винторез»,heavy,4692,0.0,0,21.0,NOT_REVIEWED,NOT_APPROVED
8,40,Винтовка ВСК-94,heavy,4284,0.0,0,42.0,NOT_REVIEWED,NOT_APPROVED
8,31,Винтовка СВ-338,heavy,3721,0.0,32,0.0,NOT_REVIEWED,NOT_APPROVED
8,27,Винтовка ОРСИС T-5000M,heavy,4050,0.0,0,14.0,NOT_REVIEWED,NOT_APPROVED
8,70,Винтовка Sako TRG-42,heavy,3958,0.0,814,0.0,NOT_REVIEWED,NOT_APPROVED
8,76,Винтовка Blaser R93 Tactical 2,heavy,3818,0.0,70,0.0,NOT_REVIEWED,NOT_APPROVED
8,39,Винтовка ORSIS T-5000 Sniper Pro,heavy,3843,0.0,814,0.0,NOT_REVIEWED,NOT_APPROVED
8,60,Винтовка Accuracy International AXMC,heavy,3550,0.0,0,27.0,NOT_REVIEWED,NOT_APPROVED
8,48,Винтовка Barrett M98B,heavy,2907,0.0,0,15.26,NOT_REVIEWED,NOT_APPROVED
8,64,Винтовка ORSIS T-5000 Elite,heavy,4011,0.0,0,33.0,NOT_REVIEWED,NOT_APPROVED
8,33,Винтовка «Выхлоп»,heavy,3501,0.0,0,19.0,NOT_REVIEWED,NOT_APPROVED
8,35,Винтовка ОСВ-96,heavy,3068,0.0,0,1.0,NOT_REVIEWED,NOT_APPROVED
8,66,Винтовка Zastava M93 Black Arrow,heavy,4343,0.0,182,0.0,NOT_REVIEWED,NOT_APPROVED
8,52,Винтовка АСВК «Корд»,heavy,3313,0.0,305,0.0,NOT_REVIEWED,NOT_APPROVED
8,58,Винтовка Steyr HS .50,heavy,5108,0.0,534,0.0,NOT_REVIEWED,NOT_APPROVED
8,49,Винтовка Barrett M82,heavy,2314,0.0,56,0.0,NOT_REVIEWED,NOT_APPROVED
8,54,Винтовка McMillan TAC-50,heavy,4482,0.0,0,34.67,NOT_REVIEWED,NOT_APPROVED
8,72,Винтовка Desert Tech HTI,heavy,4150,0.0,0,24.6,NOT_REVIEWED,NOT_APPROVED
8,78,Винтовка Cheytac M200 Intervention,heavy,2692,0.0,1012,0.0,NOT_REVIEWED,NOT_APPROVED
8,73,Прототип X-17,heavy,2989,0.0,0,56.86,NOT_REVIEWED,NOT_APPROVED
8,55,Гаусс-пушка,heavy,5896,0.0,0,11.0,NOT_REVIEWED,NOT_APPROVED
8,4,Обрез охотничьего ружья,heavy,7673,0.0,0,10.2,NOT_REVIEWED,NOT_APPROVED
8,8,ПП «Кедр»,heavy,8579,0.0,0,72.53,NOT_REVIEWED,NOT_APPROVED
8,9,ПП-19 «Бизон»,heavy,6646,0.0,81,0.0,NOT_REVIEWED,NOT_APPROVED
8,20,Дробовик Сайга-410,heavy,5118,0.0,0,32.76,NOT_REVIEWED,NOT_APPROVED
8,106,Дробовик Mossberg 500,heavy,5567,0.0,2172,0.0,NOT_REVIEWED,NOT_APPROVED
8,107,Дробовик Stoeger P3000,heavy,6043,0.0,1880,0.0,NOT_REVIEWED,NOT_APPROVED
8,108,Дробовик Remington 870,heavy,5688,0.0,1242,0.0,NOT_REVIEWED,NOT_APPROVED
8,109,Дробовик Winchester Model 1300,heavy,5741,0.0,1590,0.0,NOT_REVIEWED,NOT_APPROVED
8,110,Дробовик Ithaca 37,heavy,5731,0.0,1476,0.0,NOT_REVIEWED,NOT_APPROVED
8,111,Дробовик Browning BPS,heavy,5480,0.0,781,0.0,NOT_REVIEWED,NOT_APPROVED
8,19,Дробовик СПАС-12,heavy,5277,0.0,0,6.0,NOT_REVIEWED,NOT_APPROVED
8,112,Дробовик Winchester SXP Defender,heavy,5113,0.0,0,5.0,NOT_REVIEWED,NOT_APPROVED
8,113,Дробовик Mossberg 590A1,heavy,5639,0.0,1704,0.0,NOT_REVIEWED,NOT_APPROVED
8,114,Дробовик Remington 870 MCS,heavy,4223,0.0,0,21.0,NOT_REVIEWED,NOT_APPROVED
8,32,Дробовик Сайга-12К,heavy,3522,0.0,0,55.0,NOT_REVIEWED,NOT_APPROVED
8,115,Дробовик Benelli Nova,heavy,5652,0.0,1346,0.0,NOT_REVIEWED,NOT_APPROVED
8,116,Дробовик TOZ-194,heavy,5366,0.0,253,0.0,NOT_REVIEWED,NOT_APPROVED
8,44,Дробовик «Вепрь-12»,heavy,3955,0.0,0,25.0,NOT_REVIEWED,NOT_APPROVED
8,117,Дробовик Remington 1100,heavy,5591,0.0,901,0.0,NOT_REVIEWED,NOT_APPROVED
8,62,Дробовик Kel-Tec KSG,heavy,4561,0.0,0,69.34,NOT_REVIEWED,NOT_APPROVED
8,118,Дробовик Beretta 1301 Tactical,heavy,4002,0.0,0,26.0,NOT_REVIEWED,NOT_APPROVED
8,50,Дробовик Benelli M4,heavy,4528,0.0,0,19.1,NOT_REVIEWED,NOT_APPROVED
8,119,Дробовик Fabarm STF/12,heavy,4786,0.0,0,29.0,NOT_REVIEWED,NOT_APPROVED
8,56,Дробовик AA-12,heavy,6157,0.0,0,29.0,NOT_REVIEWED,NOT_APPROVED
8,120,Дробовик Winchester SX4,heavy,5735,0.0,397,0.0,NOT_REVIEWED,NOT_APPROVED
8,121,Дробовик Browning A5,heavy,5760,0.0,0,2.83,NOT_REVIEWED,NOT_APPROVED
8,68,Дробовик Franchi SPAS-15,heavy,4896,0.0,0,3.0,NOT_REVIEWED,NOT_APPROVED
8,122,Дробовик Remington 870 Magnum,heavy,6830,0.0,658,0.0,NOT_REVIEWED,NOT_APPROVED
8,123,Дробовик Benelli Vinci,heavy,5958,0.0,1388,0.0,NOT_REVIEWED,NOT_APPROVED
8,74,Дробовик USAS-12,heavy,3813,0.0,0,30.0,NOT_REVIEWED,NOT_APPROVED
8,124,Дробовик Ithaca Mag-10,heavy,3674,0.0,0,34.0,NOT_REVIEWED,NOT_APPROVED
8,125,Дробовик Remington SP-10,heavy,4839,0.0,0,38.0,NOT_REVIEWED,NOT_APPROVED
9,86,Beretta 21A Bobcat,pistol,7407,0.0,,,NOT_REVIEWED,NOT_APPROVED
9,2,Пистолет ПСМ,pistol,7041,0.0,,,NOT_REVIEWED,NOT_APPROVED
9,87,Walther PPK,pistol,7315,0.0,,,NOT_REVIEWED,NOT_APPROVED
9,1,Пистолет Макарова,pistol,6961,0.0,,,NOT_REVIEWED,NOT_APPROVED
9,3,Пистолет ИЖ-71,pistol,6572,0.0,,,NOT_REVIEWED,NOT_APPROVED
9,88,Glock 25,pistol,6802,0.0,,,NOT_REVIEWED,NOT_APPROVED
9,5,Пистолет ОЦ-33 «Пернач»,pistol,6976,0.0,,,NOT_REVIEWED,NOT_APPROVED
9,6,Револьвер Наган,pistol,4957,0.0,,,NOT_REVIEWED,NOT_APPROVED
9,89,Walther P99,pistol,6689,0.0,,,NOT_REVIEWED,NOT_APPROVED
9,90,CZ 75,pistol,6561,0.0,,,NOT_REVIEWED,NOT_APPROVED
9,91,Glock 17,pistol,6590,0.0,,,NOT_REVIEWED,NOT_APPROVED
9,92,Beretta 92FS,pistol,6146,0.0,,,NOT_REVIEWED,NOT_APPROVED
9,93,SIG Sauer P226,pistol,7345,0.0,,,NOT_REVIEWED,NOT_APPROVED
9,7,Пистолет ТТ,pistol,6878,0.0,,,NOT_REVIEWED,NOT_APPROVED
9,94,HK USP,pistol,6713,0.0,,,NOT_REVIEWED,NOT_APPROVED
9,95,Glock 22,pistol,6629,0.0,,,NOT_REVIEWED,NOT_APPROVED
9,96,SIG Sauer P229,pistol,7238,0.0,,,NOT_REVIEWED,NOT_APPROVED
9,97,Glock 20,pistol,7192,0.0,,,NOT_REVIEWED,NOT_APPROVED
9,98,Colt 1911,pistol,6676,0.0,,,NOT_REVIEWED,NOT_APPROVED
9,99,Glock 21,pistol,6790,0.0,,,NOT_REVIEWED,NOT_APPROVED
9,100,CZ 97B,pistol,7085,0.0,,,NOT_REVIEWED,NOT_APPROVED
9,101,HK Mark 23,pistol,5933,0.0,,,NOT_REVIEWED,NOT_APPROVED
9,102,Taurus Judge,pistol,6001,0.0,,,NOT_REVIEWED,NOT_APPROVED
9,103,Smith & Wesson Model 29,pistol,4181,0.0,,,NOT_REVIEWED,NOT_APPROVED
9,104,Taurus Raging Bull,pistol,4521,0.0,,,NOT_REVIEWED,NOT_APPROVED
9,105,Desert Eagle Mark XIX,pistol,8034,0.0,,,NOT_REVIEWED,NOT_APPROVED
9,11,Автомат АКС-74У,heavy,5979,0.0,1453,0.0,NOT_REVIEWED,NOT_APPROVED
9,12,Автомат АК-74,heavy,6166,0.0,2179,0.0,NOT_REVIEWED,NOT_APPROVED
9,37,Автомат АК-107,heavy,4110,0.0,314,0.0,NOT_REVIEWED,NOT_APPROVED
9,21,Автомат АК-12,heavy,5161,0.0,35,0.0,NOT_REVIEWED,NOT_APPROVED
9,26,Автомат АН-94 «Абакан»,heavy,4287,0.0,952,0.0,NOT_REVIEWED,NOT_APPROVED
9,17,Пулемёт РПК-74,heavy,3796,0.0,1480,0.0,NOT_REVIEWED,NOT_APPROVED
9,38,Автомат ADAR 2-15,heavy,5510,0.0,437,0.0,NOT_REVIEWED,NOT_APPROVED
9,45,Автомат АК-19,heavy,4424,0.0,296,0.0,NOT_REVIEWED,NOT_APPROVED
9,57,Автомат HK416,heavy,4536,0.0,121,0.0,NOT_REVIEWED,NOT_APPROVED
9,69,Автомат CZ Bren 2,heavy,4222,0.0,303,0.0,NOT_REVIEWED,NOT_APPROVED
9,67,Пулемёт Minimi Mk3,heavy,3250,0.0,1245,0.0,NOT_REVIEWED,NOT_APPROVED
9,43,Автомат ОЦ-14 «Гроза»,heavy,4705,0.0,0,59.62,NOT_REVIEWED,NOT_APPROVED
9,16,Карабин «Вепрь»,heavy,5787,0.0,1058,0.0,NOT_REVIEWED,NOT_APPROVED
9,15,Автомат АК-103,heavy,4777,0.0,1053,0.0,NOT_REVIEWED,NOT_APPROVED
9,25,Пулемёт РПД,heavy,3476,0.0,0,1.0,NOT_REVIEWED,NOT_APPROVED
9,18,Автомат АС «Вал»,heavy,4540,0.0,1081,0.0,NOT_REVIEWED,NOT_APPROVED
9,10,Карабин Сайга-12,heavy,6409,0.0,2666,0.0,NOT_REVIEWED,NOT_APPROVED
9,63,Автомат АК-308,heavy,4222,0.0,253,0.0,NOT_REVIEWED,NOT_APPROVED
9,51,Автомат ЛР-308,heavy,3905,0.0,0,2.0,NOT_REVIEWED,NOT_APPROVED
9,75,Автомат SCAR-H,heavy,4269,0.0,0,9.85,NOT_REVIEWED,NOT_APPROVED
9,61,Пулемёт M60E6,heavy,3705,0.0,3101,0.0,NOT_REVIEWED,NOT_APPROVED
9,59,Пулемёт M240,heavy,3572,0.0,1886,0.0,NOT_REVIEWED,NOT_APPROVED
9,71,Пулемёт FN MAG,heavy,3067,0.0,2338,0.0,NOT_REVIEWED,NOT_APPROVED
9,77,Пулемёт Negev NG7,heavy,3246,0.0,791,0.0,NOT_REVIEWED,NOT_APPROVED
9,22,Пулемёт ПКМ,heavy,2309,0.0,16,0.0,NOT_REVIEWED,NOT_APPROVED
9,29,Пулемёт «Печенег»,heavy,3642,0.0,1065,0.0,NOT_REVIEWED,NOT_APPROVED
9,53,Пулемёт «Печенег-СП»,heavy,3848,0.0,2287,0.0,NOT_REVIEWED,NOT_APPROVED
9,47,Автомат АК-АН «Абакан-100»,heavy,3555,0.0,2120,0.0,NOT_REVIEWED,NOT_APPROVED
9,65,Пулемёт «Утёс-М»,heavy,4274,0.0,2427,0.0,NOT_REVIEWED,NOT_APPROVED
9,14,Винтовка СКС,heavy,5950,0.0,4072,0.0,NOT_REVIEWED,NOT_APPROVED
9,46,Винтовка SSG 08,heavy,3376,0.0,1486,0.0,NOT_REVIEWED,NOT_APPROVED
9,42,Винтовка SR-25,heavy,4012,0.0,172,0.0,NOT_REVIEWED,NOT_APPROVED
9,13,Винтовка СВД,heavy,5419,0.0,2312,0.0,NOT_REVIEWED,NOT_APPROVED
9,24,Винтовка СВДС,heavy,3811,0.0,2211,0.0,NOT_REVIEWED,NOT_APPROVED
9,23,Винтовка Т-5000,heavy,3088,0.0,1064,0.0,NOT_REVIEWED,NOT_APPROVED
9,28,Винтовка СВ-98,heavy,4604,0.0,1166,0.0,NOT_REVIEWED,NOT_APPROVED
9,36,Винтовка СВК,heavy,3077,0.0,2473,0.0,NOT_REVIEWED,NOT_APPROVED
9,30,Винтовка ВСС «Винторез»,heavy,4802,0.0,2085,0.0,NOT_REVIEWED,NOT_APPROVED
9,40,Винтовка ВСК-94,heavy,4284,0.0,143,0.0,NOT_REVIEWED,NOT_APPROVED
9,31,Винтовка СВ-338,heavy,3721,0.0,2578,0.0,NOT_REVIEWED,NOT_APPROVED
9,27,Винтовка ОРСИС T-5000M,heavy,3940,0.0,2287,0.0,NOT_REVIEWED,NOT_APPROVED
9,70,Винтовка Sako TRG-42,heavy,4021,0.0,2218,0.0,NOT_REVIEWED,NOT_APPROVED
9,76,Винтовка Blaser R93 Tactical 2,heavy,3890,0.0,1713,0.0,NOT_REVIEWED,NOT_APPROVED
9,39,Винтовка ORSIS T-5000 Sniper Pro,heavy,3843,0.0,1090,0.0,NOT_REVIEWED,NOT_APPROVED
9,60,Винтовка Accuracy International AXMC,heavy,3550,0.0,1881,0.0,NOT_REVIEWED,NOT_APPROVED
9,48,Винтовка Barrett M98B,heavy,2907,0.0,1577,0.0,NOT_REVIEWED,NOT_APPROVED
9,64,Винтовка ORSIS T-5000 Elite,heavy,4011,0.0,1054,0.0,NOT_REVIEWED,NOT_APPROVED
9,33,Винтовка «Выхлоп»,heavy,3501,0.0,2230,0.0,NOT_REVIEWED,NOT_APPROVED
9,35,Винтовка ОСВ-96,heavy,3178,0.0,71,0.0,NOT_REVIEWED,NOT_APPROVED
9,66,Винтовка Zastava M93 Black Arrow,heavy,4343,0.0,1110,0.0,NOT_REVIEWED,NOT_APPROVED
9,52,Винтовка АСВК «Корд»,heavy,3313,0.0,2171,0.0,NOT_REVIEWED,NOT_APPROVED
9,58,Винтовка Steyr HS .50,heavy,5108,0.0,3972,0.0,NOT_REVIEWED,NOT_APPROVED
9,49,Винтовка Barrett M82,heavy,2365,0.0,957,0.0,NOT_REVIEWED,NOT_APPROVED
9,54,Винтовка McMillan TAC-50,heavy,4482,0.0,639,0.0,NOT_REVIEWED,NOT_APPROVED
9,72,Винтовка Desert Tech HTI,heavy,4243,0.0,1105,0.0,NOT_REVIEWED,NOT_APPROVED
9,78,Винтовка Cheytac M200 Intervention,heavy,2692,0.0,1915,0.0,NOT_REVIEWED,NOT_APPROVED
9,73,Прототип X-17,heavy,2989,0.0,5,0.0,NOT_REVIEWED,NOT_APPROVED
9,55,Гаусс-пушка,heavy,5896,0.0,2364,0.0,NOT_REVIEWED,NOT_APPROVED
9,4,Обрез охотничьего ружья,heavy,7673,0.0,3340,0.0,NOT_REVIEWED,NOT_APPROVED
9,8,ПП «Кедр»,heavy,8579,0.0,0,24.0,NOT_REVIEWED,NOT_APPROVED
9,9,ПП-19 «Бизон»,heavy,6701,0.0,4129,0.0,NOT_REVIEWED,NOT_APPROVED
9,20,Дробовик Сайга-410,heavy,5195,0.0,1340,0.0,NOT_REVIEWED,NOT_APPROVED
9,106,Дробовик Mossberg 500,heavy,5533,0.0,5928,0.0,NOT_REVIEWED,NOT_APPROVED
9,107,Дробовик Stoeger P3000,heavy,6003,0.0,6094,0.0,NOT_REVIEWED,NOT_APPROVED
9,108,Дробовик Remington 870,heavy,5746,0.0,6084,0.0,NOT_REVIEWED,NOT_APPROVED
9,109,Дробовик Winchester Model 1300,heavy,5741,0.0,5302,0.0,NOT_REVIEWED,NOT_APPROVED
9,110,Дробовик Ithaca 37,heavy,5694,0.0,5596,0.0,NOT_REVIEWED,NOT_APPROVED
9,111,Дробовик Browning BPS,heavy,5524,0.0,4787,0.0,NOT_REVIEWED,NOT_APPROVED
9,19,Дробовик СПАС-12,heavy,5277,0.0,3614,0.0,NOT_REVIEWED,NOT_APPROVED
9,112,Дробовик Winchester SXP Defender,heavy,5113,0.0,2594,0.0,NOT_REVIEWED,NOT_APPROVED
9,113,Дробовик Mossberg 590A1,heavy,5682,0.0,6071,0.0,NOT_REVIEWED,NOT_APPROVED
9,114,Дробовик Remington 870 MCS,heavy,4223,0.0,1878,0.0,NOT_REVIEWED,NOT_APPROVED
9,32,Дробовик Сайга-12К,heavy,3522,0.0,0,5.39,NOT_REVIEWED,NOT_APPROVED
9,115,Дробовик Benelli Nova,heavy,5626,0.0,5428,0.0,NOT_REVIEWED,NOT_APPROVED
9,116,Дробовик TOZ-194,heavy,5332,0.0,3164,0.0,NOT_REVIEWED,NOT_APPROVED
9,44,Дробовик «Вепрь-12»,heavy,3955,0.0,617,0.0,NOT_REVIEWED,NOT_APPROVED
9,117,Дробовик Remington 1100,heavy,5591,0.0,4589,0.0,NOT_REVIEWED,NOT_APPROVED
9,62,Дробовик Kel-Tec KSG,heavy,4561,0.0,0,14.21,NOT_REVIEWED,NOT_APPROVED
9,118,Дробовик Beretta 1301 Tactical,heavy,3947,0.0,1667,0.0,NOT_REVIEWED,NOT_APPROVED
9,50,Дробовик Benelli M4,heavy,4528,0.0,2706,0.0,NOT_REVIEWED,NOT_APPROVED
9,119,Дробовик Fabarm STF/12,heavy,4786,0.0,1698,0.0,NOT_REVIEWED,NOT_APPROVED
9,56,Дробовик AA-12,heavy,6157,0.0,1320,0.0,NOT_REVIEWED,NOT_APPROVED
9,120,Дробовик Winchester SX4,heavy,5693,0.0,4608,0.0,NOT_REVIEWED,NOT_APPROVED
9,121,Дробовик Browning A5,heavy,5760,0.0,3339,0.0,NOT_REVIEWED,NOT_APPROVED
9,68,Дробовик Franchi SPAS-15,heavy,4843,0.0,3766,0.0,NOT_REVIEWED,NOT_APPROVED
9,122,Дробовик Remington 870 Magnum,heavy,6748,0.0,5596,0.0,NOT_REVIEWED,NOT_APPROVED
9,123,Дробовик Benelli Vinci,heavy,5958,0.0,4892,0.0,NOT_REVIEWED,NOT_APPROVED
9,74,Дробовик USAS-12,heavy,3768,0.0,885,0.0,NOT_REVIEWED,NOT_APPROVED
9,124,Дробовик Ithaca Mag-10,heavy,3618,0.0,527,0.0,NOT_REVIEWED,NOT_APPROVED
9,125,Дробовик Remington SP-10,heavy,4897,0.0,555,0.0,NOT_REVIEWED,NOT_APPROVED
10,86,Beretta 21A Bobcat,pistol,7830,0.0,,,NOT_REVIEWED,NOT_APPROVED
10,2,Пистолет ПСМ,pistol,7229,0.0,,,NOT_REVIEWED,NOT_APPROVED
10,87,Walther PPK,pistol,7635,0.0,,,NOT_REVIEWED,NOT_APPROVED
10,1,Пистолет Макарова,pistol,7118,0.0,,,NOT_REVIEWED,NOT_APPROVED
10,3,Пистолет ИЖ-71,pistol,6560,0.0,,,NOT_REVIEWED,NOT_APPROVED
10,88,Glock 25,pistol,6833,0.0,,,NOT_REVIEWED,NOT_APPROVED
10,5,Пистолет ОЦ-33 «Пернач»,pistol,7186,0.0,,,NOT_REVIEWED,NOT_APPROVED
10,6,Револьвер Наган,pistol,4974,0.0,,,NOT_REVIEWED,NOT_APPROVED
10,89,Walther P99,pistol,6907,0.0,,,NOT_REVIEWED,NOT_APPROVED
10,90,CZ 75,pistol,6653,0.0,,,NOT_REVIEWED,NOT_APPROVED
10,91,Glock 17,pistol,6673,0.0,,,NOT_REVIEWED,NOT_APPROVED
10,92,Beretta 92FS,pistol,6507,0.0,,,NOT_REVIEWED,NOT_APPROVED
10,93,SIG Sauer P226,pistol,7766,0.0,,,NOT_REVIEWED,NOT_APPROVED
10,7,Пистолет ТТ,pistol,7244,0.0,,,NOT_REVIEWED,NOT_APPROVED
10,94,HK USP,pistol,7005,0.0,,,NOT_REVIEWED,NOT_APPROVED
10,95,Glock 22,pistol,6800,0.0,,,NOT_REVIEWED,NOT_APPROVED
10,96,SIG Sauer P229,pistol,7671,0.0,,,NOT_REVIEWED,NOT_APPROVED
10,97,Glock 20,pistol,7486,0.0,,,NOT_REVIEWED,NOT_APPROVED
10,98,Colt 1911,pistol,6966,0.0,,,NOT_REVIEWED,NOT_APPROVED
10,99,Glock 21,pistol,6970,0.0,,,NOT_REVIEWED,NOT_APPROVED
10,100,CZ 97B,pistol,7390,0.0,,,NOT_REVIEWED,NOT_APPROVED
10,101,HK Mark 23,pistol,6335,0.0,,,NOT_REVIEWED,NOT_APPROVED
10,102,Taurus Judge,pistol,6056,0.0,,,NOT_REVIEWED,NOT_APPROVED
10,103,Smith & Wesson Model 29,pistol,4343,0.0,,,NOT_REVIEWED,NOT_APPROVED
10,104,Taurus Raging Bull,pistol,4674,0.0,,,NOT_REVIEWED,NOT_APPROVED
10,105,Desert Eagle Mark XIX,pistol,8522,0.0,,,NOT_REVIEWED,NOT_APPROVED
10,11,Автомат АКС-74У,heavy,6168,0.0,1524,0.0,NOT_REVIEWED,NOT_APPROVED
10,12,Автомат АК-74,heavy,6085,0.0,0,33.73,NOT_REVIEWED,NOT_APPROVED
10,37,Автомат АК-107,heavy,4103,0.0,0,62.0,NOT_REVIEWED,NOT_APPROVED
10,21,Автомат АК-12,heavy,5161,0.0,0,62.0,NOT_REVIEWED,NOT_APPROVED
10,26,Автомат АН-94 «Абакан»,heavy,4230,0.0,0,49.82,NOT_REVIEWED,NOT_APPROVED
10,17,Пулемёт РПК-74,heavy,3796,0.0,0,24.08,NOT_REVIEWED,NOT_APPROVED
10,38,Автомат ADAR 2-15,heavy,5532,0.0,0,53.0,NOT_REVIEWED,NOT_APPROVED
10,45,Автомат АК-19,heavy,4428,0.0,0,49.0,NOT_REVIEWED,NOT_APPROVED
10,57,Автомат HK416,heavy,4536,0.0,0,24.0,NOT_REVIEWED,NOT_APPROVED
10,69,Автомат CZ Bren 2,heavy,4222,0.0,0,57.22,NOT_REVIEWED,NOT_APPROVED
10,67,Пулемёт Minimi Mk3,heavy,3247,0.0,1770,0.0,NOT_REVIEWED,NOT_APPROVED
10,43,Автомат ОЦ-14 «Гроза»,heavy,4768,0.0,0,83.63,NOT_REVIEWED,NOT_APPROVED
10,16,Карабин «Вепрь»,heavy,5720,0.0,0,42.58,NOT_REVIEWED,NOT_APPROVED
10,15,Автомат АК-103,heavy,4777,0.0,0,46.0,NOT_REVIEWED,NOT_APPROVED
10,25,Пулемёт РПД,heavy,3392,0.0,0,3.61,NOT_REVIEWED,NOT_APPROVED
10,18,Автомат АС «Вал»,heavy,4477,0.0,0,55.66,NOT_REVIEWED,NOT_APPROVED
10,10,Карабин Сайга-12,heavy,6356,0.0,0,35.0,NOT_REVIEWED,NOT_APPROVED
10,63,Автомат АК-308,heavy,4222,0.0,0,54.13,NOT_REVIEWED,NOT_APPROVED
10,51,Автомат ЛР-308,heavy,3905,0.0,0,73.0,NOT_REVIEWED,NOT_APPROVED
10,75,Автомат SCAR-H,heavy,4323,0.0,0,33.0,NOT_REVIEWED,NOT_APPROVED
10,61,Пулемёт M60E6,heavy,3710,0.0,2063,0.0,NOT_REVIEWED,NOT_APPROVED
10,59,Пулемёт M240,heavy,3572,0.0,1146,0.0,NOT_REVIEWED,NOT_APPROVED
10,71,Пулемёт FN MAG,heavy,3067,0.0,943,0.0,NOT_REVIEWED,NOT_APPROVED
10,77,Пулемёт Negev NG7,heavy,3252,0.0,1142,0.0,NOT_REVIEWED,NOT_APPROVED
10,22,Пулемёт ПКМ,heavy,2352,0.0,0,4.0,NOT_REVIEWED,NOT_APPROVED
10,29,Пулемёт «Печенег»,heavy,3642,0.0,0,46.0,NOT_REVIEWED,NOT_APPROVED
10,53,Пулемёт «Печенег-СП»,heavy,3860,0.0,1681,0.0,NOT_REVIEWED,NOT_APPROVED
10,47,Автомат АК-АН «Абакан-100»,heavy,3445,0.0,0,35.0,NOT_REVIEWED,NOT_APPROVED
10,65,Пулемёт «Утёс-М»,heavy,4263,0.0,1675,0.0,NOT_REVIEWED,NOT_APPROVED
10,14,Винтовка СКС,heavy,5937,0.0,0,16.03,NOT_REVIEWED,NOT_APPROVED
10,46,Винтовка SSG 08,heavy,3465,0.0,0,31.0,NOT_REVIEWED,NOT_APPROVED
10,42,Винтовка SR-25,heavy,4012,0.0,0,65.0,NOT_REVIEWED,NOT_APPROVED
10,13,Винтовка СВД,heavy,5513,0.0,0,20.02,NOT_REVIEWED,NOT_APPROVED
10,24,Винтовка СВДС,heavy,3926,0.0,0,37.0,NOT_REVIEWED,NOT_APPROVED
10,23,Винтовка Т-5000,heavy,3088,0.0,0,43.0,NOT_REVIEWED,NOT_APPROVED
10,28,Винтовка СВ-98,heavy,4529,0.0,0,29.53,NOT_REVIEWED,NOT_APPROVED
10,36,Винтовка СВК,heavy,3077,0.0,2008,0.0,NOT_REVIEWED,NOT_APPROVED
10,30,Винтовка ВСС «Винторез»,heavy,4704,0.0,0,45.0,NOT_REVIEWED,NOT_APPROVED
10,40,Винтовка ВСК-94,heavy,4269,0.0,0,68.0,NOT_REVIEWED,NOT_APPROVED
10,31,Винтовка СВ-338,heavy,3720,0.0,0,22.0,NOT_REVIEWED,NOT_APPROVED
10,27,Винтовка ОРСИС T-5000M,heavy,4045,0.0,0,30.0,NOT_REVIEWED,NOT_APPROVED
10,70,Винтовка Sako TRG-42,heavy,4000,0.0,1068,0.0,NOT_REVIEWED,NOT_APPROVED
10,76,Винтовка Blaser R93 Tactical 2,heavy,3795,0.0,1035,0.0,NOT_REVIEWED,NOT_APPROVED
10,39,Винтовка ORSIS T-5000 Sniper Pro,heavy,3825,0.0,2362,0.0,NOT_REVIEWED,NOT_APPROVED
10,60,Винтовка Accuracy International AXMC,heavy,3551,0.0,0,10.0,NOT_REVIEWED,NOT_APPROVED
10,48,Винтовка Barrett M98B,heavy,2913,0.0,0,31.0,NOT_REVIEWED,NOT_APPROVED
10,64,Винтовка ORSIS T-5000 Elite,heavy,4033,0.0,0,36.0,NOT_REVIEWED,NOT_APPROVED
10,33,Винтовка «Выхлоп»,heavy,3501,0.0,0,43.0,NOT_REVIEWED,NOT_APPROVED
10,35,Винтовка ОСВ-96,heavy,3068,0.0,915,0.0,NOT_REVIEWED,NOT_APPROVED
10,66,Винтовка Zastava M93 Black Arrow,heavy,4341,0.0,1164,0.0,NOT_REVIEWED,NOT_APPROVED
10,52,Винтовка АСВК «Корд»,heavy,3313,0.0,1477,0.0,NOT_REVIEWED,NOT_APPROVED
10,58,Винтовка Steyr HS .50,heavy,5108,0.0,1778,0.0,NOT_REVIEWED,NOT_APPROVED
10,49,Винтовка Barrett M82,heavy,2314,0.0,1946,0.0,NOT_REVIEWED,NOT_APPROVED
10,54,Винтовка McMillan TAC-50,heavy,4476,0.0,0,50.0,NOT_REVIEWED,NOT_APPROVED
10,72,Винтовка Desert Tech HTI,heavy,4147,0.0,0,46.0,NOT_REVIEWED,NOT_APPROVED
10,78,Винтовка Cheytac M200 Intervention,heavy,2697,0.0,1348,0.0,NOT_REVIEWED,NOT_APPROVED
10,73,Прототип X-17,heavy,2989,0.0,0,47.38,NOT_REVIEWED,NOT_APPROVED
10,55,Гаусс-пушка,heavy,5896,0.0,0,35.0,NOT_REVIEWED,NOT_APPROVED
10,4,Обрез охотничьего ружья,heavy,7673,0.0,0,24.52,NOT_REVIEWED,NOT_APPROVED
10,8,ПП «Кедр»,heavy,8579,0.0,0,66.19,NOT_REVIEWED,NOT_APPROVED
10,9,ПП-19 «Бизон»,heavy,6646,0.0,1146,0.0,NOT_REVIEWED,NOT_APPROVED
10,20,Дробовик Сайга-410,heavy,5123,0.0,0,42.0,NOT_REVIEWED,NOT_APPROVED
10,106,Дробовик Mossberg 500,heavy,5554,0.0,621,0.0,NOT_REVIEWED,NOT_APPROVED
10,107,Дробовик Stoeger P3000,heavy,6057,0.0,395,0.0,NOT_REVIEWED,NOT_APPROVED
10,108,Дробовик Remington 870,heavy,5688,0.0,0,1.0,NOT_REVIEWED,NOT_APPROVED
10,109,Дробовик Winchester Model 1300,heavy,5741,0.0,258,0.0,NOT_REVIEWED,NOT_APPROVED
10,110,Дробовик Ithaca 37,heavy,5710,0.0,205,0.0,NOT_REVIEWED,NOT_APPROVED
10,111,Дробовик Browning BPS,heavy,5494,0.0,152,0.0,NOT_REVIEWED,NOT_APPROVED
10,19,Дробовик СПАС-12,heavy,5277,0.0,0,26.0,NOT_REVIEWED,NOT_APPROVED
10,112,Дробовик Winchester SXP Defender,heavy,5113,0.0,0,30.0,NOT_REVIEWED,NOT_APPROVED
10,113,Дробовик Mossberg 590A1,heavy,5631,0.0,318,0.0,NOT_REVIEWED,NOT_APPROVED
10,114,Дробовик Remington 870 MCS,heavy,4217,0.0,0,38.08,NOT_REVIEWED,NOT_APPROVED
10,32,Дробовик Сайга-12К,heavy,3522,0.0,0,63.0,NOT_REVIEWED,NOT_APPROVED
10,115,Дробовик Benelli Nova,heavy,5652,0.0,29,0.0,NOT_REVIEWED,NOT_APPROVED
10,116,Дробовик TOZ-194,heavy,5366,0.0,0,19.0,NOT_REVIEWED,NOT_APPROVED
10,44,Дробовик «Вепрь-12»,heavy,3955,0.0,0,43.0,NOT_REVIEWED,NOT_APPROVED
10,117,Дробовик Remington 1100,heavy,5591,0.0,62,0.0,NOT_REVIEWED,NOT_APPROVED
10,62,Дробовик Kel-Tec KSG,heavy,4561,0.0,0,55.46,NOT_REVIEWED,NOT_APPROVED
10,118,Дробовик Beretta 1301 Tactical,heavy,4013,0.0,0,44.0,NOT_REVIEWED,NOT_APPROVED
10,50,Дробовик Benelli M4,heavy,4532,0.0,0,29.0,NOT_REVIEWED,NOT_APPROVED
10,119,Дробовик Fabarm STF/12,heavy,4770,0.0,0,40.0,NOT_REVIEWED,NOT_APPROVED
10,56,Дробовик AA-12,heavy,6183,0.0,0,23.0,NOT_REVIEWED,NOT_APPROVED
10,120,Дробовик Winchester SX4,heavy,5735,0.0,0,6.0,NOT_REVIEWED,NOT_APPROVED
10,121,Дробовик Browning A5,heavy,5760,0.0,0,5.39,NOT_REVIEWED,NOT_APPROVED
10,68,Дробовик Franchi SPAS-15,heavy,4908,0.0,0,25.0,NOT_REVIEWED,NOT_APPROVED
10,122,Дробовик Remington 870 Magnum,heavy,6805,0.0,0,3.0,NOT_REVIEWED,NOT_APPROVED
10,123,Дробовик Benelli Vinci,heavy,5958,0.0,112,0.0,NOT_REVIEWED,NOT_APPROVED
10,74,Дробовик USAS-12,heavy,3819,0.0,0,43.0,NOT_REVIEWED,NOT_APPROVED
10,124,Дробовик Ithaca Mag-10,heavy,3669,0.0,0,50.45,NOT_REVIEWED,NOT_APPROVED
10,125,Дробовик Remington SP-10,heavy,4839,0.0,0,54.0,NOT_REVIEWED,NOT_APPROVED
11,86,Beretta 21A Bobcat,pistol,7768,0.0,,,NOT_REVIEWED,NOT_APPROVED
11,2,Пистолет ПСМ,pistol,7175,0.0,,,NOT_REVIEWED,NOT_APPROVED
11,87,Walther PPK,pistol,7581,0.0,,,NOT_REVIEWED,NOT_APPROVED
11,1,Пистолет Макарова,pistol,7070,0.0,,,NOT_REVIEWED,NOT_APPROVED
11,3,Пистолет ИЖ-71,pistol,6553,0.0,,,NOT_REVIEWED,NOT_APPROVED
11,88,Glock 25,pistol,6797,0.0,,,NOT_REVIEWED,NOT_APPROVED
11,5,Пистолет ОЦ-33 «Пернач»,pistol,7143,0.0,,,NOT_REVIEWED,NOT_APPROVED
11,6,Револьвер Наган,pistol,4967,0.0,,,NOT_REVIEWED,NOT_APPROVED
11,89,Walther P99,pistol,6848,0.0,,,NOT_REVIEWED,NOT_APPROVED
11,90,CZ 75,pistol,6637,0.0,,,NOT_REVIEWED,NOT_APPROVED
11,91,Glock 17,pistol,6721,0.0,,,NOT_REVIEWED,NOT_APPROVED
11,92,Beretta 92FS,pistol,6485,0.0,,,NOT_REVIEWED,NOT_APPROVED
11,93,SIG Sauer P226,pistol,7729,0.0,,,NOT_REVIEWED,NOT_APPROVED
11,7,Пистолет ТТ,pistol,7202,0.0,,,NOT_REVIEWED,NOT_APPROVED
11,94,HK USP,pistol,6995,0.0,,,NOT_REVIEWED,NOT_APPROVED
11,95,Glock 22,pistol,6816,0.0,,,NOT_REVIEWED,NOT_APPROVED
11,96,SIG Sauer P229,pistol,7666,0.0,,,NOT_REVIEWED,NOT_APPROVED
11,97,Glock 20,pistol,7479,0.0,,,NOT_REVIEWED,NOT_APPROVED
11,98,Colt 1911,pistol,6927,0.0,,,NOT_REVIEWED,NOT_APPROVED
11,99,Glock 21,pistol,6995,0.0,,,NOT_REVIEWED,NOT_APPROVED
11,100,CZ 97B,pistol,7361,0.0,,,NOT_REVIEWED,NOT_APPROVED
11,101,HK Mark 23,pistol,6287,0.0,,,NOT_REVIEWED,NOT_APPROVED
11,102,Taurus Judge,pistol,6054,0.0,,,NOT_REVIEWED,NOT_APPROVED
11,103,Smith & Wesson Model 29,pistol,4297,0.0,,,NOT_REVIEWED,NOT_APPROVED
11,104,Taurus Raging Bull,pistol,4669,0.0,,,NOT_REVIEWED,NOT_APPROVED
11,105,Desert Eagle Mark XIX,pistol,8463,0.0,,,NOT_REVIEWED,NOT_APPROVED
11,11,Автомат АКС-74У,heavy,5979,0.0,740,0.0,NOT_REVIEWED,NOT_APPROVED
11,12,Автомат АК-74,heavy,6103,0.0,1031,0.0,NOT_REVIEWED,NOT_APPROVED
11,37,Автомат АК-107,heavy,4110,0.0,0,5.0,NOT_REVIEWED,NOT_APPROVED
11,21,Автомат АК-12,heavy,5161,0.0,0,6.0,NOT_REVIEWED,NOT_APPROVED
11,26,Автомат АН-94 «Абакан»,heavy,4230,0.0,48,0.0,NOT_REVIEWED,NOT_APPROVED
11,17,Пулемёт РПК-74,heavy,3796,0.0,286,0.0,NOT_REVIEWED,NOT_APPROVED
11,38,Автомат ADAR 2-15,heavy,5510,0.0,36,0.0,NOT_REVIEWED,NOT_APPROVED
11,45,Автомат АК-19,heavy,4424,0.0,53,0.0,NOT_REVIEWED,NOT_APPROVED
11,57,Автомат HK416,heavy,4536,0.0,5,0.0,NOT_REVIEWED,NOT_APPROVED
11,69,Автомат CZ Bren 2,heavy,4222,0.0,0,2.0,NOT_REVIEWED,NOT_APPROVED
11,67,Пулемёт Minimi Mk3,heavy,3250,0.0,2221,0.0,NOT_REVIEWED,NOT_APPROVED
11,43,Автомат ОЦ-14 «Гроза»,heavy,4768,0.0,0,38.9,NOT_REVIEWED,NOT_APPROVED
11,16,Карабин «Вепрь»,heavy,5720,0.0,190,0.0,NOT_REVIEWED,NOT_APPROVED
11,15,Автомат АК-103,heavy,4777,0.0,171,0.0,NOT_REVIEWED,NOT_APPROVED
11,25,Пулемёт РПД,heavy,3392,0.0,0,9.0,NOT_REVIEWED,NOT_APPROVED
11,18,Автомат АС «Вал»,heavy,4486,0.0,17,0.0,NOT_REVIEWED,NOT_APPROVED
11,10,Карабин Сайга-12,heavy,6356,0.0,1440,0.0,NOT_REVIEWED,NOT_APPROVED
11,63,Автомат АК-308,heavy,4222,0.0,0,4.12,NOT_REVIEWED,NOT_APPROVED
11,51,Автомат ЛР-308,heavy,3905,0.0,0,16.0,NOT_REVIEWED,NOT_APPROVED
11,75,Автомат SCAR-H,heavy,4323,0.0,0,9.0,NOT_REVIEWED,NOT_APPROVED
11,61,Пулемёт M60E6,heavy,3705,0.0,2024,0.0,NOT_REVIEWED,NOT_APPROVED
11,59,Пулемёт M240,heavy,3572,0.0,0,2.0,NOT_REVIEWED,NOT_APPROVED
11,71,Пулемёт FN MAG,heavy,3067,0.0,1183,0.0,NOT_REVIEWED,NOT_APPROVED
11,77,Пулемёт Negev NG7,heavy,3246,0.0,2301,0.0,NOT_REVIEWED,NOT_APPROVED
11,22,Пулемёт ПКМ,heavy,2352,0.0,5,0.0,NOT_REVIEWED,NOT_APPROVED
11,29,Пулемёт «Печенег»,heavy,3642,0.0,87,0.0,NOT_REVIEWED,NOT_APPROVED
11,53,Пулемёт «Печенег-СП»,heavy,3848,0.0,1508,0.0,NOT_REVIEWED,NOT_APPROVED
11,47,Автомат АК-АН «Абакан-100»,heavy,3445,0.0,592,0.0,NOT_REVIEWED,NOT_APPROVED
11,65,Пулемёт «Утёс-М»,heavy,4274,0.0,2170,0.0,NOT_REVIEWED,NOT_APPROVED
11,14,Винтовка СКС,heavy,5950,0.0,3028,0.0,NOT_REVIEWED,NOT_APPROVED
11,46,Винтовка SSG 08,heavy,3459,0.0,898,0.0,NOT_REVIEWED,NOT_APPROVED
11,42,Винтовка SR-25,heavy,4012,0.0,0,9.0,NOT_REVIEWED,NOT_APPROVED
11,13,Винтовка СВД,heavy,5513,0.0,2481,0.0,NOT_REVIEWED,NOT_APPROVED
11,24,Винтовка СВДС,heavy,3921,0.0,1101,0.0,NOT_REVIEWED,NOT_APPROVED
11,23,Винтовка Т-5000,heavy,3088,0.0,517,0.0,NOT_REVIEWED,NOT_APPROVED
11,28,Винтовка СВ-98,heavy,4517,0.0,1021,0.0,NOT_REVIEWED,NOT_APPROVED
11,36,Винтовка СВК,heavy,3077,0.0,2074,0.0,NOT_REVIEWED,NOT_APPROVED
11,30,Винтовка ВСС «Винторез»,heavy,4692,0.0,539,0.0,NOT_REVIEWED,NOT_APPROVED
11,40,Винтовка ВСК-94,heavy,4284,0.0,0,11.0,NOT_REVIEWED,NOT_APPROVED
11,31,Винтовка СВ-338,heavy,3721,0.0,2399,0.0,NOT_REVIEWED,NOT_APPROVED
11,27,Винтовка ОРСИС T-5000M,heavy,4050,0.0,1217,0.0,NOT_REVIEWED,NOT_APPROVED
11,70,Винтовка Sako TRG-42,heavy,3958,0.0,1721,0.0,NOT_REVIEWED,NOT_APPROVED
11,76,Винтовка Blaser R93 Tactical 2,heavy,3818,0.0,2308,0.0,NOT_REVIEWED,NOT_APPROVED
11,39,Винтовка ORSIS T-5000 Sniper Pro,heavy,3843,0.0,2278,0.0,NOT_REVIEWED,NOT_APPROVED
11,60,Винтовка Accuracy International AXMC,heavy,3550,0.0,1878,0.0,NOT_REVIEWED,NOT_APPROVED
11,48,Винтовка Barrett M98B,heavy,2907,0.0,1278,0.0,NOT_REVIEWED,NOT_APPROVED
11,64,Винтовка ORSIS T-5000 Elite,heavy,4011,0.0,554,0.0,NOT_REVIEWED,NOT_APPROVED
11,33,Винтовка «Выхлоп»,heavy,3501,0.0,722,0.0,NOT_REVIEWED,NOT_APPROVED
11,35,Винтовка ОСВ-96,heavy,3068,0.0,680,0.0,NOT_REVIEWED,NOT_APPROVED
11,66,Винтовка Zastava M93 Black Arrow,heavy,4343,0.0,1505,0.0,NOT_REVIEWED,NOT_APPROVED
11,52,Винтовка АСВК «Корд»,heavy,3313,0.0,2524,0.0,NOT_REVIEWED,NOT_APPROVED
11,58,Винтовка Steyr HS .50,heavy,5108,0.0,3261,0.0,NOT_REVIEWED,NOT_APPROVED
11,49,Винтовка Barrett M82,heavy,2314,0.0,2230,0.0,NOT_REVIEWED,NOT_APPROVED
11,54,Винтовка McMillan TAC-50,heavy,4482,0.0,208,0.0,NOT_REVIEWED,NOT_APPROVED
11,72,Винтовка Desert Tech HTI,heavy,4150,0.0,452,0.0,NOT_REVIEWED,NOT_APPROVED
11,78,Винтовка Cheytac M200 Intervention,heavy,2692,0.0,1618,0.0,NOT_REVIEWED,NOT_APPROVED
11,73,Прототип X-17,heavy,2989,0.0,0,2.83,NOT_REVIEWED,NOT_APPROVED
11,55,Гаусс-пушка,heavy,5752,0.0,937,0.0,NOT_REVIEWED,NOT_APPROVED
11,4,Обрез охотничьего ружья,heavy,7636,0.0,2252,0.0,NOT_REVIEWED,NOT_APPROVED
11,8,ПП «Кедр»,heavy,8511,0.0,0,20.25,NOT_REVIEWED,NOT_APPROVED
11,9,ПП-19 «Бизон»,heavy,6646,0.0,5401,0.0,NOT_REVIEWED,NOT_APPROVED
11,20,Дробовик Сайга-410,heavy,5118,0.0,582,0.0,NOT_REVIEWED,NOT_APPROVED
11,106,Дробовик Mossberg 500,heavy,5567,0.0,5896,0.0,NOT_REVIEWED,NOT_APPROVED
11,107,Дробовик Stoeger P3000,heavy,6043,0.0,5658,0.0,NOT_REVIEWED,NOT_APPROVED
11,108,Дробовик Remington 870,heavy,5688,0.0,5062,0.0,NOT_REVIEWED,NOT_APPROVED
11,109,Дробовик Winchester Model 1300,heavy,5741,0.0,5480,0.0,NOT_REVIEWED,NOT_APPROVED
11,110,Дробовик Ithaca 37,heavy,5731,0.0,5423,0.0,NOT_REVIEWED,NOT_APPROVED
11,111,Дробовик Browning BPS,heavy,5480,0.0,5074,0.0,NOT_REVIEWED,NOT_APPROVED
11,19,Дробовик СПАС-12,heavy,5277,0.0,2180,0.0,NOT_REVIEWED,NOT_APPROVED
11,112,Дробовик Winchester SXP Defender,heavy,5113,0.0,1164,0.0,NOT_REVIEWED,NOT_APPROVED
11,113,Дробовик Mossberg 590A1,heavy,5639,0.0,5577,0.0,NOT_REVIEWED,NOT_APPROVED
11,114,Дробовик Remington 870 MCS,heavy,4223,0.0,606,0.0,NOT_REVIEWED,NOT_APPROVED
11,32,Дробовик Сайга-12К,heavy,3522,0.0,0,11.0,NOT_REVIEWED,NOT_APPROVED
11,115,Дробовик Benelli Nova,heavy,5652,0.0,5108,0.0,NOT_REVIEWED,NOT_APPROVED
11,116,Дробовик TOZ-194,heavy,5366,0.0,2952,0.0,NOT_REVIEWED,NOT_APPROVED
11,44,Дробовик «Вепрь-12»,heavy,3955,0.0,140,0.0,NOT_REVIEWED,NOT_APPROVED
11,117,Дробовик Remington 1100,heavy,5591,0.0,4765,0.0,NOT_REVIEWED,NOT_APPROVED
11,62,Дробовик Kel-Tec KSG,heavy,4561,0.0,0,9.43,NOT_REVIEWED,NOT_APPROVED
11,118,Дробовик Beretta 1301 Tactical,heavy,4002,0.0,604,0.0,NOT_REVIEWED,NOT_APPROVED
11,50,Дробовик Benelli M4,heavy,4528,0.0,1774,0.0,NOT_REVIEWED,NOT_APPROVED
11,119,Дробовик Fabarm STF/12,heavy,4786,0.0,709,0.0,NOT_REVIEWED,NOT_APPROVED
11,56,Дробовик AA-12,heavy,6157,0.0,992,0.0,NOT_REVIEWED,NOT_APPROVED
11,120,Дробовик Winchester SX4,heavy,5735,0.0,4267,0.0,NOT_REVIEWED,NOT_APPROVED
11,121,Дробовик Browning A5,heavy,5760,0.0,3791,0.0,NOT_REVIEWED,NOT_APPROVED
11,68,Дробовик Franchi SPAS-15,heavy,4896,0.0,2295,0.0,NOT_REVIEWED,NOT_APPROVED
11,122,Дробовик Remington 870 Magnum,heavy,6830,0.0,4856,0.0,NOT_REVIEWED,NOT_APPROVED
11,123,Дробовик Benelli Vinci,heavy,5958,0.0,5134,0.0,NOT_REVIEWED,NOT_APPROVED
11,74,Дробовик USAS-12,heavy,3813,0.0,35,0.0,NOT_REVIEWED,NOT_APPROVED
11,124,Дробовик Ithaca Mag-10,heavy,3674,0.0,0,1.41,NOT_REVIEWED,NOT_APPROVED
11,125,Дробовик Remington SP-10,heavy,4839,0.0,0,1.0,NOT_REVIEWED,NOT_APPROVED
12,86,Beretta 21A Bobcat,pistol,7733,0.0,,,NOT_REVIEWED,NOT_APPROVED
12,2,Пистолет ПСМ,pistol,7074,0.0,,,NOT_REVIEWED,NOT_APPROVED
12,87,Walther PPK,pistol,7465,0.0,,,NOT_REVIEWED,NOT_APPROVED
12,1,Пистолет Макарова,pistol,6961,0.0,,,NOT_REVIEWED,NOT_APPROVED
12,3,Пистолет ИЖ-71,pistol,6403,0.0,,,NOT_REVIEWED,NOT_APPROVED
12,88,Glock 25,pistol,6757,0.0,,,NOT_REVIEWED,NOT_APPROVED
12,5,Пистолет ОЦ-33 «Пернач»,pistol,7092,0.0,,,NOT_REVIEWED,NOT_APPROVED
12,6,Револьвер Наган,pistol,4859,0.0,,,NOT_REVIEWED,NOT_APPROVED
12,89,Walther P99,pistol,6779,0.0,,,NOT_REVIEWED,NOT_APPROVED
12,90,CZ 75,pistol,6597,0.0,,,NOT_REVIEWED,NOT_APPROVED
12,91,Glock 17,pistol,6635,0.0,,,NOT_REVIEWED,NOT_APPROVED
12,92,Beretta 92FS,pistol,6404,0.0,,,NOT_REVIEWED,NOT_APPROVED
12,93,SIG Sauer P226,pistol,7582,0.0,,,NOT_REVIEWED,NOT_APPROVED
12,7,Пистолет ТТ,pistol,7164,0.0,,,NOT_REVIEWED,NOT_APPROVED
12,94,HK USP,pistol,6892,0.0,,,NOT_REVIEWED,NOT_APPROVED
12,95,Glock 22,pistol,6711,0.0,,,NOT_REVIEWED,NOT_APPROVED
12,96,SIG Sauer P229,pistol,7555,0.0,,,NOT_REVIEWED,NOT_APPROVED
12,97,Glock 20,pistol,7338,0.0,,,NOT_REVIEWED,NOT_APPROVED
12,98,Colt 1911,pistol,6866,0.0,,,NOT_REVIEWED,NOT_APPROVED
12,99,Glock 21,pistol,6897,0.0,,,NOT_REVIEWED,NOT_APPROVED
12,100,CZ 97B,pistol,7353,0.0,,,NOT_REVIEWED,NOT_APPROVED
12,101,HK Mark 23,pistol,6210,0.0,,,NOT_REVIEWED,NOT_APPROVED
12,102,Taurus Judge,pistol,5981,0.0,,,NOT_REVIEWED,NOT_APPROVED
12,103,Smith & Wesson Model 29,pistol,4273,0.0,,,NOT_REVIEWED,NOT_APPROVED
12,104,Taurus Raging Bull,pistol,4657,0.0,,,NOT_REVIEWED,NOT_APPROVED
12,105,Desert Eagle Mark XIX,pistol,8410,0.0,,,NOT_REVIEWED,NOT_APPROVED
12,11,Автомат АКС-74У,heavy,5964,0.0,28,0.0,NOT_REVIEWED,NOT_APPROVED
12,12,Автомат АК-74,heavy,6103,0.0,190,0.0,NOT_REVIEWED,NOT_APPROVED
12,37,Автомат АК-107,heavy,4110,0.0,0,19.0,NOT_REVIEWED,NOT_APPROVED
12,21,Автомат АК-12,heavy,5161,0.0,0,19.0,NOT_REVIEWED,NOT_APPROVED
12,26,Автомат АН-94 «Абакан»,heavy,4230,0.0,0,8.54,NOT_REVIEWED,NOT_APPROVED
12,17,Пулемёт РПК-74,heavy,3796,0.0,0,4.0,NOT_REVIEWED,NOT_APPROVED
12,38,Автомат ADAR 2-15,heavy,5510,0.0,0,10.0,NOT_REVIEWED,NOT_APPROVED
12,45,Автомат АК-19,heavy,4424,0.0,0,6.08,NOT_REVIEWED,NOT_APPROVED
12,57,Автомат HK416,heavy,4536,0.0,0,4.0,NOT_REVIEWED,NOT_APPROVED
12,69,Автомат CZ Bren 2,heavy,4222,0.0,0,16.0,NOT_REVIEWED,NOT_APPROVED
12,67,Пулемёт Minimi Mk3,heavy,3250,0.0,2535,0.0,NOT_REVIEWED,NOT_APPROVED
12,43,Автомат ОЦ-14 «Гроза»,heavy,4768,0.0,0,51.62,NOT_REVIEWED,NOT_APPROVED
12,16,Карабин «Вепрь»,heavy,5720,0.0,0,4.12,NOT_REVIEWED,NOT_APPROVED
12,15,Автомат АК-103,heavy,4777,0.0,0,4.47,NOT_REVIEWED,NOT_APPROVED
12,25,Пулемёт РПД,heavy,3392,0.0,0,22.0,NOT_REVIEWED,NOT_APPROVED
12,18,Автомат АС «Вал»,heavy,4486,0.0,0,13.0,NOT_REVIEWED,NOT_APPROVED
12,10,Карабин Сайга-12,heavy,6355,0.0,401,0.0,NOT_REVIEWED,NOT_APPROVED
12,63,Автомат АК-308,heavy,4222,0.0,0,15.23,NOT_REVIEWED,NOT_APPROVED
12,51,Автомат ЛР-308,heavy,3905,0.0,0,30.0,NOT_REVIEWED,NOT_APPROVED
12,75,Автомат SCAR-H,heavy,4323,0.0,0,13.0,NOT_REVIEWED,NOT_APPROVED
12,61,Пулемёт M60E6,heavy,3705,0.0,2221,0.0,NOT_REVIEWED,NOT_APPROVED
12,59,Пулемёт M240,heavy,3572,0.0,189,0.0,NOT_REVIEWED,NOT_APPROVED
12,71,Пулемёт FN MAG,heavy,3067,0.0,1508,0.0,NOT_REVIEWED,NOT_APPROVED
12,77,Пулемёт Negev NG7,heavy,3246,0.0,2336,0.0,NOT_REVIEWED,NOT_APPROVED
12,22,Пулемёт ПКМ,heavy,2352,0.0,0,13.0,NOT_REVIEWED,NOT_APPROVED
12,29,Пулемёт «Печенег»,heavy,3642,0.0,0,3.0,NOT_REVIEWED,NOT_APPROVED
12,53,Пулемёт «Печенег-СП»,heavy,3848,0.0,1825,0.0,NOT_REVIEWED,NOT_APPROVED
12,47,Автомат АК-АН «Абакан-100»,heavy,3445,0.0,77,0.0,NOT_REVIEWED,NOT_APPROVED
12,65,Пулемёт «Утёс-М»,heavy,4274,0.0,2180,0.0,NOT_REVIEWED,NOT_APPROVED
12,14,Винтовка СКС,heavy,5950,0.0,1673,0.0,NOT_REVIEWED,NOT_APPROVED
12,46,Винтовка SSG 08,heavy,3459,0.0,354,0.0,NOT_REVIEWED,NOT_APPROVED
12,42,Винтовка SR-25,heavy,4012,0.0,0,22.0,NOT_REVIEWED,NOT_APPROVED
12,13,Винтовка СВД,heavy,5513,0.0,1368,0.0,NOT_REVIEWED,NOT_APPROVED
12,24,Винтовка СВДС,heavy,3921,0.0,203,0.0,NOT_REVIEWED,NOT_APPROVED
12,23,Винтовка Т-5000,heavy,3088,0.0,10,0.0,NOT_REVIEWED,NOT_APPROVED
12,28,Винтовка СВ-98,heavy,4517,0.0,110,0.0,NOT_REVIEWED,NOT_APPROVED
12,36,Винтовка СВК,heavy,3077,0.0,2386,0.0,NOT_REVIEWED,NOT_APPROVED
12,30,Винтовка ВСС «Винторез»,heavy,4692,0.0,0,2.0,NOT_REVIEWED,NOT_APPROVED
12,40,Винтовка ВСК-94,heavy,4284,0.0,0,25.0,NOT_REVIEWED,NOT_APPROVED
12,31,Винтовка СВ-338,heavy,3721,0.0,1300,0.0,NOT_REVIEWED,NOT_APPROVED
12,27,Винтовка ОРСИС T-5000M,heavy,4050,0.0,430,0.0,NOT_REVIEWED,NOT_APPROVED
12,70,Винтовка Sako TRG-42,heavy,3958,0.0,1632,0.0,NOT_REVIEWED,NOT_APPROVED
12,76,Винтовка Blaser R93 Tactical 2,heavy,3818,0.0,2017,0.0,NOT_REVIEWED,NOT_APPROVED
12,39,Винтовка ORSIS T-5000 Sniper Pro,heavy,3843,0.0,2596,0.0,NOT_REVIEWED,NOT_APPROVED
12,60,Винтовка Accuracy International AXMC,heavy,3550,0.0,760,0.0,NOT_REVIEWED,NOT_APPROVED
12,48,Винтовка Barrett M98B,heavy,2907,0.0,470,0.0,NOT_REVIEWED,NOT_APPROVED
12,64,Винтовка ORSIS T-5000 Elite,heavy,4011,0.0,114,0.0,NOT_REVIEWED,NOT_APPROVED
12,33,Винтовка «Выхлоп»,heavy,3501,0.0,19,0.0,NOT_REVIEWED,NOT_APPROVED
12,35,Винтовка ОСВ-96,heavy,3068,0.0,890,0.0,NOT_REVIEWED,NOT_APPROVED
12,66,Винтовка Zastava M93 Black Arrow,heavy,4343,0.0,1220,0.0,NOT_REVIEWED,NOT_APPROVED
12,52,Винтовка АСВК «Корд»,heavy,3313,0.0,2699,0.0,NOT_REVIEWED,NOT_APPROVED
12,58,Винтовка Steyr HS .50,heavy,5108,0.0,2607,0.0,NOT_REVIEWED,NOT_APPROVED
12,49,Винтовка Barrett M82,heavy,2314,0.0,2583,0.0,NOT_REVIEWED,NOT_APPROVED
12,54,Винтовка McMillan TAC-50,heavy,4482,0.0,0,7.0,NOT_REVIEWED,NOT_APPROVED
12,72,Винтовка Desert Tech HTI,heavy,4150,0.0,0,3.0,NOT_REVIEWED,NOT_APPROVED
12,78,Винтовка Cheytac M200 Intervention,heavy,2692,0.0,1656,0.0,NOT_REVIEWED,NOT_APPROVED
12,73,Прототип X-17,heavy,2989,0.0,0,15.56,NOT_REVIEWED,NOT_APPROVED
12,55,Гаусс-пушка,heavy,5764,0.0,233,0.0,NOT_REVIEWED,NOT_APPROVED
12,4,Обрез охотничьего ружья,heavy,7670,0.0,990,0.0,NOT_REVIEWED,NOT_APPROVED
12,8,ПП «Кедр»,heavy,8455,0.0,0,32.2,NOT_REVIEWED,NOT_APPROVED
12,9,ПП-19 «Бизон»,heavy,6646,0.0,4165,0.0,NOT_REVIEWED,NOT_APPROVED
12,20,Дробовик Сайга-410,heavy,5118,0.0,19,0.0,NOT_REVIEWED,NOT_APPROVED
12,106,Дробовик Mossberg 500,heavy,5567,0.0,4825,0.0,NOT_REVIEWED,NOT_APPROVED
12,107,Дробовик Stoeger P3000,heavy,6043,0.0,4473,0.0,NOT_REVIEWED,NOT_APPROVED
12,108,Дробовик Remington 870,heavy,5688,0.0,3768,0.0,NOT_REVIEWED,NOT_APPROVED
12,109,Дробовик Winchester Model 1300,heavy,5741,0.0,4224,0.0,NOT_REVIEWED,NOT_APPROVED
12,110,Дробовик Ithaca 37,heavy,5731,0.0,4049,0.0,NOT_REVIEWED,NOT_APPROVED
12,111,Дробовик Browning BPS,heavy,5480,0.0,3749,0.0,NOT_REVIEWED,NOT_APPROVED
12,19,Дробовик СПАС-12,heavy,5277,0.0,1029,0.0,NOT_REVIEWED,NOT_APPROVED
12,112,Дробовик Winchester SXP Defender,heavy,5113,0.0,338,0.0,NOT_REVIEWED,NOT_APPROVED
12,113,Дробовик Mossberg 590A1,heavy,5639,0.0,4370,0.0,NOT_REVIEWED,NOT_APPROVED
12,114,Дробовик Remington 870 MCS,heavy,4223,0.0,0,1.0,NOT_REVIEWED,NOT_APPROVED
12,32,Дробовик Сайга-12К,heavy,3522,0.0,0,21.1,NOT_REVIEWED,NOT_APPROVED
12,115,Дробовик Benelli Nova,heavy,5652,0.0,3825,0.0,NOT_REVIEWED,NOT_APPROVED
12,116,Дробовик TOZ-194,heavy,5366,0.0,1865,0.0,NOT_REVIEWED,NOT_APPROVED
12,44,Дробовик «Вепрь-12»,heavy,3955,0.0,0,2.0,NOT_REVIEWED,NOT_APPROVED
12,117,Дробовик Remington 1100,heavy,5591,0.0,3421,0.0,NOT_REVIEWED,NOT_APPROVED
12,62,Дробовик Kel-Tec KSG,heavy,4561,0.0,0,21.1,NOT_REVIEWED,NOT_APPROVED
12,118,Дробовик Beretta 1301 Tactical,heavy,4002,0.0,0,1.0,NOT_REVIEWED,NOT_APPROVED
12,50,Дробовик Benelli M4,heavy,4528,0.0,702,0.0,NOT_REVIEWED,NOT_APPROVED
12,119,Дробовик Fabarm STF/12,heavy,4786,0.0,64,0.0,NOT_REVIEWED,NOT_APPROVED
12,56,Дробовик AA-12,heavy,6157,0.0,556,0.0,NOT_REVIEWED,NOT_APPROVED
12,120,Дробовик Winchester SX4,heavy,5735,0.0,2865,0.0,NOT_REVIEWED,NOT_APPROVED
12,121,Дробовик Browning A5,heavy,5760,0.0,2315,0.0,NOT_REVIEWED,NOT_APPROVED
12,68,Дробовик Franchi SPAS-15,heavy,4896,0.0,1112,0.0,NOT_REVIEWED,NOT_APPROVED
12,122,Дробовик Remington 870 Magnum,heavy,6830,0.0,3439,0.0,NOT_REVIEWED,NOT_APPROVED
12,123,Дробовик Benelli Vinci,heavy,5958,0.0,3834,0.0,NOT_REVIEWED,NOT_APPROVED
12,74,Дробовик USAS-12,heavy,3813,0.0,0,11.7,NOT_REVIEWED,NOT_APPROVED
12,124,Дробовик Ithaca Mag-10,heavy,3674,0.0,0,12.53,NOT_REVIEWED,NOT_APPROVED
12,125,Дробовик Remington SP-10,heavy,4839,0.0,0,11.7,NOT_REVIEWED,NOT_APPROVED
13,86,Beretta 21A Bobcat,pistol,7736,0.0,,,NOT_REVIEWED,NOT_APPROVED
13,2,Пистолет ПСМ,pistol,7133,0.0,,,NOT_REVIEWED,NOT_APPROVED
13,87,Walther PPK,pistol,7531,0.0,,,NOT_REVIEWED,NOT_APPROVED
13,1,Пистолет Макарова,pistol,7023,0.0,,,NOT_REVIEWED,NOT_APPROVED
13,3,Пистолет ИЖ-71,pistol,6403,0.0,,,NOT_REVIEWED,NOT_APPROVED
13,88,Glock 25,pistol,6737,0.0,,,NOT_REVIEWED,NOT_APPROVED
13,5,Пистолет ОЦ-33 «Пернач»,pistol,7124,0.0,,,NOT_REVIEWED,NOT_APPROVED
13,6,Револьвер Наган,pistol,4796,0.0,,,NOT_REVIEWED,NOT_APPROVED
13,89,Walther P99,pistol,6823,0.0,,,NOT_REVIEWED,NOT_APPROVED
13,90,CZ 75,pistol,6605,0.0,,,NOT_REVIEWED,NOT_APPROVED
13,91,Glock 17,pistol,6617,0.0,,,NOT_REVIEWED,NOT_APPROVED
13,92,Beretta 92FS,pistol,6411,0.0,,,NOT_REVIEWED,NOT_APPROVED
13,93,SIG Sauer P226,pistol,7593,0.0,,,NOT_REVIEWED,NOT_APPROVED
13,7,Пистолет ТТ,pistol,7164,0.0,,,NOT_REVIEWED,NOT_APPROVED
13,94,HK USP,pistol,6883,0.0,,,NOT_REVIEWED,NOT_APPROVED
13,95,Glock 22,pistol,6697,0.0,,,NOT_REVIEWED,NOT_APPROVED
13,96,SIG Sauer P229,pistol,7508,0.0,,,NOT_REVIEWED,NOT_APPROVED
13,97,Glock 20,pistol,7321,0.0,,,NOT_REVIEWED,NOT_APPROVED
13,98,Colt 1911,pistol,6874,0.0,,,NOT_REVIEWED,NOT_APPROVED
13,99,Glock 21,pistol,6881,0.0,,,NOT_REVIEWED,NOT_APPROVED
13,100,CZ 97B,pistol,7329,0.0,,,NOT_REVIEWED,NOT_APPROVED
13,101,HK Mark 23,pistol,6240,0.0,,,NOT_REVIEWED,NOT_APPROVED
13,102,Taurus Judge,pistol,5906,0.0,,,NOT_REVIEWED,NOT_APPROVED
13,103,Smith & Wesson Model 29,pistol,4240,0.0,,,NOT_REVIEWED,NOT_APPROVED
13,104,Taurus Raging Bull,pistol,4611,0.0,,,NOT_REVIEWED,NOT_APPROVED
13,105,Desert Eagle Mark XIX,pistol,8356,0.0,,,NOT_REVIEWED,NOT_APPROVED
13,11,Автомат АКС-74У,heavy,5979,0.0,0,28.0,NOT_REVIEWED,NOT_APPROVED
13,12,Автомат АК-74,heavy,6103,0.0,0,21.0,NOT_REVIEWED,NOT_APPROVED
13,37,Автомат АК-107,heavy,4110,0.0,0,44.15,NOT_REVIEWED,NOT_APPROVED
13,21,Автомат АК-12,heavy,5161,0.0,0,49.04,NOT_REVIEWED,NOT_APPROVED
13,26,Автомат АН-94 «Абакан»,heavy,4230,0.0,0,40.0,NOT_REVIEWED,NOT_APPROVED
13,17,Пулемёт РПК-74,heavy,3796,0.0,0,36.0,NOT_REVIEWED,NOT_APPROVED
13,38,Автомат ADAR 2-15,heavy,5510,0.0,0,42.0,NOT_REVIEWED,NOT_APPROVED
13,45,Автомат АК-19,heavy,4424,0.0,0,37.0,NOT_REVIEWED,NOT_APPROVED
13,57,Автомат HK416,heavy,4536,0.0,158,0.0,NOT_REVIEWED,NOT_APPROVED
13,69,Автомат CZ Bren 2,heavy,4222,0.0,0,34.0,NOT_REVIEWED,NOT_APPROVED
13,67,Пулемёт Minimi Mk3,heavy,3250,0.0,1873,0.0,NOT_REVIEWED,NOT_APPROVED
13,43,Автомат ОЦ-14 «Гроза»,heavy,4768,0.0,0,55.9,NOT_REVIEWED,NOT_APPROVED
13,16,Карабин «Вепрь»,heavy,5720,0.0,0,28.0,NOT_REVIEWED,NOT_APPROVED
13,15,Автомат АК-103,heavy,4777,0.0,0,33.0,NOT_REVIEWED,NOT_APPROVED
13,25,Пулемёт РПД,heavy,3392,0.0,0,33.24,NOT_REVIEWED,NOT_APPROVED
13,18,Автомат АС «Вал»,heavy,4486,0.0,0,38.33,NOT_REVIEWED,NOT_APPROVED
13,10,Карабин Сайга-12,heavy,6356,0.0,0,22.0,NOT_REVIEWED,NOT_APPROVED
13,63,Автомат АК-308,heavy,4222,0.0,0,40.01,NOT_REVIEWED,NOT_APPROVED
13,51,Автомат ЛР-308,heavy,3905,0.0,0,61.0,NOT_REVIEWED,NOT_APPROVED
13,75,Автомат SCAR-H,heavy,4323,0.0,0,5.0,NOT_REVIEWED,NOT_APPROVED
13,61,Пулемёт M60E6,heavy,3705,0.0,1385,0.0,NOT_REVIEWED,NOT_APPROVED
13,59,Пулемёт M240,heavy,3572,0.0,28,0.0,NOT_REVIEWED,NOT_APPROVED
13,71,Пулемёт FN MAG,heavy,3067,0.0,867,0.0,NOT_REVIEWED,NOT_APPROVED
13,77,Пулемёт Negev NG7,heavy,3246,0.0,1689,0.0,NOT_REVIEWED,NOT_APPROVED
13,22,Пулемёт ПКМ,heavy,2352,0.0,0,33.54,NOT_REVIEWED,NOT_APPROVED
13,29,Пулемёт «Печенег»,heavy,3642,0.0,0,32.0,NOT_REVIEWED,NOT_APPROVED
13,53,Пулемёт «Печенег-СП»,heavy,3848,0.0,1148,0.0,NOT_REVIEWED,NOT_APPROVED
13,47,Автомат АК-АН «Абакан-100»,heavy,3445,0.0,0,23.54,NOT_REVIEWED,NOT_APPROVED
13,65,Пулемёт «Утёс-М»,heavy,4274,0.0,1447,0.0,NOT_REVIEWED,NOT_APPROVED
13,14,Винтовка СКС,heavy,5950,0.0,0,2.0,NOT_REVIEWED,NOT_APPROVED
13,46,Винтовка SSG 08,heavy,3459,0.0,0,21.19,NOT_REVIEWED,NOT_APPROVED
13,42,Винтовка SR-25,heavy,4012,0.0,0,53.0,NOT_REVIEWED,NOT_APPROVED
13,13,Винтовка СВД,heavy,5513,0.0,0,7.0,NOT_REVIEWED,NOT_APPROVED
13,24,Винтовка СВДС,heavy,3921,0.0,0,25.0,NOT_REVIEWED,NOT_APPROVED
13,23,Винтовка Т-5000,heavy,3088,0.0,0,31.0,NOT_REVIEWED,NOT_APPROVED
13,28,Винтовка СВ-98,heavy,4517,0.0,0,12.0,NOT_REVIEWED,NOT_APPROVED
13,36,Винтовка СВК,heavy,3077,0.0,1282,0.0,NOT_REVIEWED,NOT_APPROVED
13,30,Винтовка ВСС «Винторез»,heavy,4692,0.0,0,33.0,NOT_REVIEWED,NOT_APPROVED
13,40,Винтовка ВСК-94,heavy,4284,0.0,0,36.4,NOT_REVIEWED,NOT_APPROVED
13,31,Винтовка СВ-338,heavy,3721,0.0,0,7.28,NOT_REVIEWED,NOT_APPROVED
13,27,Винтовка ОРСИС T-5000M,heavy,4050,0.0,0,18.03,NOT_REVIEWED,NOT_APPROVED
13,70,Винтовка Sako TRG-42,heavy,3958,0.0,772,0.0,NOT_REVIEWED,NOT_APPROVED
13,76,Винтовка Blaser R93 Tactical 2,heavy,3818,0.0,1879,0.0,NOT_REVIEWED,NOT_APPROVED
13,39,Винтовка ORSIS T-5000 Sniper Pro,heavy,3843,0.0,1881,0.0,NOT_REVIEWED,NOT_APPROVED
13,60,Винтовка Accuracy International AXMC,heavy,3550,0.0,978,0.0,NOT_REVIEWED,NOT_APPROVED
13,48,Винтовка Barrett M98B,heavy,2907,0.0,0,6.0,NOT_REVIEWED,NOT_APPROVED
13,64,Винтовка ORSIS T-5000 Elite,heavy,4011,0.0,0,24.0,NOT_REVIEWED,NOT_APPROVED
13,33,Винтовка «Выхлоп»,heavy,3501,0.0,0,31.0,NOT_REVIEWED,NOT_APPROVED
13,35,Винтовка ОСВ-96,heavy,3068,0.0,1357,0.0,NOT_REVIEWED,NOT_APPROVED
13,66,Винтовка Zastava M93 Black Arrow,heavy,4343,0.0,1254,0.0,NOT_REVIEWED,NOT_APPROVED
13,52,Винтовка АСВК «Корд»,heavy,3313,0.0,1846,0.0,NOT_REVIEWED,NOT_APPROVED
13,58,Винтовка Steyr HS .50,heavy,5108,0.0,1107,0.0,NOT_REVIEWED,NOT_APPROVED
13,49,Винтовка Barrett M82,heavy,2314,0.0,2685,0.0,NOT_REVIEWED,NOT_APPROVED
13,54,Винтовка McMillan TAC-50,heavy,4482,0.0,0,37.0,NOT_REVIEWED,NOT_APPROVED
13,72,Винтовка Desert Tech HTI,heavy,4150,0.0,0,32.0,NOT_REVIEWED,NOT_APPROVED
13,78,Винтовка Cheytac M200 Intervention,heavy,2692,0.0,889,0.0,NOT_REVIEWED,NOT_APPROVED
13,73,Прототип X-17,heavy,2989,0.0,0,21.84,NOT_REVIEWED,NOT_APPROVED
13,55,Гаусс-пушка,heavy,5896,0.0,0,13.45,NOT_REVIEWED,NOT_APPROVED
13,4,Обрез охотничьего ружья,heavy,7673,0.0,0,8.54,NOT_REVIEWED,NOT_APPROVED
13,8,ПП «Кедр»,heavy,8579,0.0,0,44.38,NOT_REVIEWED,NOT_APPROVED
13,9,ПП-19 «Бизон»,heavy,6646,0.0,2062,0.0,NOT_REVIEWED,NOT_APPROVED
13,20,Дробовик Сайга-410,heavy,5118,0.0,0,29.0,NOT_REVIEWED,NOT_APPROVED
13,106,Дробовик Mossberg 500,heavy,5567,0.0,1515,0.0,NOT_REVIEWED,NOT_APPROVED
13,107,Дробовик Stoeger P3000,heavy,6043,0.0,1151,0.0,NOT_REVIEWED,NOT_APPROVED
13,108,Дробовик Remington 870,heavy,5688,0.0,678,0.0,NOT_REVIEWED,NOT_APPROVED
13,109,Дробовик Winchester Model 1300,heavy,5741,0.0,948,0.0,NOT_REVIEWED,NOT_APPROVED
13,110,Дробовик Ithaca 37,heavy,5731,0.0,870,0.0,NOT_REVIEWED,NOT_APPROVED
13,111,Дробовик Browning BPS,heavy,5480,0.0,699,0.0,NOT_REVIEWED,NOT_APPROVED
13,19,Дробовик СПАС-12,heavy,5277,0.0,0,15.03,NOT_REVIEWED,NOT_APPROVED
13,112,Дробовик Winchester SXP Defender,heavy,5113,0.0,0,18.97,NOT_REVIEWED,NOT_APPROVED
13,113,Дробовик Mossberg 590A1,heavy,5639,0.0,1068,0.0,NOT_REVIEWED,NOT_APPROVED
13,114,Дробовик Remington 870 MCS,heavy,4223,0.0,0,24.19,NOT_REVIEWED,NOT_APPROVED
13,32,Дробовик Сайга-12К,heavy,3522,0.0,0,49.25,NOT_REVIEWED,NOT_APPROVED
13,115,Дробовик Benelli Nova,heavy,5652,0.0,716,0.0,NOT_REVIEWED,NOT_APPROVED
13,116,Дробовик TOZ-194,heavy,5366,0.0,0,3.16,NOT_REVIEWED,NOT_APPROVED
13,44,Дробовик «Вепрь-12»,heavy,3955,0.0,0,31.0,NOT_REVIEWED,NOT_APPROVED
13,117,Дробовик Remington 1100,heavy,5591,0.0,543,0.0,NOT_REVIEWED,NOT_APPROVED
13,62,Дробовик Kel-Tec KSG,heavy,4561,0.0,0,38.0,NOT_REVIEWED,NOT_APPROVED
13,118,Дробовик Beretta 1301 Tactical,heavy,4002,0.0,0,32.0,NOT_REVIEWED,NOT_APPROVED
13,50,Дробовик Benelli M4,heavy,4528,0.0,0,16.0,NOT_REVIEWED,NOT_APPROVED
13,119,Дробовик Fabarm STF/12,heavy,4786,0.0,0,27.0,NOT_REVIEWED,NOT_APPROVED
13,56,Дробовик AA-12,heavy,6157,0.0,0,11.0,NOT_REVIEWED,NOT_APPROVED
13,120,Дробовик Winchester SX4,heavy,5735,0.0,305,0.0,NOT_REVIEWED,NOT_APPROVED
13,121,Дробовик Browning A5,heavy,5760,0.0,359,0.0,NOT_REVIEWED,NOT_APPROVED
13,68,Дробовик Franchi SPAS-15,heavy,4896,0.0,0,13.15,NOT_REVIEWED,NOT_APPROVED
13,122,Дробовик Remington 870 Magnum,heavy,6830,0.0,544,0.0,NOT_REVIEWED,NOT_APPROVED
13,123,Дробовик Benelli Vinci,heavy,5958,0.0,784,0.0,NOT_REVIEWED,NOT_APPROVED
13,74,Дробовик USAS-12,heavy,3813,0.0,0,14.0,NOT_REVIEWED,NOT_APPROVED
13,124,Дробовик Ithaca Mag-10,heavy,3674,0.0,0,37.0,NOT_REVIEWED,NOT_APPROVED
13,125,Дробовик Remington SP-10,heavy,4839,0.0,0,41.0,NOT_REVIEWED,NOT_APPROVED
14,86,Beretta 21A Bobcat,pistol,7617,0.0,,,NOT_REVIEWED,NOT_APPROVED
14,2,Пистолет ПСМ,pistol,7056,0.0,,,NOT_REVIEWED,NOT_APPROVED
14,87,Walther PPK,pistol,7437,0.0,,,NOT_REVIEWED,NOT_APPROVED
14,1,Пистолет Макарова,pistol,6929,0.0,,,NOT_REVIEWED,NOT_APPROVED
14,3,Пистолет ИЖ-71,pistol,6284,0.0,,,NOT_REVIEWED,NOT_APPROVED
14,88,Glock 25,pistol,6659,0.0,,,NOT_REVIEWED,NOT_APPROVED
14,5,Пистолет ОЦ-33 «Пернач»,pistol,7043,0.0,,,NOT_REVIEWED,NOT_APPROVED
14,6,Револьвер Наган,pistol,4728,0.0,,,NOT_REVIEWED,NOT_APPROVED
14,89,Walther P99,pistol,6744,0.0,,,NOT_REVIEWED,NOT_APPROVED
14,90,CZ 75,pistol,6572,0.0,,,NOT_REVIEWED,NOT_APPROVED
14,91,Glock 17,pistol,6575,0.0,,,NOT_REVIEWED,NOT_APPROVED
14,92,Beretta 92FS,pistol,6372,0.0,,,NOT_REVIEWED,NOT_APPROVED
14,93,SIG Sauer P226,pistol,7517,0.0,,,NOT_REVIEWED,NOT_APPROVED
14,7,Пистолет ТТ,pistol,7029,0.0,,,NOT_REVIEWED,NOT_APPROVED
14,94,HK USP,pistol,6829,0.0,,,NOT_REVIEWED,NOT_APPROVED
14,95,Glock 22,pistol,6638,0.0,,,NOT_REVIEWED,NOT_APPROVED
14,96,SIG Sauer P229,pistol,7457,0.0,,,NOT_REVIEWED,NOT_APPROVED
14,97,Glock 20,pistol,7245,0.0,,,NOT_REVIEWED,NOT_APPROVED
14,98,Colt 1911,pistol,6745,0.0,,,NOT_REVIEWED,NOT_APPROVED
14,99,Glock 21,pistol,6837,0.0,,,NOT_REVIEWED,NOT_APPROVED
14,100,CZ 97B,pistol,7297,0.0,,,NOT_REVIEWED,NOT_APPROVED
14,101,HK Mark 23,pistol,6132,0.0,,,NOT_REVIEWED,NOT_APPROVED
14,102,Taurus Judge,pistol,5842,0.0,,,NOT_REVIEWED,NOT_APPROVED
14,103,Smith & Wesson Model 29,pistol,4141,0.0,,,NOT_REVIEWED,NOT_APPROVED
14,104,Taurus Raging Bull,pistol,4539,0.0,,,NOT_REVIEWED,NOT_APPROVED
14,105,Desert Eagle Mark XIX,pistol,8333,0.0,,,NOT_REVIEWED,NOT_APPROVED
14,11,Автомат АКС-74У,heavy,5979,0.0,0,9.0,NOT_REVIEWED,NOT_APPROVED
14,12,Автомат АК-74,heavy,6103,0.0,0,1.0,NOT_REVIEWED,NOT_APPROVED
14,37,Автомат АК-107,heavy,4110,0.0,0,29.0,NOT_REVIEWED,NOT_APPROVED
14,21,Автомат АК-12,heavy,5161,0.0,0,29.0,NOT_REVIEWED,NOT_APPROVED
14,26,Автомат АН-94 «Абакан»,heavy,4230,0.0,0,19.0,NOT_REVIEWED,NOT_APPROVED
14,17,Пулемёт РПК-74,heavy,3796,0.0,0,14.04,NOT_REVIEWED,NOT_APPROVED
14,38,Автомат ADAR 2-15,heavy,5510,0.0,0,20.1,NOT_REVIEWED,NOT_APPROVED
14,45,Автомат АК-19,heavy,4424,0.0,0,16.0,NOT_REVIEWED,NOT_APPROVED
14,57,Автомат HK416,heavy,4536,0.0,240,0.0,NOT_REVIEWED,NOT_APPROVED
14,69,Автомат CZ Bren 2,heavy,4222,0.0,0,26.0,NOT_REVIEWED,NOT_APPROVED
14,67,Пулемёт Minimi Mk3,heavy,3250,0.0,2662,0.0,NOT_REVIEWED,NOT_APPROVED
14,43,Автомат ОЦ-14 «Гроза»,heavy,4768,0.0,0,52.01,NOT_REVIEWED,NOT_APPROVED
14,16,Карабин «Вепрь»,heavy,5720,0.0,0,12.65,NOT_REVIEWED,NOT_APPROVED
14,15,Автомат АК-103,heavy,4777,0.0,0,13.04,NOT_REVIEWED,NOT_APPROVED
14,25,Пулемёт РПД,heavy,3392,0.0,0,32.02,NOT_REVIEWED,NOT_APPROVED
14,18,Автомат АС «Вал»,heavy,4486,0.0,0,23.0,NOT_REVIEWED,NOT_APPROVED
14,10,Карабин Сайга-12,heavy,6356,0.0,0,3.0,NOT_REVIEWED,NOT_APPROVED
14,63,Автомат АК-308,heavy,4222,0.0,0,24.0,NOT_REVIEWED,NOT_APPROVED
14,51,Автомат ЛР-308,heavy,3905,0.0,0,40.0,NOT_REVIEWED,NOT_APPROVED
14,75,Автомат SCAR-H,heavy,4323,0.0,0,3.0,NOT_REVIEWED,NOT_APPROVED
14,61,Пулемёт M60E6,heavy,3705,0.0,2026,0.0,NOT_REVIEWED,NOT_APPROVED
14,59,Пулемёт M240,heavy,3572,0.0,2,0.0,NOT_REVIEWED,NOT_APPROVED
14,71,Пулемёт FN MAG,heavy,3067,0.0,939,0.0,NOT_REVIEWED,NOT_APPROVED
14,77,Пулемёт Negev NG7,heavy,3246,0.0,2397,0.0,NOT_REVIEWED,NOT_APPROVED
14,22,Пулемёт ПКМ,heavy,2352,0.0,0,23.09,NOT_REVIEWED,NOT_APPROVED
14,29,Пулемёт «Печенег»,heavy,3642,0.0,0,18.38,NOT_REVIEWED,NOT_APPROVED
14,53,Пулемёт «Печенег-СП»,heavy,3848,0.0,1316,0.0,NOT_REVIEWED,NOT_APPROVED
14,47,Автомат АК-АН «Абакан-100»,heavy,3445,0.0,0,2.0,NOT_REVIEWED,NOT_APPROVED
14,65,Пулемёт «Утёс-М»,heavy,4274,0.0,2292,0.0,NOT_REVIEWED,NOT_APPROVED
14,14,Винтовка СКС,heavy,5950,0.0,867,0.0,NOT_REVIEWED,NOT_APPROVED
14,46,Винтовка SSG 08,heavy,3459,0.0,26,0.0,NOT_REVIEWED,NOT_APPROVED
14,42,Винтовка SR-25,heavy,4012,0.0,0,32.0,NOT_REVIEWED,NOT_APPROVED
14,13,Винтовка СВД,heavy,5513,0.0,505,0.0,NOT_REVIEWED,NOT_APPROVED
14,24,Винтовка СВДС,heavy,3921,0.0,0,4.0,NOT_REVIEWED,NOT_APPROVED
14,23,Винтовка Т-5000,heavy,3088,0.0,0,10.0,NOT_REVIEWED,NOT_APPROVED
14,28,Винтовка СВ-98,heavy,4517,0.0,8,0.0,NOT_REVIEWED,NOT_APPROVED
14,36,Винтовка СВК,heavy,3077,0.0,2111,0.0,NOT_REVIEWED,NOT_APPROVED
14,30,Винтовка ВСС «Винторез»,heavy,4692,0.0,0,12.0,NOT_REVIEWED,NOT_APPROVED
14,40,Винтовка ВСК-94,heavy,4284,0.0,0,34.66,NOT_REVIEWED,NOT_APPROVED
14,31,Винтовка СВ-338,heavy,3721,0.0,505,0.0,NOT_REVIEWED,NOT_APPROVED
14,27,Винтовка ОРСИС T-5000M,heavy,4050,0.0,46,0.0,NOT_REVIEWED,NOT_APPROVED
14,70,Винтовка Sako TRG-42,heavy,3958,0.0,1225,0.0,NOT_REVIEWED,NOT_APPROVED
14,76,Винтовка Blaser R93 Tactical 2,heavy,3818,0.0,2266,0.0,NOT_REVIEWED,NOT_APPROVED
14,39,Винтовка ORSIS T-5000 Sniper Pro,heavy,3843,0.0,2674,0.0,NOT_REVIEWED,NOT_APPROVED
14,60,Винтовка Accuracy International AXMC,heavy,3550,0.0,1161,0.0,NOT_REVIEWED,NOT_APPROVED
14,48,Винтовка Barrett M98B,heavy,2907,0.0,20,0.0,NOT_REVIEWED,NOT_APPROVED
14,64,Винтовка ORSIS T-5000 Elite,heavy,4011,0.0,0,3.0,NOT_REVIEWED,NOT_APPROVED
14,33,Винтовка «Выхлоп»,heavy,3501,0.0,0,10.0,NOT_REVIEWED,NOT_APPROVED
14,35,Винтовка ОСВ-96,heavy,3068,0.0,1479,0.0,NOT_REVIEWED,NOT_APPROVED
14,66,Винтовка Zastava M93 Black Arrow,heavy,4343,0.0,1665,0.0,NOT_REVIEWED,NOT_APPROVED
14,52,Винтовка АСВК «Корд»,heavy,3313,0.0,2680,0.0,NOT_REVIEWED,NOT_APPROVED
14,58,Винтовка Steyr HS .50,heavy,5108,0.0,2354,0.0,NOT_REVIEWED,NOT_APPROVED
14,49,Винтовка Barrett M82,heavy,2314,0.0,3106,0.0,NOT_REVIEWED,NOT_APPROVED
14,54,Винтовка McMillan TAC-50,heavy,4482,0.0,0,17.0,NOT_REVIEWED,NOT_APPROVED
14,72,Винтовка Desert Tech HTI,heavy,4150,0.0,0,13.0,NOT_REVIEWED,NOT_APPROVED
14,78,Винтовка Cheytac M200 Intervention,heavy,2692,0.0,1276,0.0,NOT_REVIEWED,NOT_APPROVED
14,73,Прототип X-17,heavy,2989,0.0,0,15.62,NOT_REVIEWED,NOT_APPROVED
14,55,Гаусс-пушка,heavy,5896,0.0,0,2.0,NOT_REVIEWED,NOT_APPROVED
14,4,Обрез охотничьего ружья,heavy,7673,0.0,294,0.0,NOT_REVIEWED,NOT_APPROVED
14,8,ПП «Кедр»,heavy,8579,0.0,0,35.34,NOT_REVIEWED,NOT_APPROVED
14,9,ПП-19 «Бизон»,heavy,6646,0.0,3761,0.0,NOT_REVIEWED,NOT_APPROVED
14,20,Дробовик Сайга-410,heavy,5118,0.0,0,9.22,NOT_REVIEWED,NOT_APPROVED
14,106,Дробовик Mossberg 500,heavy,5567,0.0,3224,0.0,NOT_REVIEWED,NOT_APPROVED
14,107,Дробовик Stoeger P3000,heavy,6043,0.0,2859,0.0,NOT_REVIEWED,NOT_APPROVED
14,108,Дробовик Remington 870,heavy,5688,0.0,2175,0.0,NOT_REVIEWED,NOT_APPROVED
14,109,Дробовик Winchester Model 1300,heavy,5741,0.0,2658,0.0,NOT_REVIEWED,NOT_APPROVED
14,110,Дробовик Ithaca 37,heavy,5731,0.0,2554,0.0,NOT_REVIEWED,NOT_APPROVED
14,111,Дробовик Browning BPS,heavy,5480,0.0,2349,0.0,NOT_REVIEWED,NOT_APPROVED
14,19,Дробовик СПАС-12,heavy,5277,0.0,238,0.0,NOT_REVIEWED,NOT_APPROVED
14,112,Дробовик Winchester SXP Defender,heavy,5113,0.0,0,5.0,NOT_REVIEWED,NOT_APPROVED
14,113,Дробовик Mossberg 590A1,heavy,5639,0.0,2751,0.0,NOT_REVIEWED,NOT_APPROVED
14,114,Дробовик Remington 870 MCS,heavy,4223,0.0,0,8.0,NOT_REVIEWED,NOT_APPROVED
14,32,Дробовик Сайга-12К,heavy,3522,0.0,0,30.27,NOT_REVIEWED,NOT_APPROVED
14,115,Дробовик Benelli Nova,heavy,5652,0.0,2240,0.0,NOT_REVIEWED,NOT_APPROVED
14,116,Дробовик TOZ-194,heavy,5366,0.0,798,0.0,NOT_REVIEWED,NOT_APPROVED
14,44,Дробовик «Вепрь-12»,heavy,3955,0.0,0,11.18,NOT_REVIEWED,NOT_APPROVED
14,117,Дробовик Remington 1100,heavy,5591,0.0,2078,0.0,NOT_REVIEWED,NOT_APPROVED
14,62,Дробовик Kel-Tec KSG,heavy,4561,0.0,0,24.6,NOT_REVIEWED,NOT_APPROVED
14,118,Дробовик Beretta 1301 Tactical,heavy,4002,0.0,0,11.0,NOT_REVIEWED,NOT_APPROVED
14,50,Дробовик Benelli M4,heavy,4528,0.0,135,0.0,NOT_REVIEWED,NOT_APPROVED
14,119,Дробовик Fabarm STF/12,heavy,4786,0.0,0,8.0,NOT_REVIEWED,NOT_APPROVED
14,56,Дробовик AA-12,heavy,6157,0.0,214,0.0,NOT_REVIEWED,NOT_APPROVED
14,120,Дробовик Winchester SX4,heavy,5735,0.0,1667,0.0,NOT_REVIEWED,NOT_APPROVED
14,121,Дробовик Browning A5,heavy,5760,0.0,1656,0.0,NOT_REVIEWED,NOT_APPROVED
14,68,Дробовик Franchi SPAS-15,heavy,4896,0.0,219,0.0,NOT_REVIEWED,NOT_APPROVED
14,122,Дробовик Remington 870 Magnum,heavy,6830,0.0,2012,0.0,NOT_REVIEWED,NOT_APPROVED
14,123,Дробовик Benelli Vinci,heavy,5958,0.0,2393,0.0,NOT_REVIEWED,NOT_APPROVED
14,74,Дробовик USAS-12,heavy,3813,0.0,0,12.0,NOT_REVIEWED,NOT_APPROVED
14,124,Дробовик Ithaca Mag-10,heavy,3674,0.0,0,20.1,NOT_REVIEWED,NOT_APPROVED
14,125,Дробовик Remington SP-10,heavy,4839,0.0,0,21.0,NOT_REVIEWED,NOT_APPROVED
15,86,Beretta 21A Bobcat,pistol,7968,0.0,,,NOT_REVIEWED,NOT_APPROVED
15,2,Пистолет ПСМ,pistol,7417,0.0,,,NOT_REVIEWED,NOT_APPROVED
15,87,Walther PPK,pistol,7820,0.0,,,NOT_REVIEWED,NOT_APPROVED
15,1,Пистолет Макарова,pistol,7266,0.0,,,NOT_REVIEWED,NOT_APPROVED
15,3,Пистолет ИЖ-71,pistol,6866,0.0,,,NOT_REVIEWED,NOT_APPROVED
15,88,Glock 25,pistol,7091,0.0,,,NOT_REVIEWED,NOT_APPROVED
15,5,Пистолет ОЦ-33 «Пернач»,pistol,7330,0.0,,,NOT_REVIEWED,NOT_APPROVED
15,6,Револьвер Наган,pistol,5237,0.0,,,NOT_REVIEWED,NOT_APPROVED
15,89,Walther P99,pistol,7110,0.0,,,NOT_REVIEWED,NOT_APPROVED
15,90,CZ 75,pistol,6807,0.0,,,NOT_REVIEWED,NOT_APPROVED
15,91,Glock 17,pistol,6879,0.0,,,NOT_REVIEWED,NOT_APPROVED
15,92,Beretta 92FS,pistol,6613,0.0,,,NOT_REVIEWED,NOT_APPROVED
15,93,SIG Sauer P226,pistol,7898,0.0,,,NOT_REVIEWED,NOT_APPROVED
15,7,Пистолет ТТ,pistol,7365,0.0,,,NOT_REVIEWED,NOT_APPROVED
15,94,HK USP,pistol,7197,0.0,,,NOT_REVIEWED,NOT_APPROVED
15,95,Glock 22,pistol,6979,0.0,,,NOT_REVIEWED,NOT_APPROVED
15,96,SIG Sauer P229,pistol,7835,0.0,,,NOT_REVIEWED,NOT_APPROVED
15,97,Glock 20,pistol,7660,0.0,,,NOT_REVIEWED,NOT_APPROVED
15,98,Colt 1911,pistol,7067,0.0,,,NOT_REVIEWED,NOT_APPROVED
15,99,Glock 21,pistol,7122,0.0,,,NOT_REVIEWED,NOT_APPROVED
15,100,CZ 97B,pistol,7566,0.0,,,NOT_REVIEWED,NOT_APPROVED
15,101,HK Mark 23,pistol,6428,0.0,,,NOT_REVIEWED,NOT_APPROVED
15,102,Taurus Judge,pistol,6312,0.0,,,NOT_REVIEWED,NOT_APPROVED
15,103,Smith & Wesson Model 29,pistol,4475,0.0,,,NOT_REVIEWED,NOT_APPROVED
15,104,Taurus Raging Bull,pistol,4818,0.0,,,NOT_REVIEWED,NOT_APPROVED
15,105,Desert Eagle Mark XIX,pistol,8781,0.0,,,NOT_REVIEWED,NOT_APPROVED
15,11,Автомат АКС-74У,heavy,5987,0.0,0,20.0,NOT_REVIEWED,NOT_APPROVED
15,12,Автомат АК-74,heavy,6148,0.0,0,13.0,NOT_REVIEWED,NOT_APPROVED
15,37,Автомат АК-107,heavy,4103,0.0,0,39.0,NOT_REVIEWED,NOT_APPROVED
15,21,Автомат АК-12,heavy,5161,0.0,0,39.0,NOT_REVIEWED,NOT_APPROVED
15,26,Автомат АН-94 «Абакан»,heavy,4287,0.0,0,29.0,NOT_REVIEWED,NOT_APPROVED
15,17,Пулемёт РПК-74,heavy,3796,0.0,0,24.0,NOT_REVIEWED,NOT_APPROVED
15,38,Автомат ADAR 2-15,heavy,5532,0.0,0,30.0,NOT_REVIEWED,NOT_APPROVED
15,45,Автомат АК-19,heavy,4428,0.0,0,29.0,NOT_REVIEWED,NOT_APPROVED
15,57,Автомат HK416,heavy,4536,0.0,489,0.0,NOT_REVIEWED,NOT_APPROVED
15,69,Автомат CZ Bren 2,heavy,4222,0.0,0,26.0,NOT_REVIEWED,NOT_APPROVED
15,67,Пулемёт Minimi Mk3,heavy,3247,0.0,2432,0.0,NOT_REVIEWED,NOT_APPROVED
15,43,Автомат ОЦ-14 «Гроза»,heavy,4705,0.0,0,54.56,NOT_REVIEWED,NOT_APPROVED
15,16,Карабин «Вепрь»,heavy,5787,0.0,0,21.0,NOT_REVIEWED,NOT_APPROVED
15,15,Автомат АК-103,heavy,4777,0.0,0,26.0,NOT_REVIEWED,NOT_APPROVED
15,25,Пулемёт РПД,heavy,3476,0.0,0,40.61,NOT_REVIEWED,NOT_APPROVED
15,18,Автомат АС «Вал»,heavy,4531,0.0,0,32.0,NOT_REVIEWED,NOT_APPROVED
15,10,Карабин Сайга-12,heavy,6409,0.0,0,12.0,NOT_REVIEWED,NOT_APPROVED
15,63,Автомат АК-308,heavy,4222,0.0,0,34.0,NOT_REVIEWED,NOT_APPROVED
15,51,Автомат ЛР-308,heavy,3905,0.0,0,50.0,NOT_REVIEWED,NOT_APPROVED
15,75,Автомат SCAR-H,heavy,4269,0.0,34,0.0,NOT_REVIEWED,NOT_APPROVED
15,61,Пулемёт M60E6,heavy,3710,0.0,1690,0.0,NOT_REVIEWED,NOT_APPROVED
15,59,Пулемёт M240,heavy,3572,0.0,0,5.0,NOT_REVIEWED,NOT_APPROVED
15,71,Пулемёт FN MAG,heavy,3067,0.0,787,0.0,NOT_REVIEWED,NOT_APPROVED
15,77,Пулемёт Negev NG7,heavy,3252,0.0,2120,0.0,NOT_REVIEWED,NOT_APPROVED
15,22,Пулемёт ПКМ,heavy,2309,0.0,0,34.13,NOT_REVIEWED,NOT_APPROVED
15,29,Пулемёт «Печенег»,heavy,3642,0.0,0,25.5,NOT_REVIEWED,NOT_APPROVED
15,53,Пулемёт «Печенег-СП»,heavy,3860,0.0,1068,0.0,NOT_REVIEWED,NOT_APPROVED
15,47,Автомат АК-АН «Абакан-100»,heavy,3555,0.0,0,11.18,NOT_REVIEWED,NOT_APPROVED
15,65,Пулемёт «Утёс-М»,heavy,4263,0.0,1959,0.0,NOT_REVIEWED,NOT_APPROVED
15,14,Винтовка СКС,heavy,5937,0.0,220,0.0,NOT_REVIEWED,NOT_APPROVED
15,46,Винтовка SSG 08,heavy,3381,0.0,0,9.0,NOT_REVIEWED,NOT_APPROVED
15,42,Винтовка SR-25,heavy,4012,0.0,0,43.0,NOT_REVIEWED,NOT_APPROVED
15,13,Винтовка СВД,heavy,5419,0.0,0,1.0,NOT_REVIEWED,NOT_APPROVED
15,24,Винтовка СВДС,heavy,3816,0.0,0,16.12,NOT_REVIEWED,NOT_APPROVED
15,23,Винтовка Т-5000,heavy,3088,0.0,0,20.1,NOT_REVIEWED,NOT_APPROVED
15,28,Винтовка СВ-98,heavy,4616,0.0,0,6.0,NOT_REVIEWED,NOT_APPROVED
15,36,Винтовка СВК,heavy,3077,0.0,1496,0.0,NOT_REVIEWED,NOT_APPROVED
15,30,Винтовка ВСС «Винторез»,heavy,4814,0.0,0,22.0,NOT_REVIEWED,NOT_APPROVED
15,40,Винтовка ВСК-94,heavy,4269,0.0,0,34.41,NOT_REVIEWED,NOT_APPROVED
15,31,Винтовка СВ-338,heavy,3720,0.0,0,2.0,NOT_REVIEWED,NOT_APPROVED
15,27,Винтовка ОРСИС T-5000M,heavy,3935,0.0,0,9.0,NOT_REVIEWED,NOT_APPROVED
15,70,Винтовка Sako TRG-42,heavy,4063,0.0,850,0.0,NOT_REVIEWED,NOT_APPROVED
15,76,Винтовка Blaser R93 Tactical 2,heavy,3867,0.0,2142,0.0,NOT_REVIEWED,NOT_APPROVED
15,39,Винтовка ORSIS T-5000 Sniper Pro,heavy,3825,0.0,2351,0.0,NOT_REVIEWED,NOT_APPROVED
15,60,Винтовка Accuracy International AXMC,heavy,3551,0.0,1418,0.0,NOT_REVIEWED,NOT_APPROVED
15,48,Винтовка Barrett M98B,heavy,2913,0.0,8,0.0,NOT_REVIEWED,NOT_APPROVED
15,64,Винтовка ORSIS T-5000 Elite,heavy,4033,0.0,0,16.0,NOT_REVIEWED,NOT_APPROVED
15,33,Винтовка «Выхлоп»,heavy,3501,0.0,0,20.0,NOT_REVIEWED,NOT_APPROVED
15,35,Винтовка ОСВ-96,heavy,3178,0.0,1410,0.0,NOT_REVIEWED,NOT_APPROVED
15,66,Винтовка Zastava M93 Black Arrow,heavy,4341,0.0,1878,0.0,NOT_REVIEWED,NOT_APPROVED
15,52,Винтовка АСВК «Корд»,heavy,3313,0.0,2286,0.0,NOT_REVIEWED,NOT_APPROVED
15,58,Винтовка Steyr HS .50,heavy,5108,0.0,1756,0.0,NOT_REVIEWED,NOT_APPROVED
15,49,Винтовка Barrett M82,heavy,2365,0.0,2947,0.0,NOT_REVIEWED,NOT_APPROVED
15,54,Винтовка McMillan TAC-50,heavy,4476,0.0,0,27.0,NOT_REVIEWED,NOT_APPROVED
15,72,Винтовка Desert Tech HTI,heavy,4241,0.0,0,22.0,NOT_REVIEWED,NOT_APPROVED
15,78,Винтовка Cheytac M200 Intervention,heavy,2697,0.0,1038,0.0,NOT_REVIEWED,NOT_APPROVED
15,73,Прототип X-17,heavy,2989,0.0,0,18.03,NOT_REVIEWED,NOT_APPROVED
15,55,Гаусс-пушка,heavy,5896,0.0,0,9.43,NOT_REVIEWED,NOT_APPROVED
15,4,Обрез охотничьего ружья,heavy,7673,0.0,0,3.0,NOT_REVIEWED,NOT_APPROVED
15,8,ПП «Кедр»,heavy,8579,0.0,0,40.5,NOT_REVIEWED,NOT_APPROVED
15,9,ПП-19 «Бизон»,heavy,6701,0.0,3473,0.0,NOT_REVIEWED,NOT_APPROVED
15,20,Дробовик Сайга-410,heavy,5200,0.0,0,19.0,NOT_REVIEWED,NOT_APPROVED
15,106,Дробовик Mossberg 500,heavy,5519,0.0,2419,0.0,NOT_REVIEWED,NOT_APPROVED
15,107,Дробовик Stoeger P3000,heavy,6018,0.0,2084,0.0,NOT_REVIEWED,NOT_APPROVED
15,108,Дробовик Remington 870,heavy,5746,0.0,1665,0.0,NOT_REVIEWED,NOT_APPROVED
15,109,Дробовик Winchester Model 1300,heavy,5741,0.0,2038,0.0,NOT_REVIEWED,NOT_APPROVED
15,110,Дробовик Ithaca 37,heavy,5672,0.0,1881,0.0,NOT_REVIEWED,NOT_APPROVED
15,111,Дробовик Browning BPS,heavy,5537,0.0,1923,0.0,NOT_REVIEWED,NOT_APPROVED
15,19,Дробовик СПАС-12,heavy,5277,0.0,0,3.0,NOT_REVIEWED,NOT_APPROVED
15,112,Дробовик Winchester SXP Defender,heavy,5113,0.0,0,15.0,NOT_REVIEWED,NOT_APPROVED
15,113,Дробовик Mossberg 590A1,heavy,5675,0.0,2189,0.0,NOT_REVIEWED,NOT_APPROVED
15,114,Дробовик Remington 870 MCS,heavy,4217,0.0,0,18.0,NOT_REVIEWED,NOT_APPROVED
15,32,Дробовик Сайга-12К,heavy,3522,0.0,0,43.0,NOT_REVIEWED,NOT_APPROVED
15,115,Дробовик Benelli Nova,heavy,5626,0.0,1556,0.0,NOT_REVIEWED,NOT_APPROVED
15,116,Дробовик TOZ-194,heavy,5332,0.0,65,0.0,NOT_REVIEWED,NOT_APPROVED
15,44,Дробовик «Вепрь-12»,heavy,3955,0.0,0,23.35,NOT_REVIEWED,NOT_APPROVED
15,117,Дробовик Remington 1100,heavy,5591,0.0,1654,0.0,NOT_REVIEWED,NOT_APPROVED
15,62,Дробовик Kel-Tec KSG,heavy,4561,0.0,0,31.26,NOT_REVIEWED,NOT_APPROVED
15,118,Дробовик Beretta 1301 Tactical,heavy,3958,0.0,0,22.0,NOT_REVIEWED,NOT_APPROVED
15,50,Дробовик Benelli M4,heavy,4532,0.0,0,7.0,NOT_REVIEWED,NOT_APPROVED
15,119,Дробовик Fabarm STF/12,heavy,4770,0.0,0,18.0,NOT_REVIEWED,NOT_APPROVED
15,56,Дробовик AA-12,heavy,6183,0.0,0,2.0,NOT_REVIEWED,NOT_APPROVED
15,120,Дробовик Winchester SX4,heavy,5693,0.0,1004,0.0,NOT_REVIEWED,NOT_APPROVED
15,121,Дробовик Browning A5,heavy,5760,0.0,1024,0.0,NOT_REVIEWED,NOT_APPROVED
15,68,Дробовик Franchi SPAS-15,heavy,4855,0.0,0,6.0,NOT_REVIEWED,NOT_APPROVED
15,122,Дробовик Remington 870 Magnum,heavy,6722,0.0,1308,0.0,NOT_REVIEWED,NOT_APPROVED
15,123,Дробовик Benelli Vinci,heavy,5958,0.0,1822,0.0,NOT_REVIEWED,NOT_APPROVED
15,74,Дробовик USAS-12,heavy,3774,0.0,0,7.0,NOT_REVIEWED,NOT_APPROVED
15,124,Дробовик Ithaca Mag-10,heavy,3613,0.0,0,31.0,NOT_REVIEWED,NOT_APPROVED
15,125,Дробовик Remington SP-10,heavy,4897,0.0,0,33.0,NOT_REVIEWED,NOT_APPROVED
16,86,Beretta 21A Bobcat,pistol,7193,0.0,,,NOT_REVIEWED,NOT_APPROVED
16,2,Пистолет ПСМ,pistol,6867,0.0,,,NOT_REVIEWED,NOT_APPROVED
16,87,Walther PPK,pistol,7114,0.0,,,NOT_REVIEWED,NOT_APPROVED
16,1,Пистолет Макарова,pistol,6793,0.0,,,NOT_REVIEWED,NOT_APPROVED
16,3,Пистолет ИЖ-71,pistol,6502,0.0,,,NOT_REVIEWED,NOT_APPROVED
16,88,Glock 25,pistol,6651,0.0,,,NOT_REVIEWED,NOT_APPROVED
16,5,Пистолет ОЦ-33 «Пернач»,pistol,6792,0.0,,,NOT_REVIEWED,NOT_APPROVED
16,6,Револьвер Наган,pistol,4888,0.0,,,NOT_REVIEWED,NOT_APPROVED
16,89,Walther P99,pistol,6526,0.0,,,NOT_REVIEWED,NOT_APPROVED
16,90,CZ 75,pistol,6384,0.0,,,NOT_REVIEWED,NOT_APPROVED
16,91,Glock 17,pistol,6414,0.0,,,NOT_REVIEWED,NOT_APPROVED
16,92,Beretta 92FS,pistol,5917,0.0,,,NOT_REVIEWED,NOT_APPROVED
16,93,SIG Sauer P226,pistol,7123,0.0,,,NOT_REVIEWED,NOT_APPROVED
16,7,Пистолет ТТ,pistol,6627,0.0,,,NOT_REVIEWED,NOT_APPROVED
16,94,HK USP,pistol,6507,0.0,,,NOT_REVIEWED,NOT_APPROVED
16,95,Glock 22,pistol,6449,0.0,,,NOT_REVIEWED,NOT_APPROVED
16,96,SIG Sauer P229,pistol,7033,0.0,,,NOT_REVIEWED,NOT_APPROVED
16,97,Glock 20,pistol,7013,0.0,,,NOT_REVIEWED,NOT_APPROVED
16,98,Colt 1911,pistol,6434,0.0,,,NOT_REVIEWED,NOT_APPROVED
16,99,Glock 21,pistol,6603,0.0,,,NOT_REVIEWED,NOT_APPROVED
16,100,CZ 97B,pistol,6912,0.0,,,NOT_REVIEWED,NOT_APPROVED
16,101,HK Mark 23,pistol,5710,0.0,,,NOT_REVIEWED,NOT_APPROVED
16,102,Taurus Judge,pistol,5896,0.0,,,NOT_REVIEWED,NOT_APPROVED
16,103,Smith & Wesson Model 29,pistol,4074,0.0,,,NOT_REVIEWED,NOT_APPROVED
16,104,Taurus Raging Bull,pistol,4385,0.0,,,NOT_REVIEWED,NOT_APPROVED
16,105,Desert Eagle Mark XIX,pistol,7768,0.0,,,NOT_REVIEWED,NOT_APPROVED
16,11,Автомат АКС-74У,heavy,5987,0.0,0,18.0,NOT_REVIEWED,NOT_APPROVED
16,12,Автомат АК-74,heavy,6085,0.0,0,40.2,NOT_REVIEWED,NOT_APPROVED
16,37,Автомат АК-107,heavy,4103,0.0,0,69.0,NOT_REVIEWED,NOT_APPROVED
16,21,Автомат АК-12,heavy,5161,0.0,0,60.0,NOT_REVIEWED,NOT_APPROVED
16,26,Автомат АН-94 «Абакан»,heavy,4230,0.0,0,58.69,NOT_REVIEWED,NOT_APPROVED
16,17,Пулемёт РПК-74,heavy,3796,0.0,0,50.45,NOT_REVIEWED,NOT_APPROVED
16,38,Автомат ADAR 2-15,heavy,5532,0.0,0,60.01,NOT_REVIEWED,NOT_APPROVED
16,45,Автомат АК-19,heavy,4428,0.0,0,56.0,NOT_REVIEWED,NOT_APPROVED
16,57,Автомат HK416,heavy,4536,0.0,0,2.83,NOT_REVIEWED,NOT_APPROVED
16,69,Автомат CZ Bren 2,heavy,4222,0.0,0,36.4,NOT_REVIEWED,NOT_APPROVED
16,67,Пулемёт Minimi Mk3,heavy,3247,0.0,1754,0.0,NOT_REVIEWED,NOT_APPROVED
16,43,Автомат ОЦ-14 «Гроза»,heavy,4768,0.0,0,84.97,NOT_REVIEWED,NOT_APPROVED
16,16,Карабин «Вепрь»,heavy,5720,0.0,0,49.16,NOT_REVIEWED,NOT_APPROVED
16,15,Автомат АК-103,heavy,4777,0.0,0,53.0,NOT_REVIEWED,NOT_APPROVED
16,25,Пулемёт РПД,heavy,3392,0.0,0,29.61,NOT_REVIEWED,NOT_APPROVED
16,18,Автомат АС «Вал»,heavy,4477,0.0,0,61.61,NOT_REVIEWED,NOT_APPROVED
16,10,Карабин Сайга-12,heavy,6356,0.0,0,42.0,NOT_REVIEWED,NOT_APPROVED
16,63,Автомат АК-308,heavy,4222,0.0,0,60.53,NOT_REVIEWED,NOT_APPROVED
16,51,Автомат ЛР-308,heavy,3905,0.0,0,80.0,NOT_REVIEWED,NOT_APPROVED
16,75,Автомат SCAR-H,heavy,4323,0.0,0,15.0,NOT_REVIEWED,NOT_APPROVED
16,61,Пулемёт M60E6,heavy,3710,0.0,1503,0.0,NOT_REVIEWED,NOT_APPROVED
16,59,Пулемёт M240,heavy,3572,0.0,243,0.0,NOT_REVIEWED,NOT_APPROVED
16,71,Пулемёт FN MAG,heavy,3067,0.0,554,0.0,NOT_REVIEWED,NOT_APPROVED
16,77,Пулемёт Negev NG7,heavy,3252,0.0,1412,0.0,NOT_REVIEWED,NOT_APPROVED
16,22,Пулемёт ПКМ,heavy,2352,0.0,0,30.27,NOT_REVIEWED,NOT_APPROVED
16,29,Пулемёт «Печенег»,heavy,3642,0.0,0,53.04,NOT_REVIEWED,NOT_APPROVED
16,53,Пулемёт «Печенег-СП»,heavy,3860,0.0,595,0.0,NOT_REVIEWED,NOT_APPROVED
16,47,Автомат АК-АН «Абакан-100»,heavy,3445,0.0,0,42.43,NOT_REVIEWED,NOT_APPROVED
16,65,Пулемёт «Утёс-М»,heavy,4263,0.0,1661,0.0,NOT_REVIEWED,NOT_APPROVED
16,14,Винтовка СКС,heavy,5937,0.0,0,23.0,NOT_REVIEWED,NOT_APPROVED
16,46,Винтовка SSG 08,heavy,3465,0.0,0,38.0,NOT_REVIEWED,NOT_APPROVED
16,42,Винтовка SR-25,heavy,4012,0.0,0,72.0,NOT_REVIEWED,NOT_APPROVED
16,13,Винтовка СВД,heavy,5513,0.0,0,26.68,NOT_REVIEWED,NOT_APPROVED
16,24,Винтовка СВДС,heavy,3926,0.0,0,44.0,NOT_REVIEWED,NOT_APPROVED
16,23,Винтовка Т-5000,heavy,3088,0.0,0,50.0,NOT_REVIEWED,NOT_APPROVED
16,28,Винтовка СВ-98,heavy,4529,0.0,0,34.79,NOT_REVIEWED,NOT_APPROVED
16,36,Винтовка СВК,heavy,3077,0.0,1450,0.0,NOT_REVIEWED,NOT_APPROVED
16,30,Винтовка ВСС «Винторез»,heavy,4704,0.0,0,52.0,NOT_REVIEWED,NOT_APPROVED
16,40,Винтовка ВСК-94,heavy,4269,0.0,0,66.03,NOT_REVIEWED,NOT_APPROVED
16,31,Винтовка СВ-338,heavy,3720,0.0,0,29.0,NOT_REVIEWED,NOT_APPROVED
16,27,Винтовка ОРСИС T-5000M,heavy,4045,0.0,0,37.0,NOT_REVIEWED,NOT_APPROVED
16,70,Винтовка Sako TRG-42,heavy,4000,0.0,499,0.0,NOT_REVIEWED,NOT_APPROVED
16,76,Винтовка Blaser R93 Tactical 2,heavy,3795,0.0,1444,0.0,NOT_REVIEWED,NOT_APPROVED
16,39,Винтовка ORSIS T-5000 Sniper Pro,heavy,3825,0.0,2250,0.0,NOT_REVIEWED,NOT_APPROVED
16,60,Винтовка Accuracy International AXMC,heavy,3551,0.0,350,0.0,NOT_REVIEWED,NOT_APPROVED
16,48,Винтовка Barrett M98B,heavy,2913,0.0,0,16.64,NOT_REVIEWED,NOT_APPROVED
16,64,Винтовка ORSIS T-5000 Elite,heavy,4033,0.0,0,35.0,NOT_REVIEWED,NOT_APPROVED
16,33,Винтовка «Выхлоп»,heavy,3501,0.0,0,50.0,NOT_REVIEWED,NOT_APPROVED
16,35,Винтовка ОСВ-96,heavy,3068,0.0,1133,0.0,NOT_REVIEWED,NOT_APPROVED
16,66,Винтовка Zastava M93 Black Arrow,heavy,4341,0.0,1137,0.0,NOT_REVIEWED,NOT_APPROVED
16,52,Винтовка АСВК «Корд»,heavy,3313,0.0,1782,0.0,NOT_REVIEWED,NOT_APPROVED
16,58,Винтовка Steyr HS .50,heavy,5108,0.0,1269,0.0,NOT_REVIEWED,NOT_APPROVED
16,49,Винтовка Barrett M82,heavy,2314,0.0,2770,0.0,NOT_REVIEWED,NOT_APPROVED
16,54,Винтовка McMillan TAC-50,heavy,4476,0.0,0,45.0,NOT_REVIEWED,NOT_APPROVED
16,72,Винтовка Desert Tech HTI,heavy,4147,0.0,0,52.47,NOT_REVIEWED,NOT_APPROVED
16,78,Винтовка Cheytac M200 Intervention,heavy,2697,0.0,875,0.0,NOT_REVIEWED,NOT_APPROVED
16,73,Прототип X-17,heavy,2989,0.0,0,49.24,NOT_REVIEWED,NOT_APPROVED
16,55,Гаусс-пушка,heavy,5896,0.0,0,41.73,NOT_REVIEWED,NOT_APPROVED
16,4,Обрез охотничьего ружья,heavy,7673,0.0,0,31.06,NOT_REVIEWED,NOT_APPROVED
16,8,ПП «Кедр»,heavy,8579,0.0,0,67.36,NOT_REVIEWED,NOT_APPROVED
16,9,ПП-19 «Бизон»,heavy,6646,0.0,687,0.0,NOT_REVIEWED,NOT_APPROVED
16,20,Дробовик Сайга-410,heavy,5123,0.0,0,49.0,NOT_REVIEWED,NOT_APPROVED
16,106,Дробовик Mossberg 500,heavy,5554,0.0,121,0.0,NOT_REVIEWED,NOT_APPROVED
16,107,Дробовик Stoeger P3000,heavy,6057,0.0,0,1.0,NOT_REVIEWED,NOT_APPROVED
16,108,Дробовик Remington 870,heavy,5688,0.0,0,8.0,NOT_REVIEWED,NOT_APPROVED
16,109,Дробовик Winchester Model 1300,heavy,5741,0.0,0,2.0,NOT_REVIEWED,NOT_APPROVED
16,110,Дробовик Ithaca 37,heavy,5710,0.0,0,3.0,NOT_REVIEWED,NOT_APPROVED
16,111,Дробовик Browning BPS,heavy,5494,0.0,0,4.0,NOT_REVIEWED,NOT_APPROVED
16,19,Дробовик СПАС-12,heavy,5277,0.0,0,33.0,NOT_REVIEWED,NOT_APPROVED
16,112,Дробовик Winchester SXP Defender,heavy,5113,0.0,0,37.66,NOT_REVIEWED,NOT_APPROVED
16,113,Дробовик Mossberg 590A1,heavy,5631,0.0,0,2.0,NOT_REVIEWED,NOT_APPROVED
16,114,Дробовик Remington 870 MCS,heavy,4217,0.0,0,44.41,NOT_REVIEWED,NOT_APPROVED
16,32,Дробовик Сайга-12К,heavy,3522,0.0,0,70.0,NOT_REVIEWED,NOT_APPROVED
16,115,Дробовик Benelli Nova,heavy,5652,0.0,0,7.0,NOT_REVIEWED,NOT_APPROVED
16,116,Дробовик TOZ-194,heavy,5366,0.0,0,26.0,NOT_REVIEWED,NOT_APPROVED
16,44,Дробовик «Вепрь-12»,heavy,3955,0.0,0,50.0,NOT_REVIEWED,NOT_APPROVED
16,117,Дробовик Remington 1100,heavy,5591,0.0,0,6.0,NOT_REVIEWED,NOT_APPROVED
16,62,Дробовик Kel-Tec KSG,heavy,4561,0.0,0,60.75,NOT_REVIEWED,NOT_APPROVED
16,118,Дробовик Beretta 1301 Tactical,heavy,4013,0.0,0,51.0,NOT_REVIEWED,NOT_APPROVED
16,50,Дробовик Benelli M4,heavy,4532,0.0,0,36.0,NOT_REVIEWED,NOT_APPROVED
16,119,Дробовик Fabarm STF/12,heavy,4770,0.0,0,46.69,NOT_REVIEWED,NOT_APPROVED
16,56,Дробовик AA-12,heavy,6183,0.0,0,30.0,NOT_REVIEWED,NOT_APPROVED
16,120,Дробовик Winchester SX4,heavy,5735,0.0,0,13.0,NOT_REVIEWED,NOT_APPROVED
16,121,Дробовик Browning A5,heavy,5760,0.0,0,11.18,NOT_REVIEWED,NOT_APPROVED
16,68,Дробовик Franchi SPAS-15,heavy,4908,0.0,0,32.06,NOT_REVIEWED,NOT_APPROVED
16,122,Дробовик Remington 870 Magnum,heavy,6805,0.0,0,9.0,NOT_REVIEWED,NOT_APPROVED
16,123,Дробовик Benelli Vinci,heavy,5958,0.0,0,5.0,NOT_REVIEWED,NOT_APPROVED
16,74,Дробовик USAS-12,heavy,3819,0.0,0,14.0,NOT_REVIEWED,NOT_APPROVED
16,124,Дробовик Ithaca Mag-10,heavy,3669,0.0,0,56.72,NOT_REVIEWED,NOT_APPROVED
16,125,Дробовик Remington SP-10,heavy,4839,0.0,0,61.0,NOT_REVIEWED,NOT_APPROVED
17,86,Beretta 21A Bobcat,pistol,7474,0.0,,,NOT_REVIEWED,NOT_APPROVED
17,2,Пистолет ПСМ,pistol,7025,0.0,,,NOT_REVIEWED,NOT_APPROVED
17,87,Walther PPK,pistol,7345,0.0,,,NOT_REVIEWED,NOT_APPROVED
17,1,Пистолет Макарова,pistol,6965,0.0,,,NOT_REVIEWED,NOT_APPROVED
17,3,Пистолет ИЖ-71,pistol,6709,0.0,,,NOT_REVIEWED,NOT_APPROVED
17,88,Glock 25,pistol,6789,0.0,,,NOT_REVIEWED,NOT_APPROVED
17,5,Пистолет ОЦ-33 «Пернач»,pistol,6950,0.0,,,NOT_REVIEWED,NOT_APPROVED
17,6,Револьвер Наган,pistol,5087,0.0,,,NOT_REVIEWED,NOT_APPROVED
17,89,Walther P99,pistol,6719,0.0,,,NOT_REVIEWED,NOT_APPROVED
17,90,CZ 75,pistol,6491,0.0,,,NOT_REVIEWED,NOT_APPROVED
17,91,Glock 17,pistol,6538,0.0,,,NOT_REVIEWED,NOT_APPROVED
17,92,Beretta 92FS,pistol,6188,0.0,,,NOT_REVIEWED,NOT_APPROVED
17,93,SIG Sauer P226,pistol,7407,0.0,,,NOT_REVIEWED,NOT_APPROVED
17,7,Пистолет ТТ,pistol,6949,0.0,,,NOT_REVIEWED,NOT_APPROVED
17,94,HK USP,pistol,6796,0.0,,,NOT_REVIEWED,NOT_APPROVED
17,95,Glock 22,pistol,6639,0.0,,,NOT_REVIEWED,NOT_APPROVED
17,96,SIG Sauer P229,pistol,7359,0.0,,,NOT_REVIEWED,NOT_APPROVED
17,97,Glock 20,pistol,7266,0.0,,,NOT_REVIEWED,NOT_APPROVED
17,98,Colt 1911,pistol,6756,0.0,,,NOT_REVIEWED,NOT_APPROVED
17,99,Glock 21,pistol,6762,0.0,,,NOT_REVIEWED,NOT_APPROVED
17,100,CZ 97B,pistol,7155,0.0,,,NOT_REVIEWED,NOT_APPROVED
17,101,HK Mark 23,pistol,5999,0.0,,,NOT_REVIEWED,NOT_APPROVED
17,102,Taurus Judge,pistol,6157,0.0,,,NOT_REVIEWED,NOT_APPROVED
17,103,Smith & Wesson Model 29,pistol,4344,0.0,,,NOT_REVIEWED,NOT_APPROVED
17,104,Taurus Raging Bull,pistol,4666,0.0,,,NOT_REVIEWED,NOT_APPROVED
17,105,Desert Eagle Mark XIX,pistol,8118,0.0,,,NOT_REVIEWED,NOT_APPROVED
17,11,Автомат АКС-74У,heavy,5987,0.0,0,11.0,NOT_REVIEWED,NOT_APPROVED
17,12,Автомат АК-74,heavy,6085,0.0,0,7.0,NOT_REVIEWED,NOT_APPROVED
17,37,Автомат АК-107,heavy,4103,0.0,0,28.28,NOT_REVIEWED,NOT_APPROVED
17,21,Автомат АК-12,heavy,5161,0.0,0,34.89,NOT_REVIEWED,NOT_APPROVED
17,26,Автомат АН-94 «Абакан»,heavy,4230,0.0,0,16.0,NOT_REVIEWED,NOT_APPROVED
17,17,Пулемёт РПК-74,heavy,3796,0.0,441,0.0,NOT_REVIEWED,NOT_APPROVED
17,38,Автомат ADAR 2-15,heavy,5532,0.0,0,21.0,NOT_REVIEWED,NOT_APPROVED
17,45,Автомат АК-19,heavy,4428,0.0,0,24.0,NOT_REVIEWED,NOT_APPROVED
17,57,Автомат HK416,heavy,4536,0.0,0,32.0,NOT_REVIEWED,NOT_APPROVED
17,69,Автомат CZ Bren 2,heavy,4222,0.0,0,24.0,NOT_REVIEWED,NOT_APPROVED
17,67,Пулемёт Minimi Mk3,heavy,3247,0.0,788,0.0,NOT_REVIEWED,NOT_APPROVED
17,43,Автомат ОЦ-14 «Гроза»,heavy,4768,0.0,0,96.15,NOT_REVIEWED,NOT_APPROVED
17,16,Карабин «Вепрь»,heavy,5720,0.0,0,21.0,NOT_REVIEWED,NOT_APPROVED
17,15,Автомат АК-103,heavy,4777,0.0,0,19.0,NOT_REVIEWED,NOT_APPROVED
17,25,Пулемёт РПД,heavy,3392,0.0,1253,0.0,NOT_REVIEWED,NOT_APPROVED
17,18,Автомат АС «Вал»,heavy,4477,0.0,0,23.0,NOT_REVIEWED,NOT_APPROVED
17,10,Карабин Сайга-12,heavy,6356,0.0,0,3.0,NOT_REVIEWED,NOT_APPROVED
17,63,Автомат АК-308,heavy,4222,0.0,0,28.0,NOT_REVIEWED,NOT_APPROVED
17,51,Автомат ЛР-308,heavy,3905,0.0,0,40.0,NOT_REVIEWED,NOT_APPROVED
17,75,Автомат SCAR-H,heavy,4323,0.0,0,48.38,NOT_REVIEWED,NOT_APPROVED
17,61,Пулемёт M60E6,heavy,3710,0.0,1306,0.0,NOT_REVIEWED,NOT_APPROVED
17,59,Пулемёт M240,heavy,3572,0.0,1845,0.0,NOT_REVIEWED,NOT_APPROVED
17,71,Пулемёт FN MAG,heavy,3067,0.0,2167,0.0,NOT_REVIEWED,NOT_APPROVED
17,77,Пулемёт Negev NG7,heavy,3252,0.0,296,0.0,NOT_REVIEWED,NOT_APPROVED
17,22,Пулемёт ПКМ,heavy,2352,0.0,1325,0.0,NOT_REVIEWED,NOT_APPROVED
17,29,Пулемёт «Печенег»,heavy,3642,0.0,0,13.0,NOT_REVIEWED,NOT_APPROVED
17,53,Пулемёт «Печенег-СП»,heavy,3860,0.0,1573,0.0,NOT_REVIEWED,NOT_APPROVED
17,47,Автомат АК-АН «Абакан-100»,heavy,3445,0.0,0,2.83,NOT_REVIEWED,NOT_APPROVED
17,65,Пулемёт «Утёс-М»,heavy,4263,0.0,971,0.0,NOT_REVIEWED,NOT_APPROVED
17,14,Винтовка СКС,heavy,5937,0.0,261,0.0,NOT_REVIEWED,NOT_APPROVED
17,46,Винтовка SSG 08,heavy,3465,0.0,0,4.0,NOT_REVIEWED,NOT_APPROVED
17,42,Винтовка SR-25,heavy,4012,0.0,0,32.0,NOT_REVIEWED,NOT_APPROVED
17,13,Винтовка СВД,heavy,5513,0.0,366,0.0,NOT_REVIEWED,NOT_APPROVED
17,24,Винтовка СВДС,heavy,3926,0.0,0,6.4,NOT_REVIEWED,NOT_APPROVED
17,23,Винтовка Т-5000,heavy,3088,0.0,0,15.0,NOT_REVIEWED,NOT_APPROVED
17,28,Винтовка СВ-98,heavy,4529,0.0,0,8.0,NOT_REVIEWED,NOT_APPROVED
17,36,Винтовка СВК,heavy,3077,0.0,1249,0.0,NOT_REVIEWED,NOT_APPROVED
17,30,Винтовка ВСС «Винторез»,heavy,4704,0.0,0,13.0,NOT_REVIEWED,NOT_APPROVED
17,40,Винтовка ВСК-94,heavy,4269,0.0,0,34.0,NOT_REVIEWED,NOT_APPROVED
17,31,Винтовка СВ-338,heavy,3720,0.0,446,0.0,NOT_REVIEWED,NOT_APPROVED
17,27,Винтовка ОРСИС T-5000M,heavy,4045,0.0,0,5.0,NOT_REVIEWED,NOT_APPROVED
17,70,Винтовка Sako TRG-42,heavy,4000,0.0,946,0.0,NOT_REVIEWED,NOT_APPROVED
17,76,Винтовка Blaser R93 Tactical 2,heavy,3795,0.0,80,0.0,NOT_REVIEWED,NOT_APPROVED
17,39,Винтовка ORSIS T-5000 Sniper Pro,heavy,3825,0.0,737,0.0,NOT_REVIEWED,NOT_APPROVED
17,60,Винтовка Accuracy International AXMC,heavy,3551,0.0,0,10.77,NOT_REVIEWED,NOT_APPROVED
17,48,Винтовка Barrett M98B,heavy,2913,0.0,7,0.0,NOT_REVIEWED,NOT_APPROVED
17,64,Винтовка ORSIS T-5000 Elite,heavy,4033,0.0,0,23.35,NOT_REVIEWED,NOT_APPROVED
17,33,Винтовка «Выхлоп»,heavy,3501,0.0,0,10.0,NOT_REVIEWED,NOT_APPROVED
17,35,Винтовка ОСВ-96,heavy,3068,0.0,7,0.0,NOT_REVIEWED,NOT_APPROVED
17,66,Винтовка Zastava M93 Black Arrow,heavy,4341,0.0,23,0.0,NOT_REVIEWED,NOT_APPROVED
17,52,Винтовка АСВК «Корд»,heavy,3313,0.0,179,0.0,NOT_REVIEWED,NOT_APPROVED
17,58,Винтовка Steyr HS .50,heavy,5108,0.0,669,0.0,NOT_REVIEWED,NOT_APPROVED
17,49,Винтовка Barrett M82,heavy,2314,0.0,15,0.0,NOT_REVIEWED,NOT_APPROVED
17,54,Винтовка McMillan TAC-50,heavy,4476,0.0,0,17.12,NOT_REVIEWED,NOT_APPROVED
17,72,Винтовка Desert Tech HTI,heavy,4147,0.0,0,13.0,NOT_REVIEWED,NOT_APPROVED
17,78,Винтовка Cheytac M200 Intervention,heavy,2697,0.0,1054,0.0,NOT_REVIEWED,NOT_APPROVED
17,73,Прототип X-17,heavy,2989,0.0,0,38.6,NOT_REVIEWED,NOT_APPROVED
17,55,Гаусс-пушка,heavy,5896,0.0,0,3.0,NOT_REVIEWED,NOT_APPROVED
17,4,Обрез охотничьего ружья,heavy,7673,0.0,12,0.0,NOT_REVIEWED,NOT_APPROVED
17,8,ПП «Кедр»,heavy,8579,0.0,0,62.0,NOT_REVIEWED,NOT_APPROVED
17,9,ПП-19 «Бизон»,heavy,6646,0.0,427,0.0,NOT_REVIEWED,NOT_APPROVED
17,20,Дробовик Сайга-410,heavy,5123,0.0,0,13.89,NOT_REVIEWED,NOT_APPROVED
17,106,Дробовик Mossberg 500,heavy,5554,0.0,3031,0.0,NOT_REVIEWED,NOT_APPROVED
17,107,Дробовик Stoeger P3000,heavy,6057,0.0,2810,0.0,NOT_REVIEWED,NOT_APPROVED
17,108,Дробовик Remington 870,heavy,5688,0.0,2174,0.0,NOT_REVIEWED,NOT_APPROVED
17,109,Дробовик Winchester Model 1300,heavy,5741,0.0,2399,0.0,NOT_REVIEWED,NOT_APPROVED
17,110,Дробовик Ithaca 37,heavy,5710,0.0,2237,0.0,NOT_REVIEWED,NOT_APPROVED
17,111,Дробовик Browning BPS,heavy,5494,0.0,1383,0.0,NOT_REVIEWED,NOT_APPROVED
17,19,Дробовик СПАС-12,heavy,5277,0.0,165,0.0,NOT_REVIEWED,NOT_APPROVED
17,112,Дробовик Winchester SXP Defender,heavy,5113,0.0,80,0.0,NOT_REVIEWED,NOT_APPROVED
17,113,Дробовик Mossberg 590A1,heavy,5631,0.0,2651,0.0,NOT_REVIEWED,NOT_APPROVED
17,114,Дробовик Remington 870 MCS,heavy,4217,0.0,0,11.05,NOT_REVIEWED,NOT_APPROVED
17,32,Дробовик Сайга-12К,heavy,3522,0.0,0,42.05,NOT_REVIEWED,NOT_APPROVED
17,115,Дробовик Benelli Nova,heavy,5652,0.0,2273,0.0,NOT_REVIEWED,NOT_APPROVED
17,116,Дробовик TOZ-194,heavy,5366,0.0,984,0.0,NOT_REVIEWED,NOT_APPROVED
17,44,Дробовик «Вепрь-12»,heavy,3955,0.0,0,17.0,NOT_REVIEWED,NOT_APPROVED
17,117,Дробовик Remington 1100,heavy,5591,0.0,1614,0.0,NOT_REVIEWED,NOT_APPROVED
17,62,Дробовик Kel-Tec KSG,heavy,4561,0.0,0,48.02,NOT_REVIEWED,NOT_APPROVED
17,118,Дробовик Beretta 1301 Tactical,heavy,4013,0.0,0,11.0,NOT_REVIEWED,NOT_APPROVED
17,50,Дробовик Benelli M4,heavy,4532,0.0,6,0.0,NOT_REVIEWED,NOT_APPROVED
17,119,Дробовик Fabarm STF/12,heavy,4770,0.0,0,12.65,NOT_REVIEWED,NOT_APPROVED
17,56,Дробовик AA-12,heavy,6183,0.0,0,8.49,NOT_REVIEWED,NOT_APPROVED
17,120,Дробовик Winchester SX4,heavy,5735,0.0,1371,0.0,NOT_REVIEWED,NOT_APPROVED
17,121,Дробовик Browning A5,heavy,5760,0.0,382,0.0,NOT_REVIEWED,NOT_APPROVED
17,68,Дробовик Franchi SPAS-15,heavy,4908,0.0,289,0.0,NOT_REVIEWED,NOT_APPROVED
17,122,Дробовик Remington 870 Magnum,heavy,6805,0.0,1627,0.0,NOT_REVIEWED,NOT_APPROVED
17,123,Дробовик Benelli Vinci,heavy,5958,0.0,2075,0.0,NOT_REVIEWED,NOT_APPROVED
17,74,Дробовик USAS-12,heavy,3819,0.0,0,21.0,NOT_REVIEWED,NOT_APPROVED
17,124,Дробовик Ithaca Mag-10,heavy,3669,0.0,0,26.48,NOT_REVIEWED,NOT_APPROVED
17,125,Дробовик Remington SP-10,heavy,4839,0.0,0,25.02,NOT_REVIEWED,NOT_APPROVED
18,86,Beretta 21A Bobcat,pistol,7480,0.0,,,NOT_REVIEWED,NOT_APPROVED
18,2,Пистолет ПСМ,pistol,7058,0.0,,,NOT_REVIEWED,NOT_APPROVED
18,87,Walther PPK,pistol,7383,0.0,,,NOT_REVIEWED,NOT_APPROVED
18,1,Пистолет Макарова,pistol,6989,0.0,,,NOT_REVIEWED,NOT_APPROVED
18,3,Пистолет ИЖ-71,pistol,6698,0.0,,,NOT_REVIEWED,NOT_APPROVED
18,88,Glock 25,pistol,6831,0.0,,,NOT_REVIEWED,NOT_APPROVED
18,5,Пистолет ОЦ-33 «Пернач»,pistol,6985,0.0,,,NOT_REVIEWED,NOT_APPROVED
18,6,Револьвер Наган,pistol,5062,0.0,,,NOT_REVIEWED,NOT_APPROVED
18,89,Walther P99,pistol,6752,0.0,,,NOT_REVIEWED,NOT_APPROVED
18,90,CZ 75,pistol,6534,0.0,,,NOT_REVIEWED,NOT_APPROVED
18,91,Glock 17,pistol,6575,0.0,,,NOT_REVIEWED,NOT_APPROVED
18,92,Beretta 92FS,pistol,6206,0.0,,,NOT_REVIEWED,NOT_APPROVED
18,93,SIG Sauer P226,pistol,7429,0.0,,,NOT_REVIEWED,NOT_APPROVED
18,7,Пистолет ТТ,pistol,6977,0.0,,,NOT_REVIEWED,NOT_APPROVED
18,94,HK USP,pistol,6832,0.0,,,NOT_REVIEWED,NOT_APPROVED
18,95,Glock 22,pistol,6672,0.0,,,NOT_REVIEWED,NOT_APPROVED
18,96,SIG Sauer P229,pistol,7383,0.0,,,NOT_REVIEWED,NOT_APPROVED
18,97,Glock 20,pistol,7282,0.0,,,NOT_REVIEWED,NOT_APPROVED
18,98,Colt 1911,pistol,6774,0.0,,,NOT_REVIEWED,NOT_APPROVED
18,99,Glock 21,pistol,6789,0.0,,,NOT_REVIEWED,NOT_APPROVED
18,100,CZ 97B,pistol,7181,0.0,,,NOT_REVIEWED,NOT_APPROVED
18,101,HK Mark 23,pistol,6012,0.0,,,NOT_REVIEWED,NOT_APPROVED
18,102,Taurus Judge,pistol,6143,0.0,,,NOT_REVIEWED,NOT_APPROVED
18,103,Smith & Wesson Model 29,pistol,4314,0.0,,,NOT_REVIEWED,NOT_APPROVED
18,104,Taurus Raging Bull,pistol,4684,0.0,,,NOT_REVIEWED,NOT_APPROVED
18,105,Desert Eagle Mark XIX,pistol,8183,0.0,,,NOT_REVIEWED,NOT_APPROVED
18,11,Автомат АКС-74У,heavy,5979,0.0,154,0.0,NOT_REVIEWED,NOT_APPROVED
18,12,Автомат АК-74,heavy,6166,0.0,348,0.0,NOT_REVIEWED,NOT_APPROVED
18,37,Автомат АК-107,heavy,4110,0.0,0,16.0,NOT_REVIEWED,NOT_APPROVED
18,21,Автомат АК-12,heavy,5161,0.0,0,16.0,NOT_REVIEWED,NOT_APPROVED
18,26,Автомат АН-94 «Абакан»,heavy,4287,0.0,0,3.0,NOT_REVIEWED,NOT_APPROVED
18,17,Пулемёт РПК-74,heavy,3796,0.0,0,1.0,NOT_REVIEWED,NOT_APPROVED
18,38,Автомат ADAR 2-15,heavy,5510,0.0,0,7.0,NOT_REVIEWED,NOT_APPROVED
18,45,Автомат АК-19,heavy,4424,0.0,0,3.0,NOT_REVIEWED,NOT_APPROVED
18,57,Автомат HK416,heavy,4536,0.0,0,18.0,NOT_REVIEWED,NOT_APPROVED
18,69,Автомат CZ Bren 2,heavy,4222,0.0,0,13.0,NOT_REVIEWED,NOT_APPROVED
18,67,Пулемёт Minimi Mk3,heavy,3250,0.0,2712,0.0,NOT_REVIEWED,NOT_APPROVED
18,43,Автомат ОЦ-14 «Гроза»,heavy,4705,0.0,0,61.07,NOT_REVIEWED,NOT_APPROVED
18,16,Карабин «Вепрь»,heavy,5787,0.0,0,2.24,NOT_REVIEWED,NOT_APPROVED
18,15,Автомат АК-103,heavy,4777,0.0,0,1.41,NOT_REVIEWED,NOT_APPROVED
18,25,Пулемёт РПД,heavy,3476,0.0,0,16.49,NOT_REVIEWED,NOT_APPROVED
18,18,Автомат АС «Вал»,heavy,4540,0.0,0,9.0,NOT_REVIEWED,NOT_APPROVED
18,10,Карабин Сайга-12,heavy,6409,0.0,729,0.0,NOT_REVIEWED,NOT_APPROVED
18,63,Автомат АК-308,heavy,4222,0.0,0,16.16,NOT_REVIEWED,NOT_APPROVED
18,51,Автомат ЛР-308,heavy,3905,0.0,0,27.0,NOT_REVIEWED,NOT_APPROVED
18,75,Автомат SCAR-H,heavy,4269,0.0,0,26.08,NOT_REVIEWED,NOT_APPROVED
18,61,Пулемёт M60E6,heavy,3705,0.0,2504,0.0,NOT_REVIEWED,NOT_APPROVED
18,59,Пулемёт M240,heavy,3572,0.0,727,0.0,NOT_REVIEWED,NOT_APPROVED
18,71,Пулемёт FN MAG,heavy,3067,0.0,1975,0.0,NOT_REVIEWED,NOT_APPROVED
18,77,Пулемёт Negev NG7,heavy,3246,0.0,1255,0.0,NOT_REVIEWED,NOT_APPROVED
18,22,Пулемёт ПКМ,heavy,2309,0.0,0,11.0,NOT_REVIEWED,NOT_APPROVED
18,29,Пулемёт «Печенег»,heavy,3642,0.0,4,0.0,NOT_REVIEWED,NOT_APPROVED
18,53,Пулемёт «Печенег-СП»,heavy,3848,0.0,1981,0.0,NOT_REVIEWED,NOT_APPROVED
18,47,Автомат АК-АН «Абакан-100»,heavy,3555,0.0,179,0.0,NOT_REVIEWED,NOT_APPROVED
18,65,Пулемёт «Утёс-М»,heavy,4274,0.0,2603,0.0,NOT_REVIEWED,NOT_APPROVED
18,14,Винтовка СКС,heavy,5950,0.0,1819,0.0,NOT_REVIEWED,NOT_APPROVED
18,46,Винтовка SSG 08,heavy,3376,0.0,546,0.0,NOT_REVIEWED,NOT_APPROVED
18,42,Винтовка SR-25,heavy,4012,0.0,0,19.0,NOT_REVIEWED,NOT_APPROVED
18,13,Винтовка СВД,heavy,5419,0.0,1341,0.0,NOT_REVIEWED,NOT_APPROVED
18,24,Винтовка СВДС,heavy,3811,0.0,301,0.0,NOT_REVIEWED,NOT_APPROVED
18,23,Винтовка Т-5000,heavy,3088,0.0,62,0.0,NOT_REVIEWED,NOT_APPROVED
18,28,Винтовка СВ-98,heavy,4604,0.0,281,0.0,NOT_REVIEWED,NOT_APPROVED
18,36,Винтовка СВК,heavy,3077,0.0,2855,0.0,NOT_REVIEWED,NOT_APPROVED
18,30,Винтовка ВСС «Винторез»,heavy,4802,0.0,92,0.0,NOT_REVIEWED,NOT_APPROVED
18,40,Винтовка ВСК-94,heavy,4284,0.0,0,22.0,NOT_REVIEWED,NOT_APPROVED
18,31,Винтовка СВ-338,heavy,3721,0.0,1472,0.0,NOT_REVIEWED,NOT_APPROVED
18,27,Винтовка ОРСИС T-5000M,heavy,3940,0.0,604,0.0,NOT_REVIEWED,NOT_APPROVED
18,70,Винтовка Sako TRG-42,heavy,4021,0.0,1819,0.0,NOT_REVIEWED,NOT_APPROVED
18,76,Винтовка Blaser R93 Tactical 2,heavy,3890,0.0,1121,0.0,NOT_REVIEWED,NOT_APPROVED
18,39,Винтовка ORSIS T-5000 Sniper Pro,heavy,3843,0.0,2515,0.0,NOT_REVIEWED,NOT_APPROVED
18,60,Винтовка Accuracy International AXMC,heavy,3550,0.0,320,0.0,NOT_REVIEWED,NOT_APPROVED
18,48,Винтовка Barrett M98B,heavy,2907,0.0,626,0.0,NOT_REVIEWED,NOT_APPROVED
18,64,Винтовка ORSIS T-5000 Elite,heavy,4011,0.0,138,0.0,NOT_REVIEWED,NOT_APPROVED
18,33,Винтовка «Выхлоп»,heavy,3501,0.0,171,0.0,NOT_REVIEWED,NOT_APPROVED
18,35,Винтовка ОСВ-96,heavy,3178,0.0,834,0.0,NOT_REVIEWED,NOT_APPROVED
18,66,Винтовка Zastava M93 Black Arrow,heavy,4343,0.0,874,0.0,NOT_REVIEWED,NOT_APPROVED
18,52,Винтовка АСВК «Корд»,heavy,3313,0.0,1985,0.0,NOT_REVIEWED,NOT_APPROVED
18,58,Винтовка Steyr HS .50,heavy,5108,0.0,2681,0.0,NOT_REVIEWED,NOT_APPROVED
18,49,Винтовка Barrett M82,heavy,2365,0.0,1777,0.0,NOT_REVIEWED,NOT_APPROVED
18,54,Винтовка McMillan TAC-50,heavy,4482,0.0,0,4.0,NOT_REVIEWED,NOT_APPROVED
18,72,Винтовка Desert Tech HTI,heavy,4243,0.0,51,0.0,NOT_REVIEWED,NOT_APPROVED
18,78,Винтовка Cheytac M200 Intervention,heavy,2692,0.0,1882,0.0,NOT_REVIEWED,NOT_APPROVED
18,73,Прототип X-17,heavy,2989,0.0,0,13.15,NOT_REVIEWED,NOT_APPROVED
18,55,Гаусс-пушка,heavy,5896,0.0,487,0.0,NOT_REVIEWED,NOT_APPROVED
18,4,Обрез охотничьего ружья,heavy,7673,0.0,1103,0.0,NOT_REVIEWED,NOT_APPROVED
18,8,ПП «Кедр»,heavy,8579,0.0,0,35.74,NOT_REVIEWED,NOT_APPROVED
18,9,ПП-19 «Бизон»,heavy,6701,0.0,3661,0.0,NOT_REVIEWED,NOT_APPROVED
18,20,Дробовик Сайга-410,heavy,5195,0.0,164,0.0,NOT_REVIEWED,NOT_APPROVED
18,106,Дробовик Mossberg 500,heavy,5533,0.0,5026,0.0,NOT_REVIEWED,NOT_APPROVED
18,107,Дробовик Stoeger P3000,heavy,6003,0.0,4699,0.0,NOT_REVIEWED,NOT_APPROVED
18,108,Дробовик Remington 870,heavy,5746,0.0,4189,0.0,NOT_REVIEWED,NOT_APPROVED
18,109,Дробовик Winchester Model 1300,heavy,5741,0.0,4412,0.0,NOT_REVIEWED,NOT_APPROVED
18,110,Дробовик Ithaca 37,heavy,5694,0.0,4134,0.0,NOT_REVIEWED,NOT_APPROVED
18,111,Дробовик Browning BPS,heavy,5524,0.0,4034,0.0,NOT_REVIEWED,NOT_APPROVED
18,19,Дробовик СПАС-12,heavy,5277,0.0,1298,0.0,NOT_REVIEWED,NOT_APPROVED
18,112,Дробовик Winchester SXP Defender,heavy,5113,0.0,605,0.0,NOT_REVIEWED,NOT_APPROVED
18,113,Дробовик Mossberg 590A1,heavy,5682,0.0,4787,0.0,NOT_REVIEWED,NOT_APPROVED
18,114,Дробовик Remington 870 MCS,heavy,4223,0.0,58,0.0,NOT_REVIEWED,NOT_APPROVED
18,32,Дробовик Сайга-12К,heavy,3522,0.0,0,18.0,NOT_REVIEWED,NOT_APPROVED
18,115,Дробовик Benelli Nova,heavy,5626,0.0,4029,0.0,NOT_REVIEWED,NOT_APPROVED
18,116,Дробовик TOZ-194,heavy,5332,0.0,2101,0.0,NOT_REVIEWED,NOT_APPROVED
18,44,Дробовик «Вепрь-12»,heavy,3955,0.0,0,2.83,NOT_REVIEWED,NOT_APPROVED
18,117,Дробовик Remington 1100,heavy,5591,0.0,3590,0.0,NOT_REVIEWED,NOT_APPROVED
18,62,Дробовик Kel-Tec KSG,heavy,4561,0.0,0,21.0,NOT_REVIEWED,NOT_APPROVED
18,118,Дробовик Beretta 1301 Tactical,heavy,3947,0.0,72,0.0,NOT_REVIEWED,NOT_APPROVED
18,50,Дробовик Benelli M4,heavy,4528,0.0,742,0.0,NOT_REVIEWED,NOT_APPROVED
18,119,Дробовик Fabarm STF/12,heavy,4786,0.0,182,0.0,NOT_REVIEWED,NOT_APPROVED
18,56,Дробовик AA-12,heavy,6157,0.0,656,0.0,NOT_REVIEWED,NOT_APPROVED
18,120,Дробовик Winchester SX4,heavy,5693,0.0,2940,0.0,NOT_REVIEWED,NOT_APPROVED
18,121,Дробовик Browning A5,heavy,5760,0.0,2274,0.0,NOT_REVIEWED,NOT_APPROVED
18,68,Дробовик Franchi SPAS-15,heavy,4843,0.0,1296,0.0,NOT_REVIEWED,NOT_APPROVED
18,122,Дробовик Remington 870 Magnum,heavy,6748,0.0,3516,0.0,NOT_REVIEWED,NOT_APPROVED
18,123,Дробовик Benelli Vinci,heavy,5958,0.0,4039,0.0,NOT_REVIEWED,NOT_APPROVED
18,74,Дробовик USAS-12,heavy,3768,0.0,0,10.0,NOT_REVIEWED,NOT_APPROVED
18,124,Дробовик Ithaca Mag-10,heavy,3618,0.0,0,14.0,NOT_REVIEWED,NOT_APPROVED
18,125,Дробовик Remington SP-10,heavy,4897,0.0,0,7.28,NOT_REVIEWED,NOT_APPROVED
19,86,Beretta 21A Bobcat,pistol,7607,0.0,,,NOT_REVIEWED,NOT_APPROVED
19,2,Пистолет ПСМ,pistol,6668,0.0,,,NOT_REVIEWED,NOT_APPROVED
19,87,Walther PPK,pistol,7098,0.0,,,NOT_REVIEWED,NOT_APPROVED
19,1,Пистолет Макарова,pistol,6510,0.0,,,NOT_REVIEWED,NOT_APPROVED
19,3,Пистолет ИЖ-71,pistol,6065,0.0,,,NOT_REVIEWED,NOT_APPROVED
19,88,Glock 25,pistol,6558,0.0,,,NOT_REVIEWED,NOT_APPROVED
19,5,Пистолет ОЦ-33 «Пернач»,pistol,6834,0.0,,,NOT_REVIEWED,NOT_APPROVED
19,6,Револьвер Наган,pistol,4779,0.0,,,NOT_REVIEWED,NOT_APPROVED
19,89,Walther P99,pistol,6457,0.0,,,NOT_REVIEWED,NOT_APPROVED
19,90,CZ 75,pistol,6299,0.0,,,NOT_REVIEWED,NOT_APPROVED
19,91,Glock 17,pistol,6456,0.0,,,NOT_REVIEWED,NOT_APPROVED
19,92,Beretta 92FS,pistol,6374,0.0,,,NOT_REVIEWED,NOT_APPROVED
19,93,SIG Sauer P226,pistol,7065,0.0,,,NOT_REVIEWED,NOT_APPROVED
19,7,Пистолет ТТ,pistol,6764,0.0,,,NOT_REVIEWED,NOT_APPROVED
19,94,HK USP,pistol,6542,0.0,,,NOT_REVIEWED,NOT_APPROVED
19,95,Glock 22,pistol,6495,0.0,,,NOT_REVIEWED,NOT_APPROVED
19,96,SIG Sauer P229,pistol,7122,0.0,,,NOT_REVIEWED,NOT_APPROVED
19,97,Glock 20,pistol,7110,0.0,,,NOT_REVIEWED,NOT_APPROVED
19,98,Colt 1911,pistol,6561,0.0,,,NOT_REVIEWED,NOT_APPROVED
19,99,Glock 21,pistol,6832,0.0,,,NOT_REVIEWED,NOT_APPROVED
19,100,CZ 97B,pistol,7049,0.0,,,NOT_REVIEWED,NOT_APPROVED
19,101,HK Mark 23,pistol,6203,0.0,,,NOT_REVIEWED,NOT_APPROVED
19,102,Taurus Judge,pistol,5947,0.0,,,NOT_REVIEWED,NOT_APPROVED
19,103,Smith & Wesson Model 29,pistol,4254,0.0,,,NOT_REVIEWED,NOT_APPROVED
19,104,Taurus Raging Bull,pistol,4640,0.0,,,NOT_REVIEWED,NOT_APPROVED
19,105,Desert Eagle Mark XIX,pistol,7646,0.0,,,NOT_REVIEWED,NOT_APPROVED
19,11,Автомат АКС-74У,heavy,5979,0.0,5341,0.0,NOT_REVIEWED,NOT_APPROVED
19,12,Автомат АК-74,heavy,6166,0.0,1548,0.0,NOT_REVIEWED,NOT_APPROVED
19,37,Автомат АК-107,heavy,4110,0.0,711,0.0,NOT_REVIEWED,NOT_APPROVED
19,21,Автомат АК-12,heavy,5161,0.0,3023,0.0,NOT_REVIEWED,NOT_APPROVED
19,26,Автомат АН-94 «Абакан»,heavy,4287,0.0,1393,0.0,NOT_REVIEWED,NOT_APPROVED
19,17,Пулемёт РПК-74,heavy,3796,0.0,0,3.0,NOT_REVIEWED,NOT_APPROVED
19,38,Автомат ADAR 2-15,heavy,5510,0.0,88,0.0,NOT_REVIEWED,NOT_APPROVED
19,45,Автомат АК-19,heavy,4424,0.0,860,0.0,NOT_REVIEWED,NOT_APPROVED
19,57,Автомат HK416,heavy,4536,0.0,807,0.0,NOT_REVIEWED,NOT_APPROVED
19,69,Автомат CZ Bren 2,heavy,4222,0.0,1259,0.0,NOT_REVIEWED,NOT_APPROVED
19,67,Пулемёт Minimi Mk3,heavy,3250,0.0,0,17.0,NOT_REVIEWED,NOT_APPROVED
19,43,Автомат ОЦ-14 «Гроза»,heavy,4705,0.0,0,14.0,NOT_REVIEWED,NOT_APPROVED
19,16,Карабин «Вепрь»,heavy,5787,0.0,215,0.0,NOT_REVIEWED,NOT_APPROVED
19,15,Автомат АК-103,heavy,4777,0.0,2453,0.0,NOT_REVIEWED,NOT_APPROVED
19,25,Пулемёт РПД,heavy,3476,0.0,2237,0.0,NOT_REVIEWED,NOT_APPROVED
19,18,Автомат АС «Вал»,heavy,4540,0.0,716,0.0,NOT_REVIEWED,NOT_APPROVED
19,10,Карабин Сайга-12,heavy,6409,0.0,4119,0.0,NOT_REVIEWED,NOT_APPROVED
19,63,Автомат АК-308,heavy,4222,0.0,2075,0.0,NOT_REVIEWED,NOT_APPROVED
19,51,Автомат ЛР-308,heavy,3905,0.0,0,7.0,NOT_REVIEWED,NOT_APPROVED
19,75,Автомат SCAR-H,heavy,4269,0.0,622,0.0,NOT_REVIEWED,NOT_APPROVED
19,61,Пулемёт M60E6,heavy,3705,0.0,0,5.0,NOT_REVIEWED,NOT_APPROVED
19,59,Пулемёт M240,heavy,3572,0.0,0,28.0,NOT_REVIEWED,NOT_APPROVED
19,71,Пулемёт FN MAG,heavy,3067,0.0,0,19.0,NOT_REVIEWED,NOT_APPROVED
19,77,Пулемёт Negev NG7,heavy,3246,0.0,0,17.09,NOT_REVIEWED,NOT_APPROVED
19,22,Пулемёт ПКМ,heavy,2309,0.0,2635,0.0,NOT_REVIEWED,NOT_APPROVED
19,29,Пулемёт «Печенег»,heavy,3642,0.0,2532,0.0,NOT_REVIEWED,NOT_APPROVED
19,53,Пулемёт «Печенег-СП»,heavy,3848,0.0,0,19.0,NOT_REVIEWED,NOT_APPROVED
19,47,Автомат АК-АН «Абакан-100»,heavy,3555,0.0,5,0.0,NOT_REVIEWED,NOT_APPROVED
19,65,Пулемёт «Утёс-М»,heavy,4274,0.0,168,0.0,NOT_REVIEWED,NOT_APPROVED
19,14,Винтовка СКС,heavy,5950,0.0,20,0.0,NOT_REVIEWED,NOT_APPROVED
19,46,Винтовка SSG 08,heavy,3376,0.0,0,40.46,NOT_REVIEWED,NOT_APPROVED
19,42,Винтовка SR-25,heavy,4012,0.0,0,10.0,NOT_REVIEWED,NOT_APPROVED
19,13,Винтовка СВД,heavy,5419,0.0,0,7.28,NOT_REVIEWED,NOT_APPROVED
19,24,Винтовка СВДС,heavy,3811,0.0,14,0.0,NOT_REVIEWED,NOT_APPROVED
19,23,Винтовка Т-5000,heavy,3088,0.0,0,31.38,NOT_REVIEWED,NOT_APPROVED
19,28,Винтовка СВ-98,heavy,4604,0.0,0,25.96,NOT_REVIEWED,NOT_APPROVED
19,36,Винтовка СВК,heavy,3077,0.0,0,27.0,NOT_REVIEWED,NOT_APPROVED
19,30,Винтовка ВСС «Винторез»,heavy,4802,0.0,0,26.0,NOT_REVIEWED,NOT_APPROVED
19,40,Винтовка ВСК-94,heavy,4284,0.0,0,25.0,NOT_REVIEWED,NOT_APPROVED
19,31,Винтовка СВ-338,heavy,3721,0.0,0,22.63,NOT_REVIEWED,NOT_APPROVED
19,27,Винтовка ОРСИС T-5000M,heavy,3940,0.0,0,35.0,NOT_REVIEWED,NOT_APPROVED
19,70,Винтовка Sako TRG-42,heavy,4021,0.0,0,28.0,NOT_REVIEWED,NOT_APPROVED
19,76,Винтовка Blaser R93 Tactical 2,heavy,3890,0.0,0,19.92,NOT_REVIEWED,NOT_APPROVED
19,39,Винтовка ORSIS T-5000 Sniper Pro,heavy,3843,0.0,0,31.26,NOT_REVIEWED,NOT_APPROVED
19,60,Винтовка Accuracy International AXMC,heavy,3550,0.0,0,2.0,NOT_REVIEWED,NOT_APPROVED
19,48,Винтовка Barrett M98B,heavy,2907,0.0,181,0.0,NOT_REVIEWED,NOT_APPROVED
19,64,Винтовка ORSIS T-5000 Elite,heavy,4011,0.0,1276,0.0,NOT_REVIEWED,NOT_APPROVED
19,33,Винтовка «Выхлоп»,heavy,3501,0.0,0,32.89,NOT_REVIEWED,NOT_APPROVED
19,35,Винтовка ОСВ-96,heavy,3178,0.0,1426,0.0,NOT_REVIEWED,NOT_APPROVED
19,66,Винтовка Zastava M93 Black Arrow,heavy,4343,0.0,0,3.0,NOT_REVIEWED,NOT_APPROVED
19,52,Винтовка АСВК «Корд»,heavy,3313,0.0,0,10.63,NOT_REVIEWED,NOT_APPROVED
19,58,Винтовка Steyr HS .50,heavy,5108,0.0,0,6.0,NOT_REVIEWED,NOT_APPROVED
19,49,Винтовка Barrett M82,heavy,2365,0.0,0,21.02,NOT_REVIEWED,NOT_APPROVED
19,54,Винтовка McMillan TAC-50,heavy,4482,0.0,1793,0.0,NOT_REVIEWED,NOT_APPROVED
19,72,Винтовка Desert Tech HTI,heavy,4243,0.0,0,12.0,NOT_REVIEWED,NOT_APPROVED
19,78,Винтовка Cheytac M200 Intervention,heavy,2692,0.0,0,7.0,NOT_REVIEWED,NOT_APPROVED
19,73,Прототип X-17,heavy,2989,0.0,0,17.0,NOT_REVIEWED,NOT_APPROVED
19,55,Гаусс-пушка,heavy,5896,0.0,0,6.0,NOT_REVIEWED,NOT_APPROVED
19,4,Обрез охотничьего ружья,heavy,7673,0.0,0,3.0,NOT_REVIEWED,NOT_APPROVED
19,8,ПП «Кедр»,heavy,8579,0.0,3996,0.0,NOT_REVIEWED,NOT_APPROVED
19,9,ПП-19 «Бизон»,heavy,6701,0.0,2282,0.0,NOT_REVIEWED,NOT_APPROVED
19,20,Дробовик Сайга-410,heavy,5195,0.0,114,0.0,NOT_REVIEWED,NOT_APPROVED
19,106,Дробовик Mossberg 500,heavy,5533,0.0,549,0.0,NOT_REVIEWED,NOT_APPROVED
19,107,Дробовик Stoeger P3000,heavy,6003,0.0,463,0.0,NOT_REVIEWED,NOT_APPROVED
19,108,Дробовик Remington 870,heavy,5746,0.0,139,0.0,NOT_REVIEWED,NOT_APPROVED
19,109,Дробовик Winchester Model 1300,heavy,5741,0.0,508,0.0,NOT_REVIEWED,NOT_APPROVED
19,110,Дробовик Ithaca 37,heavy,5694,0.0,209,0.0,NOT_REVIEWED,NOT_APPROVED
19,111,Дробовик Browning BPS,heavy,5524,0.0,750,0.0,NOT_REVIEWED,NOT_APPROVED
19,19,Дробовик СПАС-12,heavy,5277,0.0,0,14.0,NOT_REVIEWED,NOT_APPROVED
19,112,Дробовик Winchester SXP Defender,heavy,5113,0.0,0,30.0,NOT_REVIEWED,NOT_APPROVED
19,113,Дробовик Mossberg 590A1,heavy,5682,0.0,343,0.0,NOT_REVIEWED,NOT_APPROVED
19,114,Дробовик Remington 870 MCS,heavy,4223,0.0,0,29.07,NOT_REVIEWED,NOT_APPROVED
19,32,Дробовик Сайга-12К,heavy,3522,0.0,1311,0.0,NOT_REVIEWED,NOT_APPROVED
19,115,Дробовик Benelli Nova,heavy,5626,0.0,371,0.0,NOT_REVIEWED,NOT_APPROVED
19,116,Дробовик TOZ-194,heavy,5332,0.0,0,2.0,NOT_REVIEWED,NOT_APPROVED
19,44,Дробовик «Вепрь-12»,heavy,3955,0.0,484,0.0,NOT_REVIEWED,NOT_APPROVED
19,117,Дробовик Remington 1100,heavy,5591,0.0,525,0.0,NOT_REVIEWED,NOT_APPROVED
19,62,Дробовик Kel-Tec KSG,heavy,4561,0.0,0,48.75,NOT_REVIEWED,NOT_APPROVED
19,118,Дробовик Beretta 1301 Tactical,heavy,3947,0.0,0,38.0,NOT_REVIEWED,NOT_APPROVED
19,50,Дробовик Benelli M4,heavy,4528,0.0,0,25.06,NOT_REVIEWED,NOT_APPROVED
19,119,Дробовик Fabarm STF/12,heavy,4786,0.0,0,30.08,NOT_REVIEWED,NOT_APPROVED
19,56,Дробовик AA-12,heavy,6157,0.0,182,0.0,NOT_REVIEWED,NOT_APPROVED
19,120,Дробовик Winchester SX4,heavy,5693,0.0,146,0.0,NOT_REVIEWED,NOT_APPROVED
19,121,Дробовик Browning A5,heavy,5760,0.0,279,0.0,NOT_REVIEWED,NOT_APPROVED
19,68,Дробовик Franchi SPAS-15,heavy,4843,0.0,1217,0.0,NOT_REVIEWED,NOT_APPROVED
19,122,Дробовик Remington 870 Magnum,heavy,6748,0.0,247,0.0,NOT_REVIEWED,NOT_APPROVED
19,123,Дробовик Benelli Vinci,heavy,5958,0.0,580,0.0,NOT_REVIEWED,NOT_APPROVED
19,74,Дробовик USAS-12,heavy,3768,0.0,3684,0.0,NOT_REVIEWED,NOT_APPROVED
19,124,Дробовик Ithaca Mag-10,heavy,3618,0.0,0,8.0,NOT_REVIEWED,NOT_APPROVED
19,125,Дробовик Remington SP-10,heavy,4897,0.0,439,0.0,NOT_REVIEWED,NOT_APPROVED
20,86,Beretta 21A Bobcat,pistol,7486,0.0,,,NOT_REVIEWED,NOT_APPROVED
20,2,Пистолет ПСМ,pistol,7023,0.0,,,NOT_REVIEWED,NOT_APPROVED
20,87,Walther PPK,pistol,7390,0.0,,,NOT_REVIEWED,NOT_APPROVED
20,1,Пистолет Макарова,pistol,6943,0.0,,,NOT_REVIEWED,NOT_APPROVED
20,3,Пистолет ИЖ-71,pistol,6467,0.0,,,NOT_REVIEWED,NOT_APPROVED
20,88,Glock 25,pistol,6645,0.0,,,NOT_REVIEWED,NOT_APPROVED
20,5,Пистолет ОЦ-33 «Пернач»,pistol,6998,0.0,,,NOT_REVIEWED,NOT_APPROVED
20,6,Револьвер Наган,pistol,4887,0.0,,,NOT_REVIEWED,NOT_APPROVED
20,89,Walther P99,pistol,6668,0.0,,,NOT_REVIEWED,NOT_APPROVED
20,90,CZ 75,pistol,6540,0.0,,,NOT_REVIEWED,NOT_APPROVED
20,91,Glock 17,pistol,6497,0.0,,,NOT_REVIEWED,NOT_APPROVED
20,92,Beretta 92FS,pistol,6248,0.0,,,NOT_REVIEWED,NOT_APPROVED
20,93,SIG Sauer P226,pistol,7410,0.0,,,NOT_REVIEWED,NOT_APPROVED
20,7,Пистолет ТТ,pistol,6999,0.0,,,NOT_REVIEWED,NOT_APPROVED
20,94,HK USP,pistol,6802,0.0,,,NOT_REVIEWED,NOT_APPROVED
20,95,Glock 22,pistol,6600,0.0,,,NOT_REVIEWED,NOT_APPROVED
20,96,SIG Sauer P229,pistol,7415,0.0,,,NOT_REVIEWED,NOT_APPROVED
20,97,Glock 20,pistol,7209,0.0,,,NOT_REVIEWED,NOT_APPROVED
20,98,Colt 1911,pistol,6809,0.0,,,NOT_REVIEWED,NOT_APPROVED
20,99,Glock 21,pistol,6731,0.0,,,NOT_REVIEWED,NOT_APPROVED
20,100,CZ 97B,pistol,7218,0.0,,,NOT_REVIEWED,NOT_APPROVED
20,101,HK Mark 23,pistol,6065,0.0,,,NOT_REVIEWED,NOT_APPROVED
20,102,Taurus Judge,pistol,5986,0.0,,,NOT_REVIEWED,NOT_APPROVED
20,103,Smith & Wesson Model 29,pistol,4266,0.0,,,NOT_REVIEWED,NOT_APPROVED
20,104,Taurus Raging Bull,pistol,4677,0.0,,,NOT_REVIEWED,NOT_APPROVED
20,105,Desert Eagle Mark XIX,pistol,8235,0.0,,,NOT_REVIEWED,NOT_APPROVED
20,11,Автомат АКС-74У,heavy,5979,0.0,2637,0.0,NOT_REVIEWED,NOT_APPROVED
20,12,Автомат АК-74,heavy,6103,0.0,3101,0.0,NOT_REVIEWED,NOT_APPROVED
20,37,Автомат АК-107,heavy,4110,0.0,688,0.0,NOT_REVIEWED,NOT_APPROVED
20,21,Автомат АК-12,heavy,5161,0.0,503,0.0,NOT_REVIEWED,NOT_APPROVED
20,26,Автомат АН-94 «Абакан»,heavy,4230,0.0,1295,0.0,NOT_REVIEWED,NOT_APPROVED
20,17,Пулемёт РПК-74,heavy,3796,0.0,1718,0.0,NOT_REVIEWED,NOT_APPROVED
20,38,Автомат ADAR 2-15,heavy,5510,0.0,1110,0.0,NOT_REVIEWED,NOT_APPROVED
20,45,Автомат АК-19,heavy,4424,0.0,1281,0.0,NOT_REVIEWED,NOT_APPROVED
20,57,Автомат HK416,heavy,4536,0.0,2988,0.0,NOT_REVIEWED,NOT_APPROVED
20,69,Автомат CZ Bren 2,heavy,4222,0.0,681,0.0,NOT_REVIEWED,NOT_APPROVED
20,67,Пулемёт Minimi Mk3,heavy,3250,0.0,2890,0.0,NOT_REVIEWED,NOT_APPROVED
20,43,Автомат ОЦ-14 «Гроза»,heavy,4768,0.0,150,0.0,NOT_REVIEWED,NOT_APPROVED
20,16,Карабин «Вепрь»,heavy,5720,0.0,2121,0.0,NOT_REVIEWED,NOT_APPROVED
20,15,Автомат АК-103,heavy,4777,0.0,1776,0.0,NOT_REVIEWED,NOT_APPROVED
20,25,Пулемёт РПД,heavy,3392,0.0,321,0.0,NOT_REVIEWED,NOT_APPROVED
20,18,Автомат АС «Вал»,heavy,4486,0.0,1157,0.0,NOT_REVIEWED,NOT_APPROVED
20,10,Карабин Сайга-12,heavy,6356,0.0,3175,0.0,NOT_REVIEWED,NOT_APPROVED
20,63,Автомат АК-308,heavy,4222,0.0,866,0.0,NOT_REVIEWED,NOT_APPROVED
20,51,Автомат ЛР-308,heavy,3905,0.0,0,3.0,NOT_REVIEWED,NOT_APPROVED
20,75,Автомат SCAR-H,heavy,4323,0.0,2105,0.0,NOT_REVIEWED,NOT_APPROVED
20,61,Пулемёт M60E6,heavy,3705,0.0,2345,0.0,NOT_REVIEWED,NOT_APPROVED
20,59,Пулемёт M240,heavy,3572,0.0,966,0.0,NOT_REVIEWED,NOT_APPROVED
20,71,Пулемёт FN MAG,heavy,3067,0.0,966,0.0,NOT_REVIEWED,NOT_APPROVED
20,77,Пулемёт Negev NG7,heavy,3246,0.0,2415,0.0,NOT_REVIEWED,NOT_APPROVED
20,22,Пулемёт ПКМ,heavy,2352,0.0,469,0.0,NOT_REVIEWED,NOT_APPROVED
20,29,Пулемёт «Печенег»,heavy,3642,0.0,1543,0.0,NOT_REVIEWED,NOT_APPROVED
20,53,Пулемёт «Печенег-СП»,heavy,3848,0.0,691,0.0,NOT_REVIEWED,NOT_APPROVED
20,47,Автомат АК-АН «Абакан-100»,heavy,3445,0.0,2195,0.0,NOT_REVIEWED,NOT_APPROVED
20,65,Пулемёт «Утёс-М»,heavy,4274,0.0,3109,0.0,NOT_REVIEWED,NOT_APPROVED
20,14,Винтовка СКС,heavy,5950,0.0,5152,0.0,NOT_REVIEWED,NOT_APPROVED
20,46,Винтовка SSG 08,heavy,3459,0.0,1842,0.0,NOT_REVIEWED,NOT_APPROVED
20,42,Винтовка SR-25,heavy,4012,0.0,41,0.0,NOT_REVIEWED,NOT_APPROVED
20,13,Винтовка СВД,heavy,5513,0.0,3903,0.0,NOT_REVIEWED,NOT_APPROVED
20,24,Винтовка СВДС,heavy,3921,0.0,2888,0.0,NOT_REVIEWED,NOT_APPROVED
20,23,Винтовка Т-5000,heavy,3088,0.0,1768,0.0,NOT_REVIEWED,NOT_APPROVED
20,28,Винтовка СВ-98,heavy,4517,0.0,2884,0.0,NOT_REVIEWED,NOT_APPROVED
20,36,Винтовка СВК,heavy,3077,0.0,2473,0.0,NOT_REVIEWED,NOT_APPROVED
20,30,Винтовка ВСС «Винторез»,heavy,4692,0.0,2056,0.0,NOT_REVIEWED,NOT_APPROVED
20,40,Винтовка ВСК-94,heavy,4284,0.0,665,0.0,NOT_REVIEWED,NOT_APPROVED
20,31,Винтовка СВ-338,heavy,3721,0.0,3403,0.0,NOT_REVIEWED,NOT_APPROVED
20,27,Винтовка ОРСИС T-5000M,heavy,4050,0.0,2603,0.0,NOT_REVIEWED,NOT_APPROVED
20,70,Винтовка Sako TRG-42,heavy,3958,0.0,2573,0.0,NOT_REVIEWED,NOT_APPROVED
20,76,Винтовка Blaser R93 Tactical 2,heavy,3818,0.0,3787,0.0,NOT_REVIEWED,NOT_APPROVED
20,39,Винтовка ORSIS T-5000 Sniper Pro,heavy,3843,0.0,3039,0.0,NOT_REVIEWED,NOT_APPROVED
20,60,Винтовка Accuracy International AXMC,heavy,3550,0.0,4253,0.0,NOT_REVIEWED,NOT_APPROVED
20,48,Винтовка Barrett M98B,heavy,2907,0.0,3593,0.0,NOT_REVIEWED,NOT_APPROVED
20,64,Винтовка ORSIS T-5000 Elite,heavy,4011,0.0,2603,0.0,NOT_REVIEWED,NOT_APPROVED
20,33,Винтовка «Выхлоп»,heavy,3501,0.0,2179,0.0,NOT_REVIEWED,NOT_APPROVED
20,35,Винтовка ОСВ-96,heavy,3068,0.0,1825,0.0,NOT_REVIEWED,NOT_APPROVED
20,66,Винтовка Zastava M93 Black Arrow,heavy,4343,0.0,3564,0.0,NOT_REVIEWED,NOT_APPROVED
20,52,Винтовка АСВК «Корд»,heavy,3313,0.0,3083,0.0,NOT_REVIEWED,NOT_APPROVED
20,58,Винтовка Steyr HS .50,heavy,5108,0.0,4640,0.0,NOT_REVIEWED,NOT_APPROVED
20,49,Винтовка Barrett M82,heavy,2314,0.0,3170,0.0,NOT_REVIEWED,NOT_APPROVED
20,54,Винтовка McMillan TAC-50,heavy,4482,0.0,1591,0.0,NOT_REVIEWED,NOT_APPROVED
20,72,Винтовка Desert Tech HTI,heavy,4150,0.0,1738,0.0,NOT_REVIEWED,NOT_APPROVED
20,78,Винтовка Cheytac M200 Intervention,heavy,2692,0.0,1715,0.0,NOT_REVIEWED,NOT_APPROVED
20,73,Прототип X-17,heavy,2989,0.0,1506,0.0,NOT_REVIEWED,NOT_APPROVED
20,55,Гаусс-пушка,heavy,5896,0.0,2912,0.0,NOT_REVIEWED,NOT_APPROVED
20,4,Обрез охотничьего ружья,heavy,7673,0.0,4421,0.0,NOT_REVIEWED,NOT_APPROVED
20,8,ПП «Кедр»,heavy,8579,0.0,633,0.0,NOT_REVIEWED,NOT_APPROVED
20,9,ПП-19 «Бизон»,heavy,6646,0.0,6865,0.0,NOT_REVIEWED,NOT_APPROVED
20,20,Дробовик Сайга-410,heavy,5118,0.0,2434,0.0,NOT_REVIEWED,NOT_APPROVED
20,106,Дробовик Mossberg 500,heavy,5567,0.0,5709,0.0,NOT_REVIEWED,NOT_APPROVED
20,107,Дробовик Stoeger P3000,heavy,6043,0.0,6015,0.0,NOT_REVIEWED,NOT_APPROVED
20,108,Дробовик Remington 870,heavy,5688,0.0,6006,0.0,NOT_REVIEWED,NOT_APPROVED
20,109,Дробовик Winchester Model 1300,heavy,5741,0.0,5522,0.0,NOT_REVIEWED,NOT_APPROVED
20,110,Дробовик Ithaca 37,heavy,5731,0.0,5911,0.0,NOT_REVIEWED,NOT_APPROVED
20,111,Дробовик Browning BPS,heavy,5480,0.0,5342,0.0,NOT_REVIEWED,NOT_APPROVED
20,19,Дробовик СПАС-12,heavy,5277,0.0,3749,0.0,NOT_REVIEWED,NOT_APPROVED
20,112,Дробовик Winchester SXP Defender,heavy,5113,0.0,2820,0.0,NOT_REVIEWED,NOT_APPROVED
20,113,Дробовик Mossberg 590A1,heavy,5639,0.0,5956,0.0,NOT_REVIEWED,NOT_APPROVED
20,114,Дробовик Remington 870 MCS,heavy,4223,0.0,2507,0.0,NOT_REVIEWED,NOT_APPROVED
20,32,Дробовик Сайга-12К,heavy,3522,0.0,414,0.0,NOT_REVIEWED,NOT_APPROVED
20,115,Дробовик Benelli Nova,heavy,5652,0.0,5465,0.0,NOT_REVIEWED,NOT_APPROVED
20,116,Дробовик TOZ-194,heavy,5366,0.0,3554,0.0,NOT_REVIEWED,NOT_APPROVED
20,44,Дробовик «Вепрь-12»,heavy,3955,0.0,1694,0.0,NOT_REVIEWED,NOT_APPROVED
20,117,Дробовик Remington 1100,heavy,5591,0.0,5307,0.0,NOT_REVIEWED,NOT_APPROVED
20,62,Дробовик Kel-Tec KSG,heavy,4561,0.0,705,0.0,NOT_REVIEWED,NOT_APPROVED
20,118,Дробовик Beretta 1301 Tactical,heavy,4002,0.0,2187,0.0,NOT_REVIEWED,NOT_APPROVED
20,50,Дробовик Benelli M4,heavy,4528,0.0,3685,0.0,NOT_REVIEWED,NOT_APPROVED
20,119,Дробовик Fabarm STF/12,heavy,4786,0.0,2613,0.0,NOT_REVIEWED,NOT_APPROVED
20,56,Дробовик AA-12,heavy,6157,0.0,1734,0.0,NOT_REVIEWED,NOT_APPROVED
20,120,Дробовик Winchester SX4,heavy,5735,0.0,5323,0.0,NOT_REVIEWED,NOT_APPROVED
20,121,Дробовик Browning A5,heavy,5760,0.0,5200,0.0,NOT_REVIEWED,NOT_APPROVED
20,68,Дробовик Franchi SPAS-15,heavy,4896,0.0,3958,0.0,NOT_REVIEWED,NOT_APPROVED
20,122,Дробовик Remington 870 Magnum,heavy,6830,0.0,5930,0.0,NOT_REVIEWED,NOT_APPROVED
20,123,Дробовик Benelli Vinci,heavy,5958,0.0,5278,0.0,NOT_REVIEWED,NOT_APPROVED
20,74,Дробовик USAS-12,heavy,3813,0.0,1912,0.0,NOT_REVIEWED,NOT_APPROVED
20,124,Дробовик Ithaca Mag-10,heavy,3674,0.0,1194,0.0,NOT_REVIEWED,NOT_APPROVED
20,125,Дробовик Remington SP-10,heavy,4839,0.0,967,0.0,NOT_REVIEWED,NOT_APPROVED
21,86,Beretta 21A Bobcat,pistol,7127,0.0,,,NOT_REVIEWED,NOT_APPROVED
21,2,Пистолет ПСМ,pistol,6750,0.0,,,NOT_REVIEWED,NOT_APPROVED
21,87,Walther PPK,pistol,7005,0.0,,,NOT_REVIEWED,NOT_APPROVED
21,1,Пистолет Макарова,pistol,6677,0.0,,,NOT_REVIEWED,NOT_APPROVED
21,3,Пистолет ИЖ-71,pistol,6276,0.0,,,NOT_REVIEWED,NOT_APPROVED
21,88,Glock 25,pistol,6478,0.0,,,NOT_REVIEWED,NOT_APPROVED
21,5,Пистолет ОЦ-33 «Пернач»,pistol,6689,0.0,,,NOT_REVIEWED,NOT_APPROVED
21,6,Револьвер Наган,pistol,4644,0.0,,,NOT_REVIEWED,NOT_APPROVED
21,89,Walther P99,pistol,6405,0.0,,,NOT_REVIEWED,NOT_APPROVED
21,90,CZ 75,pistol,6291,0.0,,,NOT_REVIEWED,NOT_APPROVED
21,91,Glock 17,pistol,6308,0.0,,,NOT_REVIEWED,NOT_APPROVED
21,92,Beretta 92FS,pistol,5858,0.0,,,NOT_REVIEWED,NOT_APPROVED
21,93,SIG Sauer P226,pistol,7052,0.0,,,NOT_REVIEWED,NOT_APPROVED
21,7,Пистолет ТТ,pistol,6567,0.0,,,NOT_REVIEWED,NOT_APPROVED
21,94,HK USP,pistol,6411,0.0,,,NOT_REVIEWED,NOT_APPROVED
21,95,Glock 22,pistol,6349,0.0,,,NOT_REVIEWED,NOT_APPROVED
21,96,SIG Sauer P229,pistol,6939,0.0,,,NOT_REVIEWED,NOT_APPROVED
21,97,Glock 20,pistol,6915,0.0,,,NOT_REVIEWED,NOT_APPROVED
21,98,Colt 1911,pistol,6349,0.0,,,NOT_REVIEWED,NOT_APPROVED
21,99,Glock 21,pistol,6519,0.0,,,NOT_REVIEWED,NOT_APPROVED
21,100,CZ 97B,pistol,6812,0.0,,,NOT_REVIEWED,NOT_APPROVED
21,101,HK Mark 23,pistol,5643,0.0,,,NOT_REVIEWED,NOT_APPROVED
21,102,Taurus Judge,pistol,5718,0.0,,,NOT_REVIEWED,NOT_APPROVED
21,103,Smith & Wesson Model 29,pistol,3906,0.0,,,NOT_REVIEWED,NOT_APPROVED
21,104,Taurus Raging Bull,pistol,4209,0.0,,,NOT_REVIEWED,NOT_APPROVED
21,105,Desert Eagle Mark XIX,pistol,7632,0.0,,,NOT_REVIEWED,NOT_APPROVED
21,11,Автомат АКС-74У,heavy,5943,0.0,624,0.0,NOT_REVIEWED,NOT_APPROVED
21,12,Автомат АК-74,heavy,6080,0.0,1120,0.0,NOT_REVIEWED,NOT_APPROVED
21,37,Автомат АК-107,heavy,4110,0.0,0,6.71,NOT_REVIEWED,NOT_APPROVED
21,21,Автомат АК-12,heavy,5134,0.0,0,13.0,NOT_REVIEWED,NOT_APPROVED
21,26,Автомат АН-94 «Абакан»,heavy,4230,0.0,0,4.0,NOT_REVIEWED,NOT_APPROVED
21,17,Пулемёт РПК-74,heavy,3796,0.0,44,0.0,NOT_REVIEWED,NOT_APPROVED
21,38,Автомат ADAR 2-15,heavy,5499,0.0,0,6.0,NOT_REVIEWED,NOT_APPROVED
21,45,Автомат АК-19,heavy,4424,0.0,0,1.0,NOT_REVIEWED,NOT_APPROVED
21,57,Автомат HK416,heavy,4536,0.0,2708,0.0,NOT_REVIEWED,NOT_APPROVED
21,69,Автомат CZ Bren 2,heavy,4222,0.0,748,0.0,NOT_REVIEWED,NOT_APPROVED
21,67,Пулемёт Minimi Mk3,heavy,3250,0.0,1485,0.0,NOT_REVIEWED,NOT_APPROVED
21,43,Автомат ОЦ-14 «Гроза»,heavy,4754,0.0,0,14.56,NOT_REVIEWED,NOT_APPROVED
21,16,Карабин «Вепрь»,heavy,5688,0.0,445,0.0,NOT_REVIEWED,NOT_APPROVED
21,15,Автомат АК-103,heavy,4741,0.0,193,0.0,NOT_REVIEWED,NOT_APPROVED
21,25,Пулемёт РПД,heavy,3392,0.0,0,15.03,NOT_REVIEWED,NOT_APPROVED
21,18,Автомат АС «Вал»,heavy,4473,0.0,2,0.0,NOT_REVIEWED,NOT_APPROVED
21,10,Карабин Сайга-12,heavy,6320,0.0,1038,0.0,NOT_REVIEWED,NOT_APPROVED
21,63,Автомат АК-308,heavy,4222,0.0,0,4.0,NOT_REVIEWED,NOT_APPROVED
21,51,Автомат ЛР-308,heavy,3905,0.0,0,25.0,NOT_REVIEWED,NOT_APPROVED
21,75,Автомат SCAR-H,heavy,4323,0.0,1838,0.0,NOT_REVIEWED,NOT_APPROVED
21,61,Пулемёт M60E6,heavy,3705,0.0,264,0.0,NOT_REVIEWED,NOT_APPROVED
21,59,Пулемёт M240,heavy,3572,0.0,15,0.0,NOT_REVIEWED,NOT_APPROVED
21,71,Пулемёт FN MAG,heavy,3067,0.0,0,3.0,NOT_REVIEWED,NOT_APPROVED
21,77,Пулемёт Negev NG7,heavy,3246,0.0,1700,0.0,NOT_REVIEWED,NOT_APPROVED
21,22,Пулемёт ПКМ,heavy,2352,0.0,0,12.65,NOT_REVIEWED,NOT_APPROVED
21,29,Пулемёт «Печенег»,heavy,3642,0.0,162,0.0,NOT_REVIEWED,NOT_APPROVED
21,53,Пулемёт «Печенег-СП»,heavy,3848,0.0,0,9.85,NOT_REVIEWED,NOT_APPROVED
21,47,Автомат АК-АН «Абакан-100»,heavy,3445,0.0,430,0.0,NOT_REVIEWED,NOT_APPROVED
21,65,Пулемёт «Утёс-М»,heavy,4274,0.0,1004,0.0,NOT_REVIEWED,NOT_APPROVED
21,14,Винтовка СКС,heavy,5950,0.0,3053,0.0,NOT_REVIEWED,NOT_APPROVED
21,46,Винтовка SSG 08,heavy,3459,0.0,68,0.0,NOT_REVIEWED,NOT_APPROVED
21,42,Винтовка SR-25,heavy,4012,0.0,0,17.12,NOT_REVIEWED,NOT_APPROVED
21,13,Винтовка СВД,heavy,5513,0.0,2328,0.0,NOT_REVIEWED,NOT_APPROVED
21,24,Винтовка СВДС,heavy,3921,0.0,834,0.0,NOT_REVIEWED,NOT_APPROVED
21,23,Винтовка Т-5000,heavy,3088,0.0,109,0.0,NOT_REVIEWED,NOT_APPROVED
21,28,Винтовка СВ-98,heavy,4517,0.0,977,0.0,NOT_REVIEWED,NOT_APPROVED
21,36,Винтовка СВК,heavy,3077,0.0,704,0.0,NOT_REVIEWED,NOT_APPROVED
21,30,Винтовка ВСС «Винторез»,heavy,4692,0.0,212,0.0,NOT_REVIEWED,NOT_APPROVED
21,40,Винтовка ВСК-94,heavy,4284,0.0,51,0.0,NOT_REVIEWED,NOT_APPROVED
21,31,Винтовка СВ-338,heavy,3721,0.0,1704,0.0,NOT_REVIEWED,NOT_APPROVED
21,27,Винтовка ОРСИС T-5000M,heavy,4050,0.0,527,0.0,NOT_REVIEWED,NOT_APPROVED
21,70,Винтовка Sako TRG-42,heavy,3958,0.0,539,0.0,NOT_REVIEWED,NOT_APPROVED
21,76,Винтовка Blaser R93 Tactical 2,heavy,3818,0.0,2083,0.0,NOT_REVIEWED,NOT_APPROVED
21,39,Винтовка ORSIS T-5000 Sniper Pro,heavy,3843,0.0,1820,0.0,NOT_REVIEWED,NOT_APPROVED
21,60,Винтовка Accuracy International AXMC,heavy,3550,0.0,2617,0.0,NOT_REVIEWED,NOT_APPROVED
21,48,Винтовка Barrett M98B,heavy,2907,0.0,2001,0.0,NOT_REVIEWED,NOT_APPROVED
21,64,Винтовка ORSIS T-5000 Elite,heavy,4011,0.0,1567,0.0,NOT_REVIEWED,NOT_APPROVED
21,33,Винтовка «Выхлоп»,heavy,3501,0.0,257,0.0,NOT_REVIEWED,NOT_APPROVED
21,35,Винтовка ОСВ-96,heavy,3068,0.0,1742,0.0,NOT_REVIEWED,NOT_APPROVED
21,66,Винтовка Zastava M93 Black Arrow,heavy,4343,0.0,2370,0.0,NOT_REVIEWED,NOT_APPROVED
21,52,Винтовка АСВК «Корд»,heavy,3313,0.0,1663,0.0,NOT_REVIEWED,NOT_APPROVED
21,58,Винтовка Steyr HS .50,heavy,5108,0.0,2745,0.0,NOT_REVIEWED,NOT_APPROVED
21,49,Винтовка Barrett M82,heavy,2314,0.0,2171,0.0,NOT_REVIEWED,NOT_APPROVED
21,54,Винтовка McMillan TAC-50,heavy,4482,0.0,90,0.0,NOT_REVIEWED,NOT_APPROVED
21,72,Винтовка Desert Tech HTI,heavy,4150,0.0,159,0.0,NOT_REVIEWED,NOT_APPROVED
21,78,Винтовка Cheytac M200 Intervention,heavy,2692,0.0,364,0.0,NOT_REVIEWED,NOT_APPROVED
21,73,Прототип X-17,heavy,2989,0.0,476,0.0,NOT_REVIEWED,NOT_APPROVED
21,55,Гаусс-пушка,heavy,5896,0.0,1005,0.0,NOT_REVIEWED,NOT_APPROVED
21,4,Обрез охотничьего ружья,heavy,7673,0.0,2346,0.0,NOT_REVIEWED,NOT_APPROVED
21,8,ПП «Кедр»,heavy,8543,0.0,0,5.39,NOT_REVIEWED,NOT_APPROVED
21,9,ПП-19 «Бизон»,heavy,6610,0.0,6115,0.0,NOT_REVIEWED,NOT_APPROVED
21,20,Дробовик Сайга-410,heavy,5082,0.0,468,0.0,NOT_REVIEWED,NOT_APPROVED
21,106,Дробовик Mossberg 500,heavy,5567,0.0,5312,0.0,NOT_REVIEWED,NOT_APPROVED
21,107,Дробовик Stoeger P3000,heavy,6043,0.0,4983,0.0,NOT_REVIEWED,NOT_APPROVED
21,108,Дробовик Remington 870,heavy,5688,0.0,4381,0.0,NOT_REVIEWED,NOT_APPROVED
21,109,Дробовик Winchester Model 1300,heavy,5741,0.0,4957,0.0,NOT_REVIEWED,NOT_APPROVED
21,110,Дробовик Ithaca 37,heavy,5731,0.0,4845,0.0,NOT_REVIEWED,NOT_APPROVED
21,111,Дробовик Browning BPS,heavy,5480,0.0,4833,0.0,NOT_REVIEWED,NOT_APPROVED
21,19,Дробовик СПАС-12,heavy,5248,0.0,1481,0.0,NOT_REVIEWED,NOT_APPROVED
21,112,Дробовик Winchester SXP Defender,heavy,5113,0.0,752,0.0,NOT_REVIEWED,NOT_APPROVED
21,113,Дробовик Mossberg 590A1,heavy,5639,0.0,4860,0.0,NOT_REVIEWED,NOT_APPROVED
21,114,Дробовик Remington 870 MCS,heavy,4223,0.0,600,0.0,NOT_REVIEWED,NOT_APPROVED
21,32,Дробовик Сайга-12К,heavy,3522,0.0,0,12.17,NOT_REVIEWED,NOT_APPROVED
21,115,Дробовик Benelli Nova,heavy,5652,0.0,4539,0.0,NOT_REVIEWED,NOT_APPROVED
21,116,Дробовик TOZ-194,heavy,5366,0.0,2949,0.0,NOT_REVIEWED,NOT_APPROVED
21,44,Дробовик «Вепрь-12»,heavy,3955,0.0,288,0.0,NOT_REVIEWED,NOT_APPROVED
21,117,Дробовик Remington 1100,heavy,5591,0.0,4626,0.0,NOT_REVIEWED,NOT_APPROVED
21,62,Дробовик Kel-Tec KSG,heavy,4561,0.0,0,2.0,NOT_REVIEWED,NOT_APPROVED
21,118,Дробовик Beretta 1301 Tactical,heavy,4002,0.0,285,0.0,NOT_REVIEWED,NOT_APPROVED
21,50,Дробовик Benelli M4,heavy,4528,0.0,1474,0.0,NOT_REVIEWED,NOT_APPROVED
21,119,Дробовик Fabarm STF/12,heavy,4781,0.0,605,0.0,NOT_REVIEWED,NOT_APPROVED
21,56,Дробовик AA-12,heavy,6124,0.0,400,0.0,NOT_REVIEWED,NOT_APPROVED
21,120,Дробовик Winchester SX4,heavy,5735,0.0,3975,0.0,NOT_REVIEWED,NOT_APPROVED
21,121,Дробовик Browning A5,heavy,5760,0.0,4095,0.0,NOT_REVIEWED,NOT_APPROVED
21,68,Дробовик Franchi SPAS-15,heavy,4896,0.0,1740,0.0,NOT_REVIEWED,NOT_APPROVED
21,122,Дробовик Remington 870 Magnum,heavy,6830,0.0,4291,0.0,NOT_REVIEWED,NOT_APPROVED
21,123,Дробовик Benelli Vinci,heavy,5958,0.0,4682,0.0,NOT_REVIEWED,NOT_APPROVED
21,74,Дробовик USAS-12,heavy,3813,0.0,2139,0.0,NOT_REVIEWED,NOT_APPROVED
21,124,Дробовик Ithaca Mag-10,heavy,3674,0.0,0,1.0,NOT_REVIEWED,NOT_APPROVED
21,125,Дробовик Remington SP-10,heavy,4839,0.0,0,4.0,NOT_REVIEWED,NOT_APPROVED
22,86,Beretta 21A Bobcat,pistol,7219,0.0,,,NOT_REVIEWED,NOT_APPROVED
22,2,Пистолет ПСМ,pistol,6794,0.0,,,NOT_REVIEWED,NOT_APPROVED
22,87,Walther PPK,pistol,7107,0.0,,,NOT_REVIEWED,NOT_APPROVED
22,1,Пистолет Макарова,pistol,6671,0.0,,,NOT_REVIEWED,NOT_APPROVED
22,3,Пистолет ИЖ-71,pistol,6123,0.0,,,NOT_REVIEWED,NOT_APPROVED
22,88,Glock 25,pistol,6444,0.0,,,NOT_REVIEWED,NOT_APPROVED
22,5,Пистолет ОЦ-33 «Пернач»,pistol,6725,0.0,,,NOT_REVIEWED,NOT_APPROVED
22,6,Револьвер Наган,pistol,4494,0.0,,,NOT_REVIEWED,NOT_APPROVED
22,89,Walther P99,pistol,6432,0.0,,,NOT_REVIEWED,NOT_APPROVED
22,90,CZ 75,pistol,6343,0.0,,,NOT_REVIEWED,NOT_APPROVED
22,91,Glock 17,pistol,6325,0.0,,,NOT_REVIEWED,NOT_APPROVED
22,92,Beretta 92FS,pistol,5940,0.0,,,NOT_REVIEWED,NOT_APPROVED
22,93,SIG Sauer P226,pistol,7181,0.0,,,NOT_REVIEWED,NOT_APPROVED
22,7,Пистолет ТТ,pistol,6660,0.0,,,NOT_REVIEWED,NOT_APPROVED
22,94,HK USP,pistol,6523,0.0,,,NOT_REVIEWED,NOT_APPROVED
22,95,Glock 22,pistol,6383,0.0,,,NOT_REVIEWED,NOT_APPROVED
22,96,SIG Sauer P229,pistol,7093,0.0,,,NOT_REVIEWED,NOT_APPROVED
22,97,Glock 20,pistol,6987,0.0,,,NOT_REVIEWED,NOT_APPROVED
22,98,Colt 1911,pistol,6427,0.0,,,NOT_REVIEWED,NOT_APPROVED
22,99,Glock 21,pistol,6554,0.0,,,NOT_REVIEWED,NOT_APPROVED
22,100,CZ 97B,pistol,6866,0.0,,,NOT_REVIEWED,NOT_APPROVED
22,101,HK Mark 23,pistol,5761,0.0,,,NOT_REVIEWED,NOT_APPROVED
22,102,Taurus Judge,pistol,5649,0.0,,,NOT_REVIEWED,NOT_APPROVED
22,103,Smith & Wesson Model 29,pistol,3777,0.0,,,NOT_REVIEWED,NOT_APPROVED
22,104,Taurus Raging Bull,pistol,4085,0.0,,,NOT_REVIEWED,NOT_APPROVED
22,105,Desert Eagle Mark XIX,pistol,7821,0.0,,,NOT_REVIEWED,NOT_APPROVED
22,11,Автомат АКС-74У,heavy,5901,0.0,1600,0.0,NOT_REVIEWED,NOT_APPROVED
22,12,Автомат АК-74,heavy,6103,0.0,2017,0.0,NOT_REVIEWED,NOT_APPROVED
22,37,Автомат АК-107,heavy,4110,0.0,248,0.0,NOT_REVIEWED,NOT_APPROVED
22,21,Автомат АК-12,heavy,5161,0.0,0,1.0,NOT_REVIEWED,NOT_APPROVED
22,26,Автомат АН-94 «Абакан»,heavy,4218,0.0,538,0.0,NOT_REVIEWED,NOT_APPROVED
22,17,Пулемёт РПК-74,heavy,3796,0.0,855,0.0,NOT_REVIEWED,NOT_APPROVED
22,38,Автомат ADAR 2-15,heavy,5510,0.0,264,0.0,NOT_REVIEWED,NOT_APPROVED
22,45,Автомат АК-19,heavy,4424,0.0,501,0.0,NOT_REVIEWED,NOT_APPROVED
22,57,Автомат HK416,heavy,4536,0.0,3021,0.0,NOT_REVIEWED,NOT_APPROVED
22,69,Автомат CZ Bren 2,heavy,4222,0.0,2506,0.0,NOT_REVIEWED,NOT_APPROVED
22,67,Пулемёт Minimi Mk3,heavy,3250,0.0,1253,0.0,NOT_REVIEWED,NOT_APPROVED
22,43,Автомат ОЦ-14 «Гроза»,heavy,4768,0.0,0,2.0,NOT_REVIEWED,NOT_APPROVED
22,16,Карабин «Вепрь»,heavy,5720,0.0,1340,0.0,NOT_REVIEWED,NOT_APPROVED
22,15,Автомат АК-103,heavy,4777,0.0,846,0.0,NOT_REVIEWED,NOT_APPROVED
22,25,Пулемёт РПД,heavy,3392,0.0,0,3.0,NOT_REVIEWED,NOT_APPROVED
22,18,Автомат АС «Вал»,heavy,4486,0.0,558,0.0,NOT_REVIEWED,NOT_APPROVED
22,10,Карабин Сайга-12,heavy,6323,0.0,1908,0.0,NOT_REVIEWED,NOT_APPROVED
22,63,Автомат АК-308,heavy,4222,0.0,367,0.0,NOT_REVIEWED,NOT_APPROVED
22,51,Автомат ЛР-308,heavy,3905,0.0,0,13.0,NOT_REVIEWED,NOT_APPROVED
22,75,Автомат SCAR-H,heavy,4323,0.0,2581,0.0,NOT_REVIEWED,NOT_APPROVED
22,61,Пулемёт M60E6,heavy,3705,0.0,1194,0.0,NOT_REVIEWED,NOT_APPROVED
22,59,Пулемёт M240,heavy,3572,0.0,541,0.0,NOT_REVIEWED,NOT_APPROVED
22,71,Пулемёт FN MAG,heavy,3067,0.0,439,0.0,NOT_REVIEWED,NOT_APPROVED
22,77,Пулемёт Negev NG7,heavy,3246,0.0,1041,0.0,NOT_REVIEWED,NOT_APPROVED
22,22,Пулемёт ПКМ,heavy,2352,0.0,4,0.0,NOT_REVIEWED,NOT_APPROVED
22,29,Пулемёт «Печенег»,heavy,3642,0.0,891,0.0,NOT_REVIEWED,NOT_APPROVED
22,53,Пулемёт «Печенег-СП»,heavy,3848,0.0,339,0.0,NOT_REVIEWED,NOT_APPROVED
22,47,Автомат АК-АН «Абакан-100»,heavy,3445,0.0,1530,0.0,NOT_REVIEWED,NOT_APPROVED
22,65,Пулемёт «Утёс-М»,heavy,4274,0.0,1827,0.0,NOT_REVIEWED,NOT_APPROVED
22,14,Винтовка СКС,heavy,5927,0.0,4126,0.0,NOT_REVIEWED,NOT_APPROVED
22,46,Винтовка SSG 08,heavy,3459,0.0,483,0.0,NOT_REVIEWED,NOT_APPROVED
22,42,Винтовка SR-25,heavy,4012,0.0,0,12.0,NOT_REVIEWED,NOT_APPROVED
22,13,Винтовка СВД,heavy,5513,0.0,3357,0.0,NOT_REVIEWED,NOT_APPROVED
22,24,Винтовка СВДС,heavy,3921,0.0,1538,0.0,NOT_REVIEWED,NOT_APPROVED
22,23,Винтовка Т-5000,heavy,3088,0.0,442,0.0,NOT_REVIEWED,NOT_APPROVED
22,28,Винтовка СВ-98,heavy,4517,0.0,1790,0.0,NOT_REVIEWED,NOT_APPROVED
22,36,Винтовка СВК,heavy,3077,0.0,559,0.0,NOT_REVIEWED,NOT_APPROVED
22,30,Винтовка ВСС «Винторез»,heavy,4692,0.0,833,0.0,NOT_REVIEWED,NOT_APPROVED
22,40,Винтовка ВСК-94,heavy,4284,0.0,824,0.0,NOT_REVIEWED,NOT_APPROVED
22,31,Винтовка СВ-338,heavy,3721,0.0,1368,0.0,NOT_REVIEWED,NOT_APPROVED
22,27,Винтовка ОРСИС T-5000M,heavy,4050,0.0,923,0.0,NOT_REVIEWED,NOT_APPROVED
22,70,Винтовка Sako TRG-42,heavy,3958,0.0,1350,0.0,NOT_REVIEWED,NOT_APPROVED
22,76,Винтовка Blaser R93 Tactical 2,heavy,3818,0.0,2390,0.0,NOT_REVIEWED,NOT_APPROVED
22,39,Винтовка ORSIS T-5000 Sniper Pro,heavy,3843,0.0,1152,0.0,NOT_REVIEWED,NOT_APPROVED
22,60,Винтовка Accuracy International AXMC,heavy,3550,0.0,3064,0.0,NOT_REVIEWED,NOT_APPROVED
22,48,Винтовка Barrett M98B,heavy,2907,0.0,1998,0.0,NOT_REVIEWED,NOT_APPROVED
22,64,Винтовка ORSIS T-5000 Elite,heavy,4011,0.0,3102,0.0,NOT_REVIEWED,NOT_APPROVED
22,33,Винтовка «Выхлоп»,heavy,3501,0.0,809,0.0,NOT_REVIEWED,NOT_APPROVED
22,35,Винтовка ОСВ-96,heavy,3068,0.0,2339,0.0,NOT_REVIEWED,NOT_APPROVED
22,66,Винтовка Zastava M93 Black Arrow,heavy,4343,0.0,3096,0.0,NOT_REVIEWED,NOT_APPROVED
22,52,Винтовка АСВК «Корд»,heavy,3313,0.0,787,0.0,NOT_REVIEWED,NOT_APPROVED
22,58,Винтовка Steyr HS .50,heavy,5108,0.0,3549,0.0,NOT_REVIEWED,NOT_APPROVED
22,49,Винтовка Barrett M82,heavy,2314,0.0,1577,0.0,NOT_REVIEWED,NOT_APPROVED
22,54,Винтовка McMillan TAC-50,heavy,4482,0.0,2326,0.0,NOT_REVIEWED,NOT_APPROVED
22,72,Винтовка Desert Tech HTI,heavy,4137,0.0,282,0.0,NOT_REVIEWED,NOT_APPROVED
22,78,Винтовка Cheytac M200 Intervention,heavy,2692,0.0,1718,0.0,NOT_REVIEWED,NOT_APPROVED
22,73,Прототип X-17,heavy,2855,0.0,1469,0.0,NOT_REVIEWED,NOT_APPROVED
22,55,Гаусс-пушка,heavy,5327,0.0,2712,0.0,NOT_REVIEWED,NOT_APPROVED
22,4,Обрез охотничьего ружья,heavy,7425,0.0,3581,0.0,NOT_REVIEWED,NOT_APPROVED
22,8,ПП «Кедр»,heavy,8163,0.0,502,0.0,NOT_REVIEWED,NOT_APPROVED
22,9,ПП-19 «Бизон»,heavy,6639,0.0,6867,0.0,NOT_REVIEWED,NOT_APPROVED
22,20,Дробовик Сайга-410,heavy,5118,0.0,1189,0.0,NOT_REVIEWED,NOT_APPROVED
22,106,Дробовик Mossberg 500,heavy,5567,0.0,5567,0.0,NOT_REVIEWED,NOT_APPROVED
22,107,Дробовик Stoeger P3000,heavy,6043,0.0,5591,0.0,NOT_REVIEWED,NOT_APPROVED
22,108,Дробовик Remington 870,heavy,5688,0.0,4873,0.0,NOT_REVIEWED,NOT_APPROVED
22,109,Дробовик Winchester Model 1300,heavy,5741,0.0,5342,0.0,NOT_REVIEWED,NOT_APPROVED
22,110,Дробовик Ithaca 37,heavy,5731,0.0,5316,0.0,NOT_REVIEWED,NOT_APPROVED
22,111,Дробовик Browning BPS,heavy,5480,0.0,5344,0.0,NOT_REVIEWED,NOT_APPROVED
22,19,Дробовик СПАС-12,heavy,5277,0.0,2326,0.0,NOT_REVIEWED,NOT_APPROVED
22,112,Дробовик Winchester SXP Defender,heavy,5113,0.0,1302,0.0,NOT_REVIEWED,NOT_APPROVED
22,113,Дробовик Mossberg 590A1,heavy,5639,0.0,5296,0.0,NOT_REVIEWED,NOT_APPROVED
22,114,Дробовик Remington 870 MCS,heavy,4223,0.0,1401,0.0,NOT_REVIEWED,NOT_APPROVED
22,32,Дробовик Сайга-12К,heavy,3522,0.0,6,0.0,NOT_REVIEWED,NOT_APPROVED
22,115,Дробовик Benelli Nova,heavy,5652,0.0,5183,0.0,NOT_REVIEWED,NOT_APPROVED
22,116,Дробовик TOZ-194,heavy,5366,0.0,3645,0.0,NOT_REVIEWED,NOT_APPROVED
22,44,Дробовик «Вепрь-12»,heavy,3955,0.0,884,0.0,NOT_REVIEWED,NOT_APPROVED
22,117,Дробовик Remington 1100,heavy,5591,0.0,5200,0.0,NOT_REVIEWED,NOT_APPROVED
22,62,Дробовик Kel-Tec KSG,heavy,4561,0.0,217,0.0,NOT_REVIEWED,NOT_APPROVED
22,118,Дробовик Beretta 1301 Tactical,heavy,4002,0.0,856,0.0,NOT_REVIEWED,NOT_APPROVED
22,50,Дробовик Benelli M4,heavy,4528,0.0,1978,0.0,NOT_REVIEWED,NOT_APPROVED
22,119,Дробовик Fabarm STF/12,heavy,4786,0.0,1243,0.0,NOT_REVIEWED,NOT_APPROVED
22,56,Дробовик AA-12,heavy,6137,0.0,121,0.0,NOT_REVIEWED,NOT_APPROVED
22,120,Дробовик Winchester SX4,heavy,5735,0.0,4852,0.0,NOT_REVIEWED,NOT_APPROVED
22,121,Дробовик Browning A5,heavy,5760,0.0,4861,0.0,NOT_REVIEWED,NOT_APPROVED
22,68,Дробовик Franchi SPAS-15,heavy,4894,0.0,2035,0.0,NOT_REVIEWED,NOT_APPROVED
22,122,Дробовик Remington 870 Magnum,heavy,6830,0.0,5135,0.0,NOT_REVIEWED,NOT_APPROVED
22,123,Дробовик Benelli Vinci,heavy,5958,0.0,5243,0.0,NOT_REVIEWED,NOT_APPROVED
22,74,Дробовик USAS-12,heavy,3813,0.0,3345,0.0,NOT_REVIEWED,NOT_APPROVED
22,124,Дробовик Ithaca Mag-10,heavy,3674,0.0,541,0.0,NOT_REVIEWED,NOT_APPROVED
22,125,Дробовик Remington SP-10,heavy,4839,0.0,293,0.0,NOT_REVIEWED,NOT_APPROVED
23,86,Beretta 21A Bobcat,pistol,7432,0.0,,,NOT_REVIEWED,NOT_APPROVED
23,2,Пистолет ПСМ,pistol,7014,0.0,,,NOT_REVIEWED,NOT_APPROVED
23,87,Walther PPK,pistol,7325,0.0,,,NOT_REVIEWED,NOT_APPROVED
23,1,Пистолет Макарова,pistol,6899,0.0,,,NOT_REVIEWED,NOT_APPROVED
23,3,Пистолет ИЖ-71,pistol,6434,0.0,,,NOT_REVIEWED,NOT_APPROVED
23,88,Glock 25,pistol,6715,0.0,,,NOT_REVIEWED,NOT_APPROVED
23,5,Пистолет ОЦ-33 «Пернач»,pistol,6952,0.0,,,NOT_REVIEWED,NOT_APPROVED
23,6,Револьвер Наган,pistol,4839,0.0,,,NOT_REVIEWED,NOT_APPROVED
23,89,Walther P99,pistol,6647,0.0,,,NOT_REVIEWED,NOT_APPROVED
23,90,CZ 75,pistol,6514,0.0,,,NOT_REVIEWED,NOT_APPROVED
23,91,Glock 17,pistol,6518,0.0,,,NOT_REVIEWED,NOT_APPROVED
23,92,Beretta 92FS,pistol,6145,0.0,,,NOT_REVIEWED,NOT_APPROVED
23,93,SIG Sauer P226,pistol,7318,0.0,,,NOT_REVIEWED,NOT_APPROVED
23,7,Пистолет ТТ,pistol,6895,0.0,,,NOT_REVIEWED,NOT_APPROVED
23,94,HK USP,pistol,6694,0.0,,,NOT_REVIEWED,NOT_APPROVED
23,95,Glock 22,pistol,6542,0.0,,,NOT_REVIEWED,NOT_APPROVED
23,96,SIG Sauer P229,pistol,7280,0.0,,,NOT_REVIEWED,NOT_APPROVED
23,97,Glock 20,pistol,7143,0.0,,,NOT_REVIEWED,NOT_APPROVED
23,98,Colt 1911,pistol,6669,0.0,,,NOT_REVIEWED,NOT_APPROVED
23,99,Glock 21,pistol,6720,0.0,,,NOT_REVIEWED,NOT_APPROVED
23,100,CZ 97B,pistol,7073,0.0,,,NOT_REVIEWED,NOT_APPROVED
23,101,HK Mark 23,pistol,5923,0.0,,,NOT_REVIEWED,NOT_APPROVED
23,102,Taurus Judge,pistol,5877,0.0,,,NOT_REVIEWED,NOT_APPROVED
23,103,Smith & Wesson Model 29,pistol,4059,0.0,,,NOT_REVIEWED,NOT_APPROVED
23,104,Taurus Raging Bull,pistol,4406,0.0,,,NOT_REVIEWED,NOT_APPROVED
23,105,Desert Eagle Mark XIX,pistol,8146,0.0,,,NOT_REVIEWED,NOT_APPROVED
23,11,Автомат АКС-74У,heavy,5987,0.0,1721,0.0,NOT_REVIEWED,NOT_APPROVED
23,12,Автомат АК-74,heavy,6085,0.0,1645,0.0,NOT_REVIEWED,NOT_APPROVED
23,37,Автомат АК-107,heavy,4103,0.0,95,0.0,NOT_REVIEWED,NOT_APPROVED
23,21,Автомат АК-12,heavy,5161,0.0,39,0.0,NOT_REVIEWED,NOT_APPROVED
23,26,Автомат АН-94 «Абакан»,heavy,4230,0.0,537,0.0,NOT_REVIEWED,NOT_APPROVED
23,17,Пулемёт РПК-74,heavy,3796,0.0,672,0.0,NOT_REVIEWED,NOT_APPROVED
23,38,Автомат ADAR 2-15,heavy,5532,0.0,44,0.0,NOT_REVIEWED,NOT_APPROVED
23,45,Автомат АК-19,heavy,4428,0.0,312,0.0,NOT_REVIEWED,NOT_APPROVED
23,57,Автомат HK416,heavy,4536,0.0,2356,0.0,NOT_REVIEWED,NOT_APPROVED
23,69,Автомат CZ Bren 2,heavy,4222,0.0,2760,0.0,NOT_REVIEWED,NOT_APPROVED
23,67,Пулемёт Minimi Mk3,heavy,3247,0.0,748,0.0,NOT_REVIEWED,NOT_APPROVED
23,43,Автомат ОЦ-14 «Гроза»,heavy,4768,0.0,0,7.0,NOT_REVIEWED,NOT_APPROVED
23,16,Карабин «Вепрь»,heavy,5720,0.0,1076,0.0,NOT_REVIEWED,NOT_APPROVED
23,15,Автомат АК-103,heavy,4777,0.0,719,0.0,NOT_REVIEWED,NOT_APPROVED
23,25,Пулемёт РПД,heavy,3392,0.0,0,1.0,NOT_REVIEWED,NOT_APPROVED
23,18,Автомат АС «Вал»,heavy,4477,0.0,352,0.0,NOT_REVIEWED,NOT_APPROVED
23,10,Карабин Сайга-12,heavy,6356,0.0,1735,0.0,NOT_REVIEWED,NOT_APPROVED
23,63,Автомат АК-308,heavy,4222,0.0,158,0.0,NOT_REVIEWED,NOT_APPROVED
23,51,Автомат ЛР-308,heavy,3905,0.0,0,17.09,NOT_REVIEWED,NOT_APPROVED
23,75,Автомат SCAR-H,heavy,4323,0.0,1849,0.0,NOT_REVIEWED,NOT_APPROVED
23,61,Пулемёт M60E6,heavy,3710,0.0,777,0.0,NOT_REVIEWED,NOT_APPROVED
23,59,Пулемёт M240,heavy,3572,0.0,254,0.0,NOT_REVIEWED,NOT_APPROVED
23,71,Пулемёт FN MAG,heavy,3067,0.0,354,0.0,NOT_REVIEWED,NOT_APPROVED
23,77,Пулемёт Negev NG7,heavy,3252,0.0,543,0.0,NOT_REVIEWED,NOT_APPROVED
23,22,Пулемёт ПКМ,heavy,2352,0.0,389,0.0,NOT_REVIEWED,NOT_APPROVED
23,29,Пулемёт «Печенег»,heavy,3642,0.0,689,0.0,NOT_REVIEWED,NOT_APPROVED
23,53,Пулемёт «Печенег-СП»,heavy,3860,0.0,400,0.0,NOT_REVIEWED,NOT_APPROVED
23,47,Автомат АК-АН «Абакан-100»,heavy,3445,0.0,934,0.0,NOT_REVIEWED,NOT_APPROVED
23,65,Пулемёт «Утёс-М»,heavy,4263,0.0,1374,0.0,NOT_REVIEWED,NOT_APPROVED
23,14,Винтовка СКС,heavy,5937,0.0,3715,0.0,NOT_REVIEWED,NOT_APPROVED
23,46,Винтовка SSG 08,heavy,3465,0.0,258,0.0,NOT_REVIEWED,NOT_APPROVED
23,42,Винтовка SR-25,heavy,4012,0.0,0,17.69,NOT_REVIEWED,NOT_APPROVED
23,13,Винтовка СВД,heavy,5513,0.0,2926,0.0,NOT_REVIEWED,NOT_APPROVED
23,24,Винтовка СВДС,heavy,3926,0.0,1245,0.0,NOT_REVIEWED,NOT_APPROVED
23,23,Винтовка Т-5000,heavy,3088,0.0,212,0.0,NOT_REVIEWED,NOT_APPROVED
23,28,Винтовка СВ-98,heavy,4529,0.0,1487,0.0,NOT_REVIEWED,NOT_APPROVED
23,36,Винтовка СВК,heavy,3077,0.0,225,0.0,NOT_REVIEWED,NOT_APPROVED
23,30,Винтовка ВСС «Винторез»,heavy,4704,0.0,743,0.0,NOT_REVIEWED,NOT_APPROVED
23,40,Винтовка ВСК-94,heavy,4269,0.0,627,0.0,NOT_REVIEWED,NOT_APPROVED
23,31,Винтовка СВ-338,heavy,3720,0.0,1175,0.0,NOT_REVIEWED,NOT_APPROVED
23,27,Винтовка ОРСИС T-5000M,heavy,4045,0.0,696,0.0,NOT_REVIEWED,NOT_APPROVED
23,70,Винтовка Sako TRG-42,heavy,4000,0.0,1062,0.0,NOT_REVIEWED,NOT_APPROVED
23,76,Винтовка Blaser R93 Tactical 2,heavy,3795,0.0,2053,0.0,NOT_REVIEWED,NOT_APPROVED
23,39,Винтовка ORSIS T-5000 Sniper Pro,heavy,3825,0.0,906,0.0,NOT_REVIEWED,NOT_APPROVED
23,60,Винтовка Accuracy International AXMC,heavy,3551,0.0,2805,0.0,NOT_REVIEWED,NOT_APPROVED
23,48,Винтовка Barrett M98B,heavy,2913,0.0,1429,0.0,NOT_REVIEWED,NOT_APPROVED
23,64,Винтовка ORSIS T-5000 Elite,heavy,4033,0.0,2928,0.0,NOT_REVIEWED,NOT_APPROVED
23,33,Винтовка «Выхлоп»,heavy,3501,0.0,558,0.0,NOT_REVIEWED,NOT_APPROVED
23,35,Винтовка ОСВ-96,heavy,3068,0.0,1708,0.0,NOT_REVIEWED,NOT_APPROVED
23,66,Винтовка Zastava M93 Black Arrow,heavy,4341,0.0,2627,0.0,NOT_REVIEWED,NOT_APPROVED
23,52,Винтовка АСВК «Корд»,heavy,3313,0.0,446,0.0,NOT_REVIEWED,NOT_APPROVED
23,58,Винтовка Steyr HS .50,heavy,5108,0.0,3141,0.0,NOT_REVIEWED,NOT_APPROVED
23,49,Винтовка Barrett M82,heavy,2314,0.0,1284,0.0,NOT_REVIEWED,NOT_APPROVED
23,54,Винтовка McMillan TAC-50,heavy,4476,0.0,2966,0.0,NOT_REVIEWED,NOT_APPROVED
23,72,Винтовка Desert Tech HTI,heavy,4147,0.0,148,0.0,NOT_REVIEWED,NOT_APPROVED
23,78,Винтовка Cheytac M200 Intervention,heavy,2697,0.0,1350,0.0,NOT_REVIEWED,NOT_APPROVED
23,73,Прототип X-17,heavy,2989,0.0,961,0.0,NOT_REVIEWED,NOT_APPROVED
23,55,Гаусс-пушка,heavy,5896,0.0,2243,0.0,NOT_REVIEWED,NOT_APPROVED
23,4,Обрез охотничьего ружья,heavy,7673,0.0,3209,0.0,NOT_REVIEWED,NOT_APPROVED
23,8,ПП «Кедр»,heavy,8579,0.0,773,0.0,NOT_REVIEWED,NOT_APPROVED
23,9,ПП-19 «Бизон»,heavy,6646,0.0,6536,0.0,NOT_REVIEWED,NOT_APPROVED
23,20,Дробовик Сайга-410,heavy,5123,0.0,1007,0.0,NOT_REVIEWED,NOT_APPROVED
23,106,Дробовик Mossberg 500,heavy,5554,0.0,5316,0.0,NOT_REVIEWED,NOT_APPROVED
23,107,Дробовик Stoeger P3000,heavy,6057,0.0,5156,0.0,NOT_REVIEWED,NOT_APPROVED
23,108,Дробовик Remington 870,heavy,5688,0.0,4362,0.0,NOT_REVIEWED,NOT_APPROVED
23,109,Дробовик Winchester Model 1300,heavy,5741,0.0,5083,0.0,NOT_REVIEWED,NOT_APPROVED
23,110,Дробовик Ithaca 37,heavy,5710,0.0,4877,0.0,NOT_REVIEWED,NOT_APPROVED
23,111,Дробовик Browning BPS,heavy,5494,0.0,5143,0.0,NOT_REVIEWED,NOT_APPROVED
23,19,Дробовик СПАС-12,heavy,5277,0.0,1857,0.0,NOT_REVIEWED,NOT_APPROVED
23,112,Дробовик Winchester SXP Defender,heavy,5113,0.0,824,0.0,NOT_REVIEWED,NOT_APPROVED
23,113,Дробовик Mossberg 590A1,heavy,5631,0.0,4852,0.0,NOT_REVIEWED,NOT_APPROVED
23,114,Дробовик Remington 870 MCS,heavy,4217,0.0,1063,0.0,NOT_REVIEWED,NOT_APPROVED
23,32,Дробовик Сайга-12К,heavy,3522,0.0,0,5.0,NOT_REVIEWED,NOT_APPROVED
23,115,Дробовик Benelli Nova,heavy,5652,0.0,4894,0.0,NOT_REVIEWED,NOT_APPROVED
23,116,Дробовик TOZ-194,heavy,5366,0.0,3498,0.0,NOT_REVIEWED,NOT_APPROVED
23,44,Дробовик «Вепрь-12»,heavy,3955,0.0,641,0.0,NOT_REVIEWED,NOT_APPROVED
23,117,Дробовик Remington 1100,heavy,5591,0.0,5010,0.0,NOT_REVIEWED,NOT_APPROVED
23,62,Дробовик Kel-Tec KSG,heavy,4561,0.0,40,0.0,NOT_REVIEWED,NOT_APPROVED
23,118,Дробовик Beretta 1301 Tactical,heavy,4013,0.0,622,0.0,NOT_REVIEWED,NOT_APPROVED
23,50,Дробовик Benelli M4,heavy,4532,0.0,1577,0.0,NOT_REVIEWED,NOT_APPROVED
23,119,Дробовик Fabarm STF/12,heavy,4770,0.0,912,0.0,NOT_REVIEWED,NOT_APPROVED
23,56,Дробовик AA-12,heavy,6183,0.0,10,0.0,NOT_REVIEWED,NOT_APPROVED
23,120,Дробовик Winchester SX4,heavy,5735,0.0,4389,0.0,NOT_REVIEWED,NOT_APPROVED
23,121,Дробовик Browning A5,heavy,5760,0.0,4540,0.0,NOT_REVIEWED,NOT_APPROVED
23,68,Дробовик Franchi SPAS-15,heavy,4908,0.0,1365,0.0,NOT_REVIEWED,NOT_APPROVED
23,122,Дробовик Remington 870 Magnum,heavy,6805,0.0,4653,0.0,NOT_REVIEWED,NOT_APPROVED
23,123,Дробовик Benelli Vinci,heavy,5958,0.0,5022,0.0,NOT_REVIEWED,NOT_APPROVED
23,74,Дробовик USAS-12,heavy,3819,0.0,3195,0.0,NOT_REVIEWED,NOT_APPROVED
23,124,Дробовик Ithaca Mag-10,heavy,3669,0.0,318,0.0,NOT_REVIEWED,NOT_APPROVED
23,125,Дробовик Remington SP-10,heavy,4839,0.0,74,0.0,NOT_REVIEWED,NOT_APPROVED
24,86,Beretta 21A Bobcat,pistol,7724,0.0,,,NOT_REVIEWED,NOT_APPROVED
24,2,Пистолет ПСМ,pistol,6999,0.0,,,NOT_REVIEWED,NOT_APPROVED
24,87,Walther PPK,pistol,7389,0.0,,,NOT_REVIEWED,NOT_APPROVED
24,1,Пистолет Макарова,pistol,6883,0.0,,,NOT_REVIEWED,NOT_APPROVED
24,3,Пистолет ИЖ-71,pistol,6291,0.0,,,NOT_REVIEWED,NOT_APPROVED
24,88,Glock 25,pistol,6740,0.0,,,NOT_REVIEWED,NOT_APPROVED
24,5,Пистолет ОЦ-33 «Пернач»,pistol,7050,0.0,,,NOT_REVIEWED,NOT_APPROVED
24,6,Револьвер Наган,pistol,4807,0.0,,,NOT_REVIEWED,NOT_APPROVED
24,89,Walther P99,pistol,6730,0.0,,,NOT_REVIEWED,NOT_APPROVED
24,90,CZ 75,pistol,6572,0.0,,,NOT_REVIEWED,NOT_APPROVED
24,91,Glock 17,pistol,6614,0.0,,,NOT_REVIEWED,NOT_APPROVED
24,92,Beretta 92FS,pistol,6415,0.0,,,NOT_REVIEWED,NOT_APPROVED
24,93,SIG Sauer P226,pistol,7466,0.0,,,NOT_REVIEWED,NOT_APPROVED
24,7,Пистолет ТТ,pistol,7091,0.0,,,NOT_REVIEWED,NOT_APPROVED
24,94,HK USP,pistol,6837,0.0,,,NOT_REVIEWED,NOT_APPROVED
24,95,Glock 22,pistol,6693,0.0,,,NOT_REVIEWED,NOT_APPROVED
24,96,SIG Sauer P229,pistol,7448,0.0,,,NOT_REVIEWED,NOT_APPROVED
24,97,Glock 20,pistol,7319,0.0,,,NOT_REVIEWED,NOT_APPROVED
24,98,Colt 1911,pistol,6843,0.0,,,NOT_REVIEWED,NOT_APPROVED
24,99,Glock 21,pistol,6876,0.0,,,NOT_REVIEWED,NOT_APPROVED
24,100,CZ 97B,pistol,7305,0.0,,,NOT_REVIEWED,NOT_APPROVED
24,101,HK Mark 23,pistol,6224,0.0,,,NOT_REVIEWED,NOT_APPROVED
24,102,Taurus Judge,pistol,5917,0.0,,,NOT_REVIEWED,NOT_APPROVED
24,103,Smith & Wesson Model 29,pistol,4241,0.0,,,NOT_REVIEWED,NOT_APPROVED
24,104,Taurus Raging Bull,pistol,4590,0.0,,,NOT_REVIEWED,NOT_APPROVED
24,105,Desert Eagle Mark XIX,pistol,8019,0.0,,,NOT_REVIEWED,NOT_APPROVED
24,11,Автомат АКС-74У,heavy,5987,0.0,506,0.0,NOT_REVIEWED,NOT_APPROVED
24,12,Автомат АК-74,heavy,6085,0.0,913,0.0,NOT_REVIEWED,NOT_APPROVED
24,37,Автомат АК-107,heavy,4103,0.0,0,6.0,NOT_REVIEWED,NOT_APPROVED
24,21,Автомат АК-12,heavy,5161,0.0,0,6.0,NOT_REVIEWED,NOT_APPROVED
24,26,Автомат АН-94 «Абакан»,heavy,4230,0.0,122,0.0,NOT_REVIEWED,NOT_APPROVED
24,17,Пулемёт РПК-74,heavy,3796,0.0,364,0.0,NOT_REVIEWED,NOT_APPROVED
24,38,Автомат ADAR 2-15,heavy,5532,0.0,95,0.0,NOT_REVIEWED,NOT_APPROVED
24,45,Автомат АК-19,heavy,4428,0.0,12,0.0,NOT_REVIEWED,NOT_APPROVED
24,57,Автомат HK416,heavy,4536,0.0,0,10.0,NOT_REVIEWED,NOT_APPROVED
24,69,Автомат CZ Bren 2,heavy,4222,0.0,0,3.0,NOT_REVIEWED,NOT_APPROVED
24,67,Пулемёт Minimi Mk3,heavy,3247,0.0,2083,0.0,NOT_REVIEWED,NOT_APPROVED
24,43,Автомат ОЦ-14 «Гроза»,heavy,4768,0.0,0,53.34,NOT_REVIEWED,NOT_APPROVED
24,16,Карабин «Вепрь»,heavy,5720,0.0,66,0.0,NOT_REVIEWED,NOT_APPROVED
24,15,Автомат АК-103,heavy,4777,0.0,145,0.0,NOT_REVIEWED,NOT_APPROVED
24,25,Пулемёт РПД,heavy,3392,0.0,0,9.0,NOT_REVIEWED,NOT_APPROVED
24,18,Автомат АС «Вал»,heavy,4477,0.0,40,0.0,NOT_REVIEWED,NOT_APPROVED
24,10,Карабин Сайга-12,heavy,6356,0.0,1242,0.0,NOT_REVIEWED,NOT_APPROVED
24,63,Автомат АК-308,heavy,4222,0.0,0,7.0,NOT_REVIEWED,NOT_APPROVED
24,51,Автомат ЛР-308,heavy,3905,0.0,0,17.0,NOT_REVIEWED,NOT_APPROVED
24,75,Автомат SCAR-H,heavy,4323,0.0,0,20.81,NOT_REVIEWED,NOT_APPROVED
24,61,Пулемёт M60E6,heavy,3710,0.0,2182,0.0,NOT_REVIEWED,NOT_APPROVED
24,59,Пулемёт M240,heavy,3572,0.0,872,0.0,NOT_REVIEWED,NOT_APPROVED
24,71,Пулемёт FN MAG,heavy,3067,0.0,1738,0.0,NOT_REVIEWED,NOT_APPROVED
24,77,Пулемёт Negev NG7,heavy,3252,0.0,1087,0.0,NOT_REVIEWED,NOT_APPROVED
24,22,Пулемёт ПКМ,heavy,2352,0.0,6,0.0,NOT_REVIEWED,NOT_APPROVED
24,29,Пулемёт «Печенег»,heavy,3642,0.0,126,0.0,NOT_REVIEWED,NOT_APPROVED
24,53,Пулемёт «Печенег-СП»,heavy,3860,0.0,1487,0.0,NOT_REVIEWED,NOT_APPROVED
24,47,Автомат АК-АН «Абакан-100»,heavy,3445,0.0,599,0.0,NOT_REVIEWED,NOT_APPROVED
24,65,Пулемёт «Утёс-М»,heavy,4263,0.0,2362,0.0,NOT_REVIEWED,NOT_APPROVED
24,14,Винтовка СКС,heavy,5937,0.0,2596,0.0,NOT_REVIEWED,NOT_APPROVED
24,46,Винтовка SSG 08,heavy,3465,0.0,951,0.0,NOT_REVIEWED,NOT_APPROVED
24,42,Винтовка SR-25,heavy,4012,0.0,0,9.06,NOT_REVIEWED,NOT_APPROVED
24,13,Винтовка СВД,heavy,5513,0.0,1899,0.0,NOT_REVIEWED,NOT_APPROVED
24,24,Винтовка СВДС,heavy,3926,0.0,1112,0.0,NOT_REVIEWED,NOT_APPROVED
24,23,Винтовка Т-5000,heavy,3088,0.0,406,0.0,NOT_REVIEWED,NOT_APPROVED
24,28,Винтовка СВ-98,heavy,4529,0.0,534,0.0,NOT_REVIEWED,NOT_APPROVED
24,36,Винтовка СВК,heavy,3077,0.0,2366,0.0,NOT_REVIEWED,NOT_APPROVED
24,30,Винтовка ВСС «Винторез»,heavy,4704,0.0,625,0.0,NOT_REVIEWED,NOT_APPROVED
24,40,Винтовка ВСК-94,heavy,4269,0.0,0,12.0,NOT_REVIEWED,NOT_APPROVED
24,31,Винтовка СВ-338,heavy,3720,0.0,1956,0.0,NOT_REVIEWED,NOT_APPROVED
24,27,Винтовка ОРСИС T-5000M,heavy,4045,0.0,1144,0.0,NOT_REVIEWED,NOT_APPROVED
24,70,Винтовка Sako TRG-42,heavy,4000,0.0,1561,0.0,NOT_REVIEWED,NOT_APPROVED
24,76,Винтовка Blaser R93 Tactical 2,heavy,3795,0.0,963,0.0,NOT_REVIEWED,NOT_APPROVED
24,39,Винтовка ORSIS T-5000 Sniper Pro,heavy,3825,0.0,1444,0.0,NOT_REVIEWED,NOT_APPROVED
24,60,Винтовка Accuracy International AXMC,heavy,3551,0.0,716,0.0,NOT_REVIEWED,NOT_APPROVED
24,48,Винтовка Barrett M98B,heavy,2913,0.0,775,0.0,NOT_REVIEWED,NOT_APPROVED
24,64,Винтовка ORSIS T-5000 Elite,heavy,4033,0.0,362,0.0,NOT_REVIEWED,NOT_APPROVED
24,33,Винтовка «Выхлоп»,heavy,3501,0.0,810,0.0,NOT_REVIEWED,NOT_APPROVED
24,35,Винтовка ОСВ-96,heavy,3068,0.0,236,0.0,NOT_REVIEWED,NOT_APPROVED
24,66,Винтовка Zastava M93 Black Arrow,heavy,4341,0.0,583,0.0,NOT_REVIEWED,NOT_APPROVED
24,52,Винтовка АСВК «Корд»,heavy,3313,0.0,1789,0.0,NOT_REVIEWED,NOT_APPROVED
24,58,Винтовка Steyr HS .50,heavy,5108,0.0,3082,0.0,NOT_REVIEWED,NOT_APPROVED
24,49,Винтовка Barrett M82,heavy,2314,0.0,873,0.0,NOT_REVIEWED,NOT_APPROVED
24,54,Винтовка McMillan TAC-50,heavy,4476,0.0,202,0.0,NOT_REVIEWED,NOT_APPROVED
24,72,Винтовка Desert Tech HTI,heavy,4147,0.0,354,0.0,NOT_REVIEWED,NOT_APPROVED
24,78,Винтовка Cheytac M200 Intervention,heavy,2697,0.0,1743,0.0,NOT_REVIEWED,NOT_APPROVED
24,73,Прототип X-17,heavy,2989,0.0,0,6.4,NOT_REVIEWED,NOT_APPROVED
24,55,Гаусс-пушка,heavy,5896,0.0,828,0.0,NOT_REVIEWED,NOT_APPROVED
24,4,Обрез охотничьего ружья,heavy,7673,0.0,1817,0.0,NOT_REVIEWED,NOT_APPROVED
24,8,ПП «Кедр»,heavy,8579,0.0,0,28.18,NOT_REVIEWED,NOT_APPROVED
24,9,ПП-19 «Бизон»,heavy,6646,0.0,3700,0.0,NOT_REVIEWED,NOT_APPROVED
24,20,Дробовик Сайга-410,heavy,5123,0.0,436,0.0,NOT_REVIEWED,NOT_APPROVED
24,106,Дробовик Mossberg 500,heavy,5554,0.0,5385,0.0,NOT_REVIEWED,NOT_APPROVED
24,107,Дробовик Stoeger P3000,heavy,6057,0.0,5260,0.0,NOT_REVIEWED,NOT_APPROVED
24,108,Дробовик Remington 870,heavy,5688,0.0,4733,0.0,NOT_REVIEWED,NOT_APPROVED
24,109,Дробовик Winchester Model 1300,heavy,5741,0.0,4827,0.0,NOT_REVIEWED,NOT_APPROVED
24,110,Дробовик Ithaca 37,heavy,5710,0.0,4801,0.0,NOT_REVIEWED,NOT_APPROVED
24,111,Дробовик Browning BPS,heavy,5494,0.0,4368,0.0,NOT_REVIEWED,NOT_APPROVED
24,19,Дробовик СПАС-12,heavy,5277,0.0,2049,0.0,NOT_REVIEWED,NOT_APPROVED
24,112,Дробовик Winchester SXP Defender,heavy,5113,0.0,1176,0.0,NOT_REVIEWED,NOT_APPROVED
24,113,Дробовик Mossberg 590A1,heavy,5631,0.0,5211,0.0,NOT_REVIEWED,NOT_APPROVED
24,114,Дробовик Remington 870 MCS,heavy,4217,0.0,532,0.0,NOT_REVIEWED,NOT_APPROVED
24,32,Дробовик Сайга-12К,heavy,3522,0.0,0,8.94,NOT_REVIEWED,NOT_APPROVED
24,115,Дробовик Benelli Nova,heavy,5652,0.0,4755,0.0,NOT_REVIEWED,NOT_APPROVED
24,116,Дробовик TOZ-194,heavy,5366,0.0,2669,0.0,NOT_REVIEWED,NOT_APPROVED
24,44,Дробовик «Вепрь-12»,heavy,3955,0.0,75,0.0,NOT_REVIEWED,NOT_APPROVED
24,117,Дробовик Remington 1100,heavy,5591,0.0,4102,0.0,NOT_REVIEWED,NOT_APPROVED
24,62,Дробовик Kel-Tec KSG,heavy,4561,0.0,0,11.18,NOT_REVIEWED,NOT_APPROVED
24,118,Дробовик Beretta 1301 Tactical,heavy,4013,0.0,519,0.0,NOT_REVIEWED,NOT_APPROVED
24,50,Дробовик Benelli M4,heavy,4532,0.0,1337,0.0,NOT_REVIEWED,NOT_APPROVED
24,119,Дробовик Fabarm STF/12,heavy,4770,0.0,548,0.0,NOT_REVIEWED,NOT_APPROVED
24,56,Дробовик AA-12,heavy,6183,0.0,846,0.0,NOT_REVIEWED,NOT_APPROVED
24,120,Дробовик Winchester SX4,heavy,5735,0.0,3783,0.0,NOT_REVIEWED,NOT_APPROVED
24,121,Дробовик Browning A5,heavy,5760,0.0,2912,0.0,NOT_REVIEWED,NOT_APPROVED
24,68,Дробовик Franchi SPAS-15,heavy,4908,0.0,2187,0.0,NOT_REVIEWED,NOT_APPROVED
24,122,Дробовик Remington 870 Magnum,heavy,6805,0.0,4307,0.0,NOT_REVIEWED,NOT_APPROVED
24,123,Дробовик Benelli Vinci,heavy,5958,0.0,4443,0.0,NOT_REVIEWED,NOT_APPROVED
24,74,Дробовик USAS-12,heavy,3819,0.0,69,0.0,NOT_REVIEWED,NOT_APPROVED
24,124,Дробовик Ithaca Mag-10,heavy,3669,0.0,0,3.0,NOT_REVIEWED,NOT_APPROVED
24,125,Дробовик Remington SP-10,heavy,4839,0.0,0,2.0,NOT_REVIEWED,NOT_APPROVED
25,86,Beretta 21A Bobcat,pistol,7831,0.0,,,NOT_REVIEWED,NOT_APPROVED
25,2,Пистолет ПСМ,pistol,7261,0.0,,,NOT_REVIEWED,NOT_APPROVED
25,87,Walther PPK,pistol,7676,0.0,,,NOT_REVIEWED,NOT_APPROVED
25,1,Пистолет Макарова,pistol,7132,0.0,,,NOT_REVIEWED,NOT_APPROVED
25,3,Пистолет ИЖ-71,pistol,6700,0.0,,,NOT_REVIEWED,NOT_APPROVED
25,88,Glock 25,pistol,6926,0.0,,,NOT_REVIEWED,NOT_APPROVED
25,5,Пистолет ОЦ-33 «Пернач»,pistol,7201,0.0,,,NOT_REVIEWED,NOT_APPROVED
25,6,Револьвер Наган,pistol,5099,0.0,,,NOT_REVIEWED,NOT_APPROVED
25,89,Walther P99,pistol,6960,0.0,,,NOT_REVIEWED,NOT_APPROVED
25,90,CZ 75,pistol,6720,0.0,,,NOT_REVIEWED,NOT_APPROVED
25,91,Glock 17,pistol,6794,0.0,,,NOT_REVIEWED,NOT_APPROVED
25,92,Beretta 92FS,pistol,6528,0.0,,,NOT_REVIEWED,NOT_APPROVED
25,93,SIG Sauer P226,pistol,7811,0.0,,,NOT_REVIEWED,NOT_APPROVED
25,7,Пистолет ТТ,pistol,7259,0.0,,,NOT_REVIEWED,NOT_APPROVED
25,94,HK USP,pistol,7108,0.0,,,NOT_REVIEWED,NOT_APPROVED
25,95,Glock 22,pistol,6898,0.0,,,NOT_REVIEWED,NOT_APPROVED
25,96,SIG Sauer P229,pistol,7742,0.0,,,NOT_REVIEWED,NOT_APPROVED
25,97,Glock 20,pistol,7573,0.0,,,NOT_REVIEWED,NOT_APPROVED
25,98,Colt 1911,pistol,6978,0.0,,,NOT_REVIEWED,NOT_APPROVED
25,99,Glock 21,pistol,7064,0.0,,,NOT_REVIEWED,NOT_APPROVED
25,100,CZ 97B,pistol,7449,0.0,,,NOT_REVIEWED,NOT_APPROVED
25,101,HK Mark 23,pistol,6341,0.0,,,NOT_REVIEWED,NOT_APPROVED
25,102,Taurus Judge,pistol,6176,0.0,,,NOT_REVIEWED,NOT_APPROVED
25,103,Smith & Wesson Model 29,pistol,4379,0.0,,,NOT_REVIEWED,NOT_APPROVED
25,104,Taurus Raging Bull,pistol,4728,0.0,,,NOT_REVIEWED,NOT_APPROVED
25,105,Desert Eagle Mark XIX,pistol,8641,0.0,,,NOT_REVIEWED,NOT_APPROVED
25,11,Автомат АКС-74У,heavy,5987,0.0,1821,0.0,NOT_REVIEWED,NOT_APPROVED
25,12,Автомат АК-74,heavy,6085,0.0,2174,0.0,NOT_REVIEWED,NOT_APPROVED
25,37,Автомат АК-107,heavy,4103,0.0,238,0.0,NOT_REVIEWED,NOT_APPROVED
25,21,Автомат АК-12,heavy,5161,0.0,171,0.0,NOT_REVIEWED,NOT_APPROVED
25,26,Автомат АН-94 «Абакан»,heavy,4230,0.0,777,0.0,NOT_REVIEWED,NOT_APPROVED
25,17,Пулемёт РПК-74,heavy,3796,0.0,1164,0.0,NOT_REVIEWED,NOT_APPROVED
25,38,Автомат ADAR 2-15,heavy,5532,0.0,674,0.0,NOT_REVIEWED,NOT_APPROVED
25,45,Автомат АК-19,heavy,4428,0.0,691,0.0,NOT_REVIEWED,NOT_APPROVED
25,57,Автомат HK416,heavy,4536,0.0,2379,0.0,NOT_REVIEWED,NOT_APPROVED
25,69,Автомат CZ Bren 2,heavy,4222,0.0,340,0.0,NOT_REVIEWED,NOT_APPROVED
25,67,Пулемёт Minimi Mk3,heavy,3247,0.0,2420,0.0,NOT_REVIEWED,NOT_APPROVED
25,43,Автомат ОЦ-14 «Гроза»,heavy,4768,0.0,0,8.94,NOT_REVIEWED,NOT_APPROVED
25,16,Карабин «Вепрь»,heavy,5720,0.0,1315,0.0,NOT_REVIEWED,NOT_APPROVED
25,15,Автомат АК-103,heavy,4777,0.0,1111,0.0,NOT_REVIEWED,NOT_APPROVED
25,25,Пулемёт РПД,heavy,3392,0.0,0,1.41,NOT_REVIEWED,NOT_APPROVED
25,18,Автомат АС «Вал»,heavy,4477,0.0,730,0.0,NOT_REVIEWED,NOT_APPROVED
25,10,Карабин Сайга-12,heavy,6356,0.0,2309,0.0,NOT_REVIEWED,NOT_APPROVED
25,63,Автомат АК-308,heavy,4222,0.0,515,0.0,NOT_REVIEWED,NOT_APPROVED
25,51,Автомат ЛР-308,heavy,3905,0.0,0,7.0,NOT_REVIEWED,NOT_APPROVED
25,75,Автомат SCAR-H,heavy,4323,0.0,1240,0.0,NOT_REVIEWED,NOT_APPROVED
25,61,Пулемёт M60E6,heavy,3710,0.0,2168,0.0,NOT_REVIEWED,NOT_APPROVED
25,59,Пулемёт M240,heavy,3572,0.0,477,0.0,NOT_REVIEWED,NOT_APPROVED
25,71,Пулемёт FN MAG,heavy,3067,0.0,544,0.0,NOT_REVIEWED,NOT_APPROVED
25,77,Пулемёт Negev NG7,heavy,3252,0.0,1968,0.0,NOT_REVIEWED,NOT_APPROVED
25,22,Пулемёт ПКМ,heavy,2352,0.0,140,0.0,NOT_REVIEWED,NOT_APPROVED
25,29,Пулемёт «Печенег»,heavy,3642,0.0,992,0.0,NOT_REVIEWED,NOT_APPROVED
25,53,Пулемёт «Печенег-СП»,heavy,3860,0.0,502,0.0,NOT_REVIEWED,NOT_APPROVED
25,47,Автомат АК-АН «Абакан-100»,heavy,3445,0.0,1664,0.0,NOT_REVIEWED,NOT_APPROVED
25,65,Пулемёт «Утёс-М»,heavy,4263,0.0,2781,0.0,NOT_REVIEWED,NOT_APPROVED
25,14,Винтовка СКС,heavy,5937,0.0,4230,0.0,NOT_REVIEWED,NOT_APPROVED
25,46,Винтовка SSG 08,heavy,3465,0.0,1361,0.0,NOT_REVIEWED,NOT_APPROVED
25,42,Винтовка SR-25,heavy,4012,0.0,7,0.0,NOT_REVIEWED,NOT_APPROVED
25,13,Винтовка СВД,heavy,5513,0.0,3286,0.0,NOT_REVIEWED,NOT_APPROVED
25,24,Винтовка СВДС,heavy,3926,0.0,1996,0.0,NOT_REVIEWED,NOT_APPROVED
25,23,Винтовка Т-5000,heavy,3088,0.0,1146,0.0,NOT_REVIEWED,NOT_APPROVED
25,28,Винтовка СВ-98,heavy,4529,0.0,2123,0.0,NOT_REVIEWED,NOT_APPROVED
25,36,Винтовка СВК,heavy,3077,0.0,2293,0.0,NOT_REVIEWED,NOT_APPROVED
25,30,Винтовка ВСС «Винторез»,heavy,4704,0.0,1425,0.0,NOT_REVIEWED,NOT_APPROVED
25,40,Винтовка ВСК-94,heavy,4269,0.0,139,0.0,NOT_REVIEWED,NOT_APPROVED
25,31,Винтовка СВ-338,heavy,3720,0.0,2682,0.0,NOT_REVIEWED,NOT_APPROVED
25,27,Винтовка ОРСИС T-5000M,heavy,4045,0.0,1958,0.0,NOT_REVIEWED,NOT_APPROVED
25,70,Винтовка Sako TRG-42,heavy,4000,0.0,2167,0.0,NOT_REVIEWED,NOT_APPROVED
25,76,Винтовка Blaser R93 Tactical 2,heavy,3795,0.0,3192,0.0,NOT_REVIEWED,NOT_APPROVED
25,39,Винтовка ORSIS T-5000 Sniper Pro,heavy,3825,0.0,2408,0.0,NOT_REVIEWED,NOT_APPROVED
25,60,Винтовка Accuracy International AXMC,heavy,3551,0.0,3740,0.0,NOT_REVIEWED,NOT_APPROVED
25,48,Винтовка Barrett M98B,heavy,2913,0.0,3060,0.0,NOT_REVIEWED,NOT_APPROVED
25,64,Винтовка ORSIS T-5000 Elite,heavy,4033,0.0,1628,0.0,NOT_REVIEWED,NOT_APPROVED
25,33,Винтовка «Выхлоп»,heavy,3501,0.0,1539,0.0,NOT_REVIEWED,NOT_APPROVED
25,35,Винтовка ОСВ-96,heavy,3068,0.0,1590,0.0,NOT_REVIEWED,NOT_APPROVED
25,66,Винтовка Zastava M93 Black Arrow,heavy,4341,0.0,3025,0.0,NOT_REVIEWED,NOT_APPROVED
25,52,Винтовка АСВК «Корд»,heavy,3313,0.0,2796,0.0,NOT_REVIEWED,NOT_APPROVED
25,58,Винтовка Steyr HS .50,heavy,5108,0.0,4117,0.0,NOT_REVIEWED,NOT_APPROVED
25,49,Винтовка Barrett M82,heavy,2314,0.0,2928,0.0,NOT_REVIEWED,NOT_APPROVED
25,54,Винтовка McMillan TAC-50,heavy,4476,0.0,1078,0.0,NOT_REVIEWED,NOT_APPROVED
25,72,Винтовка Desert Tech HTI,heavy,4147,0.0,1251,0.0,NOT_REVIEWED,NOT_APPROVED
25,78,Винтовка Cheytac M200 Intervention,heavy,2697,0.0,1434,0.0,NOT_REVIEWED,NOT_APPROVED
25,73,Прототип X-17,heavy,2989,0.0,1094,0.0,NOT_REVIEWED,NOT_APPROVED
25,55,Гаусс-пушка,heavy,5896,0.0,2204,0.0,NOT_REVIEWED,NOT_APPROVED
25,4,Обрез охотничьего ружья,heavy,7673,0.0,3478,0.0,NOT_REVIEWED,NOT_APPROVED
25,8,ПП «Кедр»,heavy,8579,0.0,155,0.0,NOT_REVIEWED,NOT_APPROVED
25,9,ПП-19 «Бизон»,heavy,6646,0.0,6928,0.0,NOT_REVIEWED,NOT_APPROVED
25,20,Дробовик Сайга-410,heavy,5123,0.0,1687,0.0,NOT_REVIEWED,NOT_APPROVED
25,106,Дробовик Mossberg 500,heavy,5554,0.0,5627,0.0,NOT_REVIEWED,NOT_APPROVED
25,107,Дробовик Stoeger P3000,heavy,6057,0.0,5720,0.0,NOT_REVIEWED,NOT_APPROVED
25,108,Дробовик Remington 870,heavy,5688,0.0,5549,0.0,NOT_REVIEWED,NOT_APPROVED
25,109,Дробовик Winchester Model 1300,heavy,5741,0.0,5334,0.0,NOT_REVIEWED,NOT_APPROVED
25,110,Дробовик Ithaca 37,heavy,5710,0.0,5590,0.0,NOT_REVIEWED,NOT_APPROVED
25,111,Дробовик Browning BPS,heavy,5494,0.0,5140,0.0,NOT_REVIEWED,NOT_APPROVED
25,19,Дробовик СПАС-12,heavy,5277,0.0,2930,0.0,NOT_REVIEWED,NOT_APPROVED
25,112,Дробовик Winchester SXP Defender,heavy,5113,0.0,1991,0.0,NOT_REVIEWED,NOT_APPROVED
25,113,Дробовик Mossberg 590A1,heavy,5631,0.0,5649,0.0,NOT_REVIEWED,NOT_APPROVED
25,114,Дробовик Remington 870 MCS,heavy,4217,0.0,1694,0.0,NOT_REVIEWED,NOT_APPROVED
25,32,Дробовик Сайга-12К,heavy,3522,0.0,143,0.0,NOT_REVIEWED,NOT_APPROVED
25,115,Дробовик Benelli Nova,heavy,5652,0.0,5118,0.0,NOT_REVIEWED,NOT_APPROVED
25,116,Дробовик TOZ-194,heavy,5366,0.0,3154,0.0,NOT_REVIEWED,NOT_APPROVED
25,44,Дробовик «Вепрь-12»,heavy,3955,0.0,929,0.0,NOT_REVIEWED,NOT_APPROVED
25,117,Дробовик Remington 1100,heavy,5591,0.0,5043,0.0,NOT_REVIEWED,NOT_APPROVED
25,62,Дробовик Kel-Tec KSG,heavy,4561,0.0,468,0.0,NOT_REVIEWED,NOT_APPROVED
25,118,Дробовик Beretta 1301 Tactical,heavy,4013,0.0,1537,0.0,NOT_REVIEWED,NOT_APPROVED
25,50,Дробовик Benelli M4,heavy,4532,0.0,2874,0.0,NOT_REVIEWED,NOT_APPROVED
25,119,Дробовик Fabarm STF/12,heavy,4770,0.0,1829,0.0,NOT_REVIEWED,NOT_APPROVED
25,56,Дробовик AA-12,heavy,6183,0.0,1361,0.0,NOT_REVIEWED,NOT_APPROVED
25,120,Дробовик Winchester SX4,heavy,5735,0.0,4842,0.0,NOT_REVIEWED,NOT_APPROVED
25,121,Дробовик Browning A5,heavy,5760,0.0,4665,0.0,NOT_REVIEWED,NOT_APPROVED
25,68,Дробовик Franchi SPAS-15,heavy,4908,0.0,3081,0.0,NOT_REVIEWED,NOT_APPROVED
25,122,Дробовик Remington 870 Magnum,heavy,6805,0.0,5439,0.0,NOT_REVIEWED,NOT_APPROVED
25,123,Дробовик Benelli Vinci,heavy,5958,0.0,5050,0.0,NOT_REVIEWED,NOT_APPROVED
25,74,Дробовик USAS-12,heavy,3819,0.0,990,0.0,NOT_REVIEWED,NOT_APPROVED
25,124,Дробовик Ithaca Mag-10,heavy,3669,0.0,741,0.0,NOT_REVIEWED,NOT_APPROVED
25,125,Дробовик Remington SP-10,heavy,4839,0.0,580,0.0,NOT_REVIEWED,NOT_APPROVED
26,86,Beretta 21A Bobcat,pistol,7867,0.0,,,NOT_REVIEWED,NOT_APPROVED
26,2,Пистолет ПСМ,pistol,7277,0.0,,,NOT_REVIEWED,NOT_APPROVED
26,87,Walther PPK,pistol,7682,0.0,,,NOT_REVIEWED,NOT_APPROVED
26,1,Пистолет Макарова,pistol,7146,0.0,,,NOT_REVIEWED,NOT_APPROVED
26,3,Пистолет ИЖ-71,pistol,6796,0.0,,,NOT_REVIEWED,NOT_APPROVED
26,88,Glock 25,pistol,6942,0.0,,,NOT_REVIEWED,NOT_APPROVED
26,5,Пистолет ОЦ-33 «Пернач»,pistol,7216,0.0,,,NOT_REVIEWED,NOT_APPROVED
26,6,Револьвер Наган,pistol,5191,0.0,,,NOT_REVIEWED,NOT_APPROVED
26,89,Walther P99,pistol,6970,0.0,,,NOT_REVIEWED,NOT_APPROVED
26,90,CZ 75,pistol,6682,0.0,,,NOT_REVIEWED,NOT_APPROVED
26,91,Glock 17,pistol,6752,0.0,,,NOT_REVIEWED,NOT_APPROVED
26,92,Beretta 92FS,pistol,6518,0.0,,,NOT_REVIEWED,NOT_APPROVED
26,93,SIG Sauer P226,pistol,7809,0.0,,,NOT_REVIEWED,NOT_APPROVED
26,7,Пистолет ТТ,pistol,7268,0.0,,,NOT_REVIEWED,NOT_APPROVED
26,94,HK USP,pistol,7099,0.0,,,NOT_REVIEWED,NOT_APPROVED
26,95,Glock 22,pistol,6868,0.0,,,NOT_REVIEWED,NOT_APPROVED
26,96,SIG Sauer P229,pistol,7753,0.0,,,NOT_REVIEWED,NOT_APPROVED
26,97,Glock 20,pistol,7569,0.0,,,NOT_REVIEWED,NOT_APPROVED
26,98,Colt 1911,pistol,6987,0.0,,,NOT_REVIEWED,NOT_APPROVED
26,99,Glock 21,pistol,7034,0.0,,,NOT_REVIEWED,NOT_APPROVED
26,100,CZ 97B,pistol,7463,0.0,,,NOT_REVIEWED,NOT_APPROVED
26,101,HK Mark 23,pistol,6339,0.0,,,NOT_REVIEWED,NOT_APPROVED
26,102,Taurus Judge,pistol,6252,0.0,,,NOT_REVIEWED,NOT_APPROVED
26,103,Smith & Wesson Model 29,pistol,4389,0.0,,,NOT_REVIEWED,NOT_APPROVED
26,104,Taurus Raging Bull,pistol,4752,0.0,,,NOT_REVIEWED,NOT_APPROVED
26,105,Desert Eagle Mark XIX,pistol,8681,0.0,,,NOT_REVIEWED,NOT_APPROVED
26,11,Автомат АКС-74У,heavy,5496,0.0,1031,0.0,NOT_REVIEWED,NOT_APPROVED
26,12,Автомат АК-74,heavy,5912,0.0,1383,0.0,NOT_REVIEWED,NOT_APPROVED
26,37,Автомат АК-107,heavy,3911,0.0,0,1.0,NOT_REVIEWED,NOT_APPROVED
26,21,Автомат АК-12,heavy,4858,0.0,0,8.0,NOT_REVIEWED,NOT_APPROVED
26,26,Автомат АН-94 «Абакан»,heavy,4171,0.0,138,0.0,NOT_REVIEWED,NOT_APPROVED
26,17,Пулемёт РПК-74,heavy,3765,0.0,375,0.0,NOT_REVIEWED,NOT_APPROVED
26,38,Автомат ADAR 2-15,heavy,5346,0.0,0,1.0,NOT_REVIEWED,NOT_APPROVED
26,45,Автомат АК-19,heavy,4361,0.0,189,0.0,NOT_REVIEWED,NOT_APPROVED
26,57,Автомат HK416,heavy,4442,0.0,2250,0.0,NOT_REVIEWED,NOT_APPROVED
26,69,Автомат CZ Bren 2,heavy,4197,0.0,2,0.0,NOT_REVIEWED,NOT_APPROVED
26,67,Пулемёт Minimi Mk3,heavy,3250,0.0,1506,0.0,NOT_REVIEWED,NOT_APPROVED
26,43,Автомат ОЦ-14 «Гроза»,heavy,4473,0.0,0,10.05,NOT_REVIEWED,NOT_APPROVED
26,16,Карабин «Вепрь»,heavy,5517,0.0,691,0.0,NOT_REVIEWED,NOT_APPROVED
26,15,Автомат АК-103,heavy,4497,0.0,431,0.0,NOT_REVIEWED,NOT_APPROVED
26,25,Пулемёт РПД,heavy,3476,0.0,0,9.0,NOT_REVIEWED,NOT_APPROVED
26,18,Автомат АС «Вал»,heavy,4253,0.0,175,0.0,NOT_REVIEWED,NOT_APPROVED
26,10,Карабин Сайга-12,heavy,5959,0.0,1516,0.0,NOT_REVIEWED,NOT_APPROVED
26,63,Автомат АК-308,heavy,4166,0.0,55,0.0,NOT_REVIEWED,NOT_APPROVED
26,51,Автомат ЛР-308,heavy,3905,0.0,0,20.0,NOT_REVIEWED,NOT_APPROVED
26,75,Автомат SCAR-H,heavy,4255,0.0,1387,0.0,NOT_REVIEWED,NOT_APPROVED
26,61,Пулемёт M60E6,heavy,3656,0.0,1137,0.0,NOT_REVIEWED,NOT_APPROVED
26,59,Пулемёт M240,heavy,3571,0.0,142,0.0,NOT_REVIEWED,NOT_APPROVED
26,71,Пулемёт FN MAG,heavy,3067,0.0,39,0.0,NOT_REVIEWED,NOT_APPROVED
26,77,Пулемёт Negev NG7,heavy,3246,0.0,1381,0.0,NOT_REVIEWED,NOT_APPROVED
26,22,Пулемёт ПКМ,heavy,2309,0.0,0,4.0,NOT_REVIEWED,NOT_APPROVED
26,29,Пулемёт «Печенег»,heavy,3602,0.0,444,0.0,NOT_REVIEWED,NOT_APPROVED
26,53,Пулемёт «Печенег-СП»,heavy,3842,0.0,50,0.0,NOT_REVIEWED,NOT_APPROVED
26,47,Автомат АК-АН «Абакан-100»,heavy,3555,0.0,884,0.0,NOT_REVIEWED,NOT_APPROVED
26,65,Пулемёт «Утёс-М»,heavy,4274,0.0,1657,0.0,NOT_REVIEWED,NOT_APPROVED
26,14,Винтовка СКС,heavy,5950,0.0,3265,0.0,NOT_REVIEWED,NOT_APPROVED
26,46,Винтовка SSG 08,heavy,3376,0.0,606,0.0,NOT_REVIEWED,NOT_APPROVED
26,42,Винтовка SR-25,heavy,4008,0.0,0,13.0,NOT_REVIEWED,NOT_APPROVED
26,13,Винтовка СВД,heavy,5370,0.0,2469,0.0,NOT_REVIEWED,NOT_APPROVED
26,24,Винтовка СВДС,heavy,3804,0.0,1128,0.0,NOT_REVIEWED,NOT_APPROVED
26,23,Винтовка Т-5000,heavy,3088,0.0,314,0.0,NOT_REVIEWED,NOT_APPROVED
26,28,Винтовка СВ-98,heavy,4604,0.0,1355,0.0,NOT_REVIEWED,NOT_APPROVED
26,36,Винтовка СВК,heavy,3077,0.0,1301,0.0,NOT_REVIEWED,NOT_APPROVED
26,30,Винтовка ВСС «Винторез»,heavy,4742,0.0,673,0.0,NOT_REVIEWED,NOT_APPROVED
26,40,Винтовка ВСК-94,heavy,4252,0.0,198,0.0,NOT_REVIEWED,NOT_APPROVED
26,31,Винтовка СВ-338,heavy,3721,0.0,1947,0.0,NOT_REVIEWED,NOT_APPROVED
26,27,Винтовка ОРСИС T-5000M,heavy,3940,0.0,1063,0.0,NOT_REVIEWED,NOT_APPROVED
26,70,Винтовка Sako TRG-42,heavy,4021,0.0,1275,0.0,NOT_REVIEWED,NOT_APPROVED
26,76,Винтовка Blaser R93 Tactical 2,heavy,3890,0.0,2131,0.0,NOT_REVIEWED,NOT_APPROVED
26,39,Винтовка ORSIS T-5000 Sniper Pro,heavy,3843,0.0,1561,0.0,NOT_REVIEWED,NOT_APPROVED
26,60,Винтовка Accuracy International AXMC,heavy,3550,0.0,2673,0.0,NOT_REVIEWED,NOT_APPROVED
26,48,Винтовка Barrett M98B,heavy,2907,0.0,2214,0.0,NOT_REVIEWED,NOT_APPROVED
26,64,Винтовка ORSIS T-5000 Elite,heavy,4011,0.0,963,0.0,NOT_REVIEWED,NOT_APPROVED
26,33,Винтовка «Выхлоп»,heavy,3491,0.0,701,0.0,NOT_REVIEWED,NOT_APPROVED
26,35,Винтовка ОСВ-96,heavy,3178,0.0,1177,0.0,NOT_REVIEWED,NOT_APPROVED
26,66,Винтовка Zastava M93 Black Arrow,heavy,4341,0.0,2133,0.0,NOT_REVIEWED,NOT_APPROVED
26,52,Винтовка АСВК «Корд»,heavy,3313,0.0,1743,0.0,NOT_REVIEWED,NOT_APPROVED
26,58,Винтовка Steyr HS .50,heavy,5093,0.0,3030,0.0,NOT_REVIEWED,NOT_APPROVED
26,49,Винтовка Barrett M82,heavy,2365,0.0,1795,0.0,NOT_REVIEWED,NOT_APPROVED
26,54,Винтовка McMillan TAC-50,heavy,4386,0.0,263,0.0,NOT_REVIEWED,NOT_APPROVED
26,72,Винтовка Desert Tech HTI,heavy,4188,0.0,464,0.0,NOT_REVIEWED,NOT_APPROVED
26,78,Винтовка Cheytac M200 Intervention,heavy,2692,0.0,758,0.0,NOT_REVIEWED,NOT_APPROVED
26,73,Прототип X-17,heavy,2983,0.0,663,0.0,NOT_REVIEWED,NOT_APPROVED
26,55,Гаусс-пушка,heavy,5531,0.0,1428,0.0,NOT_REVIEWED,NOT_APPROVED
26,4,Обрез охотничьего ружья,heavy,7661,0.0,2542,0.0,NOT_REVIEWED,NOT_APPROVED
26,8,ПП «Кедр»,heavy,7912,0.0,2,0.0,NOT_REVIEWED,NOT_APPROVED
26,9,ПП-19 «Бизон»,heavy,6303,0.0,5385,0.0,NOT_REVIEWED,NOT_APPROVED
26,20,Дробовик Сайга-410,heavy,4901,0.0,952,0.0,NOT_REVIEWED,NOT_APPROVED
26,106,Дробовик Mossberg 500,heavy,5533,0.0,4916,0.0,NOT_REVIEWED,NOT_APPROVED
26,107,Дробовик Stoeger P3000,heavy,6003,0.0,4731,0.0,NOT_REVIEWED,NOT_APPROVED
26,108,Дробовик Remington 870,heavy,5746,0.0,4425,0.0,NOT_REVIEWED,NOT_APPROVED
26,109,Дробовик Winchester Model 1300,heavy,5741,0.0,4744,0.0,NOT_REVIEWED,NOT_APPROVED
26,110,Дробовик Ithaca 37,heavy,5694,0.0,4620,0.0,NOT_REVIEWED,NOT_APPROVED
26,111,Дробовик Browning BPS,heavy,5524,0.0,4626,0.0,NOT_REVIEWED,NOT_APPROVED
26,19,Дробовик СПАС-12,heavy,5064,0.0,1929,0.0,NOT_REVIEWED,NOT_APPROVED
26,112,Дробовик Winchester SXP Defender,heavy,5030,0.0,1176,0.0,NOT_REVIEWED,NOT_APPROVED
26,113,Дробовик Mossberg 590A1,heavy,5682,0.0,4790,0.0,NOT_REVIEWED,NOT_APPROVED
26,114,Дробовик Remington 870 MCS,heavy,4223,0.0,864,0.0,NOT_REVIEWED,NOT_APPROVED
26,32,Дробовик Сайга-12К,heavy,3500,0.0,0,7.0,NOT_REVIEWED,NOT_APPROVED
26,115,Дробовик Benelli Nova,heavy,5626,0.0,4387,0.0,NOT_REVIEWED,NOT_APPROVED
26,116,Дробовик TOZ-194,heavy,5332,0.0,2943,0.0,NOT_REVIEWED,NOT_APPROVED
26,44,Дробовик «Вепрь-12»,heavy,3945,0.0,473,0.0,NOT_REVIEWED,NOT_APPROVED
26,117,Дробовик Remington 1100,heavy,5591,0.0,4514,0.0,NOT_REVIEWED,NOT_APPROVED
26,62,Дробовик Kel-Tec KSG,heavy,4502,0.0,102,0.0,NOT_REVIEWED,NOT_APPROVED
26,118,Дробовик Beretta 1301 Tactical,heavy,3947,0.0,617,0.0,NOT_REVIEWED,NOT_APPROVED
26,50,Дробовик Benelli M4,heavy,4480,0.0,1878,0.0,NOT_REVIEWED,NOT_APPROVED
26,119,Дробовик Fabarm STF/12,heavy,4579,0.0,1001,0.0,NOT_REVIEWED,NOT_APPROVED
26,56,Дробовик AA-12,heavy,5938,0.0,780,0.0,NOT_REVIEWED,NOT_APPROVED
26,120,Дробовик Winchester SX4,heavy,5693,0.0,3965,0.0,NOT_REVIEWED,NOT_APPROVED
26,121,Дробовик Browning A5,heavy,5760,0.0,4098,0.0,NOT_REVIEWED,NOT_APPROVED
26,68,Дробовик Franchi SPAS-15,heavy,4651,0.0,2012,0.0,NOT_REVIEWED,NOT_APPROVED
26,122,Дробовик Remington 870 Magnum,heavy,6741,0.0,4205,0.0,NOT_REVIEWED,NOT_APPROVED
26,123,Дробовик Benelli Vinci,heavy,5958,0.0,4540,0.0,NOT_REVIEWED,NOT_APPROVED
26,74,Дробовик USAS-12,heavy,3768,0.0,460,0.0,NOT_REVIEWED,NOT_APPROVED
26,124,Дробовик Ithaca Mag-10,heavy,3618,0.0,175,0.0,NOT_REVIEWED,NOT_APPROVED
26,125,Дробовик Remington SP-10,heavy,4818,0.0,42,0.0,NOT_REVIEWED,NOT_APPROVED
27,86,Beretta 21A Bobcat,pistol,7068,0.0,,,NOT_REVIEWED,NOT_APPROVED
27,2,Пистолет ПСМ,pistol,6736,0.0,,,NOT_REVIEWED,NOT_APPROVED
27,87,Walther PPK,pistol,6982,0.0,,,NOT_REVIEWED,NOT_APPROVED
27,1,Пистолет Макарова,pistol,6663,0.0,,,NOT_REVIEWED,NOT_APPROVED
27,3,Пистолет ИЖ-71,pistol,6445,0.0,,,NOT_REVIEWED,NOT_APPROVED
27,88,Glock 25,pistol,6520,0.0,,,NOT_REVIEWED,NOT_APPROVED
27,5,Пистолет ОЦ-33 «Пернач»,pistol,6657,0.0,,,NOT_REVIEWED,NOT_APPROVED
27,6,Револьвер Наган,pistol,4843,0.0,,,NOT_REVIEWED,NOT_APPROVED
27,89,Walther P99,pistol,6402,0.0,,,NOT_REVIEWED,NOT_APPROVED
27,90,CZ 75,pistol,6225,0.0,,,NOT_REVIEWED,NOT_APPROVED
27,91,Glock 17,pistol,6250,0.0,,,NOT_REVIEWED,NOT_APPROVED
27,92,Beretta 92FS,pistol,5781,0.0,,,NOT_REVIEWED,NOT_APPROVED
27,93,SIG Sauer P226,pistol,6997,0.0,,,NOT_REVIEWED,NOT_APPROVED
27,7,Пистолет ТТ,pistol,6501,0.0,,,NOT_REVIEWED,NOT_APPROVED
27,94,HK USP,pistol,6389,0.0,,,NOT_REVIEWED,NOT_APPROVED
27,95,Glock 22,pistol,6308,0.0,,,NOT_REVIEWED,NOT_APPROVED
27,96,SIG Sauer P229,pistol,6927,0.0,,,NOT_REVIEWED,NOT_APPROVED
27,97,Glock 20,pistol,6897,0.0,,,NOT_REVIEWED,NOT_APPROVED
27,98,Colt 1911,pistol,6312,0.0,,,NOT_REVIEWED,NOT_APPROVED
27,99,Glock 21,pistol,6438,0.0,,,NOT_REVIEWED,NOT_APPROVED
27,100,CZ 97B,pistol,6799,0.0,,,NOT_REVIEWED,NOT_APPROVED
27,101,HK Mark 23,pistol,5584,0.0,,,NOT_REVIEWED,NOT_APPROVED
27,102,Taurus Judge,pistol,5813,0.0,,,NOT_REVIEWED,NOT_APPROVED
27,103,Smith & Wesson Model 29,pistol,4010,0.0,,,NOT_REVIEWED,NOT_APPROVED
27,104,Taurus Raging Bull,pistol,4280,0.0,,,NOT_REVIEWED,NOT_APPROVED
27,105,Desert Eagle Mark XIX,pistol,7622,0.0,,,NOT_REVIEWED,NOT_APPROVED
27,11,Автомат АКС-74У,heavy,5987,0.0,222,0.0,NOT_REVIEWED,NOT_APPROVED
27,12,Автомат АК-74,heavy,6085,0.0,490,0.0,NOT_REVIEWED,NOT_APPROVED
27,37,Автомат АК-107,heavy,4103,0.0,0,17.0,NOT_REVIEWED,NOT_APPROVED
27,21,Автомат АК-12,heavy,5161,0.0,0,17.0,NOT_REVIEWED,NOT_APPROVED
27,26,Автомат АН-94 «Абакан»,heavy,4230,0.0,0,4.0,NOT_REVIEWED,NOT_APPROVED
27,17,Пулемёт РПК-74,heavy,3796,0.0,0,2.0,NOT_REVIEWED,NOT_APPROVED
27,38,Автомат ADAR 2-15,heavy,5532,0.0,0,8.0,NOT_REVIEWED,NOT_APPROVED
27,45,Автомат АК-19,heavy,4428,0.0,0,4.0,NOT_REVIEWED,NOT_APPROVED
27,57,Автомат HK416,heavy,4536,0.0,0,20.0,NOT_REVIEWED,NOT_APPROVED
27,69,Автомат CZ Bren 2,heavy,4222,0.0,0,12.0,NOT_REVIEWED,NOT_APPROVED
27,67,Пулемёт Minimi Mk3,heavy,3247,0.0,1876,0.0,NOT_REVIEWED,NOT_APPROVED
27,43,Автомат ОЦ-14 «Гроза»,heavy,4768,0.0,0,45.62,NOT_REVIEWED,NOT_APPROVED
27,16,Карабин «Вепрь»,heavy,5720,0.0,38,0.0,NOT_REVIEWED,NOT_APPROVED
27,15,Автомат АК-103,heavy,4777,0.0,0,1.0,NOT_REVIEWED,NOT_APPROVED
27,25,Пулемёт РПД,heavy,3392,0.0,0,16.03,NOT_REVIEWED,NOT_APPROVED
27,18,Автомат АС «Вал»,heavy,4477,0.0,0,9.43,NOT_REVIEWED,NOT_APPROVED
27,10,Карабин Сайга-12,heavy,6356,0.0,815,0.0,NOT_REVIEWED,NOT_APPROVED
27,63,Автомат АК-308,heavy,4222,0.0,0,8.0,NOT_REVIEWED,NOT_APPROVED
27,51,Автомат ЛР-308,heavy,3905,0.0,0,28.0,NOT_REVIEWED,NOT_APPROVED
27,75,Автомат SCAR-H,heavy,4323,0.0,0,21.0,NOT_REVIEWED,NOT_APPROVED
27,61,Пулемёт M60E6,heavy,3710,0.0,1666,0.0,NOT_REVIEWED,NOT_APPROVED
27,59,Пулемёт M240,heavy,3572,0.0,523,0.0,NOT_REVIEWED,NOT_APPROVED
27,71,Пулемёт FN MAG,heavy,3067,0.0,1211,0.0,NOT_REVIEWED,NOT_APPROVED
27,77,Пулемёт Negev NG7,heavy,3252,0.0,1029,0.0,NOT_REVIEWED,NOT_APPROVED
27,22,Пулемёт ПКМ,heavy,2352,0.0,0,11.0,NOT_REVIEWED,NOT_APPROVED
27,29,Пулемёт «Печенег»,heavy,3642,0.0,0,2.83,NOT_REVIEWED,NOT_APPROVED
27,53,Пулемёт «Печенег-СП»,heavy,3860,0.0,1259,0.0,NOT_REVIEWED,NOT_APPROVED
27,47,Автомат АК-АН «Абакан-100»,heavy,3445,0.0,176,0.0,NOT_REVIEWED,NOT_APPROVED
27,65,Пулемёт «Утёс-М»,heavy,4263,0.0,1583,0.0,NOT_REVIEWED,NOT_APPROVED
27,14,Винтовка СКС,heavy,5937,0.0,2205,0.0,NOT_REVIEWED,NOT_APPROVED
27,46,Винтовка SSG 08,heavy,3465,0.0,599,0.0,NOT_REVIEWED,NOT_APPROVED
27,42,Винтовка SR-25,heavy,4012,0.0,0,20.0,NOT_REVIEWED,NOT_APPROVED
27,13,Винтовка СВД,heavy,5513,0.0,1814,0.0,NOT_REVIEWED,NOT_APPROVED
27,24,Винтовка СВДС,heavy,3926,0.0,527,0.0,NOT_REVIEWED,NOT_APPROVED
27,23,Винтовка Т-5000,heavy,3088,0.0,77,0.0,NOT_REVIEWED,NOT_APPROVED
27,28,Винтовка СВ-98,heavy,4529,0.0,319,0.0,NOT_REVIEWED,NOT_APPROVED
27,36,Винтовка СВК,heavy,3077,0.0,1768,0.0,NOT_REVIEWED,NOT_APPROVED
27,30,Винтовка ВСС «Винторез»,heavy,4704,0.0,26,0.0,NOT_REVIEWED,NOT_APPROVED
27,40,Винтовка ВСК-94,heavy,4269,0.0,0,23.0,NOT_REVIEWED,NOT_APPROVED
27,31,Винтовка СВ-338,heavy,3720,0.0,1888,0.0,NOT_REVIEWED,NOT_APPROVED
27,27,Винтовка ОРСИС T-5000M,heavy,4045,0.0,719,0.0,NOT_REVIEWED,NOT_APPROVED
27,70,Винтовка Sako TRG-42,heavy,4000,0.0,1265,0.0,NOT_REVIEWED,NOT_APPROVED
27,76,Винтовка Blaser R93 Tactical 2,heavy,3795,0.0,631,0.0,NOT_REVIEWED,NOT_APPROVED
27,39,Винтовка ORSIS T-5000 Sniper Pro,heavy,3825,0.0,1304,0.0,NOT_REVIEWED,NOT_APPROVED
27,60,Винтовка Accuracy International AXMC,heavy,3551,0.0,431,0.0,NOT_REVIEWED,NOT_APPROVED
27,48,Винтовка Barrett M98B,heavy,2913,0.0,786,0.0,NOT_REVIEWED,NOT_APPROVED
27,64,Винтовка ORSIS T-5000 Elite,heavy,4033,0.0,280,0.0,NOT_REVIEWED,NOT_APPROVED
27,33,Винтовка «Выхлоп»,heavy,3501,0.0,209,0.0,NOT_REVIEWED,NOT_APPROVED
27,35,Винтовка ОСВ-96,heavy,3068,0.0,94,0.0,NOT_REVIEWED,NOT_APPROVED
27,66,Винтовка Zastava M93 Black Arrow,heavy,4341,0.0,592,0.0,NOT_REVIEWED,NOT_APPROVED
27,52,Винтовка АСВК «Корд»,heavy,3313,0.0,1543,0.0,NOT_REVIEWED,NOT_APPROVED
27,58,Винтовка Steyr HS .50,heavy,5108,0.0,2292,0.0,NOT_REVIEWED,NOT_APPROVED
27,49,Винтовка Barrett M82,heavy,2314,0.0,668,0.0,NOT_REVIEWED,NOT_APPROVED
27,54,Винтовка McMillan TAC-50,heavy,4476,0.0,0,5.0,NOT_REVIEWED,NOT_APPROVED
27,72,Винтовка Desert Tech HTI,heavy,4147,0.0,3,0.0,NOT_REVIEWED,NOT_APPROVED
27,78,Винтовка Cheytac M200 Intervention,heavy,2697,0.0,1301,0.0,NOT_REVIEWED,NOT_APPROVED
27,73,Прототип X-17,heavy,2989,0.0,0,7.0,NOT_REVIEWED,NOT_APPROVED
27,55,Гаусс-пушка,heavy,5896,0.0,455,0.0,NOT_REVIEWED,NOT_APPROVED
27,4,Обрез охотничьего ружья,heavy,7673,0.0,1407,0.0,NOT_REVIEWED,NOT_APPROVED
27,8,ПП «Кедр»,heavy,8579,0.0,0,22.36,NOT_REVIEWED,NOT_APPROVED
27,9,ПП-19 «Бизон»,heavy,6646,0.0,3352,0.0,NOT_REVIEWED,NOT_APPROVED
27,20,Дробовик Сайга-410,heavy,5123,0.0,175,0.0,NOT_REVIEWED,NOT_APPROVED
27,106,Дробовик Mossberg 500,heavy,5554,0.0,4977,0.0,NOT_REVIEWED,NOT_APPROVED
27,107,Дробовик Stoeger P3000,heavy,6057,0.0,4748,0.0,NOT_REVIEWED,NOT_APPROVED
27,108,Дробовик Remington 870,heavy,5688,0.0,4269,0.0,NOT_REVIEWED,NOT_APPROVED
27,109,Дробовик Winchester Model 1300,heavy,5741,0.0,4524,0.0,NOT_REVIEWED,NOT_APPROVED
27,110,Дробовик Ithaca 37,heavy,5710,0.0,4382,0.0,NOT_REVIEWED,NOT_APPROVED
27,111,Дробовик Browning BPS,heavy,5494,0.0,4143,0.0,NOT_REVIEWED,NOT_APPROVED
27,19,Дробовик СПАС-12,heavy,5277,0.0,1621,0.0,NOT_REVIEWED,NOT_APPROVED
27,112,Дробовик Winchester SXP Defender,heavy,5113,0.0,712,0.0,NOT_REVIEWED,NOT_APPROVED
27,113,Дробовик Mossberg 590A1,heavy,5631,0.0,4690,0.0,NOT_REVIEWED,NOT_APPROVED
27,114,Дробовик Remington 870 MCS,heavy,4217,0.0,137,0.0,NOT_REVIEWED,NOT_APPROVED
27,32,Дробовик Сайга-12К,heavy,3522,0.0,0,18.0,NOT_REVIEWED,NOT_APPROVED
27,115,Дробовик Benelli Nova,heavy,5652,0.0,4311,0.0,NOT_REVIEWED,NOT_APPROVED
27,116,Дробовик TOZ-194,heavy,5366,0.0,2599,0.0,NOT_REVIEWED,NOT_APPROVED
27,44,Дробовик «Вепрь-12»,heavy,3955,0.0,46,0.0,NOT_REVIEWED,NOT_APPROVED
27,117,Дробовик Remington 1100,heavy,5591,0.0,3824,0.0,NOT_REVIEWED,NOT_APPROVED
27,62,Дробовик Kel-Tec KSG,heavy,4561,0.0,0,11.31,NOT_REVIEWED,NOT_APPROVED
27,118,Дробовик Beretta 1301 Tactical,heavy,4013,0.0,131,0.0,NOT_REVIEWED,NOT_APPROVED
27,50,Дробовик Benelli M4,heavy,4532,0.0,1017,0.0,NOT_REVIEWED,NOT_APPROVED
27,119,Дробовик Fabarm STF/12,heavy,4770,0.0,264,0.0,NOT_REVIEWED,NOT_APPROVED
27,56,Дробовик AA-12,heavy,6183,0.0,672,0.0,NOT_REVIEWED,NOT_APPROVED
27,120,Дробовик Winchester SX4,heavy,5735,0.0,3387,0.0,NOT_REVIEWED,NOT_APPROVED
27,121,Дробовик Browning A5,heavy,5760,0.0,2552,0.0,NOT_REVIEWED,NOT_APPROVED
27,68,Дробовик Franchi SPAS-15,heavy,4908,0.0,1747,0.0,NOT_REVIEWED,NOT_APPROVED
27,122,Дробовик Remington 870 Magnum,heavy,6805,0.0,3904,0.0,NOT_REVIEWED,NOT_APPROVED
27,123,Дробовик Benelli Vinci,heavy,5958,0.0,4209,0.0,NOT_REVIEWED,NOT_APPROVED
27,74,Дробовик USAS-12,heavy,3819,0.0,0,9.0,NOT_REVIEWED,NOT_APPROVED
27,124,Дробовик Ithaca Mag-10,heavy,3669,0.0,0,4.0,NOT_REVIEWED,NOT_APPROVED
27,125,Дробовик Remington SP-10,heavy,4839,0.0,0,9.0,NOT_REVIEWED,NOT_APPROVED
28,86,Beretta 21A Bobcat,pistol,7696,0.0,,,NOT_REVIEWED,NOT_APPROVED
28,2,Пистолет ПСМ,pistol,7208,0.0,,,NOT_REVIEWED,NOT_APPROVED
28,87,Walther PPK,pistol,7573,0.0,,,NOT_REVIEWED,NOT_APPROVED
28,1,Пистолет Макарова,pistol,7141,0.0,,,NOT_REVIEWED,NOT_APPROVED
28,3,Пистолет ИЖ-71,pistol,6689,0.0,,,NOT_REVIEWED,NOT_APPROVED
28,88,Glock 25,pistol,6869,0.0,,,NOT_REVIEWED,NOT_APPROVED
28,5,Пистолет ОЦ-33 «Пернач»,pistol,7170,0.0,,,NOT_REVIEWED,NOT_APPROVED
28,6,Револьвер Наган,pistol,5110,0.0,,,NOT_REVIEWED,NOT_APPROVED
28,89,Walther P99,pistol,6861,0.0,,,NOT_REVIEWED,NOT_APPROVED
28,90,CZ 75,pistol,6671,0.0,,,NOT_REVIEWED,NOT_APPROVED
28,91,Glock 17,pistol,6651,0.0,,,NOT_REVIEWED,NOT_APPROVED
28,92,Beretta 92FS,pistol,6385,0.0,,,NOT_REVIEWED,NOT_APPROVED
28,93,SIG Sauer P226,pistol,7606,0.0,,,NOT_REVIEWED,NOT_APPROVED
28,7,Пистолет ТТ,pistol,7199,0.0,,,NOT_REVIEWED,NOT_APPROVED
28,94,HK USP,pistol,6969,0.0,,,NOT_REVIEWED,NOT_APPROVED
28,95,Glock 22,pistol,6756,0.0,,,NOT_REVIEWED,NOT_APPROVED
28,96,SIG Sauer P229,pistol,7581,0.0,,,NOT_REVIEWED,NOT_APPROVED
28,97,Glock 20,pistol,7388,0.0,,,NOT_REVIEWED,NOT_APPROVED
28,98,Colt 1911,pistol,6986,0.0,,,NOT_REVIEWED,NOT_APPROVED
28,99,Glock 21,pistol,6881,0.0,,,NOT_REVIEWED,NOT_APPROVED
28,100,CZ 97B,pistol,7337,0.0,,,NOT_REVIEWED,NOT_APPROVED
28,101,HK Mark 23,pistol,6244,0.0,,,NOT_REVIEWED,NOT_APPROVED
28,102,Taurus Judge,pistol,6169,0.0,,,NOT_REVIEWED,NOT_APPROVED
28,103,Smith & Wesson Model 29,pistol,4415,0.0,,,NOT_REVIEWED,NOT_APPROVED
28,104,Taurus Raging Bull,pistol,4808,0.0,,,NOT_REVIEWED,NOT_APPROVED
28,105,Desert Eagle Mark XIX,pistol,8457,0.0,,,NOT_REVIEWED,NOT_APPROVED
28,11,Автомат АКС-74У,heavy,5979,0.0,667,0.0,NOT_REVIEWED,NOT_APPROVED
28,12,Автомат АК-74,heavy,6103,0.0,1089,0.0,NOT_REVIEWED,NOT_APPROVED
28,37,Автомат АК-107,heavy,4110,0.0,0,7.0,NOT_REVIEWED,NOT_APPROVED
28,21,Автомат АК-12,heavy,5161,0.0,0,8.0,NOT_REVIEWED,NOT_APPROVED
28,26,Автомат АН-94 «Абакан»,heavy,4230,0.0,23,0.0,NOT_REVIEWED,NOT_APPROVED
28,17,Пулемёт РПК-74,heavy,3796,0.0,113,0.0,NOT_REVIEWED,NOT_APPROVED
28,38,Автомат ADAR 2-15,heavy,5510,0.0,5,0.0,NOT_REVIEWED,NOT_APPROVED
28,45,Автомат АК-19,heavy,4424,0.0,75,0.0,NOT_REVIEWED,NOT_APPROVED
28,57,Автомат HK416,heavy,4536,0.0,2474,0.0,NOT_REVIEWED,NOT_APPROVED
28,69,Автомат CZ Bren 2,heavy,4222,0.0,2000,0.0,NOT_REVIEWED,NOT_APPROVED
28,67,Пулемёт Minimi Mk3,heavy,3250,0.0,679,0.0,NOT_REVIEWED,NOT_APPROVED
28,43,Автомат ОЦ-14 «Гроза»,heavy,4768,0.0,0,19.24,NOT_REVIEWED,NOT_APPROVED
28,16,Карабин «Вепрь»,heavy,5720,0.0,467,0.0,NOT_REVIEWED,NOT_APPROVED
28,15,Автомат АК-103,heavy,4777,0.0,253,0.0,NOT_REVIEWED,NOT_APPROVED
28,25,Пулемёт РПД,heavy,3392,0.0,0,15.0,NOT_REVIEWED,NOT_APPROVED
28,18,Автомат АС «Вал»,heavy,4486,0.0,0,1.0,NOT_REVIEWED,NOT_APPROVED
28,10,Карабин Сайга-12,heavy,6356,0.0,1003,0.0,NOT_REVIEWED,NOT_APPROVED
28,63,Автомат АК-308,heavy,4222,0.0,12,0.0,NOT_REVIEWED,NOT_APPROVED
28,51,Автомат ЛР-308,heavy,3905,0.0,0,19.0,NOT_REVIEWED,NOT_APPROVED
28,75,Автомат SCAR-H,heavy,4323,0.0,1867,0.0,NOT_REVIEWED,NOT_APPROVED
28,61,Пулемёт M60E6,heavy,3705,0.0,146,0.0,NOT_REVIEWED,NOT_APPROVED
28,59,Пулемёт M240,heavy,3572,0.0,11,0.0,NOT_REVIEWED,NOT_APPROVED
28,71,Пулемёт FN MAG,heavy,3067,0.0,0,3.61,NOT_REVIEWED,NOT_APPROVED
28,77,Пулемёт Negev NG7,heavy,3246,0.0,1137,0.0,NOT_REVIEWED,NOT_APPROVED
28,22,Пулемёт ПКМ,heavy,2352,0.0,0,8.0,NOT_REVIEWED,NOT_APPROVED
28,29,Пулемёт «Печенег»,heavy,3642,0.0,161,0.0,NOT_REVIEWED,NOT_APPROVED
28,53,Пулемёт «Печенег-СП»,heavy,3848,0.0,0,5.0,NOT_REVIEWED,NOT_APPROVED
28,47,Автомат АК-АН «Абакан-100»,heavy,3445,0.0,642,0.0,NOT_REVIEWED,NOT_APPROVED
28,65,Пулемёт «Утёс-М»,heavy,4274,0.0,552,0.0,NOT_REVIEWED,NOT_APPROVED
28,14,Винтовка СКС,heavy,5950,0.0,3170,0.0,NOT_REVIEWED,NOT_APPROVED
28,46,Винтовка SSG 08,heavy,3459,0.0,70,0.0,NOT_REVIEWED,NOT_APPROVED
28,42,Винтовка SR-25,heavy,4012,0.0,0,11.7,NOT_REVIEWED,NOT_APPROVED
28,13,Винтовка СВД,heavy,5513,0.0,2473,0.0,NOT_REVIEWED,NOT_APPROVED
28,24,Винтовка СВДС,heavy,3921,0.0,715,0.0,NOT_REVIEWED,NOT_APPROVED
28,23,Винтовка Т-5000,heavy,3088,0.0,187,0.0,NOT_REVIEWED,NOT_APPROVED
28,28,Винтовка СВ-98,heavy,4517,0.0,941,0.0,NOT_REVIEWED,NOT_APPROVED
28,36,Винтовка СВК,heavy,3077,0.0,45,0.0,NOT_REVIEWED,NOT_APPROVED
28,30,Винтовка ВСС «Винторез»,heavy,4692,0.0,268,0.0,NOT_REVIEWED,NOT_APPROVED
28,40,Винтовка ВСК-94,heavy,4284,0.0,0,2.24,NOT_REVIEWED,NOT_APPROVED
28,31,Винтовка СВ-338,heavy,3721,0.0,1475,0.0,NOT_REVIEWED,NOT_APPROVED
28,27,Винтовка ОРСИС T-5000M,heavy,4050,0.0,356,0.0,NOT_REVIEWED,NOT_APPROVED
28,70,Винтовка Sako TRG-42,heavy,3958,0.0,518,0.0,NOT_REVIEWED,NOT_APPROVED
28,76,Винтовка Blaser R93 Tactical 2,heavy,3818,0.0,1764,0.0,NOT_REVIEWED,NOT_APPROVED
28,39,Винтовка ORSIS T-5000 Sniper Pro,heavy,3843,0.0,1329,0.0,NOT_REVIEWED,NOT_APPROVED
28,60,Винтовка Accuracy International AXMC,heavy,3550,0.0,2335,0.0,NOT_REVIEWED,NOT_APPROVED
28,48,Винтовка Barrett M98B,heavy,2907,0.0,1769,0.0,NOT_REVIEWED,NOT_APPROVED
28,64,Винтовка ORSIS T-5000 Elite,heavy,4011,0.0,2392,0.0,NOT_REVIEWED,NOT_APPROVED
28,33,Винтовка «Выхлоп»,heavy,3501,0.0,294,0.0,NOT_REVIEWED,NOT_APPROVED
28,35,Винтовка ОСВ-96,heavy,3068,0.0,2046,0.0,NOT_REVIEWED,NOT_APPROVED
28,66,Винтовка Zastava M93 Black Arrow,heavy,4343,0.0,2357,0.0,NOT_REVIEWED,NOT_APPROVED
28,52,Винтовка АСВК «Корд»,heavy,3313,0.0,890,0.0,NOT_REVIEWED,NOT_APPROVED
28,58,Винтовка Steyr HS .50,heavy,5108,0.0,2536,0.0,NOT_REVIEWED,NOT_APPROVED
28,49,Винтовка Barrett M82,heavy,2314,0.0,1753,0.0,NOT_REVIEWED,NOT_APPROVED
28,54,Винтовка McMillan TAC-50,heavy,4482,0.0,1083,0.0,NOT_REVIEWED,NOT_APPROVED
28,72,Винтовка Desert Tech HTI,heavy,4150,0.0,245,0.0,NOT_REVIEWED,NOT_APPROVED
28,78,Винтовка Cheytac M200 Intervention,heavy,2692,0.0,782,0.0,NOT_REVIEWED,NOT_APPROVED
28,73,Прототип X-17,heavy,2989,0.0,474,0.0,NOT_REVIEWED,NOT_APPROVED
28,55,Гаусс-пушка,heavy,5666,0.0,1410,0.0,NOT_REVIEWED,NOT_APPROVED
28,4,Обрез охотничьего ружья,heavy,7571,0.0,2581,0.0,NOT_REVIEWED,NOT_APPROVED
28,8,ПП «Кедр»,heavy,8570,0.0,0,7.07,NOT_REVIEWED,NOT_APPROVED
28,9,ПП-19 «Бизон»,heavy,6646,0.0,5994,0.0,NOT_REVIEWED,NOT_APPROVED
28,20,Дробовик Сайга-410,heavy,5118,0.0,461,0.0,NOT_REVIEWED,NOT_APPROVED
28,106,Дробовик Mossberg 500,heavy,5567,0.0,5065,0.0,NOT_REVIEWED,NOT_APPROVED
28,107,Дробовик Stoeger P3000,heavy,6043,0.0,4797,0.0,NOT_REVIEWED,NOT_APPROVED
28,108,Дробовик Remington 870,heavy,5688,0.0,4126,0.0,NOT_REVIEWED,NOT_APPROVED
28,109,Дробовик Winchester Model 1300,heavy,5741,0.0,4811,0.0,NOT_REVIEWED,NOT_APPROVED
28,110,Дробовик Ithaca 37,heavy,5731,0.0,4579,0.0,NOT_REVIEWED,NOT_APPROVED
28,111,Дробовик Browning BPS,heavy,5480,0.0,4740,0.0,NOT_REVIEWED,NOT_APPROVED
28,19,Дробовик СПАС-12,heavy,5277,0.0,1450,0.0,NOT_REVIEWED,NOT_APPROVED
28,112,Дробовик Winchester SXP Defender,heavy,5113,0.0,653,0.0,NOT_REVIEWED,NOT_APPROVED
28,113,Дробовик Mossberg 590A1,heavy,5639,0.0,4578,0.0,NOT_REVIEWED,NOT_APPROVED
28,114,Дробовик Remington 870 MCS,heavy,4223,0.0,631,0.0,NOT_REVIEWED,NOT_APPROVED
28,32,Дробовик Сайга-12К,heavy,3522,0.0,0,9.0,NOT_REVIEWED,NOT_APPROVED
28,115,Дробовик Benelli Nova,heavy,5652,0.0,4467,0.0,NOT_REVIEWED,NOT_APPROVED
28,116,Дробовик TOZ-194,heavy,5366,0.0,3043,0.0,NOT_REVIEWED,NOT_APPROVED
28,44,Дробовик «Вепрь-12»,heavy,3955,0.0,354,0.0,NOT_REVIEWED,NOT_APPROVED
28,117,Дробовик Remington 1100,heavy,5591,0.0,4547,0.0,NOT_REVIEWED,NOT_APPROVED
28,62,Дробовик Kel-Tec KSG,heavy,4561,0.0,11,0.0,NOT_REVIEWED,NOT_APPROVED
28,118,Дробовик Beretta 1301 Tactical,heavy,4002,0.0,324,0.0,NOT_REVIEWED,NOT_APPROVED
28,50,Дробовик Benelli M4,heavy,4528,0.0,1270,0.0,NOT_REVIEWED,NOT_APPROVED
28,119,Дробовик Fabarm STF/12,heavy,4786,0.0,553,0.0,NOT_REVIEWED,NOT_APPROVED
28,56,Дробовик AA-12,heavy,6157,0.0,54,0.0,NOT_REVIEWED,NOT_APPROVED
28,120,Дробовик Winchester SX4,heavy,5735,0.0,3965,0.0,NOT_REVIEWED,NOT_APPROVED
28,121,Дробовик Browning A5,heavy,5760,0.0,4079,0.0,NOT_REVIEWED,NOT_APPROVED
28,68,Дробовик Franchi SPAS-15,heavy,4896,0.0,1596,0.0,NOT_REVIEWED,NOT_APPROVED
28,122,Дробовик Remington 870 Magnum,heavy,6830,0.0,4240,0.0,NOT_REVIEWED,NOT_APPROVED
28,123,Дробовик Benelli Vinci,heavy,5958,0.0,4587,0.0,NOT_REVIEWED,NOT_APPROVED
28,74,Дробовик USAS-12,heavy,3813,0.0,2393,0.0,NOT_REVIEWED,NOT_APPROVED
28,124,Дробовик Ithaca Mag-10,heavy,3674,0.0,85,0.0,NOT_REVIEWED,NOT_APPROVED
28,125,Дробовик Remington SP-10,heavy,4839,0.0,0,1.0,NOT_REVIEWED,NOT_APPROVED
29,86,Beretta 21A Bobcat,pistol,7674,0.0,,,NOT_REVIEWED,NOT_APPROVED
29,2,Пистолет ПСМ,pistol,7182,0.0,,,NOT_REVIEWED,NOT_APPROVED
29,87,Walther PPK,pistol,7572,0.0,,,NOT_REVIEWED,NOT_APPROVED
29,1,Пистолет Макарова,pistol,7069,0.0,,,NOT_REVIEWED,NOT_APPROVED
29,3,Пистолет ИЖ-71,pistol,6718,0.0,,,NOT_REVIEWED,NOT_APPROVED
29,88,Glock 25,pistol,6872,0.0,,,NOT_REVIEWED,NOT_APPROVED
29,5,Пистолет ОЦ-33 «Пернач»,pistol,7110,0.0,,,NOT_REVIEWED,NOT_APPROVED
29,6,Револьвер Наган,pistol,5118,0.0,,,NOT_REVIEWED,NOT_APPROVED
29,89,Walther P99,pistol,6864,0.0,,,NOT_REVIEWED,NOT_APPROVED
29,90,CZ 75,pistol,6616,0.0,,,NOT_REVIEWED,NOT_APPROVED
29,91,Glock 17,pistol,6639,0.0,,,NOT_REVIEWED,NOT_APPROVED
29,92,Beretta 92FS,pistol,6399,0.0,,,NOT_REVIEWED,NOT_APPROVED
29,93,SIG Sauer P226,pistol,7644,0.0,,,NOT_REVIEWED,NOT_APPROVED
29,7,Пистолет ТТ,pistol,7162,0.0,,,NOT_REVIEWED,NOT_APPROVED
29,94,HK USP,pistol,6996,0.0,,,NOT_REVIEWED,NOT_APPROVED
29,95,Glock 22,pistol,6750,0.0,,,NOT_REVIEWED,NOT_APPROVED
29,96,SIG Sauer P229,pistol,7621,0.0,,,NOT_REVIEWED,NOT_APPROVED
29,97,Glock 20,pistol,7417,0.0,,,NOT_REVIEWED,NOT_APPROVED
29,98,Colt 1911,pistol,6924,0.0,,,NOT_REVIEWED,NOT_APPROVED
29,99,Glock 21,pistol,6874,0.0,,,NOT_REVIEWED,NOT_APPROVED
29,100,CZ 97B,pistol,7333,0.0,,,NOT_REVIEWED,NOT_APPROVED
29,101,HK Mark 23,pistol,6228,0.0,,,NOT_REVIEWED,NOT_APPROVED
29,102,Taurus Judge,pistol,6172,0.0,,,NOT_REVIEWED,NOT_APPROVED
29,103,Smith & Wesson Model 29,pistol,4327,0.0,,,NOT_REVIEWED,NOT_APPROVED
29,104,Taurus Raging Bull,pistol,4689,0.0,,,NOT_REVIEWED,NOT_APPROVED
29,105,Desert Eagle Mark XIX,pistol,8511,0.0,,,NOT_REVIEWED,NOT_APPROVED
29,11,Автомат АКС-74У,heavy,5979,0.0,0,6.4,NOT_REVIEWED,NOT_APPROVED
29,12,Автомат АК-74,heavy,6103,0.0,0,40.0,NOT_REVIEWED,NOT_APPROVED
29,37,Автомат АК-107,heavy,4110,0.0,0,66.0,NOT_REVIEWED,NOT_APPROVED
29,21,Автомат АК-12,heavy,5161,0.0,0,35.0,NOT_REVIEWED,NOT_APPROVED
29,26,Автомат АН-94 «Абакан»,heavy,4230,0.0,0,56.57,NOT_REVIEWED,NOT_APPROVED
29,17,Пулемёт РПК-74,heavy,3796,0.0,0,51.0,NOT_REVIEWED,NOT_APPROVED
29,38,Автомат ADAR 2-15,heavy,5510,0.0,0,57.0,NOT_REVIEWED,NOT_APPROVED
29,45,Автомат АК-19,heavy,4424,0.0,0,53.94,NOT_REVIEWED,NOT_APPROVED
29,57,Автомат HK416,heavy,4536,0.0,251,0.0,NOT_REVIEWED,NOT_APPROVED
29,69,Автомат CZ Bren 2,heavy,4222,0.0,0,8.94,NOT_REVIEWED,NOT_APPROVED
29,67,Пулемёт Minimi Mk3,heavy,3250,0.0,1494,0.0,NOT_REVIEWED,NOT_APPROVED
29,43,Автомат ОЦ-14 «Гроза»,heavy,4768,0.0,0,80.96,NOT_REVIEWED,NOT_APPROVED
29,16,Карабин «Вепрь»,heavy,5720,0.0,0,49.24,NOT_REVIEWED,NOT_APPROVED
29,15,Автомат АК-103,heavy,4777,0.0,0,41.0,NOT_REVIEWED,NOT_APPROVED
29,25,Пулемёт РПД,heavy,3392,0.0,0,53.94,NOT_REVIEWED,NOT_APPROVED
29,18,Автомат АС «Вал»,heavy,4486,0.0,0,60.0,NOT_REVIEWED,NOT_APPROVED
29,10,Карабин Сайга-12,heavy,6356,0.0,0,29.73,NOT_REVIEWED,NOT_APPROVED
29,63,Автомат АК-308,heavy,4222,0.0,0,50.0,NOT_REVIEWED,NOT_APPROVED
29,51,Автомат ЛР-308,heavy,3905,0.0,0,77.0,NOT_REVIEWED,NOT_APPROVED
29,75,Автомат SCAR-H,heavy,4323,0.0,2,0.0,NOT_REVIEWED,NOT_APPROVED
29,61,Пулемёт M60E6,heavy,3705,0.0,1011,0.0,NOT_REVIEWED,NOT_APPROVED
29,59,Пулемёт M240,heavy,3572,0.0,0,16.12,NOT_REVIEWED,NOT_APPROVED
29,71,Пулемёт FN MAG,heavy,3067,0.0,562,0.0,NOT_REVIEWED,NOT_APPROVED
29,77,Пулемёт Negev NG7,heavy,3246,0.0,1424,0.0,NOT_REVIEWED,NOT_APPROVED
29,22,Пулемёт ПКМ,heavy,2352,0.0,0,52.0,NOT_REVIEWED,NOT_APPROVED
29,29,Пулемёт «Печенег»,heavy,3642,0.0,0,55.23,NOT_REVIEWED,NOT_APPROVED
29,53,Пулемёт «Печенег-СП»,heavy,3848,0.0,835,0.0,NOT_REVIEWED,NOT_APPROVED
29,47,Автомат АК-АН «Абакан-100»,heavy,3445,0.0,0,39.2,NOT_REVIEWED,NOT_APPROVED
29,65,Пулемёт «Утёс-М»,heavy,4274,0.0,1169,0.0,NOT_REVIEWED,NOT_APPROVED
29,14,Винтовка СКС,heavy,5950,0.0,0,22.0,NOT_REVIEWED,NOT_APPROVED
29,46,Винтовка SSG 08,heavy,3459,0.0,0,35.0,NOT_REVIEWED,NOT_APPROVED
29,42,Винтовка SR-25,heavy,4012,0.0,0,69.87,NOT_REVIEWED,NOT_APPROVED
29,13,Винтовка СВД,heavy,5513,0.0,0,26.48,NOT_REVIEWED,NOT_APPROVED
29,24,Винтовка СВДС,heavy,3921,0.0,0,41.0,NOT_REVIEWED,NOT_APPROVED
29,23,Винтовка Т-5000,heavy,3088,0.0,0,47.0,NOT_REVIEWED,NOT_APPROVED
29,28,Винтовка СВ-98,heavy,4517,0.0,0,35.17,NOT_REVIEWED,NOT_APPROVED
29,36,Винтовка СВК,heavy,3077,0.0,1353,0.0,NOT_REVIEWED,NOT_APPROVED
29,30,Винтовка ВСС «Винторез»,heavy,4692,0.0,0,49.37,NOT_REVIEWED,NOT_APPROVED
29,40,Винтовка ВСК-94,heavy,4284,0.0,0,59.81,NOT_REVIEWED,NOT_APPROVED
29,31,Винтовка СВ-338,heavy,3721,0.0,0,27.89,NOT_REVIEWED,NOT_APPROVED
29,27,Винтовка ОРСИС T-5000M,heavy,4050,0.0,0,34.06,NOT_REVIEWED,NOT_APPROVED
29,70,Винтовка Sako TRG-42,heavy,3958,0.0,452,0.0,NOT_REVIEWED,NOT_APPROVED
29,76,Винтовка Blaser R93 Tactical 2,heavy,3818,0.0,1557,0.0,NOT_REVIEWED,NOT_APPROVED
29,39,Винтовка ORSIS T-5000 Sniper Pro,heavy,3843,0.0,1701,0.0,NOT_REVIEWED,NOT_APPROVED
29,60,Винтовка Accuracy International AXMC,heavy,3550,0.0,862,0.0,NOT_REVIEWED,NOT_APPROVED
29,48,Винтовка Barrett M98B,heavy,2907,0.0,0,1.0,NOT_REVIEWED,NOT_APPROVED
29,64,Винтовка ORSIS T-5000 Elite,heavy,4011,0.0,0,11.0,NOT_REVIEWED,NOT_APPROVED
29,33,Винтовка «Выхлоп»,heavy,3501,0.0,0,47.0,NOT_REVIEWED,NOT_APPROVED
29,35,Винтовка ОСВ-96,heavy,3068,0.0,1167,0.0,NOT_REVIEWED,NOT_APPROVED
29,66,Винтовка Zastava M93 Black Arrow,heavy,4343,0.0,1529,0.0,NOT_REVIEWED,NOT_APPROVED
29,52,Винтовка АСВК «Корд»,heavy,3313,0.0,1662,0.0,NOT_REVIEWED,NOT_APPROVED
29,58,Винтовка Steyr HS .50,heavy,5108,0.0,1232,0.0,NOT_REVIEWED,NOT_APPROVED
29,49,Винтовка Barrett M82,heavy,2314,0.0,2551,0.0,NOT_REVIEWED,NOT_APPROVED
29,54,Винтовка McMillan TAC-50,heavy,4482,0.0,0,19.0,NOT_REVIEWED,NOT_APPROVED
29,72,Винтовка Desert Tech HTI,heavy,4150,0.0,0,50.01,NOT_REVIEWED,NOT_APPROVED
29,78,Винтовка Cheytac M200 Intervention,heavy,2692,0.0,375,0.0,NOT_REVIEWED,NOT_APPROVED
29,73,Прототип X-17,heavy,2989,0.0,0,46.84,NOT_REVIEWED,NOT_APPROVED
29,55,Гаусс-пушка,heavy,5896,0.0,0,34.01,NOT_REVIEWED,NOT_APPROVED
29,4,Обрез охотничьего ружья,heavy,7673,0.0,0,31.06,NOT_REVIEWED,NOT_APPROVED
29,8,ПП «Кедр»,heavy,8579,0.0,0,45.71,NOT_REVIEWED,NOT_APPROVED
29,9,ПП-19 «Бизон»,heavy,6646,0.0,1135,0.0,NOT_REVIEWED,NOT_APPROVED
29,20,Дробовик Сайга-410,heavy,5118,0.0,0,47.0,NOT_REVIEWED,NOT_APPROVED
29,106,Дробовик Mossberg 500,heavy,5567,0.0,182,0.0,NOT_REVIEWED,NOT_APPROVED
29,107,Дробовик Stoeger P3000,heavy,6043,0.0,40,0.0,NOT_REVIEWED,NOT_APPROVED
29,108,Дробовик Remington 870,heavy,5688,0.0,0,5.0,NOT_REVIEWED,NOT_APPROVED
29,109,Дробовик Winchester Model 1300,heavy,5741,0.0,21,0.0,NOT_REVIEWED,NOT_APPROVED
29,110,Дробовик Ithaca 37,heavy,5731,0.0,4,0.0,NOT_REVIEWED,NOT_APPROVED
29,111,Дробовик Browning BPS,heavy,5480,0.0,0,1.0,NOT_REVIEWED,NOT_APPROVED
29,19,Дробовик СПАС-12,heavy,5277,0.0,0,30.0,NOT_REVIEWED,NOT_APPROVED
29,112,Дробовик Winchester SXP Defender,heavy,5113,0.0,0,42.0,NOT_REVIEWED,NOT_APPROVED
29,113,Дробовик Mossberg 590A1,heavy,5639,0.0,13,0.0,NOT_REVIEWED,NOT_APPROVED
29,114,Дробовик Remington 870 MCS,heavy,4223,0.0,0,44.91,NOT_REVIEWED,NOT_APPROVED
29,32,Дробовик Сайга-12К,heavy,3522,0.0,0,60.07,NOT_REVIEWED,NOT_APPROVED
29,115,Дробовик Benelli Nova,heavy,5652,0.0,0,4.0,NOT_REVIEWED,NOT_APPROVED
29,116,Дробовик TOZ-194,heavy,5366,0.0,0,23.0,NOT_REVIEWED,NOT_APPROVED
29,44,Дробовик «Вепрь-12»,heavy,3955,0.0,0,49.01,NOT_REVIEWED,NOT_APPROVED
29,117,Дробовик Remington 1100,heavy,5591,0.0,0,3.0,NOT_REVIEWED,NOT_APPROVED
29,62,Дробовик Kel-Tec KSG,heavy,4561,0.0,0,60.73,NOT_REVIEWED,NOT_APPROVED
29,118,Дробовик Beretta 1301 Tactical,heavy,4002,0.0,0,48.0,NOT_REVIEWED,NOT_APPROVED
29,50,Дробовик Benelli M4,heavy,4528,0.0,0,33.96,NOT_REVIEWED,NOT_APPROVED
29,119,Дробовик Fabarm STF/12,heavy,4786,0.0,0,45.0,NOT_REVIEWED,NOT_APPROVED
29,56,Дробовик AA-12,heavy,6157,0.0,0,27.0,NOT_REVIEWED,NOT_APPROVED
29,120,Дробовик Winchester SX4,heavy,5735,0.0,0,11.0,NOT_REVIEWED,NOT_APPROVED
29,121,Дробовик Browning A5,heavy,5760,0.0,0,11.66,NOT_REVIEWED,NOT_APPROVED
29,68,Дробовик Franchi SPAS-15,heavy,4896,0.0,0,32.0,NOT_REVIEWED,NOT_APPROVED
29,122,Дробовик Remington 870 Magnum,heavy,6830,0.0,0,7.0,NOT_REVIEWED,NOT_APPROVED
29,123,Дробовик Benelli Vinci,heavy,5958,0.0,0,3.0,NOT_REVIEWED,NOT_APPROVED
29,74,Дробовик USAS-12,heavy,3813,0.0,367,0.0,NOT_REVIEWED,NOT_APPROVED
29,124,Дробовик Ithaca Mag-10,heavy,3674,0.0,0,57.27,NOT_REVIEWED,NOT_APPROVED
29,125,Дробовик Remington SP-10,heavy,4839,0.0,0,59.44,NOT_REVIEWED,NOT_APPROVED
30,86,Beretta 21A Bobcat,pistol,7502,0.0,,,NOT_REVIEWED,NOT_APPROVED
30,2,Пистолет ПСМ,pistol,7031,0.0,,,NOT_REVIEWED,NOT_APPROVED
30,87,Walther PPK,pistol,7391,0.0,,,NOT_REVIEWED,NOT_APPROVED
30,1,Пистолет Макарова,pistol,6900,0.0,,,NOT_REVIEWED,NOT_APPROVED
30,3,Пистолет ИЖ-71,pistol,6389,0.0,,,NOT_REVIEWED,NOT_APPROVED
30,88,Glock 25,pistol,6702,0.0,,,NOT_REVIEWED,NOT_APPROVED
30,5,Пистолет ОЦ-33 «Пернач»,pistol,6983,0.0,,,NOT_REVIEWED,NOT_APPROVED
30,6,Револьвер Наган,pistol,4804,0.0,,,NOT_REVIEWED,NOT_APPROVED
30,89,Walther P99,pistol,6672,0.0,,,NOT_REVIEWED,NOT_APPROVED
30,90,CZ 75,pistol,6527,0.0,,,NOT_REVIEWED,NOT_APPROVED
30,91,Glock 17,pistol,6551,0.0,,,NOT_REVIEWED,NOT_APPROVED
30,92,Beretta 92FS,pistol,6229,0.0,,,NOT_REVIEWED,NOT_APPROVED
30,93,SIG Sauer P226,pistol,7385,0.0,,,NOT_REVIEWED,NOT_APPROVED
30,7,Пистолет ТТ,pistol,6940,0.0,,,NOT_REVIEWED,NOT_APPROVED
30,94,HK USP,pistol,6702,0.0,,,NOT_REVIEWED,NOT_APPROVED
30,95,Glock 22,pistol,6561,0.0,,,NOT_REVIEWED,NOT_APPROVED
30,96,SIG Sauer P229,pistol,7336,0.0,,,NOT_REVIEWED,NOT_APPROVED
30,97,Glock 20,pistol,7164,0.0,,,NOT_REVIEWED,NOT_APPROVED
30,98,Colt 1911,pistol,6646,0.0,,,NOT_REVIEWED,NOT_APPROVED
30,99,Glock 21,pistol,6755,0.0,,,NOT_REVIEWED,NOT_APPROVED
30,100,CZ 97B,pistol,7113,0.0,,,NOT_REVIEWED,NOT_APPROVED
30,101,HK Mark 23,pistol,5960,0.0,,,NOT_REVIEWED,NOT_APPROVED
30,102,Taurus Judge,pistol,5835,0.0,,,NOT_REVIEWED,NOT_APPROVED
30,103,Smith & Wesson Model 29,pistol,4033,0.0,,,NOT_REVIEWED,NOT_APPROVED
30,104,Taurus Raging Bull,pistol,4380,0.0,,,NOT_REVIEWED,NOT_APPROVED
30,105,Desert Eagle Mark XIX,pistol,8288,0.0,,,NOT_REVIEWED,NOT_APPROVED
30,11,Автомат АКС-74У,heavy,5979,0.0,409,0.0,NOT_REVIEWED,NOT_APPROVED
30,12,Автомат АК-74,heavy,6103,0.0,0,27.0,NOT_REVIEWED,NOT_APPROVED
30,37,Автомат АК-107,heavy,4110,0.0,0,49.0,NOT_REVIEWED,NOT_APPROVED
30,21,Автомат АК-12,heavy,5161,0.0,0,15.0,NOT_REVIEWED,NOT_APPROVED
30,26,Автомат АН-94 «Абакан»,heavy,4230,0.0,0,40.0,NOT_REVIEWED,NOT_APPROVED
30,17,Пулемёт РПК-74,heavy,3796,0.0,0,51.0,NOT_REVIEWED,NOT_APPROVED
30,38,Автомат ADAR 2-15,heavy,5510,0.0,0,57.0,NOT_REVIEWED,NOT_APPROVED
30,45,Автомат АК-19,heavy,4424,0.0,0,47.0,NOT_REVIEWED,NOT_APPROVED
30,57,Автомат HK416,heavy,4536,0.0,380,0.0,NOT_REVIEWED,NOT_APPROVED
30,69,Автомат CZ Bren 2,heavy,4222,0.0,0,1.41,NOT_REVIEWED,NOT_APPROVED
30,67,Пулемёт Minimi Mk3,heavy,3250,0.0,959,0.0,NOT_REVIEWED,NOT_APPROVED
30,43,Автомат ОЦ-14 «Гроза»,heavy,4768,0.0,0,76.56,NOT_REVIEWED,NOT_APPROVED
30,16,Карабин «Вепрь»,heavy,5720,0.0,0,44.28,NOT_REVIEWED,NOT_APPROVED
30,15,Автомат АК-103,heavy,4777,0.0,0,21.0,NOT_REVIEWED,NOT_APPROVED
30,25,Пулемёт РПД,heavy,3392,0.0,0,39.0,NOT_REVIEWED,NOT_APPROVED
30,18,Автомат АС «Вал»,heavy,4486,0.0,0,52.0,NOT_REVIEWED,NOT_APPROVED
30,10,Карабин Сайга-12,heavy,6356,0.0,0,4.47,NOT_REVIEWED,NOT_APPROVED
30,63,Автомат АК-308,heavy,4222,0.0,0,30.0,NOT_REVIEWED,NOT_APPROVED
30,51,Автомат ЛР-308,heavy,3905,0.0,0,76.0,NOT_REVIEWED,NOT_APPROVED
30,75,Автомат SCAR-H,heavy,4323,0.0,52,0.0,NOT_REVIEWED,NOT_APPROVED
30,61,Пулемёт M60E6,heavy,3705,0.0,510,0.0,NOT_REVIEWED,NOT_APPROVED
30,59,Пулемёт M240,heavy,3572,0.0,0,28.44,NOT_REVIEWED,NOT_APPROVED
30,71,Пулемёт FN MAG,heavy,3067,0.0,0,2.24,NOT_REVIEWED,NOT_APPROVED
30,77,Пулемёт Negev NG7,heavy,3246,0.0,836,0.0,NOT_REVIEWED,NOT_APPROVED
30,22,Пулемёт ПКМ,heavy,2352,0.0,0,32.0,NOT_REVIEWED,NOT_APPROVED
30,29,Пулемёт «Печенег»,heavy,3642,0.0,0,38.0,NOT_REVIEWED,NOT_APPROVED
30,53,Пулемёт «Печенег-СП»,heavy,3848,0.0,282,0.0,NOT_REVIEWED,NOT_APPROVED
30,47,Автомат АК-АН «Абакан-100»,heavy,3445,0.0,0,39.2,NOT_REVIEWED,NOT_APPROVED
30,65,Пулемёт «Утёс-М»,heavy,4274,0.0,777,0.0,NOT_REVIEWED,NOT_APPROVED
30,14,Винтовка СКС,heavy,5950,0.0,0,18.68,NOT_REVIEWED,NOT_APPROVED
30,46,Винтовка SSG 08,heavy,3459,0.0,0,41.15,NOT_REVIEWED,NOT_APPROVED
30,42,Винтовка SR-25,heavy,4012,0.0,0,68.0,NOT_REVIEWED,NOT_APPROVED
30,13,Винтовка СВД,heavy,5513,0.0,0,22.0,NOT_REVIEWED,NOT_APPROVED
30,24,Винтовка СВДС,heavy,3921,0.0,0,40.0,NOT_REVIEWED,NOT_APPROVED
30,23,Винтовка Т-5000,heavy,3088,0.0,0,46.0,NOT_REVIEWED,NOT_APPROVED
30,28,Винтовка СВ-98,heavy,4517,0.0,0,29.43,NOT_REVIEWED,NOT_APPROVED
30,36,Винтовка СВК,heavy,3077,0.0,1023,0.0,NOT_REVIEWED,NOT_APPROVED
30,30,Винтовка ВСС «Винторез»,heavy,4692,0.0,0,48.0,NOT_REVIEWED,NOT_APPROVED
30,40,Винтовка ВСК-94,heavy,4284,0.0,0,56.3,NOT_REVIEWED,NOT_APPROVED
30,31,Винтовка СВ-338,heavy,3721,0.0,0,25.0,NOT_REVIEWED,NOT_APPROVED
30,27,Винтовка ОРСИС T-5000M,heavy,4050,0.0,0,36.67,NOT_REVIEWED,NOT_APPROVED
30,70,Винтовка Sako TRG-42,heavy,3958,0.0,126,0.0,NOT_REVIEWED,NOT_APPROVED
30,76,Винтовка Blaser R93 Tactical 2,heavy,3818,0.0,972,0.0,NOT_REVIEWED,NOT_APPROVED
30,39,Винтовка ORSIS T-5000 Sniper Pro,heavy,3843,0.0,1263,0.0,NOT_REVIEWED,NOT_APPROVED
30,60,Винтовка Accuracy International AXMC,heavy,3550,0.0,965,0.0,NOT_REVIEWED,NOT_APPROVED
30,48,Винтовка Barrett M98B,heavy,2907,0.0,35,0.0,NOT_REVIEWED,NOT_APPROVED
30,64,Винтовка ORSIS T-5000 Elite,heavy,4011,0.0,130,0.0,NOT_REVIEWED,NOT_APPROVED
30,33,Винтовка «Выхлоп»,heavy,3501,0.0,0,46.0,NOT_REVIEWED,NOT_APPROVED
30,35,Винтовка ОСВ-96,heavy,3068,0.0,1020,0.0,NOT_REVIEWED,NOT_APPROVED
30,66,Винтовка Zastava M93 Black Arrow,heavy,4343,0.0,1031,0.0,NOT_REVIEWED,NOT_APPROVED
30,52,Винтовка АСВК «Корд»,heavy,3313,0.0,755,0.0,NOT_REVIEWED,NOT_APPROVED
30,58,Винтовка Steyr HS .50,heavy,5108,0.0,362,0.0,NOT_REVIEWED,NOT_APPROVED
30,49,Винтовка Barrett M82,heavy,2314,0.0,2003,0.0,NOT_REVIEWED,NOT_APPROVED
30,54,Винтовка McMillan TAC-50,heavy,4482,0.0,21,0.0,NOT_REVIEWED,NOT_APPROVED
30,72,Винтовка Desert Tech HTI,heavy,4150,0.0,0,48.01,NOT_REVIEWED,NOT_APPROVED
30,78,Винтовка Cheytac M200 Intervention,heavy,2692,0.0,0,2.83,NOT_REVIEWED,NOT_APPROVED
30,73,Прототип X-17,heavy,2989,0.0,0,42.58,NOT_REVIEWED,NOT_APPROVED
30,55,Гаусс-пушка,heavy,5896,0.0,0,30.36,NOT_REVIEWED,NOT_APPROVED
30,4,Обрез охотничьего ружья,heavy,7673,0.0,0,26.17,NOT_REVIEWED,NOT_APPROVED
30,8,ПП «Кедр»,heavy,8579,0.0,0,23.77,NOT_REVIEWED,NOT_APPROVED
30,9,ПП-19 «Бизон»,heavy,6646,0.0,571,0.0,NOT_REVIEWED,NOT_APPROVED
30,20,Дробовик Сайга-410,heavy,5118,0.0,0,45.0,NOT_REVIEWED,NOT_APPROVED
30,106,Дробовик Mossberg 500,heavy,5567,0.0,122,0.0,NOT_REVIEWED,NOT_APPROVED
30,107,Дробовик Stoeger P3000,heavy,6043,0.0,34,0.0,NOT_REVIEWED,NOT_APPROVED
30,108,Дробовик Remington 870,heavy,5688,0.0,0,4.0,NOT_REVIEWED,NOT_APPROVED
30,109,Дробовик Winchester Model 1300,heavy,5741,0.0,32,0.0,NOT_REVIEWED,NOT_APPROVED
30,110,Дробовик Ithaca 37,heavy,5731,0.0,16,0.0,NOT_REVIEWED,NOT_APPROVED
30,111,Дробовик Browning BPS,heavy,5480,0.0,7,0.0,NOT_REVIEWED,NOT_APPROVED
30,19,Дробовик СПАС-12,heavy,5277,0.0,0,32.06,NOT_REVIEWED,NOT_APPROVED
30,112,Дробовик Winchester SXP Defender,heavy,5113,0.0,0,41.0,NOT_REVIEWED,NOT_APPROVED
30,113,Дробовик Mossberg 590A1,heavy,5639,0.0,28,0.0,NOT_REVIEWED,NOT_APPROVED
30,114,Дробовик Remington 870 MCS,heavy,4223,0.0,0,40.0,NOT_REVIEWED,NOT_APPROVED
30,32,Дробовик Сайга-12К,heavy,3522,0.0,0,40.0,NOT_REVIEWED,NOT_APPROVED
30,115,Дробовик Benelli Nova,heavy,5652,0.0,0,3.0,NOT_REVIEWED,NOT_APPROVED
30,116,Дробовик TOZ-194,heavy,5366,0.0,0,22.0,NOT_REVIEWED,NOT_APPROVED
30,44,Дробовик «Вепрь-12»,heavy,3955,0.0,0,46.0,NOT_REVIEWED,NOT_APPROVED
30,117,Дробовик Remington 1100,heavy,5591,0.0,0,2.0,NOT_REVIEWED,NOT_APPROVED
30,62,Дробовик Kel-Tec KSG,heavy,4561,0.0,0,54.82,NOT_REVIEWED,NOT_APPROVED
30,118,Дробовик Beretta 1301 Tactical,heavy,4002,0.0,0,47.0,NOT_REVIEWED,NOT_APPROVED
30,50,Дробовик Benelli M4,heavy,4528,0.0,0,32.0,NOT_REVIEWED,NOT_APPROVED
30,119,Дробовик Fabarm STF/12,heavy,4786,0.0,0,42.05,NOT_REVIEWED,NOT_APPROVED
30,56,Дробовик AA-12,heavy,6157,0.0,0,29.53,NOT_REVIEWED,NOT_APPROVED
30,120,Дробовик Winchester SX4,heavy,5735,0.0,0,9.0,NOT_REVIEWED,NOT_APPROVED
30,121,Дробовик Browning A5,heavy,5760,0.0,0,7.0,NOT_REVIEWED,NOT_APPROVED
30,68,Дробовик Franchi SPAS-15,heavy,4896,0.0,0,31.0,NOT_REVIEWED,NOT_APPROVED
30,122,Дробовик Remington 870 Magnum,heavy,6830,0.0,0,5.0,NOT_REVIEWED,NOT_APPROVED
30,123,Дробовик Benelli Vinci,heavy,5958,0.0,0,1.0,NOT_REVIEWED,NOT_APPROVED
30,74,Дробовик USAS-12,heavy,3813,0.0,1213,0.0,NOT_REVIEWED,NOT_APPROVED
30,124,Дробовик Ithaca Mag-10,heavy,3674,0.0,0,52.09,NOT_REVIEWED,NOT_APPROVED
30,125,Дробовик Remington SP-10,heavy,4839,0.0,0,57.22,NOT_REVIEWED,NOT_APPROVED
31,86,Beretta 21A Bobcat,pistol,7190,0.0,,,NOT_REVIEWED,NOT_APPROVED
31,2,Пистолет ПСМ,pistol,6779,0.0,,,NOT_REVIEWED,NOT_APPROVED
31,87,Walther PPK,pistol,7068,0.0,,,NOT_REVIEWED,NOT_APPROVED
31,1,Пистолет Макарова,pistol,6697,0.0,,,NOT_REVIEWED,NOT_APPROVED
31,3,Пистолет ИЖ-71,pistol,6339,0.0,,,NOT_REVIEWED,NOT_APPROVED
31,88,Glock 25,pistol,6524,0.0,,,NOT_REVIEWED,NOT_APPROVED
31,5,Пистолет ОЦ-33 «Пернач»,pistol,6724,0.0,,,NOT_REVIEWED,NOT_APPROVED
31,6,Револьвер Наган,pistol,4751,0.0,,,NOT_REVIEWED,NOT_APPROVED
31,89,Walther P99,pistol,6422,0.0,,,NOT_REVIEWED,NOT_APPROVED
31,90,CZ 75,pistol,6298,0.0,,,NOT_REVIEWED,NOT_APPROVED
31,91,Glock 17,pistol,6316,0.0,,,NOT_REVIEWED,NOT_APPROVED
31,92,Beretta 92FS,pistol,5911,0.0,,,NOT_REVIEWED,NOT_APPROVED
31,93,SIG Sauer P226,pistol,7065,0.0,,,NOT_REVIEWED,NOT_APPROVED
31,7,Пистолет ТТ,pistol,6662,0.0,,,NOT_REVIEWED,NOT_APPROVED
31,94,HK USP,pistol,6451,0.0,,,NOT_REVIEWED,NOT_APPROVED
31,95,Glock 22,pistol,6336,0.0,,,NOT_REVIEWED,NOT_APPROVED
31,96,SIG Sauer P229,pistol,7024,0.0,,,NOT_REVIEWED,NOT_APPROVED
31,97,Glock 20,pistol,6913,0.0,,,NOT_REVIEWED,NOT_APPROVED
31,98,Colt 1911,pistol,6482,0.0,,,NOT_REVIEWED,NOT_APPROVED
31,99,Glock 21,pistol,6512,0.0,,,NOT_REVIEWED,NOT_APPROVED
31,100,CZ 97B,pistol,6837,0.0,,,NOT_REVIEWED,NOT_APPROVED
31,101,HK Mark 23,pistol,5681,0.0,,,NOT_REVIEWED,NOT_APPROVED
31,102,Taurus Judge,pistol,5763,0.0,,,NOT_REVIEWED,NOT_APPROVED
31,103,Smith & Wesson Model 29,pistol,3955,0.0,,,NOT_REVIEWED,NOT_APPROVED
31,104,Taurus Raging Bull,pistol,4327,0.0,,,NOT_REVIEWED,NOT_APPROVED
31,105,Desert Eagle Mark XIX,pistol,7860,0.0,,,NOT_REVIEWED,NOT_APPROVED
31,11,Автомат АКС-74У,heavy,5979,0.0,0,12.04,NOT_REVIEWED,NOT_APPROVED
31,12,Автомат АК-74,heavy,6103,0.0,0,17.0,NOT_REVIEWED,NOT_APPROVED
31,37,Автомат АК-107,heavy,4110,0.0,0,41.0,NOT_REVIEWED,NOT_APPROVED
31,21,Автомат АК-12,heavy,5161,0.0,0,34.37,NOT_REVIEWED,NOT_APPROVED
31,26,Автомат АН-94 «Абакан»,heavy,4230,0.0,0,36.0,NOT_REVIEWED,NOT_APPROVED
31,17,Пулемёт РПК-74,heavy,3796,0.0,0,31.0,NOT_REVIEWED,NOT_APPROVED
31,38,Автомат ADAR 2-15,heavy,5510,0.0,0,37.0,NOT_REVIEWED,NOT_APPROVED
31,45,Автомат АК-19,heavy,4424,0.0,0,33.0,NOT_REVIEWED,NOT_APPROVED
31,57,Автомат HK416,heavy,4536,0.0,1149,0.0,NOT_REVIEWED,NOT_APPROVED
31,69,Автомат CZ Bren 2,heavy,4222,0.0,0,7.0,NOT_REVIEWED,NOT_APPROVED
31,67,Пулемёт Minimi Mk3,heavy,3250,0.0,1487,0.0,NOT_REVIEWED,NOT_APPROVED
31,43,Автомат ОЦ-14 «Гроза»,heavy,4768,0.0,0,54.71,NOT_REVIEWED,NOT_APPROVED
31,16,Карабин «Вепрь»,heavy,5720,0.0,0,24.19,NOT_REVIEWED,NOT_APPROVED
31,15,Автомат АК-103,heavy,4777,0.0,0,29.0,NOT_REVIEWED,NOT_APPROVED
31,25,Пулемёт РПД,heavy,3392,0.0,0,49.0,NOT_REVIEWED,NOT_APPROVED
31,18,Автомат АС «Вал»,heavy,4486,0.0,0,36.25,NOT_REVIEWED,NOT_APPROVED
31,10,Карабин Сайга-12,heavy,6356,0.0,0,18.0,NOT_REVIEWED,NOT_APPROVED
31,63,Автомат АК-308,heavy,4222,0.0,0,36.5,NOT_REVIEWED,NOT_APPROVED
31,51,Автомат ЛР-308,heavy,3905,0.0,0,57.0,NOT_REVIEWED,NOT_APPROVED
31,75,Автомат SCAR-H,heavy,4323,0.0,513,0.0,NOT_REVIEWED,NOT_APPROVED
31,61,Пулемёт M60E6,heavy,3705,0.0,817,0.0,NOT_REVIEWED,NOT_APPROVED
31,59,Пулемёт M240,heavy,3572,0.0,0,27.46,NOT_REVIEWED,NOT_APPROVED
31,71,Пулемёт FN MAG,heavy,3067,0.0,208,0.0,NOT_REVIEWED,NOT_APPROVED
31,77,Пулемёт Negev NG7,heavy,3246,0.0,1679,0.0,NOT_REVIEWED,NOT_APPROVED
31,22,Пулемёт ПКМ,heavy,2352,0.0,0,40.0,NOT_REVIEWED,NOT_APPROVED
31,29,Пулемёт «Печенег»,heavy,3642,0.0,0,28.0,NOT_REVIEWED,NOT_APPROVED
31,53,Пулемёт «Печенег-СП»,heavy,3848,0.0,630,0.0,NOT_REVIEWED,NOT_APPROVED
31,47,Автомат АК-АН «Абакан-100»,heavy,3445,0.0,0,19.1,NOT_REVIEWED,NOT_APPROVED
31,65,Пулемёт «Утёс-М»,heavy,4274,0.0,1116,0.0,NOT_REVIEWED,NOT_APPROVED
31,14,Винтовка СКС,heavy,5923,0.0,45,0.0,NOT_REVIEWED,NOT_APPROVED
31,46,Винтовка SSG 08,heavy,3459,0.0,0,15.0,NOT_REVIEWED,NOT_APPROVED
31,42,Винтовка SR-25,heavy,4012,0.0,0,49.0,NOT_REVIEWED,NOT_APPROVED
31,13,Винтовка СВД,heavy,5513,0.0,0,3.0,NOT_REVIEWED,NOT_APPROVED
31,24,Винтовка СВДС,heavy,3921,0.0,0,21.0,NOT_REVIEWED,NOT_APPROVED
31,23,Винтовка Т-5000,heavy,3088,0.0,0,27.0,NOT_REVIEWED,NOT_APPROVED
31,28,Винтовка СВ-98,heavy,4517,0.0,0,8.06,NOT_REVIEWED,NOT_APPROVED
31,36,Винтовка СВК,heavy,3077,0.0,934,0.0,NOT_REVIEWED,NOT_APPROVED
31,30,Винтовка ВСС «Винторез»,heavy,4692,0.0,0,29.0,NOT_REVIEWED,NOT_APPROVED
31,40,Винтовка ВСК-94,heavy,4284,0.0,0,34.21,NOT_REVIEWED,NOT_APPROVED
31,31,Винтовка СВ-338,heavy,3721,0.0,0,5.0,NOT_REVIEWED,NOT_APPROVED
31,27,Винтовка ОРСИС T-5000M,heavy,4050,0.0,0,15.0,NOT_REVIEWED,NOT_APPROVED
31,70,Винтовка Sako TRG-42,heavy,3958,0.0,634,0.0,NOT_REVIEWED,NOT_APPROVED
31,76,Винтовка Blaser R93 Tactical 2,heavy,3818,0.0,1661,0.0,NOT_REVIEWED,NOT_APPROVED
31,39,Винтовка ORSIS T-5000 Sniper Pro,heavy,3843,0.0,1496,0.0,NOT_REVIEWED,NOT_APPROVED
31,60,Винтовка Accuracy International AXMC,heavy,3550,0.0,1494,0.0,NOT_REVIEWED,NOT_APPROVED
31,48,Винтовка Barrett M98B,heavy,2907,0.0,392,0.0,NOT_REVIEWED,NOT_APPROVED
31,64,Винтовка ORSIS T-5000 Elite,heavy,4011,0.0,0,10.0,NOT_REVIEWED,NOT_APPROVED
31,33,Винтовка «Выхлоп»,heavy,3501,0.0,0,27.0,NOT_REVIEWED,NOT_APPROVED
31,35,Винтовка ОСВ-96,heavy,3068,0.0,918,0.0,NOT_REVIEWED,NOT_APPROVED
31,66,Винтовка Zastava M93 Black Arrow,heavy,4343,0.0,1725,0.0,NOT_REVIEWED,NOT_APPROVED
31,52,Винтовка АСВК «Корд»,heavy,3313,0.0,1703,0.0,NOT_REVIEWED,NOT_APPROVED
31,58,Винтовка Steyr HS .50,heavy,5108,0.0,1008,0.0,NOT_REVIEWED,NOT_APPROVED
31,49,Винтовка Barrett M82,heavy,2314,0.0,2176,0.0,NOT_REVIEWED,NOT_APPROVED
31,54,Винтовка McMillan TAC-50,heavy,4482,0.0,0,18.0,NOT_REVIEWED,NOT_APPROVED
31,72,Винтовка Desert Tech HTI,heavy,4150,0.0,0,28.0,NOT_REVIEWED,NOT_APPROVED
31,78,Винтовка Cheytac M200 Intervention,heavy,2692,0.0,563,0.0,NOT_REVIEWED,NOT_APPROVED
31,73,Прототип X-17,heavy,2894,0.0,0,18.97,NOT_REVIEWED,NOT_APPROVED
31,55,Гаусс-пушка,heavy,5453,0.0,0,8.25,NOT_REVIEWED,NOT_APPROVED
31,4,Обрез охотничьего ружья,heavy,7411,0.0,0,5.0,NOT_REVIEWED,NOT_APPROVED
31,8,ПП «Кедр»,heavy,8523,0.0,0,41.59,NOT_REVIEWED,NOT_APPROVED
31,9,ПП-19 «Бизон»,heavy,6646,0.0,3413,0.0,NOT_REVIEWED,NOT_APPROVED
31,20,Дробовик Сайга-410,heavy,5118,0.0,0,25.0,NOT_REVIEWED,NOT_APPROVED
31,106,Дробовик Mossberg 500,heavy,5567,0.0,2088,0.0,NOT_REVIEWED,NOT_APPROVED
31,107,Дробовик Stoeger P3000,heavy,6043,0.0,1766,0.0,NOT_REVIEWED,NOT_APPROVED
31,108,Дробовик Remington 870,heavy,5688,0.0,1120,0.0,NOT_REVIEWED,NOT_APPROVED
31,109,Дробовик Winchester Model 1300,heavy,5741,0.0,1695,0.0,NOT_REVIEWED,NOT_APPROVED
31,110,Дробовик Ithaca 37,heavy,5731,0.0,1585,0.0,NOT_REVIEWED,NOT_APPROVED
31,111,Дробовик Browning BPS,heavy,5480,0.0,1512,0.0,NOT_REVIEWED,NOT_APPROVED
31,19,Дробовик СПАС-12,heavy,5277,0.0,0,10.0,NOT_REVIEWED,NOT_APPROVED
31,112,Дробовик Winchester SXP Defender,heavy,5113,0.0,0,22.0,NOT_REVIEWED,NOT_APPROVED
31,113,Дробовик Mossberg 590A1,heavy,5639,0.0,1665,0.0,NOT_REVIEWED,NOT_APPROVED
31,114,Дробовик Remington 870 MCS,heavy,4223,0.0,0,21.0,NOT_REVIEWED,NOT_APPROVED
31,32,Дробовик Сайга-12К,heavy,3522,0.0,0,46.0,NOT_REVIEWED,NOT_APPROVED
31,115,Дробовик Benelli Nova,heavy,5652,0.0,1227,0.0,NOT_REVIEWED,NOT_APPROVED
31,116,Дробовик TOZ-194,heavy,5366,0.0,0,2.0,NOT_REVIEWED,NOT_APPROVED
31,44,Дробовик «Вепрь-12»,heavy,3955,0.0,0,27.0,NOT_REVIEWED,NOT_APPROVED
31,117,Дробовик Remington 1100,heavy,5591,0.0,1274,0.0,NOT_REVIEWED,NOT_APPROVED
31,62,Дробовик Kel-Tec KSG,heavy,4561,0.0,0,34.0,NOT_REVIEWED,NOT_APPROVED
31,118,Дробовик Beretta 1301 Tactical,heavy,4002,0.0,0,28.0,NOT_REVIEWED,NOT_APPROVED
31,50,Дробовик Benelli M4,heavy,4528,0.0,0,12.0,NOT_REVIEWED,NOT_APPROVED
31,119,Дробовик Fabarm STF/12,heavy,4786,0.0,0,23.0,NOT_REVIEWED,NOT_APPROVED
31,56,Дробовик AA-12,heavy,6144,0.0,0,7.62,NOT_REVIEWED,NOT_APPROVED
31,120,Дробовик Winchester SX4,heavy,5735,0.0,672,0.0,NOT_REVIEWED,NOT_APPROVED
31,121,Дробовик Browning A5,heavy,5760,0.0,644,0.0,NOT_REVIEWED,NOT_APPROVED
31,68,Дробовик Franchi SPAS-15,heavy,4896,0.0,0,12.0,NOT_REVIEWED,NOT_APPROVED
31,122,Дробовик Remington 870 Magnum,heavy,6830,0.0,987,0.0,NOT_REVIEWED,NOT_APPROVED
31,123,Дробовик Benelli Vinci,heavy,5958,0.0,1385,0.0,NOT_REVIEWED,NOT_APPROVED
31,74,Дробовик USAS-12,heavy,3813,0.0,482,0.0,NOT_REVIEWED,NOT_APPROVED
31,124,Дробовик Ithaca Mag-10,heavy,3674,0.0,0,33.0,NOT_REVIEWED,NOT_APPROVED
31,125,Дробовик Remington SP-10,heavy,4839,0.0,0,38.0,NOT_REVIEWED,NOT_APPROVED
32,86,Beretta 21A Bobcat,pistol,7425,0.0,,,NOT_REVIEWED,NOT_APPROVED
32,2,Пистолет ПСМ,pistol,7044,0.0,,,NOT_REVIEWED,NOT_APPROVED
32,87,Walther PPK,pistol,7315,0.0,,,NOT_REVIEWED,NOT_APPROVED
32,1,Пистолет Макарова,pistol,6958,0.0,,,NOT_REVIEWED,NOT_APPROVED
32,3,Пистолет ИЖ-71,pistol,6646,0.0,,,NOT_REVIEWED,NOT_APPROVED
32,88,Glock 25,pistol,6794,0.0,,,NOT_REVIEWED,NOT_APPROVED
32,5,Пистолет ОЦ-33 «Пернач»,pistol,6972,0.0,,,NOT_REVIEWED,NOT_APPROVED
32,6,Револьвер Наган,pistol,5032,0.0,,,NOT_REVIEWED,NOT_APPROVED
32,89,Walther P99,pistol,6692,0.0,,,NOT_REVIEWED,NOT_APPROVED
32,90,CZ 75,pistol,6521,0.0,,,NOT_REVIEWED,NOT_APPROVED
32,91,Glock 17,pistol,6559,0.0,,,NOT_REVIEWED,NOT_APPROVED
32,92,Beretta 92FS,pistol,6131,0.0,,,NOT_REVIEWED,NOT_APPROVED
32,93,SIG Sauer P226,pistol,7362,0.0,,,NOT_REVIEWED,NOT_APPROVED
32,7,Пистолет ТТ,pistol,6858,0.0,,,NOT_REVIEWED,NOT_APPROVED
32,94,HK USP,pistol,6731,0.0,,,NOT_REVIEWED,NOT_APPROVED
32,95,Glock 22,pistol,6624,0.0,,,NOT_REVIEWED,NOT_APPROVED
32,96,SIG Sauer P229,pistol,7270,0.0,,,NOT_REVIEWED,NOT_APPROVED
32,97,Glock 20,pistol,7226,0.0,,,NOT_REVIEWED,NOT_APPROVED
32,98,Colt 1911,pistol,6666,0.0,,,NOT_REVIEWED,NOT_APPROVED
32,99,Glock 21,pistol,6767,0.0,,,NOT_REVIEWED,NOT_APPROVED
32,100,CZ 97B,pistol,7115,0.0,,,NOT_REVIEWED,NOT_APPROVED
32,101,HK Mark 23,pistol,5944,0.0,,,NOT_REVIEWED,NOT_APPROVED
32,102,Taurus Judge,pistol,6041,0.0,,,NOT_REVIEWED,NOT_APPROVED
32,103,Smith & Wesson Model 29,pistol,4221,0.0,,,NOT_REVIEWED,NOT_APPROVED
32,104,Taurus Raging Bull,pistol,4529,0.0,,,NOT_REVIEWED,NOT_APPROVED
32,105,Desert Eagle Mark XIX,pistol,7996,0.0,,,NOT_REVIEWED,NOT_APPROVED
32,11,Автомат АКС-74У,heavy,5979,0.0,0,13.0,NOT_REVIEWED,NOT_APPROVED
32,12,Автомат АК-74,heavy,6103,0.0,0,5.0,NOT_REVIEWED,NOT_APPROVED
32,37,Автомат АК-107,heavy,4110,0.0,0,33.0,NOT_REVIEWED,NOT_APPROVED
32,21,Автомат АК-12,heavy,5161,0.0,0,33.0,NOT_REVIEWED,NOT_APPROVED
32,26,Автомат АН-94 «Абакан»,heavy,4230,0.0,0,20.62,NOT_REVIEWED,NOT_APPROVED
32,17,Пулемёт РПК-74,heavy,3796,0.0,0,18.0,NOT_REVIEWED,NOT_APPROVED
32,38,Автомат ADAR 2-15,heavy,5510,0.0,0,24.0,NOT_REVIEWED,NOT_APPROVED
32,45,Автомат АК-19,heavy,4424,0.0,0,20.0,NOT_REVIEWED,NOT_APPROVED
32,57,Автомат HK416,heavy,4536,0.0,0,33.0,NOT_REVIEWED,NOT_APPROVED
32,69,Автомат CZ Bren 2,heavy,4222,0.0,0,28.0,NOT_REVIEWED,NOT_APPROVED
32,67,Пулемёт Minimi Mk3,heavy,3250,0.0,1285,0.0,NOT_REVIEWED,NOT_APPROVED
32,43,Автомат ОЦ-14 «Гроза»,heavy,4768,0.0,0,66.84,NOT_REVIEWED,NOT_APPROVED
32,16,Карабин «Вепрь»,heavy,5720,0.0,0,17.0,NOT_REVIEWED,NOT_APPROVED
32,15,Автомат АК-103,heavy,4777,0.0,0,17.0,NOT_REVIEWED,NOT_APPROVED
32,25,Пулемёт РПД,heavy,3392,0.0,0,2.0,NOT_REVIEWED,NOT_APPROVED
32,18,Автомат АС «Вал»,heavy,4486,0.0,0,27.0,NOT_REVIEWED,NOT_APPROVED
32,10,Карабин Сайга-12,heavy,6356,0.0,0,6.32,NOT_REVIEWED,NOT_APPROVED
32,63,Автомат АК-308,heavy,4222,0.0,0,28.18,NOT_REVIEWED,NOT_APPROVED
32,51,Автомат ЛР-308,heavy,3905,0.0,0,44.0,NOT_REVIEWED,NOT_APPROVED
32,75,Автомат SCAR-H,heavy,4323,0.0,0,39.22,NOT_REVIEWED,NOT_APPROVED
32,61,Пулемёт M60E6,heavy,3705,0.0,1991,0.0,NOT_REVIEWED,NOT_APPROVED
32,59,Пулемёт M240,heavy,3572,0.0,1082,0.0,NOT_REVIEWED,NOT_APPROVED
32,71,Пулемёт FN MAG,heavy,3067,0.0,1590,0.0,NOT_REVIEWED,NOT_APPROVED
32,77,Пулемёт Negev NG7,heavy,3246,0.0,997,0.0,NOT_REVIEWED,NOT_APPROVED
32,22,Пулемёт ПКМ,heavy,2352,0.0,0,2.0,NOT_REVIEWED,NOT_APPROVED
32,29,Пулемёт «Печенег»,heavy,3642,0.0,0,19.24,NOT_REVIEWED,NOT_APPROVED
32,53,Пулемёт «Печенег-СП»,heavy,3848,0.0,1599,0.0,NOT_REVIEWED,NOT_APPROVED
32,47,Автомат АК-АН «Абакан-100»,heavy,3445,0.0,0,6.0,NOT_REVIEWED,NOT_APPROVED
32,65,Пулемёт «Утёс-М»,heavy,4274,0.0,1621,0.0,NOT_REVIEWED,NOT_APPROVED
32,14,Винтовка СКС,heavy,5950,0.0,455,0.0,NOT_REVIEWED,NOT_APPROVED
32,46,Винтовка SSG 08,heavy,3459,0.0,0,2.0,NOT_REVIEWED,NOT_APPROVED
32,42,Винтовка SR-25,heavy,4012,0.0,0,36.0,NOT_REVIEWED,NOT_APPROVED
32,13,Винтовка СВД,heavy,5513,0.0,217,0.0,NOT_REVIEWED,NOT_APPROVED
32,24,Винтовка СВДС,heavy,3921,0.0,0,8.0,NOT_REVIEWED,NOT_APPROVED
32,23,Винтовка Т-5000,heavy,3088,0.0,0,14.0,NOT_REVIEWED,NOT_APPROVED
32,28,Винтовка СВ-98,heavy,4517,0.0,0,11.0,NOT_REVIEWED,NOT_APPROVED
32,36,Винтовка СВК,heavy,3077,0.0,1963,0.0,NOT_REVIEWED,NOT_APPROVED
32,30,Винтовка ВСС «Винторез»,heavy,4692,0.0,0,16.0,NOT_REVIEWED,NOT_APPROVED
32,40,Винтовка ВСК-94,heavy,4284,0.0,0,39.0,NOT_REVIEWED,NOT_APPROVED
32,31,Винтовка СВ-338,heavy,3721,0.0,358,0.0,NOT_REVIEWED,NOT_APPROVED
32,27,Винтовка ОРСИС T-5000M,heavy,4050,0.0,0,1.0,NOT_REVIEWED,NOT_APPROVED
32,70,Винтовка Sako TRG-42,heavy,3958,0.0,1403,0.0,NOT_REVIEWED,NOT_APPROVED
32,76,Винтовка Blaser R93 Tactical 2,heavy,3818,0.0,582,0.0,NOT_REVIEWED,NOT_APPROVED
32,39,Винтовка ORSIS T-5000 Sniper Pro,heavy,3843,0.0,1299,0.0,NOT_REVIEWED,NOT_APPROVED
32,60,Винтовка Accuracy International AXMC,heavy,3550,0.0,0,8.0,NOT_REVIEWED,NOT_APPROVED
32,48,Винтовка Barrett M98B,heavy,2907,0.0,0,2.0,NOT_REVIEWED,NOT_APPROVED
32,64,Винтовка ORSIS T-5000 Elite,heavy,4011,0.0,0,7.0,NOT_REVIEWED,NOT_APPROVED
32,33,Винтовка «Выхлоп»,heavy,3501,0.0,0,14.0,NOT_REVIEWED,NOT_APPROVED
32,35,Винтовка ОСВ-96,heavy,3068,0.0,158,0.0,NOT_REVIEWED,NOT_APPROVED
32,66,Винтовка Zastava M93 Black Arrow,heavy,4343,0.0,555,0.0,NOT_REVIEWED,NOT_APPROVED
32,52,Винтовка АСВК «Корд»,heavy,3313,0.0,1224,0.0,NOT_REVIEWED,NOT_APPROVED
32,58,Винтовка Steyr HS .50,heavy,5108,0.0,1964,0.0,NOT_REVIEWED,NOT_APPROVED
32,49,Винтовка Barrett M82,heavy,2314,0.0,747,0.0,NOT_REVIEWED,NOT_APPROVED
32,54,Винтовка McMillan TAC-50,heavy,4482,0.0,0,21.0,NOT_REVIEWED,NOT_APPROVED
32,72,Винтовка Desert Tech HTI,heavy,4150,0.0,0,17.0,NOT_REVIEWED,NOT_APPROVED
32,78,Винтовка Cheytac M200 Intervention,heavy,2692,0.0,1426,0.0,NOT_REVIEWED,NOT_APPROVED
32,73,Прототип X-17,heavy,2989,0.0,0,29.15,NOT_REVIEWED,NOT_APPROVED
32,55,Гаусс-пушка,heavy,5896,0.0,0,6.0,NOT_REVIEWED,NOT_APPROVED
32,4,Обрез охотничьего ружья,heavy,7673,0.0,63,0.0,NOT_REVIEWED,NOT_APPROVED
32,8,ПП «Кедр»,heavy,8579,0.0,0,46.04,NOT_REVIEWED,NOT_APPROVED
32,9,ПП-19 «Бизон»,heavy,6646,0.0,2298,0.0,NOT_REVIEWED,NOT_APPROVED
32,20,Дробовик Сайга-410,heavy,5118,0.0,0,13.04,NOT_REVIEWED,NOT_APPROVED
32,106,Дробовик Mossberg 500,heavy,5567,0.0,3396,0.0,NOT_REVIEWED,NOT_APPROVED
32,107,Дробовик Stoeger P3000,heavy,6043,0.0,3141,0.0,NOT_REVIEWED,NOT_APPROVED
32,108,Дробовик Remington 870,heavy,5688,0.0,2397,0.0,NOT_REVIEWED,NOT_APPROVED
32,109,Дробовик Winchester Model 1300,heavy,5741,0.0,2722,0.0,NOT_REVIEWED,NOT_APPROVED
32,110,Дробовик Ithaca 37,heavy,5731,0.0,2622,0.0,NOT_REVIEWED,NOT_APPROVED
32,111,Дробовик Browning BPS,heavy,5480,0.0,2331,0.0,NOT_REVIEWED,NOT_APPROVED
32,19,Дробовик СПАС-12,heavy,5277,0.0,139,0.0,NOT_REVIEWED,NOT_APPROVED
32,112,Дробовик Winchester SXP Defender,heavy,5113,0.0,0,3.61,NOT_REVIEWED,NOT_APPROVED
32,113,Дробовик Mossberg 590A1,heavy,5639,0.0,2976,0.0,NOT_REVIEWED,NOT_APPROVED
32,114,Дробовик Remington 870 MCS,heavy,4223,0.0,0,15.0,NOT_REVIEWED,NOT_APPROVED
32,32,Дробовик Сайга-12К,heavy,3522,0.0,0,34.13,NOT_REVIEWED,NOT_APPROVED
32,115,Дробовик Benelli Nova,heavy,5652,0.0,2464,0.0,NOT_REVIEWED,NOT_APPROVED
32,116,Дробовик TOZ-194,heavy,5366,0.0,741,0.0,NOT_REVIEWED,NOT_APPROVED
32,44,Дробовик «Вепрь-12»,heavy,3955,0.0,0,14.56,NOT_REVIEWED,NOT_APPROVED
32,117,Дробовик Remington 1100,heavy,5591,0.0,2013,0.0,NOT_REVIEWED,NOT_APPROVED
32,62,Дробовик Kel-Tec KSG,heavy,4561,0.0,0,35.0,NOT_REVIEWED,NOT_APPROVED
32,118,Дробовик Beretta 1301 Tactical,heavy,4002,0.0,0,15.0,NOT_REVIEWED,NOT_APPROVED
32,50,Дробовик Benelli M4,heavy,4528,0.0,7,0.0,NOT_REVIEWED,NOT_APPROVED
32,119,Дробовик Fabarm STF/12,heavy,4786,0.0,0,12.0,NOT_REVIEWED,NOT_APPROVED
32,56,Дробовик AA-12,heavy,6157,0.0,139,0.0,NOT_REVIEWED,NOT_APPROVED
32,120,Дробовик Winchester SX4,heavy,5735,0.0,1436,0.0,NOT_REVIEWED,NOT_APPROVED
32,121,Дробовик Browning A5,heavy,5760,0.0,855,0.0,NOT_REVIEWED,NOT_APPROVED
32,68,Дробовик Franchi SPAS-15,heavy,4896,0.0,96,0.0,NOT_REVIEWED,NOT_APPROVED
32,122,Дробовик Remington 870 Magnum,heavy,6830,0.0,1921,0.0,NOT_REVIEWED,NOT_APPROVED
32,123,Дробовик Benelli Vinci,heavy,5958,0.0,2480,0.0,NOT_REVIEWED,NOT_APPROVED
32,74,Дробовик USAS-12,heavy,3813,0.0,0,26.0,NOT_REVIEWED,NOT_APPROVED
32,124,Дробовик Ithaca Mag-10,heavy,3674,0.0,0,25.81,NOT_REVIEWED,NOT_APPROVED
32,125,Дробовик Remington SP-10,heavy,4839,0.0,0,25.0,NOT_REVIEWED,NOT_APPROVED
33,86,Beretta 21A Bobcat,pistol,7168,0.0,,,NOT_REVIEWED,NOT_APPROVED
33,2,Пистолет ПСМ,pistol,6748,0.0,,,NOT_REVIEWED,NOT_APPROVED
33,87,Walther PPK,pistol,7036,0.0,,,NOT_REVIEWED,NOT_APPROVED
33,1,Пистолет Макарова,pistol,6657,0.0,,,NOT_REVIEWED,NOT_APPROVED
33,3,Пистолет ИЖ-71,pistol,6244,0.0,,,NOT_REVIEWED,NOT_APPROVED
33,88,Glock 25,pistol,6442,0.0,,,NOT_REVIEWED,NOT_APPROVED
33,5,Пистолет ОЦ-33 «Пернач»,pistol,6692,0.0,,,NOT_REVIEWED,NOT_APPROVED
33,6,Револьвер Наган,pistol,4628,0.0,,,NOT_REVIEWED,NOT_APPROVED
33,89,Walther P99,pistol,6375,0.0,,,NOT_REVIEWED,NOT_APPROVED
33,90,CZ 75,pistol,6266,0.0,,,NOT_REVIEWED,NOT_APPROVED
33,91,Glock 17,pistol,6258,0.0,,,NOT_REVIEWED,NOT_APPROVED
33,92,Beretta 92FS,pistol,5858,0.0,,,NOT_REVIEWED,NOT_APPROVED
33,93,SIG Sauer P226,pistol,7040,0.0,,,NOT_REVIEWED,NOT_APPROVED
33,7,Пистолет ТТ,pistol,6607,0.0,,,NOT_REVIEWED,NOT_APPROVED
33,94,HK USP,pistol,6417,0.0,,,NOT_REVIEWED,NOT_APPROVED
33,95,Glock 22,pistol,6285,0.0,,,NOT_REVIEWED,NOT_APPROVED
33,96,SIG Sauer P229,pistol,6980,0.0,,,NOT_REVIEWED,NOT_APPROVED
33,97,Glock 20,pistol,6885,0.0,,,NOT_REVIEWED,NOT_APPROVED
33,98,Colt 1911,pistol,6391,0.0,,,NOT_REVIEWED,NOT_APPROVED
33,99,Glock 21,pistol,6463,0.0,,,NOT_REVIEWED,NOT_APPROVED
33,100,CZ 97B,pistol,6796,0.0,,,NOT_REVIEWED,NOT_APPROVED
33,101,HK Mark 23,pistol,5626,0.0,,,NOT_REVIEWED,NOT_APPROVED
33,102,Taurus Judge,pistol,5668,0.0,,,NOT_REVIEWED,NOT_APPROVED
33,103,Smith & Wesson Model 29,pistol,3813,0.0,,,NOT_REVIEWED,NOT_APPROVED
33,104,Taurus Raging Bull,pistol,4183,0.0,,,NOT_REVIEWED,NOT_APPROVED
33,105,Desert Eagle Mark XIX,pistol,7799,0.0,,,NOT_REVIEWED,NOT_APPROVED
33,11,Автомат АКС-74У,heavy,5987,0.0,3,0.0,NOT_REVIEWED,NOT_APPROVED
33,12,Автомат АК-74,heavy,6148,0.0,0,41.3,NOT_REVIEWED,NOT_APPROVED
33,37,Автомат АК-107,heavy,4103,0.0,0,63.0,NOT_REVIEWED,NOT_APPROVED
33,21,Автомат АК-12,heavy,5161,0.0,0,30.0,NOT_REVIEWED,NOT_APPROVED
33,26,Автомат АН-94 «Абакан»,heavy,4287,0.0,0,55.0,NOT_REVIEWED,NOT_APPROVED
33,17,Пулемёт РПК-74,heavy,3796,0.0,0,55.32,NOT_REVIEWED,NOT_APPROVED
33,38,Автомат ADAR 2-15,heavy,5532,0.0,0,65.0,NOT_REVIEWED,NOT_APPROVED
33,45,Автомат АК-19,heavy,4428,0.0,0,60.0,NOT_REVIEWED,NOT_APPROVED
33,57,Автомат HK416,heavy,4536,0.0,618,0.0,NOT_REVIEWED,NOT_APPROVED
33,69,Автомат CZ Bren 2,heavy,4222,0.0,0,3.0,NOT_REVIEWED,NOT_APPROVED
33,67,Пулемёт Minimi Mk3,heavy,3247,0.0,1041,0.0,NOT_REVIEWED,NOT_APPROVED
33,43,Автомат ОЦ-14 «Гроза»,heavy,4705,0.0,0,74.55,NOT_REVIEWED,NOT_APPROVED
33,16,Карабин «Вепрь»,heavy,5787,0.0,0,49.0,NOT_REVIEWED,NOT_APPROVED
33,15,Автомат АК-103,heavy,4777,0.0,0,36.0,NOT_REVIEWED,NOT_APPROVED
33,25,Пулемёт РПД,heavy,3476,0.0,0,54.0,NOT_REVIEWED,NOT_APPROVED
33,18,Автомат АС «Вал»,heavy,4531,0.0,0,58.08,NOT_REVIEWED,NOT_APPROVED
33,10,Карабин Сайга-12,heavy,6409,0.0,0,23.09,NOT_REVIEWED,NOT_APPROVED
33,63,Автомат АК-308,heavy,4222,0.0,0,45.0,NOT_REVIEWED,NOT_APPROVED
33,51,Автомат ЛР-308,heavy,3905,0.0,0,84.0,NOT_REVIEWED,NOT_APPROVED
33,75,Автомат SCAR-H,heavy,4269,0.0,170,0.0,NOT_REVIEWED,NOT_APPROVED
33,61,Пулемёт M60E6,heavy,3710,0.0,751,0.0,NOT_REVIEWED,NOT_APPROVED
33,59,Пулемёт M240,heavy,3572,0.0,0,23.09,NOT_REVIEWED,NOT_APPROVED
33,71,Пулемёт FN MAG,heavy,3067,0.0,332,0.0,NOT_REVIEWED,NOT_APPROVED
33,77,Пулемёт Negev NG7,heavy,3252,0.0,1121,0.0,NOT_REVIEWED,NOT_APPROVED
33,22,Пулемёт ПКМ,heavy,2309,0.0,0,47.0,NOT_REVIEWED,NOT_APPROVED
33,29,Пулемёт «Печенег»,heavy,3642,0.0,0,53.0,NOT_REVIEWED,NOT_APPROVED
33,53,Пулемёт «Печенег-СП»,heavy,3860,0.0,658,0.0,NOT_REVIEWED,NOT_APPROVED
33,47,Автомат АК-АН «Абакан-100»,heavy,3555,0.0,0,31.06,NOT_REVIEWED,NOT_APPROVED
33,65,Пулемёт «Утёс-М»,heavy,4263,0.0,870,0.0,NOT_REVIEWED,NOT_APPROVED
33,14,Винтовка СКС,heavy,5937,0.0,0,23.54,NOT_REVIEWED,NOT_APPROVED
33,46,Винтовка SSG 08,heavy,3381,0.0,0,43.93,NOT_REVIEWED,NOT_APPROVED
33,42,Винтовка SR-25,heavy,4012,0.0,0,76.0,NOT_REVIEWED,NOT_APPROVED
33,13,Винтовка СВД,heavy,5419,0.0,0,31.0,NOT_REVIEWED,NOT_APPROVED
33,24,Винтовка СВДС,heavy,3816,0.0,0,49.0,NOT_REVIEWED,NOT_APPROVED
33,23,Винтовка Т-5000,heavy,3088,0.0,0,54.0,NOT_REVIEWED,NOT_APPROVED
33,28,Винтовка СВ-98,heavy,4616,0.0,0,34.0,NOT_REVIEWED,NOT_APPROVED
33,36,Винтовка СВК,heavy,3077,0.0,1121,0.0,NOT_REVIEWED,NOT_APPROVED
33,30,Винтовка ВСС «Винторез»,heavy,4814,0.0,0,55.0,NOT_REVIEWED,NOT_APPROVED
33,40,Винтовка ВСК-94,heavy,4269,0.0,0,51.79,NOT_REVIEWED,NOT_APPROVED
33,31,Винтовка СВ-338,heavy,3720,0.0,0,29.0,NOT_REVIEWED,NOT_APPROVED
33,27,Винтовка ОРСИС T-5000M,heavy,3935,0.0,0,42.0,NOT_REVIEWED,NOT_APPROVED
33,70,Винтовка Sako TRG-42,heavy,4063,0.0,378,0.0,NOT_REVIEWED,NOT_APPROVED
33,76,Винтовка Blaser R93 Tactical 2,heavy,3867,0.0,1227,0.0,NOT_REVIEWED,NOT_APPROVED
33,39,Винтовка ORSIS T-5000 Sniper Pro,heavy,3825,0.0,1321,0.0,NOT_REVIEWED,NOT_APPROVED
33,60,Винтовка Accuracy International AXMC,heavy,3551,0.0,996,0.0,NOT_REVIEWED,NOT_APPROVED
33,48,Винтовка Barrett M98B,heavy,2913,0.0,131,0.0,NOT_REVIEWED,NOT_APPROVED
33,64,Винтовка ORSIS T-5000 Elite,heavy,4033,0.0,0,5.0,NOT_REVIEWED,NOT_APPROVED
33,33,Винтовка «Выхлоп»,heavy,3501,0.0,0,54.0,NOT_REVIEWED,NOT_APPROVED
33,35,Винтовка ОСВ-96,heavy,3178,0.0,1012,0.0,NOT_REVIEWED,NOT_APPROVED
33,66,Винтовка Zastava M93 Black Arrow,heavy,4341,0.0,1261,0.0,NOT_REVIEWED,NOT_APPROVED
33,52,Винтовка АСВК «Корд»,heavy,3313,0.0,1207,0.0,NOT_REVIEWED,NOT_APPROVED
33,58,Винтовка Steyr HS .50,heavy,5108,0.0,719,0.0,NOT_REVIEWED,NOT_APPROVED
33,49,Винтовка Barrett M82,heavy,2365,0.0,2102,0.0,NOT_REVIEWED,NOT_APPROVED
33,54,Винтовка McMillan TAC-50,heavy,4476,0.0,0,15.0,NOT_REVIEWED,NOT_APPROVED
33,72,Винтовка Desert Tech HTI,heavy,4241,0.0,0,54.0,NOT_REVIEWED,NOT_APPROVED
33,78,Винтовка Cheytac M200 Intervention,heavy,2697,0.0,254,0.0,NOT_REVIEWED,NOT_APPROVED
33,73,Прототип X-17,heavy,2989,0.0,0,43.0,NOT_REVIEWED,NOT_APPROVED
33,55,Гаусс-пушка,heavy,5896,0.0,0,26.02,NOT_REVIEWED,NOT_APPROVED
33,4,Обрез охотничьего ружья,heavy,7673,0.0,0,29.0,NOT_REVIEWED,NOT_APPROVED
33,8,ПП «Кедр»,heavy,8579,0.0,0,40.01,NOT_REVIEWED,NOT_APPROVED
33,9,ПП-19 «Бизон»,heavy,6701,0.0,933,0.0,NOT_REVIEWED,NOT_APPROVED
33,20,Дробовик Сайга-410,heavy,5200,0.0,0,50.01,NOT_REVIEWED,NOT_APPROVED
33,106,Дробовик Mossberg 500,heavy,5519,0.0,0,3.0,NOT_REVIEWED,NOT_APPROVED
33,107,Дробовик Stoeger P3000,heavy,6018,0.0,0,6.0,NOT_REVIEWED,NOT_APPROVED
33,108,Дробовик Remington 870,heavy,5746,0.0,0,11.0,NOT_REVIEWED,NOT_APPROVED
33,109,Дробовик Winchester Model 1300,heavy,5741,0.0,0,6.0,NOT_REVIEWED,NOT_APPROVED
33,110,Дробовик Ithaca 37,heavy,5672,0.0,0,8.0,NOT_REVIEWED,NOT_APPROVED
33,111,Дробовик Browning BPS,heavy,5537,0.0,0,6.0,NOT_REVIEWED,NOT_APPROVED
33,19,Дробовик СПАС-12,heavy,5277,0.0,0,37.48,NOT_REVIEWED,NOT_APPROVED
33,112,Дробовик Winchester SXP Defender,heavy,5113,0.0,0,49.0,NOT_REVIEWED,NOT_APPROVED
33,113,Дробовик Mossberg 590A1,heavy,5675,0.0,0,5.0,NOT_REVIEWED,NOT_APPROVED
33,114,Дробовик Remington 870 MCS,heavy,4217,0.0,0,47.0,NOT_REVIEWED,NOT_APPROVED
33,32,Дробовик Сайга-12К,heavy,3522,0.0,0,55.0,NOT_REVIEWED,NOT_APPROVED
33,115,Дробовик Benelli Nova,heavy,5626,0.0,0,11.0,NOT_REVIEWED,NOT_APPROVED
33,116,Дробовик TOZ-194,heavy,5332,0.0,0,23.0,NOT_REVIEWED,NOT_APPROVED
33,44,Дробовик «Вепрь-12»,heavy,3955,0.0,0,54.0,NOT_REVIEWED,NOT_APPROVED
33,117,Дробовик Remington 1100,heavy,5591,0.0,0,9.0,NOT_REVIEWED,NOT_APPROVED
33,62,Дробовик Kel-Tec KSG,heavy,4561,0.0,0,61.0,NOT_REVIEWED,NOT_APPROVED
33,118,Дробовик Beretta 1301 Tactical,heavy,3958,0.0,0,56.0,NOT_REVIEWED,NOT_APPROVED
33,50,Дробовик Benelli M4,heavy,4532,0.0,0,39.0,NOT_REVIEWED,NOT_APPROVED
33,119,Дробовик Fabarm STF/12,heavy,4770,0.0,0,47.38,NOT_REVIEWED,NOT_APPROVED
33,56,Дробовик AA-12,heavy,6183,0.0,0,34.0,NOT_REVIEWED,NOT_APPROVED
33,120,Дробовик Winchester SX4,heavy,5693,0.0,0,17.0,NOT_REVIEWED,NOT_APPROVED
33,121,Дробовик Browning A5,heavy,5760,0.0,0,14.0,NOT_REVIEWED,NOT_APPROVED
33,68,Дробовик Franchi SPAS-15,heavy,4855,0.0,0,37.34,NOT_REVIEWED,NOT_APPROVED
33,122,Дробовик Remington 870 Magnum,heavy,6722,0.0,0,14.0,NOT_REVIEWED,NOT_APPROVED
33,123,Дробовик Benelli Vinci,heavy,5958,0.0,0,9.0,NOT_REVIEWED,NOT_APPROVED
33,74,Дробовик USAS-12,heavy,3774,0.0,609,0.0,NOT_REVIEWED,NOT_APPROVED
33,124,Дробовик Ithaca Mag-10,heavy,3613,0.0,0,61.0,NOT_REVIEWED,NOT_APPROVED
33,125,Дробовик Remington SP-10,heavy,4897,0.0,0,62.0,NOT_REVIEWED,NOT_APPROVED
34,86,Beretta 21A Bobcat,pistol,6676,0.0,,,NOT_REVIEWED,NOT_APPROVED
34,2,Пистолет ПСМ,pistol,6276,0.0,,,NOT_REVIEWED,NOT_APPROVED
34,87,Walther PPK,pistol,6555,0.0,,,NOT_REVIEWED,NOT_APPROVED
34,1,Пистолет Макарова,pistol,6192,0.0,,,NOT_REVIEWED,NOT_APPROVED
34,3,Пистолет ИЖ-71,pistol,5750,0.0,,,NOT_REVIEWED,NOT_APPROVED
34,88,Glock 25,pistol,5985,0.0,,,NOT_REVIEWED,NOT_APPROVED
34,5,Пистолет ОЦ-33 «Пернач»,pistol,6226,0.0,,,NOT_REVIEWED,NOT_APPROVED
34,6,Револьвер Наган,pistol,4143,0.0,,,NOT_REVIEWED,NOT_APPROVED
34,89,Walther P99,pistol,5941,0.0,,,NOT_REVIEWED,NOT_APPROVED
34,90,CZ 75,pistol,5876,0.0,,,NOT_REVIEWED,NOT_APPROVED
34,91,Glock 17,pistol,5850,0.0,,,NOT_REVIEWED,NOT_APPROVED
34,92,Beretta 92FS,pistol,5450,0.0,,,NOT_REVIEWED,NOT_APPROVED
34,93,SIG Sauer P226,pistol,6620,0.0,,,NOT_REVIEWED,NOT_APPROVED
34,7,Пистолет ТТ,pistol,6117,0.0,,,NOT_REVIEWED,NOT_APPROVED
34,94,HK USP,pistol,5982,0.0,,,NOT_REVIEWED,NOT_APPROVED
34,95,Glock 22,pistol,5869,0.0,,,NOT_REVIEWED,NOT_APPROVED
34,96,SIG Sauer P229,pistol,6478,0.0,,,NOT_REVIEWED,NOT_APPROVED
34,97,Glock 20,pistol,6419,0.0,,,NOT_REVIEWED,NOT_APPROVED
34,98,Colt 1911,pistol,5902,0.0,,,NOT_REVIEWED,NOT_APPROVED
34,99,Glock 21,pistol,6068,0.0,,,NOT_REVIEWED,NOT_APPROVED
34,100,CZ 97B,pistol,6372,0.0,,,NOT_REVIEWED,NOT_APPROVED
34,101,HK Mark 23,pistol,5226,0.0,,,NOT_REVIEWED,NOT_APPROVED
34,102,Taurus Judge,pistol,5174,0.0,,,NOT_REVIEWED,NOT_APPROVED
34,103,Smith & Wesson Model 29,pistol,3536,0.0,,,NOT_REVIEWED,NOT_APPROVED
34,104,Taurus Raging Bull,pistol,3733,0.0,,,NOT_REVIEWED,NOT_APPROVED
34,105,Desert Eagle Mark XIX,pistol,7078,0.0,,,NOT_REVIEWED,NOT_APPROVED
34,11,Автомат АКС-74У,heavy,5987,0.0,0,34.06,NOT_REVIEWED,NOT_APPROVED
34,12,Автомат АК-74,heavy,6085,0.0,0,33.0,NOT_REVIEWED,NOT_APPROVED
34,37,Автомат АК-107,heavy,4103,0.0,0,52.89,NOT_REVIEWED,NOT_APPROVED
34,21,Автомат АК-12,heavy,5161,0.0,0,56.32,NOT_REVIEWED,NOT_APPROVED
34,26,Автомат АН-94 «Абакан»,heavy,4230,0.0,0,38.83,NOT_REVIEWED,NOT_APPROVED
34,17,Пулемёт РПК-74,heavy,3796,0.0,0,39.0,NOT_REVIEWED,NOT_APPROVED
34,38,Автомат ADAR 2-15,heavy,5532,0.0,0,43.01,NOT_REVIEWED,NOT_APPROVED
34,45,Автомат АК-19,heavy,4428,0.0,0,46.0,NOT_REVIEWED,NOT_APPROVED
34,57,Автомат HK416,heavy,4536,0.0,0,9.0,NOT_REVIEWED,NOT_APPROVED
34,69,Автомат CZ Bren 2,heavy,4222,0.0,0,46.69,NOT_REVIEWED,NOT_APPROVED
34,67,Пулемёт Minimi Mk3,heavy,3247,0.0,1787,0.0,NOT_REVIEWED,NOT_APPROVED
34,43,Автомат ОЦ-14 «Гроза»,heavy,4768,0.0,0,90.74,NOT_REVIEWED,NOT_APPROVED
34,16,Карабин «Вепрь»,heavy,5720,0.0,0,43.0,NOT_REVIEWED,NOT_APPROVED
34,15,Автомат АК-103,heavy,4777,0.0,0,41.98,NOT_REVIEWED,NOT_APPROVED
34,25,Пулемёт РПД,heavy,3392,0.0,0,21.38,NOT_REVIEWED,NOT_APPROVED
34,18,Автомат АС «Вал»,heavy,4477,0.0,0,45.0,NOT_REVIEWED,NOT_APPROVED
34,10,Карабин Сайга-12,heavy,6356,0.0,0,26.0,NOT_REVIEWED,NOT_APPROVED
34,63,Автомат АК-308,heavy,4222,0.0,0,50.25,NOT_REVIEWED,NOT_APPROVED
34,51,Автомат ЛР-308,heavy,3905,0.0,0,62.0,NOT_REVIEWED,NOT_APPROVED
34,75,Автомат SCAR-H,heavy,4323,0.0,0,18.44,NOT_REVIEWED,NOT_APPROVED
34,61,Пулемёт M60E6,heavy,3710,0.0,1847,0.0,NOT_REVIEWED,NOT_APPROVED
34,59,Пулемёт M240,heavy,3572,0.0,646,0.0,NOT_REVIEWED,NOT_APPROVED
34,71,Пулемёт FN MAG,heavy,3067,0.0,945,0.0,NOT_REVIEWED,NOT_APPROVED
34,77,Пулемёт Negev NG7,heavy,3252,0.0,1000,0.0,NOT_REVIEWED,NOT_APPROVED
34,22,Пулемёт ПКМ,heavy,2352,0.0,0,21.84,NOT_REVIEWED,NOT_APPROVED
34,29,Пулемёт «Печенег»,heavy,3642,0.0,0,35.0,NOT_REVIEWED,NOT_APPROVED
34,53,Пулемёт «Печенег-СП»,heavy,3860,0.0,1481,0.0,NOT_REVIEWED,NOT_APPROVED
34,47,Автомат АК-АН «Абакан-100»,heavy,3445,0.0,0,27.0,NOT_REVIEWED,NOT_APPROVED
34,65,Пулемёт «Утёс-М»,heavy,4263,0.0,1680,0.0,NOT_REVIEWED,NOT_APPROVED
34,14,Винтовка СКС,heavy,5937,0.0,0,17.0,NOT_REVIEWED,NOT_APPROVED
34,46,Винтовка SSG 08,heavy,3465,0.0,0,25.08,NOT_REVIEWED,NOT_APPROVED
34,42,Винтовка SR-25,heavy,4012,0.0,0,54.0,NOT_REVIEWED,NOT_APPROVED
34,13,Винтовка СВД,heavy,5513,0.0,0,14.76,NOT_REVIEWED,NOT_APPROVED
34,24,Винтовка СВДС,heavy,3926,0.0,0,31.0,NOT_REVIEWED,NOT_APPROVED
34,23,Винтовка Т-5000,heavy,3088,0.0,0,37.0,NOT_REVIEWED,NOT_APPROVED
34,28,Винтовка СВ-98,heavy,4529,0.0,0,31.95,NOT_REVIEWED,NOT_APPROVED
34,36,Винтовка СВК,heavy,3077,0.0,1647,0.0,NOT_REVIEWED,NOT_APPROVED
34,30,Винтовка ВСС «Винторез»,heavy,4704,0.0,0,35.0,NOT_REVIEWED,NOT_APPROVED
34,40,Винтовка ВСК-94,heavy,4269,0.0,0,57.0,NOT_REVIEWED,NOT_APPROVED
34,31,Винтовка СВ-338,heavy,3720,0.0,0,15.0,NOT_REVIEWED,NOT_APPROVED
34,27,Винтовка ОРСИС T-5000M,heavy,4045,0.0,0,27.0,NOT_REVIEWED,NOT_APPROVED
34,70,Винтовка Sako TRG-42,heavy,4000,0.0,930,0.0,NOT_REVIEWED,NOT_APPROVED
34,76,Винтовка Blaser R93 Tactical 2,heavy,3795,0.0,1283,0.0,NOT_REVIEWED,NOT_APPROVED
34,39,Винтовка ORSIS T-5000 Sniper Pro,heavy,3825,0.0,1873,0.0,NOT_REVIEWED,NOT_APPROVED
34,60,Винтовка Accuracy International AXMC,heavy,3551,0.0,81,0.0,NOT_REVIEWED,NOT_APPROVED
34,48,Винтовка Barrett M98B,heavy,2913,0.0,0,20.4,NOT_REVIEWED,NOT_APPROVED
34,64,Винтовка ORSIS T-5000 Elite,heavy,4033,0.0,0,39.92,NOT_REVIEWED,NOT_APPROVED
34,33,Винтовка «Выхлоп»,heavy,3501,0.0,0,32.98,NOT_REVIEWED,NOT_APPROVED
34,35,Винтовка ОСВ-96,heavy,3068,0.0,1053,0.0,NOT_REVIEWED,NOT_APPROVED
34,66,Винтовка Zastava M93 Black Arrow,heavy,4341,0.0,948,0.0,NOT_REVIEWED,NOT_APPROVED
34,52,Винтовка АСВК «Корд»,heavy,3313,0.0,1479,0.0,NOT_REVIEWED,NOT_APPROVED
34,58,Винтовка Steyr HS .50,heavy,5108,0.0,1450,0.0,NOT_REVIEWED,NOT_APPROVED
34,49,Винтовка Barrett M82,heavy,2314,0.0,2191,0.0,NOT_REVIEWED,NOT_APPROVED
34,54,Винтовка McMillan TAC-50,heavy,4476,0.0,0,41.79,NOT_REVIEWED,NOT_APPROVED
34,72,Винтовка Desert Tech HTI,heavy,4147,0.0,0,35.0,NOT_REVIEWED,NOT_APPROVED
34,78,Винтовка Cheytac M200 Intervention,heavy,2697,0.0,1123,0.0,NOT_REVIEWED,NOT_APPROVED
34,73,Прототип X-17,heavy,2989,0.0,0,54.59,NOT_REVIEWED,NOT_APPROVED
34,55,Гаусс-пушка,heavy,5896,0.0,0,25.0,NOT_REVIEWED,NOT_APPROVED
34,4,Обрез охотничьего ружья,heavy,7673,0.0,0,22.8,NOT_REVIEWED,NOT_APPROVED
34,8,ПП «Кедр»,heavy,8579,0.0,0,75.77,NOT_REVIEWED,NOT_APPROVED
34,9,ПП-19 «Бизон»,heavy,6646,0.0,922,0.0,NOT_REVIEWED,NOT_APPROVED
34,20,Дробовик Сайга-410,heavy,5123,0.0,0,36.35,NOT_REVIEWED,NOT_APPROVED
34,106,Дробовик Mossberg 500,heavy,5554,0.0,895,0.0,NOT_REVIEWED,NOT_APPROVED
34,107,Дробовик Stoeger P3000,heavy,6057,0.0,667,0.0,NOT_REVIEWED,NOT_APPROVED
34,108,Дробовик Remington 870,heavy,5688,0.0,252,0.0,NOT_REVIEWED,NOT_APPROVED
34,109,Дробовик Winchester Model 1300,heavy,5741,0.0,383,0.0,NOT_REVIEWED,NOT_APPROVED
34,110,Дробовик Ithaca 37,heavy,5710,0.0,285,0.0,NOT_REVIEWED,NOT_APPROVED
34,111,Дробовик Browning BPS,heavy,5494,0.0,138,0.0,NOT_REVIEWED,NOT_APPROVED
34,19,Дробовик СПАС-12,heavy,5277,0.0,0,18.44,NOT_REVIEWED,NOT_APPROVED
34,112,Дробовик Winchester SXP Defender,heavy,5113,0.0,0,19.0,NOT_REVIEWED,NOT_APPROVED
34,113,Дробовик Mossberg 590A1,heavy,5631,0.0,579,0.0,NOT_REVIEWED,NOT_APPROVED
34,114,Дробовик Remington 870 MCS,heavy,4217,0.0,0,35.85,NOT_REVIEWED,NOT_APPROVED
34,32,Дробовик Сайга-12К,heavy,3522,0.0,0,63.6,NOT_REVIEWED,NOT_APPROVED
34,115,Дробовик Benelli Nova,heavy,5652,0.0,254,0.0,NOT_REVIEWED,NOT_APPROVED
34,116,Дробовик TOZ-194,heavy,5366,0.0,0,9.0,NOT_REVIEWED,NOT_APPROVED
34,44,Дробовик «Вепрь-12»,heavy,3955,0.0,0,39.05,NOT_REVIEWED,NOT_APPROVED
34,117,Дробовик Remington 1100,heavy,5591,0.0,11,0.0,NOT_REVIEWED,NOT_APPROVED
34,62,Дробовик Kel-Tec KSG,heavy,4561,0.0,0,65.79,NOT_REVIEWED,NOT_APPROVED
34,118,Дробовик Beretta 1301 Tactical,heavy,4013,0.0,0,35.11,NOT_REVIEWED,NOT_APPROVED
34,50,Дробовик Benelli M4,heavy,4532,0.0,0,22.0,NOT_REVIEWED,NOT_APPROVED
34,119,Дробовик Fabarm STF/12,heavy,4770,0.0,0,35.44,NOT_REVIEWED,NOT_APPROVED
34,56,Дробовик AA-12,heavy,6183,0.0,0,24.35,NOT_REVIEWED,NOT_APPROVED
34,120,Дробовик Winchester SX4,heavy,5735,0.0,0,1.0,NOT_REVIEWED,NOT_APPROVED
34,121,Дробовик Browning A5,heavy,5760,0.0,0,8.0,NOT_REVIEWED,NOT_APPROVED
34,68,Дробовик Franchi SPAS-15,heavy,4908,0.0,0,14.0,NOT_REVIEWED,NOT_APPROVED
34,122,Дробовик Remington 870 Magnum,heavy,6805,0.0,109,0.0,NOT_REVIEWED,NOT_APPROVED
34,123,Дробовик Benelli Vinci,heavy,5958,0.0,244,0.0,NOT_REVIEWED,NOT_APPROVED
34,74,Дробовик USAS-12,heavy,3819,0.0,0,28.0,NOT_REVIEWED,NOT_APPROVED
34,124,Дробовик Ithaca Mag-10,heavy,3669,0.0,0,50.0,NOT_REVIEWED,NOT_APPROVED
34,125,Дробовик Remington SP-10,heavy,4839,0.0,0,49.04,NOT_REVIEWED,NOT_APPROVED
35,86,Beretta 21A Bobcat,pistol,7350,0.0,,,NOT_REVIEWED,NOT_APPROVED
35,2,Пистолет ПСМ,pistol,6917,0.0,,,NOT_REVIEWED,NOT_APPROVED
35,87,Walther PPK,pistol,7250,0.0,,,NOT_REVIEWED,NOT_APPROVED
35,1,Пистолет Макарова,pistol,6835,0.0,,,NOT_REVIEWED,NOT_APPROVED
35,3,Пистолет ИЖ-71,pistol,6373,0.0,,,NOT_REVIEWED,NOT_APPROVED
35,88,Glock 25,pistol,6586,0.0,,,NOT_REVIEWED,NOT_APPROVED
35,5,Пистолет ОЦ-33 «Пернач»,pistol,6876,0.0,,,NOT_REVIEWED,NOT_APPROVED
35,6,Револьвер Наган,pistol,4832,0.0,,,NOT_REVIEWED,NOT_APPROVED
35,89,Walther P99,pistol,6538,0.0,,,NOT_REVIEWED,NOT_APPROVED
35,90,CZ 75,pistol,6403,0.0,,,NOT_REVIEWED,NOT_APPROVED
35,91,Glock 17,pistol,6368,0.0,,,NOT_REVIEWED,NOT_APPROVED
35,92,Beretta 92FS,pistol,6082,0.0,,,NOT_REVIEWED,NOT_APPROVED
35,93,SIG Sauer P226,pistol,7292,0.0,,,NOT_REVIEWED,NOT_APPROVED
35,7,Пистолет ТТ,pistol,6849,0.0,,,NOT_REVIEWED,NOT_APPROVED
35,94,HK USP,pistol,6641,0.0,,,NOT_REVIEWED,NOT_APPROVED
35,95,Glock 22,pistol,6434,0.0,,,NOT_REVIEWED,NOT_APPROVED
35,96,SIG Sauer P229,pistol,7253,0.0,,,NOT_REVIEWED,NOT_APPROVED
35,97,Glock 20,pistol,7064,0.0,,,NOT_REVIEWED,NOT_APPROVED
35,98,Colt 1911,pistol,6664,0.0,,,NOT_REVIEWED,NOT_APPROVED
35,99,Glock 21,pistol,6578,0.0,,,NOT_REVIEWED,NOT_APPROVED
35,100,CZ 97B,pistol,6965,0.0,,,NOT_REVIEWED,NOT_APPROVED
35,101,HK Mark 23,pistol,5889,0.0,,,NOT_REVIEWED,NOT_APPROVED
35,102,Taurus Judge,pistol,5838,0.0,,,NOT_REVIEWED,NOT_APPROVED
35,103,Smith & Wesson Model 29,pistol,4075,0.0,,,NOT_REVIEWED,NOT_APPROVED
35,104,Taurus Raging Bull,pistol,4456,0.0,,,NOT_REVIEWED,NOT_APPROVED
35,105,Desert Eagle Mark XIX,pistol,8152,0.0,,,NOT_REVIEWED,NOT_APPROVED
35,11,Автомат АКС-74У,heavy,5987,0.0,0,19.0,NOT_REVIEWED,NOT_APPROVED
35,12,Автомат АК-74,heavy,6085,0.0,0,18.0,NOT_REVIEWED,NOT_APPROVED
35,37,Автомат АК-107,heavy,4103,0.0,0,37.05,NOT_REVIEWED,NOT_APPROVED
35,21,Автомат АК-12,heavy,5161,0.0,0,39.92,NOT_REVIEWED,NOT_APPROVED
35,26,Автомат АН-94 «Абакан»,heavy,4230,0.0,0,30.08,NOT_REVIEWED,NOT_APPROVED
35,17,Пулемёт РПК-74,heavy,3796,0.0,0,25.0,NOT_REVIEWED,NOT_APPROVED
35,38,Автомат ADAR 2-15,heavy,5532,0.0,0,30.36,NOT_REVIEWED,NOT_APPROVED
35,45,Автомат АК-19,heavy,4428,0.0,0,34.54,NOT_REVIEWED,NOT_APPROVED
35,57,Автомат HK416,heavy,4536,0.0,0,8.0,NOT_REVIEWED,NOT_APPROVED
35,69,Автомат CZ Bren 2,heavy,4222,0.0,0,32.0,NOT_REVIEWED,NOT_APPROVED
35,67,Пулемёт Minimi Mk3,heavy,3247,0.0,2221,0.0,NOT_REVIEWED,NOT_APPROVED
35,43,Автомат ОЦ-14 «Гроза»,heavy,4768,0.0,0,74.63,NOT_REVIEWED,NOT_APPROVED
35,16,Карабин «Вепрь»,heavy,5720,0.0,0,29.43,NOT_REVIEWED,NOT_APPROVED
35,15,Автомат АК-103,heavy,4777,0.0,0,29.0,NOT_REVIEWED,NOT_APPROVED
35,25,Пулемёт РПД,heavy,3392,0.0,0,20.22,NOT_REVIEWED,NOT_APPROVED
35,18,Автомат АС «Вал»,heavy,4477,0.0,0,31.0,NOT_REVIEWED,NOT_APPROVED
35,10,Карабин Сайга-12,heavy,6356,0.0,0,11.0,NOT_REVIEWED,NOT_APPROVED
35,63,Автомат АК-308,heavy,4222,0.0,0,36.0,NOT_REVIEWED,NOT_APPROVED
35,51,Автомат ЛР-308,heavy,3905,0.0,0,48.0,NOT_REVIEWED,NOT_APPROVED
35,75,Автомат SCAR-H,heavy,4323,0.0,0,17.0,NOT_REVIEWED,NOT_APPROVED
35,61,Пулемёт M60E6,heavy,3710,0.0,2167,0.0,NOT_REVIEWED,NOT_APPROVED
35,59,Пулемёт M240,heavy,3572,0.0,642,0.0,NOT_REVIEWED,NOT_APPROVED
35,71,Пулемёт FN MAG,heavy,3067,0.0,991,0.0,NOT_REVIEWED,NOT_APPROVED
35,77,Пулемёт Negev NG7,heavy,3252,0.0,1442,0.0,NOT_REVIEWED,NOT_APPROVED
35,22,Пулемёт ПКМ,heavy,2352,0.0,0,20.62,NOT_REVIEWED,NOT_APPROVED
35,29,Пулемёт «Печенег»,heavy,3642,0.0,0,22.47,NOT_REVIEWED,NOT_APPROVED
35,53,Пулемёт «Печенег-СП»,heavy,3860,0.0,1597,0.0,NOT_REVIEWED,NOT_APPROVED
35,47,Автомат АК-АН «Абакан-100»,heavy,3445,0.0,0,10.0,NOT_REVIEWED,NOT_APPROVED
35,65,Пулемёт «Утёс-М»,heavy,4263,0.0,2090,0.0,NOT_REVIEWED,NOT_APPROVED
35,14,Винтовка СКС,heavy,5937,0.0,0,3.0,NOT_REVIEWED,NOT_APPROVED
35,46,Винтовка SSG 08,heavy,3465,0.0,0,10.0,NOT_REVIEWED,NOT_APPROVED
35,42,Винтовка SR-25,heavy,4012,0.0,0,40.2,NOT_REVIEWED,NOT_APPROVED
35,13,Винтовка СВД,heavy,5513,0.0,25,0.0,NOT_REVIEWED,NOT_APPROVED
35,24,Винтовка СВДС,heavy,3926,0.0,0,17.0,NOT_REVIEWED,NOT_APPROVED
35,23,Винтовка Т-5000,heavy,3088,0.0,0,23.0,NOT_REVIEWED,NOT_APPROVED
35,28,Винтовка СВ-98,heavy,4529,0.0,0,15.03,NOT_REVIEWED,NOT_APPROVED
35,36,Винтовка СВК,heavy,3077,0.0,1946,0.0,NOT_REVIEWED,NOT_APPROVED
35,30,Винтовка ВСС «Винторез»,heavy,4704,0.0,0,21.0,NOT_REVIEWED,NOT_APPROVED
35,40,Винтовка ВСК-94,heavy,4269,0.0,0,43.0,NOT_REVIEWED,NOT_APPROVED
35,31,Винтовка СВ-338,heavy,3720,0.0,24,0.0,NOT_REVIEWED,NOT_APPROVED
35,27,Винтовка ОРСИС T-5000M,heavy,4045,0.0,0,13.0,NOT_REVIEWED,NOT_APPROVED
35,70,Винтовка Sako TRG-42,heavy,4000,0.0,1207,0.0,NOT_REVIEWED,NOT_APPROVED
35,76,Винтовка Blaser R93 Tactical 2,heavy,3795,0.0,1639,0.0,NOT_REVIEWED,NOT_APPROVED
35,39,Винтовка ORSIS T-5000 Sniper Pro,heavy,3825,0.0,2168,0.0,NOT_REVIEWED,NOT_APPROVED
35,60,Винтовка Accuracy International AXMC,heavy,3551,0.0,137,0.0,NOT_REVIEWED,NOT_APPROVED
35,48,Винтовка Barrett M98B,heavy,2913,0.0,0,8.06,NOT_REVIEWED,NOT_APPROVED
35,64,Винтовка ORSIS T-5000 Elite,heavy,4033,0.0,0,24.17,NOT_REVIEWED,NOT_APPROVED
35,33,Винтовка «Выхлоп»,heavy,3501,0.0,0,18.0,NOT_REVIEWED,NOT_APPROVED
35,35,Винтовка ОСВ-96,heavy,3068,0.0,1247,0.0,NOT_REVIEWED,NOT_APPROVED
35,66,Винтовка Zastava M93 Black Arrow,heavy,4341,0.0,1059,0.0,NOT_REVIEWED,NOT_APPROVED
35,52,Винтовка АСВК «Корд»,heavy,3313,0.0,2032,0.0,NOT_REVIEWED,NOT_APPROVED
35,58,Винтовка Steyr HS .50,heavy,5108,0.0,1800,0.0,NOT_REVIEWED,NOT_APPROVED
35,49,Винтовка Barrett M82,heavy,2314,0.0,2588,0.0,NOT_REVIEWED,NOT_APPROVED
35,54,Винтовка McMillan TAC-50,heavy,4476,0.0,0,25.0,NOT_REVIEWED,NOT_APPROVED
35,72,Винтовка Desert Tech HTI,heavy,4147,0.0,0,21.0,NOT_REVIEWED,NOT_APPROVED
35,78,Винтовка Cheytac M200 Intervention,heavy,2697,0.0,1365,0.0,NOT_REVIEWED,NOT_APPROVED
35,73,Прототип X-17,heavy,2989,0.0,0,38.28,NOT_REVIEWED,NOT_APPROVED
35,55,Гаусс-пушка,heavy,5896,0.0,0,11.0,NOT_REVIEWED,NOT_APPROVED
35,4,Обрез охотничьего ружья,heavy,7673,0.0,0,6.08,NOT_REVIEWED,NOT_APPROVED
35,8,ПП «Кедр»,heavy,8579,0.0,0,59.03,NOT_REVIEWED,NOT_APPROVED
35,9,ПП-19 «Бизон»,heavy,6646,0.0,2050,0.0,NOT_REVIEWED,NOT_APPROVED
35,20,Дробовик Сайга-410,heavy,5123,0.0,0,19.42,NOT_REVIEWED,NOT_APPROVED
35,106,Дробовик Mossberg 500,heavy,5554,0.0,1649,0.0,NOT_REVIEWED,NOT_APPROVED
35,107,Дробовик Stoeger P3000,heavy,6057,0.0,1357,0.0,NOT_REVIEWED,NOT_APPROVED
35,108,Дробовик Remington 870,heavy,5688,0.0,897,0.0,NOT_REVIEWED,NOT_APPROVED
35,109,Дробовик Winchester Model 1300,heavy,5741,0.0,1232,0.0,NOT_REVIEWED,NOT_APPROVED
35,110,Дробовик Ithaca 37,heavy,5710,0.0,1167,0.0,NOT_REVIEWED,NOT_APPROVED
35,111,Дробовик Browning BPS,heavy,5494,0.0,1111,0.0,NOT_REVIEWED,NOT_APPROVED
35,19,Дробовик СПАС-12,heavy,5277,0.0,0,2.83,NOT_REVIEWED,NOT_APPROVED
35,112,Дробовик Winchester SXP Defender,heavy,5113,0.0,0,12.04,NOT_REVIEWED,NOT_APPROVED
35,113,Дробовик Mossberg 590A1,heavy,5631,0.0,1271,0.0,NOT_REVIEWED,NOT_APPROVED
35,114,Дробовик Remington 870 MCS,heavy,4217,0.0,0,19.0,NOT_REVIEWED,NOT_APPROVED
35,32,Дробовик Сайга-12К,heavy,3522,0.0,0,47.17,NOT_REVIEWED,NOT_APPROVED
35,115,Дробовик Benelli Nova,heavy,5652,0.0,941,0.0,NOT_REVIEWED,NOT_APPROVED
35,116,Дробовик TOZ-194,heavy,5366,0.0,85,0.0,NOT_REVIEWED,NOT_APPROVED
35,44,Дробовик «Вепрь-12»,heavy,3955,0.0,0,29.53,NOT_REVIEWED,NOT_APPROVED
35,117,Дробовик Remington 1100,heavy,5591,0.0,901,0.0,NOT_REVIEWED,NOT_APPROVED
35,62,Дробовик Kel-Tec KSG,heavy,4561,0.0,0,48.3,NOT_REVIEWED,NOT_APPROVED
35,118,Дробовик Beretta 1301 Tactical,heavy,4013,0.0,0,19.0,NOT_REVIEWED,NOT_APPROVED
35,50,Дробовик Benelli M4,heavy,4532,0.0,0,5.0,NOT_REVIEWED,NOT_APPROVED
35,119,Дробовик Fabarm STF/12,heavy,4770,0.0,0,19.24,NOT_REVIEWED,NOT_APPROVED
35,56,Дробовик AA-12,heavy,6183,0.0,0,8.54,NOT_REVIEWED,NOT_APPROVED
35,120,Дробовик Winchester SX4,heavy,5735,0.0,536,0.0,NOT_REVIEWED,NOT_APPROVED
35,121,Дробовик Browning A5,heavy,5760,0.0,311,0.0,NOT_REVIEWED,NOT_APPROVED
35,68,Дробовик Franchi SPAS-15,heavy,4908,0.0,0,2.0,NOT_REVIEWED,NOT_APPROVED
35,122,Дробовик Remington 870 Magnum,heavy,6805,0.0,792,0.0,NOT_REVIEWED,NOT_APPROVED
35,123,Дробовик Benelli Vinci,heavy,5958,0.0,1046,0.0,NOT_REVIEWED,NOT_APPROVED
35,74,Дробовик USAS-12,heavy,3819,0.0,0,27.0,NOT_REVIEWED,NOT_APPROVED
35,124,Дробовик Ithaca Mag-10,heavy,3669,0.0,0,36.0,NOT_REVIEWED,NOT_APPROVED
35,125,Дробовик Remington SP-10,heavy,4839,0.0,0,33.0,NOT_REVIEWED,NOT_APPROVED
36,86,Beretta 21A Bobcat,pistol,7329,0.0,,,NOT_REVIEWED,NOT_APPROVED
36,2,Пистолет ПСМ,pistol,6941,0.0,,,NOT_REVIEWED,NOT_APPROVED
36,87,Walther PPK,pistol,7222,0.0,,,NOT_REVIEWED,NOT_APPROVED
36,1,Пистолет Макарова,pistol,6849,0.0,,,NOT_REVIEWED,NOT_APPROVED
36,3,Пистолет ИЖ-71,pistol,6527,0.0,,,NOT_REVIEWED,NOT_APPROVED
36,88,Glock 25,pistol,6682,0.0,,,NOT_REVIEWED,NOT_APPROVED
36,5,Пистолет ОЦ-33 «Пернач»,pistol,6851,0.0,,,NOT_REVIEWED,NOT_APPROVED
36,6,Револьвер Наган,pistol,4892,0.0,,,NOT_REVIEWED,NOT_APPROVED
36,89,Walther P99,pistol,6595,0.0,,,NOT_REVIEWED,NOT_APPROVED
36,90,CZ 75,pistol,6429,0.0,,,NOT_REVIEWED,NOT_APPROVED
36,91,Glock 17,pistol,6467,0.0,,,NOT_REVIEWED,NOT_APPROVED
36,92,Beretta 92FS,pistol,6041,0.0,,,NOT_REVIEWED,NOT_APPROVED
36,93,SIG Sauer P226,pistol,7293,0.0,,,NOT_REVIEWED,NOT_APPROVED
36,7,Пистолет ТТ,pistol,6765,0.0,,,NOT_REVIEWED,NOT_APPROVED
36,94,HK USP,pistol,6656,0.0,,,NOT_REVIEWED,NOT_APPROVED
36,95,Glock 22,pistol,6547,0.0,,,NOT_REVIEWED,NOT_APPROVED
36,96,SIG Sauer P229,pistol,7210,0.0,,,NOT_REVIEWED,NOT_APPROVED
36,97,Glock 20,pistol,7154,0.0,,,NOT_REVIEWED,NOT_APPROVED
36,98,Colt 1911,pistol,6584,0.0,,,NOT_REVIEWED,NOT_APPROVED
36,99,Glock 21,pistol,6686,0.0,,,NOT_REVIEWED,NOT_APPROVED
36,100,CZ 97B,pistol,7023,0.0,,,NOT_REVIEWED,NOT_APPROVED
36,101,HK Mark 23,pistol,5868,0.0,,,NOT_REVIEWED,NOT_APPROVED
36,102,Taurus Judge,pistol,5979,0.0,,,NOT_REVIEWED,NOT_APPROVED
36,103,Smith & Wesson Model 29,pistol,4160,0.0,,,NOT_REVIEWED,NOT_APPROVED
36,104,Taurus Raging Bull,pistol,4439,0.0,,,NOT_REVIEWED,NOT_APPROVED
36,105,Desert Eagle Mark XIX,pistol,7926,0.0,,,NOT_REVIEWED,NOT_APPROVED
36,11,Автомат АКС-74У,heavy,5979,0.0,379,0.0,NOT_REVIEWED,NOT_APPROVED
36,12,Автомат АК-74,heavy,6080,0.0,739,0.0,NOT_REVIEWED,NOT_APPROVED
36,37,Автомат АК-107,heavy,4110,0.0,0,9.06,NOT_REVIEWED,NOT_APPROVED
36,21,Автомат АК-12,heavy,5161,0.0,0,15.0,NOT_REVIEWED,NOT_APPROVED
36,26,Автомат АН-94 «Абакан»,heavy,4230,0.0,0,6.0,NOT_REVIEWED,NOT_APPROVED
36,17,Пулемёт РПК-74,heavy,3796,0.0,0,2.0,NOT_REVIEWED,NOT_APPROVED
36,38,Автомат ADAR 2-15,heavy,5510,0.0,0,8.0,NOT_REVIEWED,NOT_APPROVED
36,45,Автомат АК-19,heavy,4424,0.0,0,3.0,NOT_REVIEWED,NOT_APPROVED
36,57,Автомат HK416,heavy,4536,0.0,696,0.0,NOT_REVIEWED,NOT_APPROVED
36,69,Автомат CZ Bren 2,heavy,4222,0.0,0,11.0,NOT_REVIEWED,NOT_APPROVED
36,67,Пулемёт Minimi Mk3,heavy,3250,0.0,1598,0.0,NOT_REVIEWED,NOT_APPROVED
36,43,Автомат ОЦ-14 «Гроза»,heavy,4768,0.0,0,21.47,NOT_REVIEWED,NOT_APPROVED
36,16,Карабин «Вепрь»,heavy,5720,0.0,268,0.0,NOT_REVIEWED,NOT_APPROVED
36,15,Автомат АК-103,heavy,4777,0.0,78,0.0,NOT_REVIEWED,NOT_APPROVED
36,25,Пулемёт РПД,heavy,3392,0.0,0,18.03,NOT_REVIEWED,NOT_APPROVED
36,18,Автомат АС «Вал»,heavy,4486,0.0,0,3.16,NOT_REVIEWED,NOT_APPROVED
36,10,Карабин Сайга-12,heavy,6306,0.0,922,0.0,NOT_REVIEWED,NOT_APPROVED
36,63,Автомат АК-308,heavy,4222,0.0,0,6.0,NOT_REVIEWED,NOT_APPROVED
36,51,Автомат ЛР-308,heavy,3905,0.0,0,27.0,NOT_REVIEWED,NOT_APPROVED
36,75,Автомат SCAR-H,heavy,4323,0.0,34,0.0,NOT_REVIEWED,NOT_APPROVED
36,61,Пулемёт M60E6,heavy,3705,0.0,1259,0.0,NOT_REVIEWED,NOT_APPROVED
36,59,Пулемёт M240,heavy,3572,0.0,0,1.0,NOT_REVIEWED,NOT_APPROVED
36,71,Пулемёт FN MAG,heavy,3067,0.0,599,0.0,NOT_REVIEWED,NOT_APPROVED
36,77,Пулемёт Negev NG7,heavy,3246,0.0,1703,0.0,NOT_REVIEWED,NOT_APPROVED
36,22,Пулемёт ПКМ,heavy,2352,0.0,0,14.14,NOT_REVIEWED,NOT_APPROVED
36,29,Пулемёт «Печенег»,heavy,3642,0.0,62,0.0,NOT_REVIEWED,NOT_APPROVED
36,53,Пулемёт «Печенег-СП»,heavy,3848,0.0,919,0.0,NOT_REVIEWED,NOT_APPROVED
36,47,Автомат АК-АН «Абакан-100»,heavy,3445,0.0,283,0.0,NOT_REVIEWED,NOT_APPROVED
36,65,Пулемёт «Утёс-М»,heavy,4274,0.0,1350,0.0,NOT_REVIEWED,NOT_APPROVED
36,14,Винтовка СКС,heavy,5938,0.0,2534,0.0,NOT_REVIEWED,NOT_APPROVED
36,46,Винтовка SSG 08,heavy,3459,0.0,365,0.0,NOT_REVIEWED,NOT_APPROVED
36,42,Винтовка SR-25,heavy,4012,0.0,0,19.0,NOT_REVIEWED,NOT_APPROVED
36,13,Винтовка СВД,heavy,5493,0.0,2115,0.0,NOT_REVIEWED,NOT_APPROVED
36,24,Винтовка СВДС,heavy,3921,0.0,617,0.0,NOT_REVIEWED,NOT_APPROVED
36,23,Винтовка Т-5000,heavy,3088,0.0,83,0.0,NOT_REVIEWED,NOT_APPROVED
36,28,Винтовка СВ-98,heavy,4517,0.0,848,0.0,NOT_REVIEWED,NOT_APPROVED
36,36,Винтовка СВК,heavy,3077,0.0,1348,0.0,NOT_REVIEWED,NOT_APPROVED
36,30,Винтовка ВСС «Винторез»,heavy,4692,0.0,111,0.0,NOT_REVIEWED,NOT_APPROVED
36,40,Винтовка ВСК-94,heavy,4284,0.0,0,5.0,NOT_REVIEWED,NOT_APPROVED
36,31,Винтовка СВ-338,heavy,3721,0.0,1989,0.0,NOT_REVIEWED,NOT_APPROVED
36,27,Винтовка ОРСИС T-5000M,heavy,4050,0.0,486,0.0,NOT_REVIEWED,NOT_APPROVED
36,70,Винтовка Sako TRG-42,heavy,3958,0.0,1300,0.0,NOT_REVIEWED,NOT_APPROVED
36,76,Винтовка Blaser R93 Tactical 2,heavy,3818,0.0,2006,0.0,NOT_REVIEWED,NOT_APPROVED
36,39,Винтовка ORSIS T-5000 Sniper Pro,heavy,3843,0.0,1898,0.0,NOT_REVIEWED,NOT_APPROVED
36,60,Винтовка Accuracy International AXMC,heavy,3550,0.0,2069,0.0,NOT_REVIEWED,NOT_APPROVED
36,48,Винтовка Barrett M98B,heavy,2907,0.0,1144,0.0,NOT_REVIEWED,NOT_APPROVED
36,64,Винтовка ORSIS T-5000 Elite,heavy,4011,0.0,503,0.0,NOT_REVIEWED,NOT_APPROVED
36,33,Винтовка «Выхлоп»,heavy,3501,0.0,198,0.0,NOT_REVIEWED,NOT_APPROVED
36,35,Винтовка ОСВ-96,heavy,3068,0.0,894,0.0,NOT_REVIEWED,NOT_APPROVED
36,66,Винтовка Zastava M93 Black Arrow,heavy,4343,0.0,2097,0.0,NOT_REVIEWED,NOT_APPROVED
36,52,Винтовка АСВК «Корд»,heavy,3313,0.0,1603,0.0,NOT_REVIEWED,NOT_APPROVED
36,58,Винтовка Steyr HS .50,heavy,5108,0.0,2604,0.0,NOT_REVIEWED,NOT_APPROVED
36,49,Винтовка Barrett M82,heavy,2314,0.0,2250,0.0,NOT_REVIEWED,NOT_APPROVED
36,54,Винтовка McMillan TAC-50,heavy,4482,0.0,0,3.0,NOT_REVIEWED,NOT_APPROVED
36,72,Винтовка Desert Tech HTI,heavy,4150,0.0,81,0.0,NOT_REVIEWED,NOT_APPROVED
36,78,Винтовка Cheytac M200 Intervention,heavy,2692,0.0,939,0.0,NOT_REVIEWED,NOT_APPROVED
36,73,Прототип X-17,heavy,2989,0.0,223,0.0,NOT_REVIEWED,NOT_APPROVED
36,55,Гаусс-пушка,heavy,5896,0.0,427,0.0,NOT_REVIEWED,NOT_APPROVED
36,4,Обрез охотничьего ружья,heavy,7620,0.0,1765,0.0,NOT_REVIEWED,NOT_APPROVED
36,8,ПП «Кедр»,heavy,8564,0.0,0,9.22,NOT_REVIEWED,NOT_APPROVED
36,9,ПП-19 «Бизон»,heavy,6577,0.0,5027,0.0,NOT_REVIEWED,NOT_APPROVED
36,20,Дробовик Сайга-410,heavy,5118,0.0,294,0.0,NOT_REVIEWED,NOT_APPROVED
36,106,Дробовик Mossberg 500,heavy,5535,0.0,5049,0.0,NOT_REVIEWED,NOT_APPROVED
36,107,Дробовик Stoeger P3000,heavy,6034,0.0,4785,0.0,NOT_REVIEWED,NOT_APPROVED
36,108,Дробовик Remington 870,heavy,5663,0.0,4232,0.0,NOT_REVIEWED,NOT_APPROVED
36,109,Дробовик Winchester Model 1300,heavy,5710,0.0,4738,0.0,NOT_REVIEWED,NOT_APPROVED
36,110,Дробовик Ithaca 37,heavy,5697,0.0,4643,0.0,NOT_REVIEWED,NOT_APPROVED
36,111,Дробовик Browning BPS,heavy,5452,0.0,4561,0.0,NOT_REVIEWED,NOT_APPROVED
36,19,Дробовик СПАС-12,heavy,5277,0.0,1527,0.0,NOT_REVIEWED,NOT_APPROVED
36,112,Дробовик Winchester SXP Defender,heavy,5113,0.0,548,0.0,NOT_REVIEWED,NOT_APPROVED
36,113,Дробовик Mossberg 590A1,heavy,5592,0.0,4707,0.0,NOT_REVIEWED,NOT_APPROVED
36,114,Дробовик Remington 870 MCS,heavy,4223,0.0,434,0.0,NOT_REVIEWED,NOT_APPROVED
36,32,Дробовик Сайга-12К,heavy,3522,0.0,0,15.0,NOT_REVIEWED,NOT_APPROVED
36,115,Дробовик Benelli Nova,heavy,5652,0.0,4318,0.0,NOT_REVIEWED,NOT_APPROVED
36,116,Дробовик TOZ-194,heavy,5347,0.0,2586,0.0,NOT_REVIEWED,NOT_APPROVED
36,44,Дробовик «Вепрь-12»,heavy,3955,0.0,172,0.0,NOT_REVIEWED,NOT_APPROVED
36,117,Дробовик Remington 1100,heavy,5570,0.0,4267,0.0,NOT_REVIEWED,NOT_APPROVED
36,62,Дробовик Kel-Tec KSG,heavy,4561,0.0,0,4.0,NOT_REVIEWED,NOT_APPROVED
36,118,Дробовик Beretta 1301 Tactical,heavy,4002,0.0,193,0.0,NOT_REVIEWED,NOT_APPROVED
36,50,Дробовик Benelli M4,heavy,4528,0.0,1300,0.0,NOT_REVIEWED,NOT_APPROVED
36,119,Дробовик Fabarm STF/12,heavy,4786,0.0,391,0.0,NOT_REVIEWED,NOT_APPROVED
36,56,Дробовик AA-12,heavy,6157,0.0,380,0.0,NOT_REVIEWED,NOT_APPROVED
36,120,Дробовик Winchester SX4,heavy,5698,0.0,3711,0.0,NOT_REVIEWED,NOT_APPROVED
36,121,Дробовик Browning A5,heavy,5733,0.0,3482,0.0,NOT_REVIEWED,NOT_APPROVED
36,68,Дробовик Franchi SPAS-15,heavy,4896,0.0,1604,0.0,NOT_REVIEWED,NOT_APPROVED
36,122,Дробовик Remington 870 Magnum,heavy,6827,0.0,4098,0.0,NOT_REVIEWED,NOT_APPROVED
36,123,Дробовик Benelli Vinci,heavy,5918,0.0,4470,0.0,NOT_REVIEWED,NOT_APPROVED
36,74,Дробовик USAS-12,heavy,3813,0.0,0,1.0,NOT_REVIEWED,NOT_APPROVED
36,124,Дробовик Ithaca Mag-10,heavy,3674,0.0,0,3.0,NOT_REVIEWED,NOT_APPROVED
36,125,Дробовик Remington SP-10,heavy,4839,0.0,0,6.0,NOT_REVIEWED,NOT_APPROVED
37,86,Beretta 21A Bobcat,pistol,7424,0.0,,,NOT_REVIEWED,NOT_APPROVED
37,2,Пистолет ПСМ,pistol,6961,0.0,,,NOT_REVIEWED,NOT_APPROVED
37,87,Walther PPK,pistol,7282,0.0,,,NOT_REVIEWED,NOT_APPROVED
37,1,Пистолет Макарова,pistol,6910,0.0,,,NOT_REVIEWED,NOT_APPROVED
37,3,Пистолет ИЖ-71,pistol,6738,0.0,,,NOT_REVIEWED,NOT_APPROVED
37,88,Glock 25,pistol,6733,0.0,,,NOT_REVIEWED,NOT_APPROVED
37,5,Пистолет ОЦ-33 «Пернач»,pistol,6897,0.0,,,NOT_REVIEWED,NOT_APPROVED
37,6,Револьвер Наган,pistol,5134,0.0,,,NOT_REVIEWED,NOT_APPROVED
37,89,Walther P99,pistol,6648,0.0,,,NOT_REVIEWED,NOT_APPROVED
37,90,CZ 75,pistol,6414,0.0,,,NOT_REVIEWED,NOT_APPROVED
37,91,Glock 17,pistol,6463,0.0,,,NOT_REVIEWED,NOT_APPROVED
37,92,Beretta 92FS,pistol,6117,0.0,,,NOT_REVIEWED,NOT_APPROVED
37,93,SIG Sauer P226,pistol,7333,0.0,,,NOT_REVIEWED,NOT_APPROVED
37,7,Пистолет ТТ,pistol,6900,0.0,,,NOT_REVIEWED,NOT_APPROVED
37,94,HK USP,pistol,6727,0.0,,,NOT_REVIEWED,NOT_APPROVED
37,95,Glock 22,pistol,6556,0.0,,,NOT_REVIEWED,NOT_APPROVED
37,96,SIG Sauer P229,pistol,7299,0.0,,,NOT_REVIEWED,NOT_APPROVED
37,97,Glock 20,pistol,7187,0.0,,,NOT_REVIEWED,NOT_APPROVED
37,98,Colt 1911,pistol,6697,0.0,,,NOT_REVIEWED,NOT_APPROVED
37,99,Glock 21,pistol,6679,0.0,,,NOT_REVIEWED,NOT_APPROVED
37,100,CZ 97B,pistol,7083,0.0,,,NOT_REVIEWED,NOT_APPROVED
37,101,HK Mark 23,pistol,5921,0.0,,,NOT_REVIEWED,NOT_APPROVED
37,102,Taurus Judge,pistol,6119,0.0,,,NOT_REVIEWED,NOT_APPROVED
37,103,Smith & Wesson Model 29,pistol,4346,0.0,,,NOT_REVIEWED,NOT_APPROVED
37,104,Taurus Raging Bull,pistol,4636,0.0,,,NOT_REVIEWED,NOT_APPROVED
37,105,Desert Eagle Mark XIX,pistol,8124,0.0,,,NOT_REVIEWED,NOT_APPROVED
37,11,Автомат АКС-74У,heavy,5987,0.0,647,0.0,NOT_REVIEWED,NOT_APPROVED
37,12,Автомат АК-74,heavy,6148,0.0,755,0.0,NOT_REVIEWED,NOT_APPROVED
37,37,Автомат АК-107,heavy,4103,0.0,0,9.43,NOT_REVIEWED,NOT_APPROVED
37,21,Автомат АК-12,heavy,5161,0.0,0,8.06,NOT_REVIEWED,NOT_APPROVED
37,26,Автомат АН-94 «Абакан»,heavy,4287,0.0,22,0.0,NOT_REVIEWED,NOT_APPROVED
37,17,Пулемёт РПК-74,heavy,3796,0.0,83,0.0,NOT_REVIEWED,NOT_APPROVED
37,38,Автомат ADAR 2-15,heavy,5532,0.0,0,1.0,NOT_REVIEWED,NOT_APPROVED
37,45,Автомат АК-19,heavy,4428,0.0,51,0.0,NOT_REVIEWED,NOT_APPROVED
37,57,Автомат HK416,heavy,4536,0.0,2523,0.0,NOT_REVIEWED,NOT_APPROVED
37,69,Автомат CZ Bren 2,heavy,4222,0.0,1487,0.0,NOT_REVIEWED,NOT_APPROVED
37,67,Пулемёт Minimi Mk3,heavy,3247,0.0,881,0.0,NOT_REVIEWED,NOT_APPROVED
37,43,Автомат ОЦ-14 «Гроза»,heavy,4705,0.0,0,24.6,NOT_REVIEWED,NOT_APPROVED
37,16,Карабин «Вепрь»,heavy,5787,0.0,374,0.0,NOT_REVIEWED,NOT_APPROVED
37,15,Автомат АК-103,heavy,4777,0.0,163,0.0,NOT_REVIEWED,NOT_APPROVED
37,25,Пулемёт РПД,heavy,3476,0.0,0,15.0,NOT_REVIEWED,NOT_APPROVED
37,18,Автомат АС «Вал»,heavy,4531,0.0,6,0.0,NOT_REVIEWED,NOT_APPROVED
37,10,Карабин Сайга-12,heavy,6409,0.0,667,0.0,NOT_REVIEWED,NOT_APPROVED
37,63,Автомат АК-308,heavy,4222,0.0,3,0.0,NOT_REVIEWED,NOT_APPROVED
37,51,Автомат ЛР-308,heavy,3905,0.0,0,20.0,NOT_REVIEWED,NOT_APPROVED
37,75,Автомат SCAR-H,heavy,4269,0.0,1622,0.0,NOT_REVIEWED,NOT_APPROVED
37,61,Пулемёт M60E6,heavy,3710,0.0,71,0.0,NOT_REVIEWED,NOT_APPROVED
37,59,Пулемёт M240,heavy,3572,0.0,0,2.24,NOT_REVIEWED,NOT_APPROVED
37,71,Пулемёт FN MAG,heavy,3067,0.0,0,4.0,NOT_REVIEWED,NOT_APPROVED
37,77,Пулемёт Negev NG7,heavy,3252,0.0,1255,0.0,NOT_REVIEWED,NOT_APPROVED
37,22,Пулемёт ПКМ,heavy,2309,0.0,0,10.05,NOT_REVIEWED,NOT_APPROVED
37,29,Пулемёт «Печенег»,heavy,3642,0.0,94,0.0,NOT_REVIEWED,NOT_APPROVED
37,53,Пулемёт «Печенег-СП»,heavy,3860,0.0,0,6.0,NOT_REVIEWED,NOT_APPROVED
37,47,Автомат АК-АН «Абакан-100»,heavy,3555,0.0,360,0.0,NOT_REVIEWED,NOT_APPROVED
37,65,Пулемёт «Утёс-М»,heavy,4263,0.0,330,0.0,NOT_REVIEWED,NOT_APPROVED
37,14,Винтовка СКС,heavy,5937,0.0,2216,0.0,NOT_REVIEWED,NOT_APPROVED
37,46,Винтовка SSG 08,heavy,3381,0.0,26,0.0,NOT_REVIEWED,NOT_APPROVED
37,42,Винтовка SR-25,heavy,4012,0.0,0,13.93,NOT_REVIEWED,NOT_APPROVED
37,13,Винтовка СВД,heavy,5419,0.0,1536,0.0,NOT_REVIEWED,NOT_APPROVED
37,24,Винтовка СВДС,heavy,3816,0.0,439,0.0,NOT_REVIEWED,NOT_APPROVED
37,23,Винтовка Т-5000,heavy,3088,0.0,111,0.0,NOT_REVIEWED,NOT_APPROVED
37,28,Винтовка СВ-98,heavy,4616,0.0,799,0.0,NOT_REVIEWED,NOT_APPROVED
37,36,Винтовка СВК,heavy,3077,0.0,57,0.0,NOT_REVIEWED,NOT_APPROVED
37,30,Винтовка ВСС «Винторез»,heavy,4814,0.0,203,0.0,NOT_REVIEWED,NOT_APPROVED
37,40,Винтовка ВСК-94,heavy,4269,0.0,0,4.24,NOT_REVIEWED,NOT_APPROVED
37,31,Винтовка СВ-338,heavy,3720,0.0,1185,0.0,NOT_REVIEWED,NOT_APPROVED
37,27,Винтовка ОРСИС T-5000M,heavy,3935,0.0,171,0.0,NOT_REVIEWED,NOT_APPROVED
37,70,Винтовка Sako TRG-42,heavy,4063,0.0,442,0.0,NOT_REVIEWED,NOT_APPROVED
37,76,Винтовка Blaser R93 Tactical 2,heavy,3867,0.0,1992,0.0,NOT_REVIEWED,NOT_APPROVED
37,39,Винтовка ORSIS T-5000 Sniper Pro,heavy,3825,0.0,1443,0.0,NOT_REVIEWED,NOT_APPROVED
37,60,Винтовка Accuracy International AXMC,heavy,3551,0.0,2629,0.0,NOT_REVIEWED,NOT_APPROVED
37,48,Винтовка Barrett M98B,heavy,2913,0.0,1489,0.0,NOT_REVIEWED,NOT_APPROVED
37,64,Винтовка ORSIS T-5000 Elite,heavy,4033,0.0,2007,0.0,NOT_REVIEWED,NOT_APPROVED
37,33,Винтовка «Выхлоп»,heavy,3501,0.0,172,0.0,NOT_REVIEWED,NOT_APPROVED
37,35,Винтовка ОСВ-96,heavy,3178,0.0,2248,0.0,NOT_REVIEWED,NOT_APPROVED
37,66,Винтовка Zastava M93 Black Arrow,heavy,4341,0.0,2245,0.0,NOT_REVIEWED,NOT_APPROVED
37,52,Винтовка АСВК «Корд»,heavy,3313,0.0,1154,0.0,NOT_REVIEWED,NOT_APPROVED
37,58,Винтовка Steyr HS .50,heavy,5108,0.0,1685,0.0,NOT_REVIEWED,NOT_APPROVED
37,49,Винтовка Barrett M82,heavy,2365,0.0,2289,0.0,NOT_REVIEWED,NOT_APPROVED
37,54,Винтовка McMillan TAC-50,heavy,4476,0.0,931,0.0,NOT_REVIEWED,NOT_APPROVED
37,72,Винтовка Desert Tech HTI,heavy,4241,0.0,203,0.0,NOT_REVIEWED,NOT_APPROVED
37,78,Винтовка Cheytac M200 Intervention,heavy,2697,0.0,177,0.0,NOT_REVIEWED,NOT_APPROVED
37,73,Прототип X-17,heavy,2989,0.0,290,0.0,NOT_REVIEWED,NOT_APPROVED
37,55,Гаусс-пушка,heavy,5896,0.0,763,0.0,NOT_REVIEWED,NOT_APPROVED
37,4,Обрез охотничьего ружья,heavy,7673,0.0,1617,0.0,NOT_REVIEWED,NOT_APPROVED
37,8,ПП «Кедр»,heavy,8579,0.0,0,9.85,NOT_REVIEWED,NOT_APPROVED
37,9,ПП-19 «Бизон»,heavy,6701,0.0,5716,0.0,NOT_REVIEWED,NOT_APPROVED
37,20,Дробовик Сайга-410,heavy,5200,0.0,340,0.0,NOT_REVIEWED,NOT_APPROVED
37,106,Дробовик Mossberg 500,heavy,5519,0.0,4348,0.0,NOT_REVIEWED,NOT_APPROVED
37,107,Дробовик Stoeger P3000,heavy,6018,0.0,3980,0.0,NOT_REVIEWED,NOT_APPROVED
37,108,Дробовик Remington 870,heavy,5746,0.0,3443,0.0,NOT_REVIEWED,NOT_APPROVED
37,109,Дробовик Winchester Model 1300,heavy,5741,0.0,4113,0.0,NOT_REVIEWED,NOT_APPROVED
37,110,Дробовик Ithaca 37,heavy,5672,0.0,3761,0.0,NOT_REVIEWED,NOT_APPROVED
37,111,Дробовик Browning BPS,heavy,5537,0.0,4104,0.0,NOT_REVIEWED,NOT_APPROVED
37,19,Дробовик СПАС-12,heavy,5277,0.0,871,0.0,NOT_REVIEWED,NOT_APPROVED
37,112,Дробовик Winchester SXP Defender,heavy,5113,0.0,438,0.0,NOT_REVIEWED,NOT_APPROVED
37,113,Дробовик Mossberg 590A1,heavy,5675,0.0,3989,0.0,NOT_REVIEWED,NOT_APPROVED
37,114,Дробовик Remington 870 MCS,heavy,4217,0.0,473,0.0,NOT_REVIEWED,NOT_APPROVED
37,32,Дробовик Сайга-12К,heavy,3522,0.0,0,9.49,NOT_REVIEWED,NOT_APPROVED
37,115,Дробовик Benelli Nova,heavy,5626,0.0,3570,0.0,NOT_REVIEWED,NOT_APPROVED
37,116,Дробовик TOZ-194,heavy,5332,0.0,2018,0.0,NOT_REVIEWED,NOT_APPROVED
37,44,Дробовик «Вепрь-12»,heavy,3955,0.0,219,0.0,NOT_REVIEWED,NOT_APPROVED
37,117,Дробовик Remington 1100,heavy,5591,0.0,3775,0.0,NOT_REVIEWED,NOT_APPROVED
37,62,Дробовик Kel-Tec KSG,heavy,4561,0.0,4,0.0,NOT_REVIEWED,NOT_APPROVED
37,118,Дробовик Beretta 1301 Tactical,heavy,3958,0.0,171,0.0,NOT_REVIEWED,NOT_APPROVED
37,50,Дробовик Benelli M4,heavy,4532,0.0,916,0.0,NOT_REVIEWED,NOT_APPROVED
37,119,Дробовик Fabarm STF/12,heavy,4770,0.0,363,0.0,NOT_REVIEWED,NOT_APPROVED
37,56,Дробовик AA-12,heavy,6183,0.0,0,2.0,NOT_REVIEWED,NOT_APPROVED
37,120,Дробовик Winchester SX4,heavy,5693,0.0,2994,0.0,NOT_REVIEWED,NOT_APPROVED
37,121,Дробовик Browning A5,heavy,5760,0.0,3222,0.0,NOT_REVIEWED,NOT_APPROVED
37,68,Дробовик Franchi SPAS-15,heavy,4855,0.0,1012,0.0,NOT_REVIEWED,NOT_APPROVED
37,122,Дробовик Remington 870 Magnum,heavy,6722,0.0,3305,0.0,NOT_REVIEWED,NOT_APPROVED
37,123,Дробовик Benelli Vinci,heavy,5958,0.0,3836,0.0,NOT_REVIEWED,NOT_APPROVED
37,74,Дробовик USAS-12,heavy,3774,0.0,2733,0.0,NOT_REVIEWED,NOT_APPROVED
37,124,Дробовик Ithaca Mag-10,heavy,3613,0.0,40,0.0,NOT_REVIEWED,NOT_APPROVED
37,125,Дробовик Remington SP-10,heavy,4897,0.0,1,0.0,NOT_REVIEWED,NOT_APPROVED
38,86,Beretta 21A Bobcat,pistol,7308,0.0,,,NOT_REVIEWED,NOT_APPROVED
38,2,Пистолет ПСМ,pistol,6876,0.0,,,NOT_REVIEWED,NOT_APPROVED
38,87,Walther PPK,pistol,7220,0.0,,,NOT_REVIEWED,NOT_APPROVED
38,1,Пистолет Макарова,pistol,6747,0.0,,,NOT_REVIEWED,NOT_APPROVED
38,3,Пистолет ИЖ-71,pistol,6217,0.0,,,NOT_REVIEWED,NOT_APPROVED
38,88,Glock 25,pistol,6533,0.0,,,NOT_REVIEWED,NOT_APPROVED
38,5,Пистолет ОЦ-33 «Пернач»,pistol,6826,0.0,,,NOT_REVIEWED,NOT_APPROVED
38,6,Револьвер Наган,pistol,4590,0.0,,,NOT_REVIEWED,NOT_APPROVED
38,89,Walther P99,pistol,6519,0.0,,,NOT_REVIEWED,NOT_APPROVED
38,90,CZ 75,pistol,6411,0.0,,,NOT_REVIEWED,NOT_APPROVED
38,91,Glock 17,pistol,6377,0.0,,,NOT_REVIEWED,NOT_APPROVED
38,92,Beretta 92FS,pistol,6029,0.0,,,NOT_REVIEWED,NOT_APPROVED
38,93,SIG Sauer P226,pistol,7241,0.0,,,NOT_REVIEWED,NOT_APPROVED
38,7,Пистолет ТТ,pistol,6734,0.0,,,NOT_REVIEWED,NOT_APPROVED
38,94,HK USP,pistol,6555,0.0,,,NOT_REVIEWED,NOT_APPROVED
38,95,Glock 22,pistol,6405,0.0,,,NOT_REVIEWED,NOT_APPROVED
38,96,SIG Sauer P229,pistol,7146,0.0,,,NOT_REVIEWED,NOT_APPROVED
38,97,Glock 20,pistol,7002,0.0,,,NOT_REVIEWED,NOT_APPROVED
38,98,Colt 1911,pistol,6475,0.0,,,NOT_REVIEWED,NOT_APPROVED
38,99,Glock 21,pistol,6590,0.0,,,NOT_REVIEWED,NOT_APPROVED
38,100,CZ 97B,pistol,6930,0.0,,,NOT_REVIEWED,NOT_APPROVED
38,101,HK Mark 23,pistol,5826,0.0,,,NOT_REVIEWED,NOT_APPROVED
38,102,Taurus Judge,pistol,5672,0.0,,,NOT_REVIEWED,NOT_APPROVED
38,103,Smith & Wesson Model 29,pistol,3840,0.0,,,NOT_REVIEWED,NOT_APPROVED
38,104,Taurus Raging Bull,pistol,4198,0.0,,,NOT_REVIEWED,NOT_APPROVED
38,105,Desert Eagle Mark XIX,pistol,8042,0.0,,,NOT_REVIEWED,NOT_APPROVED
38,11,Автомат АКС-74У,heavy,5979,0.0,19,0.0,NOT_REVIEWED,NOT_APPROVED
38,12,Автомат АК-74,heavy,6103,0.0,0,17.0,NOT_REVIEWED,NOT_APPROVED
38,37,Автомат АК-107,heavy,4110,0.0,0,47.0,NOT_REVIEWED,NOT_APPROVED
38,21,Автомат АК-12,heavy,5161,0.0,0,30.0,NOT_REVIEWED,NOT_APPROVED
38,26,Автомат АН-94 «Абакан»,heavy,4230,0.0,0,35.0,NOT_REVIEWED,NOT_APPROVED
38,17,Пулемёт РПК-74,heavy,3796,0.0,0,31.0,NOT_REVIEWED,NOT_APPROVED
38,38,Автомат ADAR 2-15,heavy,5510,0.0,0,37.0,NOT_REVIEWED,NOT_APPROVED
38,45,Автомат АК-19,heavy,4424,0.0,0,32.0,NOT_REVIEWED,NOT_APPROVED
38,57,Автомат HK416,heavy,4536,0.0,583,0.0,NOT_REVIEWED,NOT_APPROVED
38,69,Автомат CZ Bren 2,heavy,4222,0.0,0,3.0,NOT_REVIEWED,NOT_APPROVED
38,67,Пулемёт Minimi Mk3,heavy,3250,0.0,1914,0.0,NOT_REVIEWED,NOT_APPROVED
38,43,Автомат ОЦ-14 «Гроза»,heavy,4768,0.0,0,65.74,NOT_REVIEWED,NOT_APPROVED
38,16,Карабин «Вепрь»,heavy,5720,0.0,0,25.96,NOT_REVIEWED,NOT_APPROVED
38,15,Автомат АК-103,heavy,4777,0.0,0,29.0,NOT_REVIEWED,NOT_APPROVED
38,25,Пулемёт РПД,heavy,3392,0.0,0,49.24,NOT_REVIEWED,NOT_APPROVED
38,18,Автомат АС «Вал»,heavy,4486,0.0,0,39.0,NOT_REVIEWED,NOT_APPROVED
38,10,Карабин Сайга-12,heavy,6356,0.0,0,18.0,NOT_REVIEWED,NOT_APPROVED
38,63,Автомат АК-308,heavy,4222,0.0,0,37.48,NOT_REVIEWED,NOT_APPROVED
38,51,Автомат ЛР-308,heavy,3905,0.0,0,56.0,NOT_REVIEWED,NOT_APPROVED
38,75,Автомат SCAR-H,heavy,4323,0.0,127,0.0,NOT_REVIEWED,NOT_APPROVED
38,61,Пулемёт M60E6,heavy,3705,0.0,946,0.0,NOT_REVIEWED,NOT_APPROVED
38,59,Пулемёт M240,heavy,3572,0.0,0,26.4,NOT_REVIEWED,NOT_APPROVED
38,71,Пулемёт FN MAG,heavy,3067,0.0,291,0.0,NOT_REVIEWED,NOT_APPROVED
38,77,Пулемёт Negev NG7,heavy,3246,0.0,1690,0.0,NOT_REVIEWED,NOT_APPROVED
38,22,Пулемёт ПКМ,heavy,2352,0.0,0,40.8,NOT_REVIEWED,NOT_APPROVED
38,29,Пулемёт «Печенег»,heavy,3642,0.0,0,33.0,NOT_REVIEWED,NOT_APPROVED
38,53,Пулемёт «Печенег-СП»,heavy,3848,0.0,851,0.0,NOT_REVIEWED,NOT_APPROVED
38,47,Автомат АК-АН «Абакан-100»,heavy,3445,0.0,0,22.85,NOT_REVIEWED,NOT_APPROVED
38,65,Пулемёт «Утёс-М»,heavy,4274,0.0,1481,0.0,NOT_REVIEWED,NOT_APPROVED
38,14,Винтовка СКС,heavy,5950,0.0,12,0.0,NOT_REVIEWED,NOT_APPROVED
38,46,Винтовка SSG 08,heavy,3459,0.0,0,17.0,NOT_REVIEWED,NOT_APPROVED
38,42,Винтовка SR-25,heavy,4012,0.0,0,48.0,NOT_REVIEWED,NOT_APPROVED
38,13,Винтовка СВД,heavy,5513,0.0,0,3.16,NOT_REVIEWED,NOT_APPROVED
38,24,Винтовка СВДС,heavy,3921,0.0,0,20.0,NOT_REVIEWED,NOT_APPROVED
38,23,Винтовка Т-5000,heavy,3088,0.0,0,26.0,NOT_REVIEWED,NOT_APPROVED
38,28,Винтовка СВ-98,heavy,4517,0.0,0,13.0,NOT_REVIEWED,NOT_APPROVED
38,36,Винтовка СВК,heavy,3077,0.0,1213,0.0,NOT_REVIEWED,NOT_APPROVED
38,30,Винтовка ВСС «Винторез»,heavy,4692,0.0,0,28.0,NOT_REVIEWED,NOT_APPROVED
38,40,Винтовка ВСК-94,heavy,4284,0.0,0,46.04,NOT_REVIEWED,NOT_APPROVED
38,31,Винтовка СВ-338,heavy,3721,0.0,0,5.0,NOT_REVIEWED,NOT_APPROVED
38,27,Винтовка ОРСИС T-5000M,heavy,4050,0.0,0,13.6,NOT_REVIEWED,NOT_APPROVED
38,70,Винтовка Sako TRG-42,heavy,3958,0.0,605,0.0,NOT_REVIEWED,NOT_APPROVED
38,76,Винтовка Blaser R93 Tactical 2,heavy,3818,0.0,1650,0.0,NOT_REVIEWED,NOT_APPROVED
38,39,Винтовка ORSIS T-5000 Sniper Pro,heavy,3843,0.0,1723,0.0,NOT_REVIEWED,NOT_APPROVED
38,60,Винтовка Accuracy International AXMC,heavy,3550,0.0,1152,0.0,NOT_REVIEWED,NOT_APPROVED
38,48,Винтовка Barrett M98B,heavy,2907,0.0,76,0.0,NOT_REVIEWED,NOT_APPROVED
38,64,Винтовка ORSIS T-5000 Elite,heavy,4011,0.0,0,6.0,NOT_REVIEWED,NOT_APPROVED
38,33,Винтовка «Выхлоп»,heavy,3501,0.0,0,26.0,NOT_REVIEWED,NOT_APPROVED
38,35,Винтовка ОСВ-96,heavy,3068,0.0,1138,0.0,NOT_REVIEWED,NOT_APPROVED
38,66,Винтовка Zastava M93 Black Arrow,heavy,4343,0.0,1683,0.0,NOT_REVIEWED,NOT_APPROVED
38,52,Винтовка АСВК «Корд»,heavy,3313,0.0,1898,0.0,NOT_REVIEWED,NOT_APPROVED
38,58,Винтовка Steyr HS .50,heavy,5108,0.0,1211,0.0,NOT_REVIEWED,NOT_APPROVED
38,49,Винтовка Barrett M82,heavy,2314,0.0,2557,0.0,NOT_REVIEWED,NOT_APPROVED
38,54,Винтовка McMillan TAC-50,heavy,4482,0.0,0,14.0,NOT_REVIEWED,NOT_APPROVED
38,72,Винтовка Desert Tech HTI,heavy,4150,0.0,0,29.0,NOT_REVIEWED,NOT_APPROVED
38,78,Винтовка Cheytac M200 Intervention,heavy,2692,0.0,546,0.0,NOT_REVIEWED,NOT_APPROVED
38,73,Прототип X-17,heavy,2985,0.0,0,29.7,NOT_REVIEWED,NOT_APPROVED
38,55,Гаусс-пушка,heavy,5680,0.0,0,21.0,NOT_REVIEWED,NOT_APPROVED
38,4,Обрез охотничьего ружья,heavy,7577,0.0,0,8.0,NOT_REVIEWED,NOT_APPROVED
38,8,ПП «Кедр»,heavy,8579,0.0,0,39.46,NOT_REVIEWED,NOT_APPROVED
38,9,ПП-19 «Бизон»,heavy,6646,0.0,2589,0.0,NOT_REVIEWED,NOT_APPROVED
38,20,Дробовик Сайга-410,heavy,5118,0.0,0,25.0,NOT_REVIEWED,NOT_APPROVED
38,106,Дробовик Mossberg 500,heavy,5567,0.0,1440,0.0,NOT_REVIEWED,NOT_APPROVED
38,107,Дробовик Stoeger P3000,heavy,6043,0.0,1164,0.0,NOT_REVIEWED,NOT_APPROVED
38,108,Дробовик Remington 870,heavy,5688,0.0,707,0.0,NOT_REVIEWED,NOT_APPROVED
38,109,Дробовик Winchester Model 1300,heavy,5741,0.0,1122,0.0,NOT_REVIEWED,NOT_APPROVED
38,110,Дробовик Ithaca 37,heavy,5731,0.0,1036,0.0,NOT_REVIEWED,NOT_APPROVED
38,111,Дробовик Browning BPS,heavy,5480,0.0,973,0.0,NOT_REVIEWED,NOT_APPROVED
38,19,Дробовик СПАС-12,heavy,5277,0.0,0,10.77,NOT_REVIEWED,NOT_APPROVED
38,112,Дробовик Winchester SXP Defender,heavy,5113,0.0,0,21.0,NOT_REVIEWED,NOT_APPROVED
38,113,Дробовик Mossberg 590A1,heavy,5639,0.0,1096,0.0,NOT_REVIEWED,NOT_APPROVED
38,114,Дробовик Remington 870 MCS,heavy,4223,0.0,0,22.36,NOT_REVIEWED,NOT_APPROVED
38,32,Дробовик Сайга-12К,heavy,3522,0.0,0,46.0,NOT_REVIEWED,NOT_APPROVED
38,115,Дробовик Benelli Nova,heavy,5652,0.0,765,0.0,NOT_REVIEWED,NOT_APPROVED
38,116,Дробовик TOZ-194,heavy,5366,0.0,0,2.0,NOT_REVIEWED,NOT_APPROVED
38,44,Дробовик «Вепрь-12»,heavy,3955,0.0,0,26.0,NOT_REVIEWED,NOT_APPROVED
38,117,Дробовик Remington 1100,heavy,5591,0.0,829,0.0,NOT_REVIEWED,NOT_APPROVED
38,62,Дробовик Kel-Tec KSG,heavy,4561,0.0,0,38.63,NOT_REVIEWED,NOT_APPROVED
38,118,Дробовик Beretta 1301 Tactical,heavy,4002,0.0,0,27.0,NOT_REVIEWED,NOT_APPROVED
38,50,Дробовик Benelli M4,heavy,4528,0.0,0,12.0,NOT_REVIEWED,NOT_APPROVED
38,119,Дробовик Fabarm STF/12,heavy,4786,0.0,0,23.0,NOT_REVIEWED,NOT_APPROVED
38,56,Дробовик AA-12,heavy,6157,0.0,0,6.32,NOT_REVIEWED,NOT_APPROVED
38,120,Дробовик Winchester SX4,heavy,5735,0.0,387,0.0,NOT_REVIEWED,NOT_APPROVED
38,121,Дробовик Browning A5,heavy,5760,0.0,364,0.0,NOT_REVIEWED,NOT_APPROVED
38,68,Дробовик Franchi SPAS-15,heavy,4896,0.0,0,11.0,NOT_REVIEWED,NOT_APPROVED
38,122,Дробовик Remington 870 Magnum,heavy,6830,0.0,607,0.0,NOT_REVIEWED,NOT_APPROVED
38,123,Дробовик Benelli Vinci,heavy,5958,0.0,891,0.0,NOT_REVIEWED,NOT_APPROVED
38,74,Дробовик USAS-12,heavy,3813,0.0,672,0.0,NOT_REVIEWED,NOT_APPROVED
38,124,Дробовик Ithaca Mag-10,heavy,3674,0.0,0,33.96,NOT_REVIEWED,NOT_APPROVED
38,125,Дробовик Remington SP-10,heavy,4839,0.0,0,37.0,NOT_REVIEWED,NOT_APPROVED
39,86,Beretta 21A Bobcat,pistol,7827,0.0,,,NOT_REVIEWED,NOT_APPROVED
39,2,Пистолет ПСМ,pistol,7152,0.0,,,NOT_REVIEWED,NOT_APPROVED
39,87,Walther PPK,pistol,7537,0.0,,,NOT_REVIEWED,NOT_APPROVED
39,1,Пистолет Макарова,pistol,7038,0.0,,,NOT_REVIEWED,NOT_APPROVED
39,3,Пистолет ИЖ-71,pistol,6593,0.0,,,NOT_REVIEWED,NOT_APPROVED
39,88,Glock 25,pistol,6870,0.0,,,NOT_REVIEWED,NOT_APPROVED
39,5,Пистолет ОЦ-33 «Пернач»,pistol,7159,0.0,,,NOT_REVIEWED,NOT_APPROVED
39,6,Револьвер Наган,pistol,5081,0.0,,,NOT_REVIEWED,NOT_APPROVED
39,89,Walther P99,pistol,6859,0.0,,,NOT_REVIEWED,NOT_APPROVED
39,90,CZ 75,pistol,6656,0.0,,,NOT_REVIEWED,NOT_APPROVED
39,91,Glock 17,pistol,6755,0.0,,,NOT_REVIEWED,NOT_APPROVED
39,92,Beretta 92FS,pistol,6523,0.0,,,NOT_REVIEWED,NOT_APPROVED
39,93,SIG Sauer P226,pistol,7786,0.0,,,NOT_REVIEWED,NOT_APPROVED
39,7,Пистолет ТТ,pistol,7248,0.0,,,NOT_REVIEWED,NOT_APPROVED
39,94,HK USP,pistol,7062,0.0,,,NOT_REVIEWED,NOT_APPROVED
39,95,Glock 22,pistol,6873,0.0,,,NOT_REVIEWED,NOT_APPROVED
39,96,SIG Sauer P229,pistol,7730,0.0,,,NOT_REVIEWED,NOT_APPROVED
39,97,Glock 20,pistol,7555,0.0,,,NOT_REVIEWED,NOT_APPROVED
39,98,Colt 1911,pistol,6975,0.0,,,NOT_REVIEWED,NOT_APPROVED
39,99,Glock 21,pistol,7041,0.0,,,NOT_REVIEWED,NOT_APPROVED
39,100,CZ 97B,pistol,7397,0.0,,,NOT_REVIEWED,NOT_APPROVED
39,101,HK Mark 23,pistol,6331,0.0,,,NOT_REVIEWED,NOT_APPROVED
39,102,Taurus Judge,pistol,6156,0.0,,,NOT_REVIEWED,NOT_APPROVED
39,103,Smith & Wesson Model 29,pistol,4371,0.0,,,NOT_REVIEWED,NOT_APPROVED
39,104,Taurus Raging Bull,pistol,4736,0.0,,,NOT_REVIEWED,NOT_APPROVED
39,105,Desert Eagle Mark XIX,pistol,8628,0.0,,,NOT_REVIEWED,NOT_APPROVED
39,11,Автомат АКС-74У,heavy,5987,0.0,0,16.49,NOT_REVIEWED,NOT_APPROVED
39,12,Автомат АК-74,heavy,6148,0.0,0,4.0,NOT_REVIEWED,NOT_APPROVED
39,37,Автомат АК-107,heavy,4103,0.0,0,25.0,NOT_REVIEWED,NOT_APPROVED
39,21,Автомат АК-12,heavy,5161,0.0,0,33.54,NOT_REVIEWED,NOT_APPROVED
39,26,Автомат АН-94 «Абакан»,heavy,4287,0.0,0,17.0,NOT_REVIEWED,NOT_APPROVED
39,17,Пулемёт РПК-74,heavy,3796,0.0,257,0.0,NOT_REVIEWED,NOT_APPROVED
39,38,Автомат ADAR 2-15,heavy,5532,0.0,0,23.09,NOT_REVIEWED,NOT_APPROVED
39,45,Автомат АК-19,heavy,4428,0.0,0,26.02,NOT_REVIEWED,NOT_APPROVED
39,57,Автомат HK416,heavy,4536,0.0,0,36.88,NOT_REVIEWED,NOT_APPROVED
39,69,Автомат CZ Bren 2,heavy,4222,0.0,0,29.27,NOT_REVIEWED,NOT_APPROVED
39,67,Пулемёт Minimi Mk3,heavy,3247,0.0,895,0.0,NOT_REVIEWED,NOT_APPROVED
39,43,Автомат ОЦ-14 «Гроза»,heavy,4705,0.0,0,100.0,NOT_REVIEWED,NOT_APPROVED
39,16,Карабин «Вепрь»,heavy,5787,0.0,0,21.0,NOT_REVIEWED,NOT_APPROVED
39,15,Автомат АК-103,heavy,4777,0.0,0,16.0,NOT_REVIEWED,NOT_APPROVED
39,25,Пулемёт РПД,heavy,3476,0.0,1266,0.0,NOT_REVIEWED,NOT_APPROVED
39,18,Автомат АС «Вал»,heavy,4531,0.0,0,19.0,NOT_REVIEWED,NOT_APPROVED
39,10,Карабин Сайга-12,heavy,6409,0.0,0,5.0,NOT_REVIEWED,NOT_APPROVED
39,63,Автомат АК-308,heavy,4222,0.0,0,30.41,NOT_REVIEWED,NOT_APPROVED
39,51,Автомат ЛР-308,heavy,3905,0.0,0,41.3,NOT_REVIEWED,NOT_APPROVED
39,75,Автомат SCAR-H,heavy,4269,0.0,0,53.85,NOT_REVIEWED,NOT_APPROVED
39,61,Пулемёт M60E6,heavy,3710,0.0,1184,0.0,NOT_REVIEWED,NOT_APPROVED
39,59,Пулемёт M240,heavy,3572,0.0,2225,0.0,NOT_REVIEWED,NOT_APPROVED
39,71,Пулемёт FN MAG,heavy,3067,0.0,2264,0.0,NOT_REVIEWED,NOT_APPROVED
39,77,Пулемёт Negev NG7,heavy,3252,0.0,525,0.0,NOT_REVIEWED,NOT_APPROVED
39,22,Пулемёт ПКМ,heavy,2309,0.0,1296,0.0,NOT_REVIEWED,NOT_APPROVED
39,29,Пулемёт «Печенег»,heavy,3642,0.0,0,16.03,NOT_REVIEWED,NOT_APPROVED
39,53,Пулемёт «Печенег-СП»,heavy,3860,0.0,1651,0.0,NOT_REVIEWED,NOT_APPROVED
39,47,Автомат АК-АН «Абакан-100»,heavy,3555,0.0,0,8.94,NOT_REVIEWED,NOT_APPROVED
39,65,Пулемёт «Утёс-М»,heavy,4263,0.0,918,0.0,NOT_REVIEWED,NOT_APPROVED
39,14,Винтовка СКС,heavy,5937,0.0,216,0.0,NOT_REVIEWED,NOT_APPROVED
39,46,Винтовка SSG 08,heavy,3381,0.0,7,0.0,NOT_REVIEWED,NOT_APPROVED
39,42,Винтовка SR-25,heavy,4012,0.0,0,34.0,NOT_REVIEWED,NOT_APPROVED
39,13,Винтовка СВД,heavy,5419,0.0,192,0.0,NOT_REVIEWED,NOT_APPROVED
39,24,Винтовка СВДС,heavy,3816,0.0,0,5.66,NOT_REVIEWED,NOT_APPROVED
39,23,Винтовка Т-5000,heavy,3088,0.0,0,19.0,NOT_REVIEWED,NOT_APPROVED
39,28,Винтовка СВ-98,heavy,4616,0.0,0,13.34,NOT_REVIEWED,NOT_APPROVED
39,36,Винтовка СВК,heavy,3077,0.0,1145,0.0,NOT_REVIEWED,NOT_APPROVED
39,30,Винтовка ВСС «Винторез»,heavy,4814,0.0,0,9.0,NOT_REVIEWED,NOT_APPROVED
39,40,Винтовка ВСК-94,heavy,4269,0.0,0,31.0,NOT_REVIEWED,NOT_APPROVED
39,31,Винтовка СВ-338,heavy,3720,0.0,474,0.0,NOT_REVIEWED,NOT_APPROVED
39,27,Винтовка ОРСИС T-5000M,heavy,3935,0.0,0,8.06,NOT_REVIEWED,NOT_APPROVED
39,70,Винтовка Sako TRG-42,heavy,4063,0.0,842,0.0,NOT_REVIEWED,NOT_APPROVED
39,76,Винтовка Blaser R93 Tactical 2,heavy,3867,0.0,202,0.0,NOT_REVIEWED,NOT_APPROVED
39,39,Винтовка ORSIS T-5000 Sniper Pro,heavy,3825,0.0,824,0.0,NOT_REVIEWED,NOT_APPROVED
39,60,Винтовка Accuracy International AXMC,heavy,3551,0.0,0,16.0,NOT_REVIEWED,NOT_APPROVED
39,48,Винтовка Barrett M98B,heavy,2913,0.0,0,5.0,NOT_REVIEWED,NOT_APPROVED
39,64,Винтовка ORSIS T-5000 Elite,heavy,4033,0.0,0,23.0,NOT_REVIEWED,NOT_APPROVED
39,33,Винтовка «Выхлоп»,heavy,3501,0.0,0,8.0,NOT_REVIEWED,NOT_APPROVED
39,35,Винтовка ОСВ-96,heavy,3178,0.0,44,0.0,NOT_REVIEWED,NOT_APPROVED
39,66,Винтовка Zastava M93 Black Arrow,heavy,4341,0.0,267,0.0,NOT_REVIEWED,NOT_APPROVED
39,52,Винтовка АСВК «Корд»,heavy,3313,0.0,565,0.0,NOT_REVIEWED,NOT_APPROVED
39,58,Винтовка Steyr HS .50,heavy,5108,0.0,728,0.0,NOT_REVIEWED,NOT_APPROVED
39,49,Винтовка Barrett M82,heavy,2365,0.0,210,0.0,NOT_REVIEWED,NOT_APPROVED
39,54,Винтовка McMillan TAC-50,heavy,4476,0.0,0,24.04,NOT_REVIEWED,NOT_APPROVED
39,72,Винтовка Desert Tech HTI,heavy,4241,0.0,0,16.12,NOT_REVIEWED,NOT_APPROVED
39,78,Винтовка Cheytac M200 Intervention,heavy,2697,0.0,962,0.0,NOT_REVIEWED,NOT_APPROVED
39,73,Прототип X-17,heavy,2989,0.0,0,45.88,NOT_REVIEWED,NOT_APPROVED
39,55,Гаусс-пушка,heavy,5896,0.0,0,3.61,NOT_REVIEWED,NOT_APPROVED
39,4,Обрез охотничьего ружья,heavy,7673,0.0,0,3.61,NOT_REVIEWED,NOT_APPROVED
39,8,ПП «Кедр»,heavy,8579,0.0,0,66.61,NOT_REVIEWED,NOT_APPROVED
39,9,ПП-19 «Бизон»,heavy,6701,0.0,570,0.0,NOT_REVIEWED,NOT_APPROVED
39,20,Дробовик Сайга-410,heavy,5200,0.0,0,20.12,NOT_REVIEWED,NOT_APPROVED
39,106,Дробовик Mossberg 500,heavy,5519,0.0,3160,0.0,NOT_REVIEWED,NOT_APPROVED
39,107,Дробовик Stoeger P3000,heavy,6018,0.0,2898,0.0,NOT_REVIEWED,NOT_APPROVED
39,108,Дробовик Remington 870,heavy,5746,0.0,2459,0.0,NOT_REVIEWED,NOT_APPROVED
39,109,Дробовик Winchester Model 1300,heavy,5741,0.0,2541,0.0,NOT_REVIEWED,NOT_APPROVED
39,110,Дробовик Ithaca 37,heavy,5672,0.0,2331,0.0,NOT_REVIEWED,NOT_APPROVED
39,111,Дробовик Browning BPS,heavy,5537,0.0,1723,0.0,NOT_REVIEWED,NOT_APPROVED
39,19,Дробовик СПАС-12,heavy,5277,0.0,0,1.0,NOT_REVIEWED,NOT_APPROVED
39,112,Дробовик Winchester SXP Defender,heavy,5113,0.0,12,0.0,NOT_REVIEWED,NOT_APPROVED
39,113,Дробовик Mossberg 590A1,heavy,5675,0.0,2992,0.0,NOT_REVIEWED,NOT_APPROVED
39,114,Дробовик Remington 870 MCS,heavy,4217,0.0,0,11.0,NOT_REVIEWED,NOT_APPROVED
39,32,Дробовик Сайга-12К,heavy,3522,0.0,0,48.47,NOT_REVIEWED,NOT_APPROVED
39,115,Дробовик Benelli Nova,heavy,5626,0.0,2387,0.0,NOT_REVIEWED,NOT_APPROVED
39,116,Дробовик TOZ-194,heavy,5332,0.0,875,0.0,NOT_REVIEWED,NOT_APPROVED
39,44,Дробовик «Вепрь-12»,heavy,3955,0.0,0,18.97,NOT_REVIEWED,NOT_APPROVED
39,117,Дробовик Remington 1100,heavy,5591,0.0,1770,0.0,NOT_REVIEWED,NOT_APPROVED
39,62,Дробовик Kel-Tec KSG,heavy,4561,0.0,0,55.47,NOT_REVIEWED,NOT_APPROVED
39,118,Дробовик Beretta 1301 Tactical,heavy,3958,0.0,0,18.0,NOT_REVIEWED,NOT_APPROVED
39,50,Дробовик Benelli M4,heavy,4532,0.0,0,6.32,NOT_REVIEWED,NOT_APPROVED
39,119,Дробовик Fabarm STF/12,heavy,4770,0.0,0,18.0,NOT_REVIEWED,NOT_APPROVED
39,56,Дробовик AA-12,heavy,6183,0.0,0,15.56,NOT_REVIEWED,NOT_APPROVED
39,120,Дробовик Winchester SX4,heavy,5693,0.0,1277,0.0,NOT_REVIEWED,NOT_APPROVED
39,121,Дробовик Browning A5,heavy,5760,0.0,190,0.0,NOT_REVIEWED,NOT_APPROVED
39,68,Дробовик Franchi SPAS-15,heavy,4855,0.0,142,0.0,NOT_REVIEWED,NOT_APPROVED
39,122,Дробовик Remington 870 Magnum,heavy,6722,0.0,1634,0.0,NOT_REVIEWED,NOT_APPROVED
39,123,Дробовик Benelli Vinci,heavy,5958,0.0,2202,0.0,NOT_REVIEWED,NOT_APPROVED
39,74,Дробовик USAS-12,heavy,3774,0.0,0,24.7,NOT_REVIEWED,NOT_APPROVED
39,124,Дробовик Ithaca Mag-10,heavy,3613,0.0,0,24.02,NOT_REVIEWED,NOT_APPROVED
39,125,Дробовик Remington SP-10,heavy,4897,0.0,0,27.46,NOT_REVIEWED,NOT_APPROVED
40,86,Beretta 21A Bobcat,pistol,7529,0.0,,,NOT_REVIEWED,NOT_APPROVED
40,2,Пистолет ПСМ,pistol,7084,0.0,,,NOT_REVIEWED,NOT_APPROVED
40,87,Walther PPK,pistol,7423,0.0,,,NOT_REVIEWED,NOT_APPROVED
40,1,Пистолет Макарова,pistol,6999,0.0,,,NOT_REVIEWED,NOT_APPROVED
40,3,Пистолет ИЖ-71,pistol,6553,0.0,,,NOT_REVIEWED,NOT_APPROVED
40,88,Glock 25,pistol,6715,0.0,,,NOT_REVIEWED,NOT_APPROVED
40,5,Пистолет ОЦ-33 «Пернач»,pistol,7025,0.0,,,NOT_REVIEWED,NOT_APPROVED
40,6,Револьвер Наган,pistol,4959,0.0,,,NOT_REVIEWED,NOT_APPROVED
40,89,Walther P99,pistol,6703,0.0,,,NOT_REVIEWED,NOT_APPROVED
40,90,CZ 75,pistol,6551,0.0,,,NOT_REVIEWED,NOT_APPROVED
40,91,Glock 17,pistol,6518,0.0,,,NOT_REVIEWED,NOT_APPROVED
40,92,Beretta 92FS,pistol,6179,0.0,,,NOT_REVIEWED,NOT_APPROVED
40,93,SIG Sauer P226,pistol,7421,0.0,,,NOT_REVIEWED,NOT_APPROVED
40,7,Пистолет ТТ,pistol,6972,0.0,,,NOT_REVIEWED,NOT_APPROVED
40,94,HK USP,pistol,6804,0.0,,,NOT_REVIEWED,NOT_APPROVED
40,95,Glock 22,pistol,6617,0.0,,,NOT_REVIEWED,NOT_APPROVED
40,96,SIG Sauer P229,pistol,7409,0.0,,,NOT_REVIEWED,NOT_APPROVED
40,97,Glock 20,pistol,7257,0.0,,,NOT_REVIEWED,NOT_APPROVED
40,98,Colt 1911,pistol,6800,0.0,,,NOT_REVIEWED,NOT_APPROVED
40,99,Glock 21,pistol,6738,0.0,,,NOT_REVIEWED,NOT_APPROVED
40,100,CZ 97B,pistol,7214,0.0,,,NOT_REVIEWED,NOT_APPROVED
40,101,HK Mark 23,pistol,6047,0.0,,,NOT_REVIEWED,NOT_APPROVED
40,102,Taurus Judge,pistol,6028,0.0,,,NOT_REVIEWED,NOT_APPROVED
40,103,Smith & Wesson Model 29,pistol,4203,0.0,,,NOT_REVIEWED,NOT_APPROVED
40,104,Taurus Raging Bull,pistol,4572,0.0,,,NOT_REVIEWED,NOT_APPROVED
40,105,Desert Eagle Mark XIX,pistol,8256,0.0,,,NOT_REVIEWED,NOT_APPROVED
40,11,Автомат АКС-74У,heavy,5979,0.0,0,9.85,NOT_REVIEWED,NOT_APPROVED
40,12,Автомат АК-74,heavy,6166,0.0,0,11.4,NOT_REVIEWED,NOT_APPROVED
40,37,Автомат АК-107,heavy,4110,0.0,0,37.05,NOT_REVIEWED,NOT_APPROVED
40,21,Автомат АК-12,heavy,5161,0.0,0,37.0,NOT_REVIEWED,NOT_APPROVED
40,26,Автомат АН-94 «Абакан»,heavy,4287,0.0,0,26.68,NOT_REVIEWED,NOT_APPROVED
40,17,Пулемёт РПК-74,heavy,3796,0.0,0,22.36,NOT_REVIEWED,NOT_APPROVED
40,38,Автомат ADAR 2-15,heavy,5510,0.0,0,28.64,NOT_REVIEWED,NOT_APPROVED
40,45,Автомат АК-19,heavy,4424,0.0,0,25.3,NOT_REVIEWED,NOT_APPROVED
40,57,Автомат HK416,heavy,4536,0.0,674,0.0,NOT_REVIEWED,NOT_APPROVED
40,69,Автомат CZ Bren 2,heavy,4222,0.0,0,17.0,NOT_REVIEWED,NOT_APPROVED
40,67,Пулемёт Minimi Mk3,heavy,3250,0.0,2308,0.0,NOT_REVIEWED,NOT_APPROVED
40,43,Автомат ОЦ-14 «Гроза»,heavy,4705,0.0,0,61.68,NOT_REVIEWED,NOT_APPROVED
40,16,Карабин «Вепрь»,heavy,5787,0.0,0,23.09,NOT_REVIEWED,NOT_APPROVED
40,15,Автомат АК-103,heavy,4777,0.0,0,24.17,NOT_REVIEWED,NOT_APPROVED
40,25,Пулемёт РПД,heavy,3476,0.0,0,39.0,NOT_REVIEWED,NOT_APPROVED
40,18,Автомат АС «Вал»,heavy,4540,0.0,0,30.0,NOT_REVIEWED,NOT_APPROVED
40,10,Карабин Сайга-12,heavy,6409,0.0,0,10.0,NOT_REVIEWED,NOT_APPROVED
40,63,Автомат АК-308,heavy,4222,0.0,0,35.51,NOT_REVIEWED,NOT_APPROVED
40,51,Автомат ЛР-308,heavy,3905,0.0,0,48.0,NOT_REVIEWED,NOT_APPROVED
40,75,Автомат SCAR-H,heavy,4269,0.0,195,0.0,NOT_REVIEWED,NOT_APPROVED
40,61,Пулемёт M60E6,heavy,3705,0.0,1625,0.0,NOT_REVIEWED,NOT_APPROVED
40,59,Пулемёт M240,heavy,3572,0.0,0,14.32,NOT_REVIEWED,NOT_APPROVED
40,71,Пулемёт FN MAG,heavy,3067,0.0,960,0.0,NOT_REVIEWED,NOT_APPROVED
40,77,Пулемёт Negev NG7,heavy,3246,0.0,1962,0.0,NOT_REVIEWED,NOT_APPROVED
40,22,Пулемёт ПКМ,heavy,2309,0.0,0,32.0,NOT_REVIEWED,NOT_APPROVED
40,29,Пулемёт «Печенег»,heavy,3642,0.0,0,29.53,NOT_REVIEWED,NOT_APPROVED
40,53,Пулемёт «Печенег-СП»,heavy,3848,0.0,1080,0.0,NOT_REVIEWED,NOT_APPROVED
40,47,Автомат АК-АН «Абакан-100»,heavy,3555,0.0,0,13.0,NOT_REVIEWED,NOT_APPROVED
40,65,Пулемёт «Утёс-М»,heavy,4274,0.0,1969,0.0,NOT_REVIEWED,NOT_APPROVED
40,14,Винтовка СКС,heavy,5950,0.0,125,0.0,NOT_REVIEWED,NOT_APPROVED
40,46,Винтовка SSG 08,heavy,3376,0.0,0,7.0,NOT_REVIEWED,NOT_APPROVED
40,42,Винтовка SR-25,heavy,4012,0.0,0,41.0,NOT_REVIEWED,NOT_APPROVED
40,13,Винтовка СВД,heavy,5419,0.0,0,2.0,NOT_REVIEWED,NOT_APPROVED
40,24,Винтовка СВДС,heavy,3811,0.0,0,13.0,NOT_REVIEWED,NOT_APPROVED
40,23,Винтовка Т-5000,heavy,3088,0.0,0,18.0,NOT_REVIEWED,NOT_APPROVED
40,28,Винтовка СВ-98,heavy,4604,0.0,0,13.0,NOT_REVIEWED,NOT_APPROVED
40,36,Винтовка СВК,heavy,3077,0.0,1528,0.0,NOT_REVIEWED,NOT_APPROVED
40,30,Винтовка ВСС «Винторез»,heavy,4802,0.0,0,19.42,NOT_REVIEWED,NOT_APPROVED
40,40,Винтовка ВСК-94,heavy,4284,0.0,0,40.25,NOT_REVIEWED,NOT_APPROVED
40,31,Винтовка СВ-338,heavy,3721,0.0,5,0.0,NOT_REVIEWED,NOT_APPROVED
40,27,Винтовка ОРСИС T-5000M,heavy,3940,0.0,0,6.0,NOT_REVIEWED,NOT_APPROVED
40,70,Винтовка Sako TRG-42,heavy,4021,0.0,921,0.0,NOT_REVIEWED,NOT_APPROVED
40,76,Винтовка Blaser R93 Tactical 2,heavy,3890,0.0,1789,0.0,NOT_REVIEWED,NOT_APPROVED
40,39,Винтовка ORSIS T-5000 Sniper Pro,heavy,3843,0.0,2066,0.0,NOT_REVIEWED,NOT_APPROVED
40,60,Винтовка Accuracy International AXMC,heavy,3550,0.0,1345,0.0,NOT_REVIEWED,NOT_APPROVED
40,48,Винтовка Barrett M98B,heavy,2907,0.0,180,0.0,NOT_REVIEWED,NOT_APPROVED
40,64,Винтовка ORSIS T-5000 Elite,heavy,4011,0.0,0,13.0,NOT_REVIEWED,NOT_APPROVED
40,33,Винтовка «Выхлоп»,heavy,3501,0.0,0,18.0,NOT_REVIEWED,NOT_APPROVED
40,35,Винтовка ОСВ-96,heavy,3178,0.0,1172,0.0,NOT_REVIEWED,NOT_APPROVED
40,66,Винтовка Zastava M93 Black Arrow,heavy,4343,0.0,1848,0.0,NOT_REVIEWED,NOT_APPROVED
40,52,Винтовка АСВК «Корд»,heavy,3313,0.0,2155,0.0,NOT_REVIEWED,NOT_APPROVED
40,58,Винтовка Steyr HS .50,heavy,5108,0.0,1584,0.0,NOT_REVIEWED,NOT_APPROVED
40,49,Винтовка Barrett M82,heavy,2365,0.0,2653,0.0,NOT_REVIEWED,NOT_APPROVED
40,54,Винтовка McMillan TAC-50,heavy,4482,0.0,0,25.0,NOT_REVIEWED,NOT_APPROVED
40,72,Винтовка Desert Tech HTI,heavy,4243,0.0,0,20.02,NOT_REVIEWED,NOT_APPROVED
40,78,Винтовка Cheytac M200 Intervention,heavy,2692,0.0,1040,0.0,NOT_REVIEWED,NOT_APPROVED
40,73,Прототип X-17,heavy,2989,0.0,0,26.0,NOT_REVIEWED,NOT_APPROVED
40,55,Гаусс-пушка,heavy,5896,0.0,0,10.44,NOT_REVIEWED,NOT_APPROVED
40,4,Обрез охотничьего ружья,heavy,7673,0.0,0,3.0,NOT_REVIEWED,NOT_APPROVED
40,8,ПП «Кедр»,heavy,8579,0.0,0,48.27,NOT_REVIEWED,NOT_APPROVED
40,9,ПП-19 «Бизон»,heavy,6701,0.0,3504,0.0,NOT_REVIEWED,NOT_APPROVED
40,20,Дробовик Сайга-410,heavy,5195,0.0,0,17.0,NOT_REVIEWED,NOT_APPROVED
40,106,Дробовик Mossberg 500,heavy,5533,0.0,2333,0.0,NOT_REVIEWED,NOT_APPROVED
40,107,Дробовик Stoeger P3000,heavy,6003,0.0,1967,0.0,NOT_REVIEWED,NOT_APPROVED
40,108,Дробовик Remington 870,heavy,5746,0.0,1495,0.0,NOT_REVIEWED,NOT_APPROVED
40,109,Дробовик Winchester Model 1300,heavy,5741,0.0,1961,0.0,NOT_REVIEWED,NOT_APPROVED
40,110,Дробовик Ithaca 37,heavy,5694,0.0,1768,0.0,NOT_REVIEWED,NOT_APPROVED
40,111,Дробовик Browning BPS,heavy,5524,0.0,1822,0.0,NOT_REVIEWED,NOT_APPROVED
40,19,Дробовик СПАС-12,heavy,5277,0.0,0,1.0,NOT_REVIEWED,NOT_APPROVED
40,112,Дробовик Winchester SXP Defender,heavy,5113,0.0,0,13.0,NOT_REVIEWED,NOT_APPROVED
40,113,Дробовик Mossberg 590A1,heavy,5682,0.0,2076,0.0,NOT_REVIEWED,NOT_APPROVED
40,114,Дробовик Remington 870 MCS,heavy,4223,0.0,0,19.65,NOT_REVIEWED,NOT_APPROVED
40,32,Дробовик Сайга-12К,heavy,3522,0.0,0,40.02,NOT_REVIEWED,NOT_APPROVED
40,115,Дробовик Benelli Nova,heavy,5626,0.0,1381,0.0,NOT_REVIEWED,NOT_APPROVED
40,116,Дробовик TOZ-194,heavy,5332,0.0,78,0.0,NOT_REVIEWED,NOT_APPROVED
40,44,Дробовик «Вепрь-12»,heavy,3955,0.0,0,23.6,NOT_REVIEWED,NOT_APPROVED
40,117,Дробовик Remington 1100,heavy,5591,0.0,1436,0.0,NOT_REVIEWED,NOT_APPROVED
40,62,Дробовик Kel-Tec KSG,heavy,4561,0.0,0,38.59,NOT_REVIEWED,NOT_APPROVED
40,118,Дробовик Beretta 1301 Tactical,heavy,3947,0.0,0,20.0,NOT_REVIEWED,NOT_APPROVED
40,50,Дробовик Benelli M4,heavy,4528,0.0,0,5.0,NOT_REVIEWED,NOT_APPROVED
40,119,Дробовик Fabarm STF/12,heavy,4786,0.0,0,16.0,NOT_REVIEWED,NOT_APPROVED
40,56,Дробовик AA-12,heavy,6157,0.0,21,0.0,NOT_REVIEWED,NOT_APPROVED
40,120,Дробовик Winchester SX4,heavy,5693,0.0,795,0.0,NOT_REVIEWED,NOT_APPROVED
40,121,Дробовик Browning A5,heavy,5760,0.0,730,0.0,NOT_REVIEWED,NOT_APPROVED
40,68,Дробовик Franchi SPAS-15,heavy,4843,0.0,0,4.0,NOT_REVIEWED,NOT_APPROVED
40,122,Дробовик Remington 870 Magnum,heavy,6748,0.0,1146,0.0,NOT_REVIEWED,NOT_APPROVED
40,123,Дробовик Benelli Vinci,heavy,5958,0.0,1662,0.0,NOT_REVIEWED,NOT_APPROVED
40,74,Дробовик USAS-12,heavy,3768,0.0,29,0.0,NOT_REVIEWED,NOT_APPROVED
40,124,Дробовик Ithaca Mag-10,heavy,3618,0.0,0,32.98,NOT_REVIEWED,NOT_APPROVED
40,125,Дробовик Remington SP-10,heavy,4897,0.0,0,30.08,NOT_REVIEWED,NOT_APPROVED
41,86,Beretta 21A Bobcat,pistol,7552,0.0,,,NOT_REVIEWED,NOT_APPROVED
41,2,Пистолет ПСМ,pistol,7018,0.0,,,NOT_REVIEWED,NOT_APPROVED
41,87,Walther PPK,pistol,7428,0.0,,,NOT_REVIEWED,NOT_APPROVED
41,1,Пистолет Макарова,pistol,6919,0.0,,,NOT_REVIEWED,NOT_APPROVED
41,3,Пистолет ИЖ-71,pistol,6431,0.0,,,NOT_REVIEWED,NOT_APPROVED
41,88,Glock 25,pistol,6630,0.0,,,NOT_REVIEWED,NOT_APPROVED
41,5,Пистолет ОЦ-33 «Пернач»,pistol,6980,0.0,,,NOT_REVIEWED,NOT_APPROVED
41,6,Револьвер Наган,pistol,4835,0.0,,,NOT_REVIEWED,NOT_APPROVED
41,89,Walther P99,pistol,6656,0.0,,,NOT_REVIEWED,NOT_APPROVED
41,90,CZ 75,pistol,6426,0.0,,,NOT_REVIEWED,NOT_APPROVED
41,91,Glock 17,pistol,6427,0.0,,,NOT_REVIEWED,NOT_APPROVED
41,92,Beretta 92FS,pistol,6236,0.0,,,NOT_REVIEWED,NOT_APPROVED
41,93,SIG Sauer P226,pistol,7437,0.0,,,NOT_REVIEWED,NOT_APPROVED
41,7,Пистолет ТТ,pistol,7021,0.0,,,NOT_REVIEWED,NOT_APPROVED
41,94,HK USP,pistol,6747,0.0,,,NOT_REVIEWED,NOT_APPROVED
41,95,Glock 22,pistol,6532,0.0,,,NOT_REVIEWED,NOT_APPROVED
41,96,SIG Sauer P229,pistol,7407,0.0,,,NOT_REVIEWED,NOT_APPROVED
41,97,Glock 20,pistol,7182,0.0,,,NOT_REVIEWED,NOT_APPROVED
41,98,Colt 1911,pistol,6742,0.0,,,NOT_REVIEWED,NOT_APPROVED
41,99,Glock 21,pistol,6664,0.0,,,NOT_REVIEWED,NOT_APPROVED
41,100,CZ 97B,pistol,7154,0.0,,,NOT_REVIEWED,NOT_APPROVED
41,101,HK Mark 23,pistol,6060,0.0,,,NOT_REVIEWED,NOT_APPROVED
41,102,Taurus Judge,pistol,5896,0.0,,,NOT_REVIEWED,NOT_APPROVED
41,103,Smith & Wesson Model 29,pistol,4156,0.0,,,NOT_REVIEWED,NOT_APPROVED
41,104,Taurus Raging Bull,pistol,4551,0.0,,,NOT_REVIEWED,NOT_APPROVED
41,105,Desert Eagle Mark XIX,pistol,8354,0.0,,,NOT_REVIEWED,NOT_APPROVED
41,11,Автомат АКС-74У,heavy,5979,0.0,0,7.0,NOT_REVIEWED,NOT_APPROVED
41,12,Автомат АК-74,heavy,6103,0.0,340,0.0,NOT_REVIEWED,NOT_APPROVED
41,37,Автомат АК-107,heavy,4110,0.0,0,8.25,NOT_REVIEWED,NOT_APPROVED
41,21,Автомат АК-12,heavy,5161,0.0,0,16.0,NOT_REVIEWED,NOT_APPROVED
41,26,Автомат АН-94 «Абакан»,heavy,4230,0.0,11,0.0,NOT_REVIEWED,NOT_APPROVED
41,17,Пулемёт РПК-74,heavy,3796,0.0,133,0.0,NOT_REVIEWED,NOT_APPROVED
41,38,Автомат ADAR 2-15,heavy,5510,0.0,0,4.0,NOT_REVIEWED,NOT_APPROVED
41,45,Автомат АК-19,heavy,4424,0.0,0,7.0,NOT_REVIEWED,NOT_APPROVED
41,57,Автомат HK416,heavy,4536,0.0,0,24.04,NOT_REVIEWED,NOT_APPROVED
41,69,Автомат CZ Bren 2,heavy,4222,0.0,0,20.59,NOT_REVIEWED,NOT_APPROVED
41,67,Пулемёт Minimi Mk3,heavy,3250,0.0,836,0.0,NOT_REVIEWED,NOT_APPROVED
41,43,Автомат ОЦ-14 «Гроза»,heavy,4768,0.0,0,104.24,NOT_REVIEWED,NOT_APPROVED
41,16,Карабин «Вепрь»,heavy,5720,0.0,0,5.0,NOT_REVIEWED,NOT_APPROVED
41,15,Автомат АК-103,heavy,4777,0.0,10,0.0,NOT_REVIEWED,NOT_APPROVED
41,25,Пулемёт РПД,heavy,3392,0.0,1299,0.0,NOT_REVIEWED,NOT_APPROVED
41,18,Автомат АС «Вал»,heavy,4486,0.0,0,3.0,NOT_REVIEWED,NOT_APPROVED
41,10,Карабин Сайга-12,heavy,6356,0.0,253,0.0,NOT_REVIEWED,NOT_APPROVED
41,63,Автомат АК-308,heavy,4222,0.0,0,12.21,NOT_REVIEWED,NOT_APPROVED
41,51,Автомат ЛР-308,heavy,3905,0.0,0,20.88,NOT_REVIEWED,NOT_APPROVED
41,75,Автомат SCAR-H,heavy,4323,0.0,0,34.53,NOT_REVIEWED,NOT_APPROVED
41,61,Пулемёт M60E6,heavy,3705,0.0,966,0.0,NOT_REVIEWED,NOT_APPROVED
41,59,Пулемёт M240,heavy,3572,0.0,2394,0.0,NOT_REVIEWED,NOT_APPROVED
41,71,Пулемёт FN MAG,heavy,3067,0.0,2064,0.0,NOT_REVIEWED,NOT_APPROVED
41,77,Пулемёт Negev NG7,heavy,3246,0.0,606,0.0,NOT_REVIEWED,NOT_APPROVED
41,22,Пулемёт ПКМ,heavy,2352,0.0,1318,0.0,NOT_REVIEWED,NOT_APPROVED
41,29,Пулемёт «Печенег»,heavy,3642,0.0,1,0.0,NOT_REVIEWED,NOT_APPROVED
41,53,Пулемёт «Печенег-СП»,heavy,3848,0.0,1175,0.0,NOT_REVIEWED,NOT_APPROVED
41,47,Автомат АК-АН «Абакан-100»,heavy,3445,0.0,255,0.0,NOT_REVIEWED,NOT_APPROVED
41,65,Пулемёт «Утёс-М»,heavy,4274,0.0,751,0.0,NOT_REVIEWED,NOT_APPROVED
41,14,Винтовка СКС,heavy,5950,0.0,1230,0.0,NOT_REVIEWED,NOT_APPROVED
41,46,Винтовка SSG 08,heavy,3459,0.0,687,0.0,NOT_REVIEWED,NOT_APPROVED
41,42,Винтовка SR-25,heavy,4012,0.0,0,15.0,NOT_REVIEWED,NOT_APPROVED
41,13,Винтовка СВД,heavy,5513,0.0,863,0.0,NOT_REVIEWED,NOT_APPROVED
41,24,Винтовка СВДС,heavy,3921,0.0,385,0.0,NOT_REVIEWED,NOT_APPROVED
41,23,Винтовка Т-5000,heavy,3088,0.0,0,6.71,NOT_REVIEWED,NOT_APPROVED
41,28,Винтовка СВ-98,heavy,4517,0.0,0,13.0,NOT_REVIEWED,NOT_APPROVED
41,36,Винтовка СВК,heavy,3077,0.0,886,0.0,NOT_REVIEWED,NOT_APPROVED
41,30,Винтовка ВСС «Винторез»,heavy,4692,0.0,255,0.0,NOT_REVIEWED,NOT_APPROVED
41,40,Винтовка ВСК-94,heavy,4284,0.0,0,14.0,NOT_REVIEWED,NOT_APPROVED
41,31,Винтовка СВ-338,heavy,3721,0.0,828,0.0,NOT_REVIEWED,NOT_APPROVED
41,27,Винтовка ОРСИС T-5000M,heavy,4050,0.0,177,0.0,NOT_REVIEWED,NOT_APPROVED
41,70,Винтовка Sako TRG-42,heavy,3958,0.0,634,0.0,NOT_REVIEWED,NOT_APPROVED
41,76,Винтовка Blaser R93 Tactical 2,heavy,3818,0.0,249,0.0,NOT_REVIEWED,NOT_APPROVED
41,39,Винтовка ORSIS T-5000 Sniper Pro,heavy,3843,0.0,820,0.0,NOT_REVIEWED,NOT_APPROVED
41,60,Винтовка Accuracy International AXMC,heavy,3550,0.0,31,0.0,NOT_REVIEWED,NOT_APPROVED
41,48,Винтовка Barrett M98B,heavy,2907,0.0,0,6.0,NOT_REVIEWED,NOT_APPROVED
41,64,Винтовка ORSIS T-5000 Elite,heavy,4011,0.0,0,6.0,NOT_REVIEWED,NOT_APPROVED
41,33,Винтовка «Выхлоп»,heavy,3501,0.0,360,0.0,NOT_REVIEWED,NOT_APPROVED
41,35,Винтовка ОСВ-96,heavy,3068,0.0,52,0.0,NOT_REVIEWED,NOT_APPROVED
41,66,Винтовка Zastava M93 Black Arrow,heavy,4343,0.0,200,0.0,NOT_REVIEWED,NOT_APPROVED
41,52,Винтовка АСВК «Корд»,heavy,3313,0.0,549,0.0,NOT_REVIEWED,NOT_APPROVED
41,58,Винтовка Steyr HS .50,heavy,5108,0.0,1215,0.0,NOT_REVIEWED,NOT_APPROVED
41,49,Винтовка Barrett M82,heavy,2314,0.0,131,0.0,NOT_REVIEWED,NOT_APPROVED
41,54,Винтовка McMillan TAC-50,heavy,4482,0.0,0,16.0,NOT_REVIEWED,NOT_APPROVED
41,72,Винтовка Desert Tech HTI,heavy,4150,0.0,0,8.54,NOT_REVIEWED,NOT_APPROVED
41,78,Винтовка Cheytac M200 Intervention,heavy,2692,0.0,860,0.0,NOT_REVIEWED,NOT_APPROVED
41,73,Прототип X-17,heavy,2989,0.0,0,40.8,NOT_REVIEWED,NOT_APPROVED
41,55,Гаусс-пушка,heavy,5896,0.0,362,0.0,NOT_REVIEWED,NOT_APPROVED
41,4,Обрез охотничьего ружья,heavy,7673,0.0,634,0.0,NOT_REVIEWED,NOT_APPROVED
41,8,ПП «Кедр»,heavy,8579,0.0,0,49.66,NOT_REVIEWED,NOT_APPROVED
41,9,ПП-19 «Бизон»,heavy,6646,0.0,396,0.0,NOT_REVIEWED,NOT_APPROVED
41,20,Дробовик Сайга-410,heavy,5118,0.0,0,6.0,NOT_REVIEWED,NOT_APPROVED
41,106,Дробовик Mossberg 500,heavy,5567,0.0,3836,0.0,NOT_REVIEWED,NOT_APPROVED
41,107,Дробовик Stoeger P3000,heavy,6043,0.0,3468,0.0,NOT_REVIEWED,NOT_APPROVED
41,108,Дробовик Remington 870,heavy,5688,0.0,2785,0.0,NOT_REVIEWED,NOT_APPROVED
41,109,Дробовик Winchester Model 1300,heavy,5741,0.0,3095,0.0,NOT_REVIEWED,NOT_APPROVED
41,110,Дробовик Ithaca 37,heavy,5731,0.0,2943,0.0,NOT_REVIEWED,NOT_APPROVED
41,111,Дробовик Browning BPS,heavy,5480,0.0,2198,0.0,NOT_REVIEWED,NOT_APPROVED
41,19,Дробовик СПАС-12,heavy,5277,0.0,674,0.0,NOT_REVIEWED,NOT_APPROVED
41,112,Дробовик Winchester SXP Defender,heavy,5113,0.0,458,0.0,NOT_REVIEWED,NOT_APPROVED
41,113,Дробовик Mossberg 590A1,heavy,5639,0.0,3481,0.0,NOT_REVIEWED,NOT_APPROVED
41,114,Дробовик Remington 870 MCS,heavy,4223,0.0,215,0.0,NOT_REVIEWED,NOT_APPROVED
41,32,Дробовик Сайга-12К,heavy,3522,0.0,0,29.73,NOT_REVIEWED,NOT_APPROVED
41,115,Дробовик Benelli Nova,heavy,5652,0.0,3082,0.0,NOT_REVIEWED,NOT_APPROVED
41,116,Дробовик TOZ-194,heavy,5366,0.0,1764,0.0,NOT_REVIEWED,NOT_APPROVED
41,44,Дробовик «Вепрь-12»,heavy,3955,0.0,5,0.0,NOT_REVIEWED,NOT_APPROVED
41,117,Дробовик Remington 1100,heavy,5591,0.0,2339,0.0,NOT_REVIEWED,NOT_APPROVED
41,62,Дробовик Kel-Tec KSG,heavy,4561,0.0,0,62.13,NOT_REVIEWED,NOT_APPROVED
41,118,Дробовик Beretta 1301 Tactical,heavy,4002,0.0,13,0.0,NOT_REVIEWED,NOT_APPROVED
41,50,Дробовик Benelli M4,heavy,4528,0.0,307,0.0,NOT_REVIEWED,NOT_APPROVED
41,119,Дробовик Fabarm STF/12,heavy,4786,0.0,0,1.0,NOT_REVIEWED,NOT_APPROVED
41,56,Дробовик AA-12,heavy,6157,0.0,0,16.28,NOT_REVIEWED,NOT_APPROVED
41,120,Дробовик Winchester SX4,heavy,5735,0.0,1964,0.0,NOT_REVIEWED,NOT_APPROVED
41,121,Дробовик Browning A5,heavy,5760,0.0,795,0.0,NOT_REVIEWED,NOT_APPROVED
41,68,Дробовик Franchi SPAS-15,heavy,4896,0.0,1138,0.0,NOT_REVIEWED,NOT_APPROVED
41,122,Дробовик Remington 870 Magnum,heavy,6830,0.0,2236,0.0,NOT_REVIEWED,NOT_APPROVED
41,123,Дробовик Benelli Vinci,heavy,5958,0.0,2757,0.0,NOT_REVIEWED,NOT_APPROVED
41,74,Дробовик USAS-12,heavy,3813,0.0,0,5.0,NOT_REVIEWED,NOT_APPROVED
41,124,Дробовик Ithaca Mag-10,heavy,3674,0.0,0,6.0,NOT_REVIEWED,NOT_APPROVED
41,125,Дробовик Remington SP-10,heavy,4839,0.0,0,10.0,NOT_REVIEWED,NOT_APPROVED
42,86,Beretta 21A Bobcat,pistol,7612,0.0,,,NOT_REVIEWED,NOT_APPROVED
42,2,Пистолет ПСМ,pistol,6787,0.0,,,NOT_REVIEWED,NOT_APPROVED
42,87,Walther PPK,pistol,7136,0.0,,,NOT_REVIEWED,NOT_APPROVED
42,1,Пистолет Макарова,pistol,6603,0.0,,,NOT_REVIEWED,NOT_APPROVED
42,3,Пистолет ИЖ-71,pistol,6218,0.0,,,NOT_REVIEWED,NOT_APPROVED
42,88,Glock 25,pistol,6557,0.0,,,NOT_REVIEWED,NOT_APPROVED
42,5,Пистолет ОЦ-33 «Пернач»,pistol,6876,0.0,,,NOT_REVIEWED,NOT_APPROVED
42,6,Револьвер Наган,pistol,4825,0.0,,,NOT_REVIEWED,NOT_APPROVED
42,89,Walther P99,pistol,6487,0.0,,,NOT_REVIEWED,NOT_APPROVED
42,90,CZ 75,pistol,6303,0.0,,,NOT_REVIEWED,NOT_APPROVED
42,91,Glock 17,pistol,6420,0.0,,,NOT_REVIEWED,NOT_APPROVED
42,92,Beretta 92FS,pistol,6358,0.0,,,NOT_REVIEWED,NOT_APPROVED
42,93,SIG Sauer P226,pistol,7162,0.0,,,NOT_REVIEWED,NOT_APPROVED
42,7,Пистолет ТТ,pistol,6809,0.0,,,NOT_REVIEWED,NOT_APPROVED
42,94,HK USP,pistol,6561,0.0,,,NOT_REVIEWED,NOT_APPROVED
42,95,Glock 22,pistol,6495,0.0,,,NOT_REVIEWED,NOT_APPROVED
42,96,SIG Sauer P229,pistol,7182,0.0,,,NOT_REVIEWED,NOT_APPROVED
42,97,Glock 20,pistol,7167,0.0,,,NOT_REVIEWED,NOT_APPROVED
42,98,Colt 1911,pistol,6595,0.0,,,NOT_REVIEWED,NOT_APPROVED
42,99,Glock 21,pistol,6802,0.0,,,NOT_REVIEWED,NOT_APPROVED
42,100,CZ 97B,pistol,7053,0.0,,,NOT_REVIEWED,NOT_APPROVED
42,101,HK Mark 23,pistol,6165,0.0,,,NOT_REVIEWED,NOT_APPROVED
42,102,Taurus Judge,pistol,5949,0.0,,,NOT_REVIEWED,NOT_APPROVED
42,103,Smith & Wesson Model 29,pistol,4231,0.0,,,NOT_REVIEWED,NOT_APPROVED
42,104,Taurus Raging Bull,pistol,4593,0.0,,,NOT_REVIEWED,NOT_APPROVED
42,105,Desert Eagle Mark XIX,pistol,7839,0.0,,,NOT_REVIEWED,NOT_APPROVED
42,11,Автомат АКС-74У,heavy,5979,0.0,2,0.0,NOT_REVIEWED,NOT_APPROVED
42,12,Автомат АК-74,heavy,6166,0.0,0,46.62,NOT_REVIEWED,NOT_APPROVED
42,37,Автомат АК-107,heavy,4110,0.0,0,69.0,NOT_REVIEWED,NOT_APPROVED
42,21,Автомат АК-12,heavy,5161,0.0,0,43.0,NOT_REVIEWED,NOT_APPROVED
42,26,Автомат АН-94 «Абакан»,heavy,4287,0.0,0,59.03,NOT_REVIEWED,NOT_APPROVED
42,17,Пулемёт РПК-74,heavy,3796,0.0,0,54.08,NOT_REVIEWED,NOT_APPROVED
42,38,Автомат ADAR 2-15,heavy,5510,0.0,0,60.13,NOT_REVIEWED,NOT_APPROVED
42,45,Автомат АК-19,heavy,4424,0.0,0,60.88,NOT_REVIEWED,NOT_APPROVED
42,57,Автомат HK416,heavy,4536,0.0,3,0.0,NOT_REVIEWED,NOT_APPROVED
42,69,Автомат CZ Bren 2,heavy,4222,0.0,0,18.03,NOT_REVIEWED,NOT_APPROVED
42,67,Пулемёт Minimi Mk3,heavy,3250,0.0,1256,0.0,NOT_REVIEWED,NOT_APPROVED
42,43,Автомат ОЦ-14 «Гроза»,heavy,4705,0.0,0,95.75,NOT_REVIEWED,NOT_APPROVED
42,16,Карабин «Вепрь»,heavy,5787,0.0,0,58.87,NOT_REVIEWED,NOT_APPROVED
42,15,Автомат АК-103,heavy,4777,0.0,0,49.0,NOT_REVIEWED,NOT_APPROVED
42,25,Пулемёт РПД,heavy,3476,0.0,0,48.05,NOT_REVIEWED,NOT_APPROVED
42,18,Автомат АС «Вал»,heavy,4540,0.0,0,62.0,NOT_REVIEWED,NOT_APPROVED
42,10,Карабин Сайга-12,heavy,6409,0.0,0,30.08,NOT_REVIEWED,NOT_APPROVED
42,63,Автомат АК-308,heavy,4222,0.0,0,58.0,NOT_REVIEWED,NOT_APPROVED
42,51,Автомат ЛР-308,heavy,3905,0.0,0,80.0,NOT_REVIEWED,NOT_APPROVED
42,75,Автомат SCAR-H,heavy,4269,0.0,0,11.0,NOT_REVIEWED,NOT_APPROVED
42,61,Пулемёт M60E6,heavy,3705,0.0,1006,0.0,NOT_REVIEWED,NOT_APPROVED
42,59,Пулемёт M240,heavy,3572,0.0,0,9.49,NOT_REVIEWED,NOT_APPROVED
42,71,Пулемёт FN MAG,heavy,3067,0.0,692,0.0,NOT_REVIEWED,NOT_APPROVED
42,77,Пулемёт Negev NG7,heavy,3246,0.0,1131,0.0,NOT_REVIEWED,NOT_APPROVED
42,22,Пулемёт ПКМ,heavy,2309,0.0,0,48.37,NOT_REVIEWED,NOT_APPROVED
42,29,Пулемёт «Печенег»,heavy,3642,0.0,0,56.3,NOT_REVIEWED,NOT_APPROVED
42,53,Пулемёт «Печенег-СП»,heavy,3848,0.0,773,0.0,NOT_REVIEWED,NOT_APPROVED
42,47,Автомат АК-АН «Абакан-100»,heavy,3555,0.0,0,41.0,NOT_REVIEWED,NOT_APPROVED
42,65,Пулемёт «Утёс-М»,heavy,4274,0.0,1068,0.0,NOT_REVIEWED,NOT_APPROVED
42,14,Винтовка СКС,heavy,5950,0.0,0,27.86,NOT_REVIEWED,NOT_APPROVED
42,46,Винтовка SSG 08,heavy,3376,0.0,0,39.01,NOT_REVIEWED,NOT_APPROVED
42,42,Винтовка SR-25,heavy,4012,0.0,0,73.0,NOT_REVIEWED,NOT_APPROVED
42,13,Винтовка СВД,heavy,5419,0.0,0,31.4,NOT_REVIEWED,NOT_APPROVED
42,24,Винтовка СВДС,heavy,3811,0.0,0,46.84,NOT_REVIEWED,NOT_APPROVED
42,23,Винтовка Т-5000,heavy,3088,0.0,0,50.99,NOT_REVIEWED,NOT_APPROVED
42,28,Винтовка СВ-98,heavy,4604,0.0,0,46.0,NOT_REVIEWED,NOT_APPROVED
42,36,Винтовка СВК,heavy,3077,0.0,1100,0.0,NOT_REVIEWED,NOT_APPROVED
42,30,Винтовка ВСС «Винторез»,heavy,4802,0.0,0,52.0,NOT_REVIEWED,NOT_APPROVED
42,40,Винтовка ВСК-94,heavy,4284,0.0,0,72.84,NOT_REVIEWED,NOT_APPROVED
42,31,Винтовка СВ-338,heavy,3721,0.0,0,30.0,NOT_REVIEWED,NOT_APPROVED
42,27,Винтовка ОРСИС T-5000M,heavy,3940,0.0,0,40.02,NOT_REVIEWED,NOT_APPROVED
42,70,Винтовка Sako TRG-42,heavy,4021,0.0,329,0.0,NOT_REVIEWED,NOT_APPROVED
42,76,Винтовка Blaser R93 Tactical 2,heavy,3890,0.0,1199,0.0,NOT_REVIEWED,NOT_APPROVED
42,39,Винтовка ORSIS T-5000 Sniper Pro,heavy,3843,0.0,1731,0.0,NOT_REVIEWED,NOT_APPROVED
42,60,Винтовка Accuracy International AXMC,heavy,3550,0.0,512,0.0,NOT_REVIEWED,NOT_APPROVED
42,48,Винтовка Barrett M98B,heavy,2907,0.0,0,10.44,NOT_REVIEWED,NOT_APPROVED
42,64,Винтовка ORSIS T-5000 Elite,heavy,4011,0.0,0,19.0,NOT_REVIEWED,NOT_APPROVED
42,33,Винтовка «Выхлоп»,heavy,3501,0.0,0,50.0,NOT_REVIEWED,NOT_APPROVED
42,35,Винтовка ОСВ-96,heavy,3178,0.0,807,0.0,NOT_REVIEWED,NOT_APPROVED
42,66,Винтовка Zastava M93 Black Arrow,heavy,4343,0.0,1253,0.0,NOT_REVIEWED,NOT_APPROVED
42,52,Винтовка АСВК «Корд»,heavy,3313,0.0,1296,0.0,NOT_REVIEWED,NOT_APPROVED
42,58,Винтовка Steyr HS .50,heavy,5108,0.0,1147,0.0,NOT_REVIEWED,NOT_APPROVED
42,49,Винтовка Barrett M82,heavy,2365,0.0,2020,0.0,NOT_REVIEWED,NOT_APPROVED
42,54,Винтовка McMillan TAC-50,heavy,4482,0.0,0,27.0,NOT_REVIEWED,NOT_APPROVED
42,72,Винтовка Desert Tech HTI,heavy,4243,0.0,0,52.0,NOT_REVIEWED,NOT_APPROVED
42,78,Винтовка Cheytac M200 Intervention,heavy,2692,0.0,377,0.0,NOT_REVIEWED,NOT_APPROVED
42,73,Прототип X-17,heavy,2989,0.0,0,64.0,NOT_REVIEWED,NOT_APPROVED
42,55,Гаусс-пушка,heavy,5896,0.0,0,42.01,NOT_REVIEWED,NOT_APPROVED
42,4,Обрез охотничьего ружья,heavy,7673,0.0,0,36.5,NOT_REVIEWED,NOT_APPROVED
42,8,ПП «Кедр»,heavy,8579,0.0,0,51.16,NOT_REVIEWED,NOT_APPROVED
42,9,ПП-19 «Бизон»,heavy,6701,0.0,448,0.0,NOT_REVIEWED,NOT_APPROVED
42,20,Дробовик Сайга-410,heavy,5195,0.0,0,49.5,NOT_REVIEWED,NOT_APPROVED
42,106,Дробовик Mossberg 500,heavy,5533,0.0,14,0.0,NOT_REVIEWED,NOT_APPROVED
42,107,Дробовик Stoeger P3000,heavy,6003,0.0,0,2.0,NOT_REVIEWED,NOT_APPROVED
42,108,Дробовик Remington 870,heavy,5746,0.0,0,7.0,NOT_REVIEWED,NOT_APPROVED
42,109,Дробовик Winchester Model 1300,heavy,5741,0.0,0,2.0,NOT_REVIEWED,NOT_APPROVED
42,110,Дробовик Ithaca 37,heavy,5694,0.0,0,5.0,NOT_REVIEWED,NOT_APPROVED
42,111,Дробовик Browning BPS,heavy,5524,0.0,0,4.12,NOT_REVIEWED,NOT_APPROVED
42,19,Дробовик СПАС-12,heavy,5277,0.0,0,33.06,NOT_REVIEWED,NOT_APPROVED
42,112,Дробовик Winchester SXP Defender,heavy,5113,0.0,0,43.83,NOT_REVIEWED,NOT_APPROVED
42,113,Дробовик Mossberg 590A1,heavy,5682,0.0,0,1.0,NOT_REVIEWED,NOT_APPROVED
42,114,Дробовик Remington 870 MCS,heavy,4223,0.0,0,51.0,NOT_REVIEWED,NOT_APPROVED
42,32,Дробовик Сайга-12К,heavy,3522,0.0,0,68.0,NOT_REVIEWED,NOT_APPROVED
42,115,Дробовик Benelli Nova,heavy,5626,0.0,0,9.0,NOT_REVIEWED,NOT_APPROVED
42,116,Дробовик TOZ-194,heavy,5332,0.0,0,27.0,NOT_REVIEWED,NOT_APPROVED
42,44,Дробовик «Вепрь-12»,heavy,3955,0.0,0,57.78,NOT_REVIEWED,NOT_APPROVED
42,117,Дробовик Remington 1100,heavy,5591,0.0,0,7.28,NOT_REVIEWED,NOT_APPROVED
42,62,Дробовик Kel-Tec KSG,heavy,4561,0.0,0,76.92,NOT_REVIEWED,NOT_APPROVED
42,118,Дробовик Beretta 1301 Tactical,heavy,3947,0.0,0,52.0,NOT_REVIEWED,NOT_APPROVED
42,50,Дробовик Benelli M4,heavy,4528,0.0,0,37.0,NOT_REVIEWED,NOT_APPROVED
42,119,Дробовик Fabarm STF/12,heavy,4786,0.0,0,48.26,NOT_REVIEWED,NOT_APPROVED
42,56,Дробовик AA-12,heavy,6157,0.0,0,33.11,NOT_REVIEWED,NOT_APPROVED
42,120,Дробовик Winchester SX4,heavy,5693,0.0,0,15.0,NOT_REVIEWED,NOT_APPROVED
42,121,Дробовик Browning A5,heavy,5760,0.0,0,18.25,NOT_REVIEWED,NOT_APPROVED
42,68,Дробовик Franchi SPAS-15,heavy,4843,0.0,0,35.13,NOT_REVIEWED,NOT_APPROVED
42,122,Дробовик Remington 870 Magnum,heavy,6748,0.0,0,11.0,NOT_REVIEWED,NOT_APPROVED
42,123,Дробовик Benelli Vinci,heavy,5958,0.0,0,6.0,NOT_REVIEWED,NOT_APPROVED
42,74,Дробовик USAS-12,heavy,3768,0.0,45,0.0,NOT_REVIEWED,NOT_APPROVED
42,124,Дробовик Ithaca Mag-10,heavy,3618,0.0,0,69.0,NOT_REVIEWED,NOT_APPROVED
42,125,Дробовик Remington SP-10,heavy,4897,0.0,0,64.0,NOT_REVIEWED,NOT_APPROVED
43,86,Beretta 21A Bobcat,pistol,7344,0.0,,,NOT_REVIEWED,NOT_APPROVED
43,2,Пистолет ПСМ,pistol,6862,0.0,,,NOT_REVIEWED,NOT_APPROVED
43,87,Walther PPK,pistol,7047,0.0,,,NOT_REVIEWED,NOT_APPROVED
43,1,Пистолет Макарова,pistol,6686,0.0,,,NOT_REVIEWED,NOT_APPROVED
43,3,Пистолет ИЖ-71,pistol,6428,0.0,,,NOT_REVIEWED,NOT_APPROVED
43,88,Glock 25,pistol,6636,0.0,,,NOT_REVIEWED,NOT_APPROVED
43,5,Пистолет ОЦ-33 «Пернач»,pistol,6845,0.0,,,NOT_REVIEWED,NOT_APPROVED
43,6,Револьвер Наган,pistol,4839,0.0,,,NOT_REVIEWED,NOT_APPROVED
43,89,Walther P99,pistol,6512,0.0,,,NOT_REVIEWED,NOT_APPROVED
43,90,CZ 75,pistol,6402,0.0,,,NOT_REVIEWED,NOT_APPROVED
43,91,Glock 17,pistol,6443,0.0,,,NOT_REVIEWED,NOT_APPROVED
43,92,Beretta 92FS,pistol,6047,0.0,,,NOT_REVIEWED,NOT_APPROVED
43,93,SIG Sauer P226,pistol,6966,0.0,,,NOT_REVIEWED,NOT_APPROVED
43,7,Пистолет ТТ,pistol,6648,0.0,,,NOT_REVIEWED,NOT_APPROVED
43,94,HK USP,pistol,6519,0.0,,,NOT_REVIEWED,NOT_APPROVED
43,95,Glock 22,pistol,6460,0.0,,,NOT_REVIEWED,NOT_APPROVED
43,96,SIG Sauer P229,pistol,7021,0.0,,,NOT_REVIEWED,NOT_APPROVED
43,97,Glock 20,pistol,7062,0.0,,,NOT_REVIEWED,NOT_APPROVED
43,98,Colt 1911,pistol,6541,0.0,,,NOT_REVIEWED,NOT_APPROVED
43,99,Glock 21,pistol,6642,0.0,,,NOT_REVIEWED,NOT_APPROVED
43,100,CZ 97B,pistol,6928,0.0,,,NOT_REVIEWED,NOT_APPROVED
43,101,HK Mark 23,pistol,5824,0.0,,,NOT_REVIEWED,NOT_APPROVED
43,102,Taurus Judge,pistol,5881,0.0,,,NOT_REVIEWED,NOT_APPROVED
43,103,Smith & Wesson Model 29,pistol,4029,0.0,,,NOT_REVIEWED,NOT_APPROVED
43,104,Taurus Raging Bull,pistol,4378,0.0,,,NOT_REVIEWED,NOT_APPROVED
43,105,Desert Eagle Mark XIX,pistol,7458,0.0,,,NOT_REVIEWED,NOT_APPROVED
43,11,Автомат АКС-74У,heavy,5979,0.0,3562,0.0,NOT_REVIEWED,NOT_APPROVED
43,12,Автомат АК-74,heavy,6166,0.0,3422,0.0,NOT_REVIEWED,NOT_APPROVED
43,37,Автомат АК-107,heavy,4110,0.0,904,0.0,NOT_REVIEWED,NOT_APPROVED
43,21,Автомат АК-12,heavy,5161,0.0,446,0.0,NOT_REVIEWED,NOT_APPROVED
43,26,Автомат АН-94 «Абакан»,heavy,4287,0.0,1649,0.0,NOT_REVIEWED,NOT_APPROVED
43,17,Пулемёт РПК-74,heavy,3796,0.0,1915,0.0,NOT_REVIEWED,NOT_APPROVED
43,38,Автомат ADAR 2-15,heavy,5510,0.0,826,0.0,NOT_REVIEWED,NOT_APPROVED
43,45,Автомат АК-19,heavy,4424,0.0,1328,0.0,NOT_REVIEWED,NOT_APPROVED
43,57,Автомат HK416,heavy,4536,0.0,2609,0.0,NOT_REVIEWED,NOT_APPROVED
43,69,Автомат CZ Bren 2,heavy,4222,0.0,2934,0.0,NOT_REVIEWED,NOT_APPROVED
43,67,Пулемёт Minimi Mk3,heavy,3250,0.0,2325,0.0,NOT_REVIEWED,NOT_APPROVED
43,43,Автомат ОЦ-14 «Гроза»,heavy,4705,0.0,162,0.0,NOT_REVIEWED,NOT_APPROVED
43,16,Карабин «Вепрь»,heavy,5787,0.0,2776,0.0,NOT_REVIEWED,NOT_APPROVED
43,15,Автомат АК-103,heavy,4777,0.0,2045,0.0,NOT_REVIEWED,NOT_APPROVED
43,25,Пулемёт РПД,heavy,3476,0.0,676,0.0,NOT_REVIEWED,NOT_APPROVED
43,18,Автомат АС «Вал»,heavy,4540,0.0,1501,0.0,NOT_REVIEWED,NOT_APPROVED
43,10,Карабин Сайга-12,heavy,6409,0.0,3636,0.0,NOT_REVIEWED,NOT_APPROVED
43,63,Автомат АК-308,heavy,4222,0.0,980,0.0,NOT_REVIEWED,NOT_APPROVED
43,51,Автомат ЛР-308,heavy,3905,0.0,0,4.0,NOT_REVIEWED,NOT_APPROVED
43,75,Автомат SCAR-H,heavy,4269,0.0,2470,0.0,NOT_REVIEWED,NOT_APPROVED
43,61,Пулемёт M60E6,heavy,3705,0.0,2306,0.0,NOT_REVIEWED,NOT_APPROVED
43,59,Пулемёт M240,heavy,3572,0.0,1293,0.0,NOT_REVIEWED,NOT_APPROVED
43,71,Пулемёт FN MAG,heavy,3067,0.0,1341,0.0,NOT_REVIEWED,NOT_APPROVED
43,77,Пулемёт Negev NG7,heavy,3246,0.0,1179,0.0,NOT_REVIEWED,NOT_APPROVED
43,22,Пулемёт ПКМ,heavy,2309,0.0,1350,0.0,NOT_REVIEWED,NOT_APPROVED
43,29,Пулемёт «Печенег»,heavy,3642,0.0,2509,0.0,NOT_REVIEWED,NOT_APPROVED
43,53,Пулемёт «Печенег-СП»,heavy,3848,0.0,1223,0.0,NOT_REVIEWED,NOT_APPROVED
43,47,Автомат АК-АН «Абакан-100»,heavy,3555,0.0,2533,0.0,NOT_REVIEWED,NOT_APPROVED
43,65,Пулемёт «Утёс-М»,heavy,4274,0.0,3216,0.0,NOT_REVIEWED,NOT_APPROVED
43,14,Винтовка СКС,heavy,5950,0.0,5423,0.0,NOT_REVIEWED,NOT_APPROVED
43,46,Винтовка SSG 08,heavy,3376,0.0,1104,0.0,NOT_REVIEWED,NOT_APPROVED
43,42,Винтовка SR-25,heavy,4012,0.0,0,3.0,NOT_REVIEWED,NOT_APPROVED
43,13,Винтовка СВД,heavy,5419,0.0,4361,0.0,NOT_REVIEWED,NOT_APPROVED
43,24,Винтовка СВДС,heavy,3811,0.0,2716,0.0,NOT_REVIEWED,NOT_APPROVED
43,23,Винтовка Т-5000,heavy,3088,0.0,1104,0.0,NOT_REVIEWED,NOT_APPROVED
43,28,Винтовка СВ-98,heavy,4604,0.0,2975,0.0,NOT_REVIEWED,NOT_APPROVED
43,36,Винтовка СВК,heavy,3077,0.0,1298,0.0,NOT_REVIEWED,NOT_APPROVED
43,30,Винтовка ВСС «Винторез»,heavy,4802,0.0,2084,0.0,NOT_REVIEWED,NOT_APPROVED
43,40,Винтовка ВСК-94,heavy,4284,0.0,1876,0.0,NOT_REVIEWED,NOT_APPROVED
43,31,Винтовка СВ-338,heavy,3721,0.0,1787,0.0,NOT_REVIEWED,NOT_APPROVED
43,27,Винтовка ОРСИС T-5000M,heavy,3940,0.0,1853,0.0,NOT_REVIEWED,NOT_APPROVED
43,70,Винтовка Sako TRG-42,heavy,4021,0.0,2627,0.0,NOT_REVIEWED,NOT_APPROVED
43,76,Винтовка Blaser R93 Tactical 2,heavy,3890,0.0,3088,0.0,NOT_REVIEWED,NOT_APPROVED
43,39,Винтовка ORSIS T-5000 Sniper Pro,heavy,3843,0.0,1486,0.0,NOT_REVIEWED,NOT_APPROVED
43,60,Винтовка Accuracy International AXMC,heavy,3550,0.0,3593,0.0,NOT_REVIEWED,NOT_APPROVED
43,48,Винтовка Barrett M98B,heavy,2907,0.0,2283,0.0,NOT_REVIEWED,NOT_APPROVED
43,64,Винтовка ORSIS T-5000 Elite,heavy,4011,0.0,4089,0.0,NOT_REVIEWED,NOT_APPROVED
43,33,Винтовка «Выхлоп»,heavy,3501,0.0,1793,0.0,NOT_REVIEWED,NOT_APPROVED
43,35,Винтовка ОСВ-96,heavy,3178,0.0,2307,0.0,NOT_REVIEWED,NOT_APPROVED
43,66,Винтовка Zastava M93 Black Arrow,heavy,4343,0.0,3728,0.0,NOT_REVIEWED,NOT_APPROVED
43,52,Винтовка АСВК «Корд»,heavy,3313,0.0,1529,0.0,NOT_REVIEWED,NOT_APPROVED
43,58,Винтовка Steyr HS .50,heavy,5108,0.0,4934,0.0,NOT_REVIEWED,NOT_APPROVED
43,49,Винтовка Barrett M82,heavy,2365,0.0,1650,0.0,NOT_REVIEWED,NOT_APPROVED
43,54,Винтовка McMillan TAC-50,heavy,4482,0.0,3310,0.0,NOT_REVIEWED,NOT_APPROVED
43,72,Винтовка Desert Tech HTI,heavy,4243,0.0,948,0.0,NOT_REVIEWED,NOT_APPROVED
43,78,Винтовка Cheytac M200 Intervention,heavy,2692,0.0,2684,0.0,NOT_REVIEWED,NOT_APPROVED
43,73,Прототип X-17,heavy,2989,0.0,2606,0.0,NOT_REVIEWED,NOT_APPROVED
43,55,Гаусс-пушка,heavy,5896,0.0,4199,0.0,NOT_REVIEWED,NOT_APPROVED
43,4,Обрез охотничьего ружья,heavy,7673,0.0,4980,0.0,NOT_REVIEWED,NOT_APPROVED
43,8,ПП «Кедр»,heavy,8579,0.0,2361,0.0,NOT_REVIEWED,NOT_APPROVED
43,9,ПП-19 «Бизон»,heavy,6701,0.0,7443,0.0,NOT_REVIEWED,NOT_APPROVED
43,20,Дробовик Сайга-410,heavy,5195,0.0,2583,0.0,NOT_REVIEWED,NOT_APPROVED
43,106,Дробовик Mossberg 500,heavy,5533,0.0,5684,0.0,NOT_REVIEWED,NOT_APPROVED
43,107,Дробовик Stoeger P3000,heavy,6003,0.0,5948,0.0,NOT_REVIEWED,NOT_APPROVED
43,108,Дробовик Remington 870,heavy,5746,0.0,5653,0.0,NOT_REVIEWED,NOT_APPROVED
43,109,Дробовик Winchester Model 1300,heavy,5741,0.0,5546,0.0,NOT_REVIEWED,NOT_APPROVED
43,110,Дробовик Ithaca 37,heavy,5694,0.0,5683,0.0,NOT_REVIEWED,NOT_APPROVED
43,111,Дробовик Browning BPS,heavy,5524,0.0,5610,0.0,NOT_REVIEWED,NOT_APPROVED
43,19,Дробовик СПАС-12,heavy,5277,0.0,3445,0.0,NOT_REVIEWED,NOT_APPROVED
43,112,Дробовик Winchester SXP Defender,heavy,5113,0.0,2103,0.0,NOT_REVIEWED,NOT_APPROVED
43,113,Дробовик Mossberg 590A1,heavy,5682,0.0,5694,0.0,NOT_REVIEWED,NOT_APPROVED
43,114,Дробовик Remington 870 MCS,heavy,4223,0.0,2463,0.0,NOT_REVIEWED,NOT_APPROVED
43,32,Дробовик Сайга-12К,heavy,3522,0.0,372,0.0,NOT_REVIEWED,NOT_APPROVED
43,115,Дробовик Benelli Nova,heavy,5626,0.0,5594,0.0,NOT_REVIEWED,NOT_APPROVED
43,116,Дробовик TOZ-194,heavy,5332,0.0,4323,0.0,NOT_REVIEWED,NOT_APPROVED
43,44,Дробовик «Вепрь-12»,heavy,3955,0.0,1865,0.0,NOT_REVIEWED,NOT_APPROVED
43,117,Дробовик Remington 1100,heavy,5591,0.0,5533,0.0,NOT_REVIEWED,NOT_APPROVED
43,62,Дробовик Kel-Tec KSG,heavy,4561,0.0,686,0.0,NOT_REVIEWED,NOT_APPROVED
43,118,Дробовик Beretta 1301 Tactical,heavy,3947,0.0,1689,0.0,NOT_REVIEWED,NOT_APPROVED
43,50,Дробовик Benelli M4,heavy,4528,0.0,3007,0.0,NOT_REVIEWED,NOT_APPROVED
43,119,Дробовик Fabarm STF/12,heavy,4786,0.0,2314,0.0,NOT_REVIEWED,NOT_APPROVED
43,56,Дробовик AA-12,heavy,6157,0.0,690,0.0,NOT_REVIEWED,NOT_APPROVED
43,120,Дробовик Winchester SX4,heavy,5693,0.0,5418,0.0,NOT_REVIEWED,NOT_APPROVED
43,121,Дробовик Browning A5,heavy,5760,0.0,5445,0.0,NOT_REVIEWED,NOT_APPROVED
43,68,Дробовик Franchi SPAS-15,heavy,4843,0.0,2575,0.0,NOT_REVIEWED,NOT_APPROVED
43,122,Дробовик Remington 870 Magnum,heavy,6748,0.0,5841,0.0,NOT_REVIEWED,NOT_APPROVED
43,123,Дробовик Benelli Vinci,heavy,5958,0.0,5596,0.0,NOT_REVIEWED,NOT_APPROVED
43,74,Дробовик USAS-12,heavy,3768,0.0,3883,0.0,NOT_REVIEWED,NOT_APPROVED
43,124,Дробовик Ithaca Mag-10,heavy,3618,0.0,1210,0.0,NOT_REVIEWED,NOT_APPROVED
43,125,Дробовик Remington SP-10,heavy,4897,0.0,975,0.0,NOT_REVIEWED,NOT_APPROVED
44,86,Beretta 21A Bobcat,pistol,7355,0.0,,,NOT_REVIEWED,NOT_APPROVED
44,2,Пистолет ПСМ,pistol,6926,0.0,,,NOT_REVIEWED,NOT_APPROVED
44,87,Walther PPK,pistol,7204,0.0,,,NOT_REVIEWED,NOT_APPROVED
44,1,Пистолет Макарова,pistol,6846,0.0,,,NOT_REVIEWED,NOT_APPROVED
44,3,Пистолет ИЖ-71,pistol,6544,0.0,,,NOT_REVIEWED,NOT_APPROVED
44,88,Glock 25,pistol,6646,0.0,,,NOT_REVIEWED,NOT_APPROVED
44,5,Пистолет ОЦ-33 «Пернач»,pistol,6858,0.0,,,NOT_REVIEWED,NOT_APPROVED
44,6,Револьвер Наган,pistol,4943,0.0,,,NOT_REVIEWED,NOT_APPROVED
44,89,Walther P99,pistol,6557,0.0,,,NOT_REVIEWED,NOT_APPROVED
44,90,CZ 75,pistol,6397,0.0,,,NOT_REVIEWED,NOT_APPROVED
44,91,Glock 17,pistol,6418,0.0,,,NOT_REVIEWED,NOT_APPROVED
44,92,Beretta 92FS,pistol,6046,0.0,,,NOT_REVIEWED,NOT_APPROVED
44,93,SIG Sauer P226,pistol,7225,0.0,,,NOT_REVIEWED,NOT_APPROVED
44,7,Пистолет ТТ,pistol,6801,0.0,,,NOT_REVIEWED,NOT_APPROVED
44,94,HK USP,pistol,6613,0.0,,,NOT_REVIEWED,NOT_APPROVED
44,95,Glock 22,pistol,6445,0.0,,,NOT_REVIEWED,NOT_APPROVED
44,96,SIG Sauer P229,pistol,7191,0.0,,,NOT_REVIEWED,NOT_APPROVED
44,97,Glock 20,pistol,7078,0.0,,,NOT_REVIEWED,NOT_APPROVED
44,98,Colt 1911,pistol,6623,0.0,,,NOT_REVIEWED,NOT_APPROVED
44,99,Glock 21,pistol,6612,0.0,,,NOT_REVIEWED,NOT_APPROVED
44,100,CZ 97B,pistol,6985,0.0,,,NOT_REVIEWED,NOT_APPROVED
44,101,HK Mark 23,pistol,5836,0.0,,,NOT_REVIEWED,NOT_APPROVED
44,102,Taurus Judge,pistol,5967,0.0,,,NOT_REVIEWED,NOT_APPROVED
44,103,Smith & Wesson Model 29,pistol,4115,0.0,,,NOT_REVIEWED,NOT_APPROVED
44,104,Taurus Raging Bull,pistol,4490,0.0,,,NOT_REVIEWED,NOT_APPROVED
44,105,Desert Eagle Mark XIX,pistol,7878,0.0,,,NOT_REVIEWED,NOT_APPROVED
44,11,Автомат АКС-74У,heavy,5979,0.0,2061,0.0,NOT_REVIEWED,NOT_APPROVED
44,12,Автомат АК-74,heavy,6103,0.0,1832,0.0,NOT_REVIEWED,NOT_APPROVED
44,37,Автомат АК-107,heavy,4110,0.0,127,0.0,NOT_REVIEWED,NOT_APPROVED
44,21,Автомат АК-12,heavy,5161,0.0,15,0.0,NOT_REVIEWED,NOT_APPROVED
44,26,Автомат АН-94 «Абакан»,heavy,4230,0.0,336,0.0,NOT_REVIEWED,NOT_APPROVED
44,17,Пулемёт РПК-74,heavy,3796,0.0,652,0.0,NOT_REVIEWED,NOT_APPROVED
44,38,Автомат ADAR 2-15,heavy,5510,0.0,217,0.0,NOT_REVIEWED,NOT_APPROVED
44,45,Автомат АК-19,heavy,4424,0.0,450,0.0,NOT_REVIEWED,NOT_APPROVED
44,57,Автомат HK416,heavy,4536,0.0,2744,0.0,NOT_REVIEWED,NOT_APPROVED
44,69,Автомат CZ Bren 2,heavy,4222,0.0,2170,0.0,NOT_REVIEWED,NOT_APPROVED
44,67,Пулемёт Minimi Mk3,heavy,3250,0.0,802,0.0,NOT_REVIEWED,NOT_APPROVED
44,43,Автомат ОЦ-14 «Гроза»,heavy,4768,0.0,0,5.0,NOT_REVIEWED,NOT_APPROVED
44,16,Карабин «Вепрь»,heavy,5720,0.0,1173,0.0,NOT_REVIEWED,NOT_APPROVED
44,15,Автомат АК-103,heavy,4777,0.0,755,0.0,NOT_REVIEWED,NOT_APPROVED
44,25,Пулемёт РПД,heavy,3392,0.0,0,1.0,NOT_REVIEWED,NOT_APPROVED
44,18,Автомат АС «Вал»,heavy,4486,0.0,406,0.0,NOT_REVIEWED,NOT_APPROVED
44,10,Карабин Сайга-12,heavy,6356,0.0,1899,0.0,NOT_REVIEWED,NOT_APPROVED
44,63,Автомат АК-308,heavy,4222,0.0,307,0.0,NOT_REVIEWED,NOT_APPROVED
44,51,Автомат ЛР-308,heavy,3905,0.0,0,11.0,NOT_REVIEWED,NOT_APPROVED
44,75,Автомат SCAR-H,heavy,4323,0.0,2317,0.0,NOT_REVIEWED,NOT_APPROVED
44,61,Пулемёт M60E6,heavy,3705,0.0,896,0.0,NOT_REVIEWED,NOT_APPROVED
44,59,Пулемёт M240,heavy,3572,0.0,342,0.0,NOT_REVIEWED,NOT_APPROVED
44,71,Пулемёт FN MAG,heavy,3067,0.0,255,0.0,NOT_REVIEWED,NOT_APPROVED
44,77,Пулемёт Negev NG7,heavy,3246,0.0,632,0.0,NOT_REVIEWED,NOT_APPROVED
44,22,Пулемёт ПКМ,heavy,2352,0.0,338,0.0,NOT_REVIEWED,NOT_APPROVED
44,29,Пулемёт «Печенег»,heavy,3642,0.0,784,0.0,NOT_REVIEWED,NOT_APPROVED
44,53,Пулемёт «Печенег-СП»,heavy,3848,0.0,122,0.0,NOT_REVIEWED,NOT_APPROVED
44,47,Автомат АК-АН «Абакан-100»,heavy,3445,0.0,1424,0.0,NOT_REVIEWED,NOT_APPROVED
44,65,Пулемёт «Утёс-М»,heavy,4274,0.0,1547,0.0,NOT_REVIEWED,NOT_APPROVED
44,14,Винтовка СКС,heavy,5950,0.0,3944,0.0,NOT_REVIEWED,NOT_APPROVED
44,46,Винтовка SSG 08,heavy,3459,0.0,436,0.0,NOT_REVIEWED,NOT_APPROVED
44,42,Винтовка SR-25,heavy,4012,0.0,0,10.0,NOT_REVIEWED,NOT_APPROVED
44,13,Винтовка СВД,heavy,5513,0.0,3143,0.0,NOT_REVIEWED,NOT_APPROVED
44,24,Винтовка СВДС,heavy,3921,0.0,1340,0.0,NOT_REVIEWED,NOT_APPROVED
44,23,Винтовка Т-5000,heavy,3088,0.0,409,0.0,NOT_REVIEWED,NOT_APPROVED
44,28,Винтовка СВ-98,heavy,4517,0.0,1674,0.0,NOT_REVIEWED,NOT_APPROVED
44,36,Винтовка СВК,heavy,3077,0.0,490,0.0,NOT_REVIEWED,NOT_APPROVED
44,30,Винтовка ВСС «Винторез»,heavy,4692,0.0,736,0.0,NOT_REVIEWED,NOT_APPROVED
44,40,Винтовка ВСК-94,heavy,4284,0.0,440,0.0,NOT_REVIEWED,NOT_APPROVED
44,31,Винтовка СВ-338,heavy,3721,0.0,1399,0.0,NOT_REVIEWED,NOT_APPROVED
44,27,Винтовка ОРСИС T-5000M,heavy,4050,0.0,835,0.0,NOT_REVIEWED,NOT_APPROVED
44,70,Винтовка Sako TRG-42,heavy,3958,0.0,1232,0.0,NOT_REVIEWED,NOT_APPROVED
44,76,Винтовка Blaser R93 Tactical 2,heavy,3818,0.0,1978,0.0,NOT_REVIEWED,NOT_APPROVED
44,39,Винтовка ORSIS T-5000 Sniper Pro,heavy,3843,0.0,1012,0.0,NOT_REVIEWED,NOT_APPROVED
44,60,Винтовка Accuracy International AXMC,heavy,3550,0.0,2735,0.0,NOT_REVIEWED,NOT_APPROVED
44,48,Винтовка Barrett M98B,heavy,2907,0.0,2062,0.0,NOT_REVIEWED,NOT_APPROVED
44,64,Винтовка ORSIS T-5000 Elite,heavy,4011,0.0,2964,0.0,NOT_REVIEWED,NOT_APPROVED
44,33,Винтовка «Выхлоп»,heavy,3501,0.0,759,0.0,NOT_REVIEWED,NOT_APPROVED
44,35,Винтовка ОСВ-96,heavy,3068,0.0,2232,0.0,NOT_REVIEWED,NOT_APPROVED
44,66,Винтовка Zastava M93 Black Arrow,heavy,4343,0.0,2734,0.0,NOT_REVIEWED,NOT_APPROVED
44,52,Винтовка АСВК «Корд»,heavy,3313,0.0,587,0.0,NOT_REVIEWED,NOT_APPROVED
44,58,Винтовка Steyr HS .50,heavy,5108,0.0,3363,0.0,NOT_REVIEWED,NOT_APPROVED
44,49,Винтовка Barrett M82,heavy,2314,0.0,1451,0.0,NOT_REVIEWED,NOT_APPROVED
44,54,Винтовка McMillan TAC-50,heavy,4482,0.0,2373,0.0,NOT_REVIEWED,NOT_APPROVED
44,72,Винтовка Desert Tech HTI,heavy,4150,0.0,463,0.0,NOT_REVIEWED,NOT_APPROVED
44,78,Винтовка Cheytac M200 Intervention,heavy,2692,0.0,1534,0.0,NOT_REVIEWED,NOT_APPROVED
44,73,Прототип X-17,heavy,2989,0.0,1259,0.0,NOT_REVIEWED,NOT_APPROVED
44,55,Гаусс-пушка,heavy,5896,0.0,2451,0.0,NOT_REVIEWED,NOT_APPROVED
44,4,Обрез охотничьего ружья,heavy,7673,0.0,3431,0.0,NOT_REVIEWED,NOT_APPROVED
44,8,ПП «Кедр»,heavy,8579,0.0,468,0.0,NOT_REVIEWED,NOT_APPROVED
44,9,ПП-19 «Бизон»,heavy,6646,0.0,6501,0.0,NOT_REVIEWED,NOT_APPROVED
44,20,Дробовик Сайга-410,heavy,5118,0.0,1048,0.0,NOT_REVIEWED,NOT_APPROVED
44,106,Дробовик Mossberg 500,heavy,5567,0.0,5231,0.0,NOT_REVIEWED,NOT_APPROVED
44,107,Дробовик Stoeger P3000,heavy,6043,0.0,5243,0.0,NOT_REVIEWED,NOT_APPROVED
44,108,Дробовик Remington 870,heavy,5688,0.0,4516,0.0,NOT_REVIEWED,NOT_APPROVED
44,109,Дробовик Winchester Model 1300,heavy,5741,0.0,5033,0.0,NOT_REVIEWED,NOT_APPROVED
44,110,Дробовик Ithaca 37,heavy,5731,0.0,4955,0.0,NOT_REVIEWED,NOT_APPROVED
44,111,Дробовик Browning BPS,heavy,5480,0.0,5099,0.0,NOT_REVIEWED,NOT_APPROVED
44,19,Дробовик СПАС-12,heavy,5277,0.0,2111,0.0,NOT_REVIEWED,NOT_APPROVED
44,112,Дробовик Winchester SXP Defender,heavy,5113,0.0,1243,0.0,NOT_REVIEWED,NOT_APPROVED
44,113,Дробовик Mossberg 590A1,heavy,5639,0.0,4925,0.0,NOT_REVIEWED,NOT_APPROVED
44,114,Дробовик Remington 870 MCS,heavy,4223,0.0,1281,0.0,NOT_REVIEWED,NOT_APPROVED
44,32,Дробовик Сайга-12К,heavy,3522,0.0,14,0.0,NOT_REVIEWED,NOT_APPROVED
44,115,Дробовик Benelli Nova,heavy,5652,0.0,4914,0.0,NOT_REVIEWED,NOT_APPROVED
44,116,Дробовик TOZ-194,heavy,5366,0.0,3522,0.0,NOT_REVIEWED,NOT_APPROVED
44,44,Дробовик «Вепрь-12»,heavy,3955,0.0,824,0.0,NOT_REVIEWED,NOT_APPROVED
44,117,Дробовик Remington 1100,heavy,5591,0.0,4954,0.0,NOT_REVIEWED,NOT_APPROVED
44,62,Дробовик Kel-Tec KSG,heavy,4561,0.0,276,0.0,NOT_REVIEWED,NOT_APPROVED
44,118,Дробовик Beretta 1301 Tactical,heavy,4002,0.0,798,0.0,NOT_REVIEWED,NOT_APPROVED
44,50,Дробовик Benelli M4,heavy,4528,0.0,1801,0.0,NOT_REVIEWED,NOT_APPROVED
44,119,Дробовик Fabarm STF/12,heavy,4786,0.0,1149,0.0,NOT_REVIEWED,NOT_APPROVED
44,56,Дробовик AA-12,heavy,6157,0.0,63,0.0,NOT_REVIEWED,NOT_APPROVED
44,120,Дробовик Winchester SX4,heavy,5735,0.0,4545,0.0,NOT_REVIEWED,NOT_APPROVED
44,121,Дробовик Browning A5,heavy,5760,0.0,4620,0.0,NOT_REVIEWED,NOT_APPROVED
44,68,Дробовик Franchi SPAS-15,heavy,4896,0.0,2031,0.0,NOT_REVIEWED,NOT_APPROVED
44,122,Дробовик Remington 870 Magnum,heavy,6830,0.0,4804,0.0,NOT_REVIEWED,NOT_APPROVED
44,123,Дробовик Benelli Vinci,heavy,5958,0.0,4984,0.0,NOT_REVIEWED,NOT_APPROVED
44,74,Дробовик USAS-12,heavy,3813,0.0,2938,0.0,NOT_REVIEWED,NOT_APPROVED
44,124,Дробовик Ithaca Mag-10,heavy,3674,0.0,495,0.0,NOT_REVIEWED,NOT_APPROVED
44,125,Дробовик Remington SP-10,heavy,4839,0.0,219,0.0,NOT_REVIEWED,NOT_APPROVED
45,86,Beretta 21A Bobcat,pistol,7625,0.0,,,NOT_REVIEWED,NOT_APPROVED
45,2,Пистолет ПСМ,pistol,7117,0.0,,,NOT_REVIEWED,NOT_APPROVED
45,87,Walther PPK,pistol,7473,0.0,,,NOT_REVIEWED,NOT_APPROVED
45,1,Пистолет Макарова,pistol,7013,0.0,,,NOT_REVIEWED,NOT_APPROVED
45,3,Пистолет ИЖ-71,pistol,6592,0.0,,,NOT_REVIEWED,NOT_APPROVED
45,88,Glock 25,pistol,6795,0.0,,,NOT_REVIEWED,NOT_APPROVED
45,5,Пистолет ОЦ-33 «Пернач»,pistol,7055,0.0,,,NOT_REVIEWED,NOT_APPROVED
45,6,Револьвер Наган,pistol,4993,0.0,,,NOT_REVIEWED,NOT_APPROVED
45,89,Walther P99,pistol,6780,0.0,,,NOT_REVIEWED,NOT_APPROVED
45,90,CZ 75,pistol,6523,0.0,,,NOT_REVIEWED,NOT_APPROVED
45,91,Glock 17,pistol,6542,0.0,,,NOT_REVIEWED,NOT_APPROVED
45,92,Beretta 92FS,pistol,6339,0.0,,,NOT_REVIEWED,NOT_APPROVED
45,93,SIG Sauer P226,pistol,7572,0.0,,,NOT_REVIEWED,NOT_APPROVED
45,7,Пистолет ТТ,pistol,7062,0.0,,,NOT_REVIEWED,NOT_APPROVED
45,94,HK USP,pistol,6886,0.0,,,NOT_REVIEWED,NOT_APPROVED
45,95,Glock 22,pistol,6647,0.0,,,NOT_REVIEWED,NOT_APPROVED
45,96,SIG Sauer P229,pistol,7517,0.0,,,NOT_REVIEWED,NOT_APPROVED
45,97,Glock 20,pistol,7311,0.0,,,NOT_REVIEWED,NOT_APPROVED
45,98,Colt 1911,pistol,6828,0.0,,,NOT_REVIEWED,NOT_APPROVED
45,99,Glock 21,pistol,6777,0.0,,,NOT_REVIEWED,NOT_APPROVED
45,100,CZ 97B,pistol,7229,0.0,,,NOT_REVIEWED,NOT_APPROVED
45,101,HK Mark 23,pistol,6159,0.0,,,NOT_REVIEWED,NOT_APPROVED
45,102,Taurus Judge,pistol,6048,0.0,,,NOT_REVIEWED,NOT_APPROVED
45,103,Smith & Wesson Model 29,pistol,4192,0.0,,,NOT_REVIEWED,NOT_APPROVED
45,104,Taurus Raging Bull,pistol,4542,0.0,,,NOT_REVIEWED,NOT_APPROVED
45,105,Desert Eagle Mark XIX,pistol,8252,0.0,,,NOT_REVIEWED,NOT_APPROVED
45,11,Автомат АКС-74У,heavy,5759,0.0,3094,0.0,NOT_REVIEWED,NOT_APPROVED
45,12,Автомат АК-74,heavy,5853,0.0,1145,0.0,NOT_REVIEWED,NOT_APPROVED
45,37,Автомат АК-107,heavy,3982,0.0,3,0.0,NOT_REVIEWED,NOT_APPROVED
45,21,Автомат АК-12,heavy,5036,0.0,504,0.0,NOT_REVIEWED,NOT_APPROVED
45,26,Автомат АН-94 «Абакан»,heavy,4108,0.0,28,0.0,NOT_REVIEWED,NOT_APPROVED
45,17,Пулемёт РПК-74,heavy,3742,0.0,66,0.0,NOT_REVIEWED,NOT_APPROVED
45,38,Автомат ADAR 2-15,heavy,5334,0.0,0,7.0,NOT_REVIEWED,NOT_APPROVED
45,45,Автомат АК-19,heavy,4349,0.0,0,1.0,NOT_REVIEWED,NOT_APPROVED
45,57,Автомат HK416,heavy,4418,0.0,961,0.0,NOT_REVIEWED,NOT_APPROVED
45,69,Автомат CZ Bren 2,heavy,4139,0.0,1853,0.0,NOT_REVIEWED,NOT_APPROVED
45,67,Пулемёт Minimi Mk3,heavy,3220,0.0,318,0.0,NOT_REVIEWED,NOT_APPROVED
45,43,Автомат ОЦ-14 «Гроза»,heavy,4672,0.0,1,0.0,NOT_REVIEWED,NOT_APPROVED
45,16,Карабин «Вепрь»,heavy,5512,0.0,696,0.0,NOT_REVIEWED,NOT_APPROVED
45,15,Автомат АК-103,heavy,4680,0.0,194,0.0,NOT_REVIEWED,NOT_APPROVED
45,25,Пулемёт РПД,heavy,3351,0.0,1743,0.0,NOT_REVIEWED,NOT_APPROVED
45,18,Автомат АС «Вал»,heavy,4373,0.0,20,0.0,NOT_REVIEWED,NOT_APPROVED
45,10,Карабин Сайга-12,heavy,6105,0.0,2675,0.0,NOT_REVIEWED,NOT_APPROVED
45,63,Автомат АК-308,heavy,4128,0.0,211,0.0,NOT_REVIEWED,NOT_APPROVED
45,51,Автомат ЛР-308,heavy,3793,0.0,0,12.0,NOT_REVIEWED,NOT_APPROVED
45,75,Автомат SCAR-H,heavy,4177,0.0,1158,0.0,NOT_REVIEWED,NOT_APPROVED
45,61,Пулемёт M60E6,heavy,3642,0.0,294,0.0,NOT_REVIEWED,NOT_APPROVED
45,59,Пулемёт M240,heavy,3543,0.0,20,0.0,NOT_REVIEWED,NOT_APPROVED
45,71,Пулемёт FN MAG,heavy,2978,0.0,0,4.47,NOT_REVIEWED,NOT_APPROVED
45,77,Пулемёт Negev NG7,heavy,3086,0.0,0,1.0,NOT_REVIEWED,NOT_APPROVED
45,22,Пулемёт ПКМ,heavy,2244,0.0,2376,0.0,NOT_REVIEWED,NOT_APPROVED
45,29,Пулемёт «Печенег»,heavy,3580,0.0,1971,0.0,NOT_REVIEWED,NOT_APPROVED
45,53,Пулемёт «Печенег-СП»,heavy,3841,0.0,0,2.0,NOT_REVIEWED,NOT_APPROVED
45,47,Автомат АК-АН «Абакан-100»,heavy,3323,0.0,645,0.0,NOT_REVIEWED,NOT_APPROVED
45,65,Пулемёт «Утёс-М»,heavy,4023,0.0,1343,0.0,NOT_REVIEWED,NOT_APPROVED
45,14,Винтовка СКС,heavy,5699,0.0,3539,0.0,NOT_REVIEWED,NOT_APPROVED
45,46,Винтовка SSG 08,heavy,3420,0.0,0,3.0,NOT_REVIEWED,NOT_APPROVED
45,42,Винтовка SR-25,heavy,3887,0.0,0,14.0,NOT_REVIEWED,NOT_APPROVED
45,13,Винтовка СВД,heavy,5262,0.0,2436,0.0,NOT_REVIEWED,NOT_APPROVED
45,24,Винтовка СВДС,heavy,3722,0.0,744,0.0,NOT_REVIEWED,NOT_APPROVED
45,23,Винтовка Т-5000,heavy,3061,0.0,0,4.0,NOT_REVIEWED,NOT_APPROVED
45,28,Винтовка СВ-98,heavy,4398,0.0,591,0.0,NOT_REVIEWED,NOT_APPROVED
45,36,Винтовка СВК,heavy,3061,0.0,0,1.0,NOT_REVIEWED,NOT_APPROVED
45,30,Винтовка ВСС «Винторез»,heavy,4623,0.0,87,0.0,NOT_REVIEWED,NOT_APPROVED
45,40,Винтовка ВСК-94,heavy,4187,0.0,161,0.0,NOT_REVIEWED,NOT_APPROVED
45,31,Винтовка СВ-338,heavy,3589,0.0,12,0.0,NOT_REVIEWED,NOT_APPROVED
45,27,Винтовка ОРСИС T-5000M,heavy,3826,0.0,80,0.0,NOT_REVIEWED,NOT_APPROVED
45,70,Винтовка Sako TRG-42,heavy,3939,0.0,358,0.0,NOT_REVIEWED,NOT_APPROVED
45,76,Винтовка Blaser R93 Tactical 2,heavy,3713,0.0,741,0.0,NOT_REVIEWED,NOT_APPROVED
45,39,Винтовка ORSIS T-5000 Sniper Pro,heavy,3641,0.0,0,1.0,NOT_REVIEWED,NOT_APPROVED
45,60,Винтовка Accuracy International AXMC,heavy,3342,0.0,1082,0.0,NOT_REVIEWED,NOT_APPROVED
45,48,Винтовка Barrett M98B,heavy,2802,0.0,539,0.0,NOT_REVIEWED,NOT_APPROVED
45,64,Винтовка ORSIS T-5000 Elite,heavy,3890,0.0,2002,0.0,NOT_REVIEWED,NOT_APPROVED
45,33,Винтовка «Выхлоп»,heavy,3413,0.0,47,0.0,NOT_REVIEWED,NOT_APPROVED
45,35,Винтовка ОСВ-96,heavy,3005,0.0,1185,0.0,NOT_REVIEWED,NOT_APPROVED
45,66,Винтовка Zastava M93 Black Arrow,heavy,4106,0.0,1513,0.0,NOT_REVIEWED,NOT_APPROVED
45,52,Винтовка АСВК «Корд»,heavy,3251,0.0,129,0.0,NOT_REVIEWED,NOT_APPROVED
45,58,Винтовка Steyr HS .50,heavy,4864,0.0,2760,0.0,NOT_REVIEWED,NOT_APPROVED
45,49,Винтовка Barrett M82,heavy,2204,0.0,3,0.0,NOT_REVIEWED,NOT_APPROVED
45,54,Винтовка McMillan TAC-50,heavy,4358,0.0,1868,0.0,NOT_REVIEWED,NOT_APPROVED
45,72,Винтовка Desert Tech HTI,heavy,4074,0.0,0,5.0,NOT_REVIEWED,NOT_APPROVED
45,78,Винтовка Cheytac M200 Intervention,heavy,2679,0.0,2175,0.0,NOT_REVIEWED,NOT_APPROVED
45,73,Прототип X-17,heavy,2752,0.0,854,0.0,NOT_REVIEWED,NOT_APPROVED
45,55,Гаусс-пушка,heavy,5667,0.0,2246,0.0,NOT_REVIEWED,NOT_APPROVED
45,4,Обрез охотничьего ружья,heavy,7422,0.0,2898,0.0,NOT_REVIEWED,NOT_APPROVED
45,8,ПП «Кедр»,heavy,8328,0.0,2286,0.0,NOT_REVIEWED,NOT_APPROVED
45,9,ПП-19 «Бизон»,heavy,6395,0.0,5516,0.0,NOT_REVIEWED,NOT_APPROVED
45,20,Дробовик Сайга-410,heavy,4927,0.0,376,0.0,NOT_REVIEWED,NOT_APPROVED
45,106,Дробовик Mossberg 500,heavy,5316,0.0,4041,0.0,NOT_REVIEWED,NOT_APPROVED
45,107,Дробовик Stoeger P3000,heavy,5792,0.0,3928,0.0,NOT_REVIEWED,NOT_APPROVED
45,108,Дробовик Remington 870,heavy,5437,0.0,3155,0.0,NOT_REVIEWED,NOT_APPROVED
45,109,Дробовик Winchester Model 1300,heavy,5490,0.0,3973,0.0,NOT_REVIEWED,NOT_APPROVED
45,110,Дробовик Ithaca 37,heavy,5480,0.0,3712,0.0,NOT_REVIEWED,NOT_APPROVED
45,111,Дробовик Browning BPS,heavy,5229,0.0,4146,0.0,NOT_REVIEWED,NOT_APPROVED
45,19,Дробовик СПАС-12,heavy,5136,0.0,1156,0.0,NOT_REVIEWED,NOT_APPROVED
45,112,Дробовик Winchester SXP Defender,heavy,5003,0.0,292,0.0,NOT_REVIEWED,NOT_APPROVED
45,113,Дробовик Mossberg 590A1,heavy,5388,0.0,3573,0.0,NOT_REVIEWED,NOT_APPROVED
45,114,Дробовик Remington 870 MCS,heavy,4109,0.0,332,0.0,NOT_REVIEWED,NOT_APPROVED
45,32,Дробовик Сайга-12К,heavy,3435,0.0,5,0.0,NOT_REVIEWED,NOT_APPROVED
45,115,Дробовик Benelli Nova,heavy,5401,0.0,3909,0.0,NOT_REVIEWED,NOT_APPROVED
45,116,Дробовик TOZ-194,heavy,5115,0.0,3192,0.0,NOT_REVIEWED,NOT_APPROVED
45,44,Дробовик «Вепрь-12»,heavy,3894,0.0,64,0.0,NOT_REVIEWED,NOT_APPROVED
45,117,Дробовик Remington 1100,heavy,5340,0.0,3887,0.0,NOT_REVIEWED,NOT_APPROVED
45,62,Дробовик Kel-Tec KSG,heavy,4395,0.0,0,7.21,NOT_REVIEWED,NOT_APPROVED
45,118,Дробовик Beretta 1301 Tactical,heavy,3867,0.0,57,0.0,NOT_REVIEWED,NOT_APPROVED
45,50,Дробовик Benelli M4,heavy,4353,0.0,635,0.0,NOT_REVIEWED,NOT_APPROVED
45,119,Дробовик Fabarm STF/12,heavy,4622,0.0,255,0.0,NOT_REVIEWED,NOT_APPROVED
45,56,Дробовик AA-12,heavy,6010,0.0,222,0.0,NOT_REVIEWED,NOT_APPROVED
45,120,Дробовик Winchester SX4,heavy,5484,0.0,3404,0.0,NOT_REVIEWED,NOT_APPROVED
45,121,Дробовик Browning A5,heavy,5509,0.0,3655,0.0,NOT_REVIEWED,NOT_APPROVED
45,68,Дробовик Franchi SPAS-15,heavy,4762,0.0,838,0.0,NOT_REVIEWED,NOT_APPROVED
45,122,Дробовик Remington 870 Magnum,heavy,6579,0.0,3547,0.0,NOT_REVIEWED,NOT_APPROVED
45,123,Дробовик Benelli Vinci,heavy,5707,0.0,4091,0.0,NOT_REVIEWED,NOT_APPROVED
45,74,Дробовик USAS-12,heavy,3693,0.0,2865,0.0,NOT_REVIEWED,NOT_APPROVED
45,124,Дробовик Ithaca Mag-10,heavy,3540,0.0,0,2.0,NOT_REVIEWED,NOT_APPROVED
45,125,Дробовик Remington SP-10,heavy,4725,0.0,2,0.0,NOT_REVIEWED,NOT_APPROVED
46,86,Beretta 21A Bobcat,pistol,7216,0.0,,,NOT_REVIEWED,NOT_APPROVED
46,2,Пистолет ПСМ,pistol,6786,0.0,,,NOT_REVIEWED,NOT_APPROVED
46,87,Walther PPK,pistol,7110,0.0,,,NOT_REVIEWED,NOT_APPROVED
46,1,Пистолет Макарова,pistol,6673,0.0,,,NOT_REVIEWED,NOT_APPROVED
46,3,Пистолет ИЖ-71,pistol,6274,0.0,,,NOT_REVIEWED,NOT_APPROVED
46,88,Glock 25,pistol,6461,0.0,,,NOT_REVIEWED,NOT_APPROVED
46,5,Пистолет ОЦ-33 «Пернач»,pistol,6720,0.0,,,NOT_REVIEWED,NOT_APPROVED
46,6,Револьвер Наган,pistol,4648,0.0,,,NOT_REVIEWED,NOT_APPROVED
46,89,Walther P99,pistol,6419,0.0,,,NOT_REVIEWED,NOT_APPROVED
46,90,CZ 75,pistol,6289,0.0,,,NOT_REVIEWED,NOT_APPROVED
46,91,Glock 17,pistol,6284,0.0,,,NOT_REVIEWED,NOT_APPROVED
46,92,Beretta 92FS,pistol,5915,0.0,,,NOT_REVIEWED,NOT_APPROVED
46,93,SIG Sauer P226,pistol,7148,0.0,,,NOT_REVIEWED,NOT_APPROVED
46,7,Пистолет ТТ,pistol,6629,0.0,,,NOT_REVIEWED,NOT_APPROVED
46,94,HK USP,pistol,6473,0.0,,,NOT_REVIEWED,NOT_APPROVED
46,95,Glock 22,pistol,6331,0.0,,,NOT_REVIEWED,NOT_APPROVED
46,96,SIG Sauer P229,pistol,7060,0.0,,,NOT_REVIEWED,NOT_APPROVED
46,97,Glock 20,pistol,6929,0.0,,,NOT_REVIEWED,NOT_APPROVED
46,98,Colt 1911,pistol,6431,0.0,,,NOT_REVIEWED,NOT_APPROVED
46,99,Glock 21,pistol,6507,0.0,,,NOT_REVIEWED,NOT_APPROVED
46,100,CZ 97B,pistol,6844,0.0,,,NOT_REVIEWED,NOT_APPROVED
46,101,HK Mark 23,pistol,5730,0.0,,,NOT_REVIEWED,NOT_APPROVED
46,102,Taurus Judge,pistol,5708,0.0,,,NOT_REVIEWED,NOT_APPROVED
46,103,Smith & Wesson Model 29,pistol,3879,0.0,,,NOT_REVIEWED,NOT_APPROVED
46,104,Taurus Raging Bull,pistol,4162,0.0,,,NOT_REVIEWED,NOT_APPROVED
46,105,Desert Eagle Mark XIX,pistol,7876,0.0,,,NOT_REVIEWED,NOT_APPROVED
46,11,Автомат АКС-74У,heavy,5900,0.0,5556,0.0,NOT_REVIEWED,NOT_APPROVED
46,12,Автомат АК-74,heavy,6005,0.0,4551,0.0,NOT_REVIEWED,NOT_APPROVED
46,37,Автомат АК-107,heavy,4037,0.0,2170,0.0,NOT_REVIEWED,NOT_APPROVED
46,21,Автомат АК-12,heavy,5143,0.0,3759,0.0,NOT_REVIEWED,NOT_APPROVED
46,26,Автомат АН-94 «Абакан»,heavy,4215,0.0,3207,0.0,NOT_REVIEWED,NOT_APPROVED
46,17,Пулемёт РПК-74,heavy,3777,0.0,1695,0.0,NOT_REVIEWED,NOT_APPROVED
46,38,Автомат ADAR 2-15,heavy,5460,0.0,2151,0.0,NOT_REVIEWED,NOT_APPROVED
46,45,Автомат АК-19,heavy,4422,0.0,2719,0.0,NOT_REVIEWED,NOT_APPROVED
46,57,Автомат HK416,heavy,4472,0.0,2195,0.0,NOT_REVIEWED,NOT_APPROVED
46,69,Автомат CZ Bren 2,heavy,4200,0.0,2288,0.0,NOT_REVIEWED,NOT_APPROVED
46,67,Пулемёт Minimi Mk3,heavy,3250,0.0,3094,0.0,NOT_REVIEWED,NOT_APPROVED
46,43,Автомат ОЦ-14 «Гроза»,heavy,4740,0.0,2689,0.0,NOT_REVIEWED,NOT_APPROVED
46,16,Карабин «Вепрь»,heavy,5647,0.0,3777,0.0,NOT_REVIEWED,NOT_APPROVED
46,15,Автомат АК-103,heavy,4774,0.0,3698,0.0,NOT_REVIEWED,NOT_APPROVED
46,25,Пулемёт РПД,heavy,3392,0.0,4835,0.0,NOT_REVIEWED,NOT_APPROVED
46,18,Автомат АС «Вал»,heavy,4414,0.0,3374,0.0,NOT_REVIEWED,NOT_APPROVED
46,10,Карабин Сайга-12,heavy,6258,0.0,5872,0.0,NOT_REVIEWED,NOT_APPROVED
46,63,Автомат АК-308,heavy,4153,0.0,3206,0.0,NOT_REVIEWED,NOT_APPROVED
46,51,Автомат ЛР-308,heavy,3882,0.0,2441,0.0,NOT_REVIEWED,NOT_APPROVED
46,75,Автомат SCAR-H,heavy,4263,0.0,2684,0.0,NOT_REVIEWED,NOT_APPROVED
46,61,Пулемёт M60E6,heavy,3686,0.0,3549,0.0,NOT_REVIEWED,NOT_APPROVED
46,59,Пулемёт M240,heavy,3572,0.0,2344,0.0,NOT_REVIEWED,NOT_APPROVED
46,71,Пулемёт FN MAG,heavy,3043,0.0,2336,0.0,NOT_REVIEWED,NOT_APPROVED
46,77,Пулемёт Negev NG7,heavy,3191,0.0,1573,0.0,NOT_REVIEWED,NOT_APPROVED
46,22,Пулемёт ПКМ,heavy,2313,0.0,5641,0.0,NOT_REVIEWED,NOT_APPROVED
46,29,Пулемёт «Печенег»,heavy,3642,0.0,5723,0.0,NOT_REVIEWED,NOT_APPROVED
46,53,Пулемёт «Печенег-СП»,heavy,3848,0.0,2640,0.0,NOT_REVIEWED,NOT_APPROVED
46,47,Автомат АК-АН «Абакан-100»,heavy,3401,0.0,1899,0.0,NOT_REVIEWED,NOT_APPROVED
46,65,Пулемёт «Утёс-М»,heavy,4176,0.0,5038,0.0,NOT_REVIEWED,NOT_APPROVED
46,14,Винтовка СКС,heavy,5852,0.0,6171,0.0,NOT_REVIEWED,NOT_APPROVED
46,46,Винтовка SSG 08,heavy,3459,0.0,1512,0.0,NOT_REVIEWED,NOT_APPROVED
46,42,Винтовка SR-25,heavy,3971,0.0,2352,0.0,NOT_REVIEWED,NOT_APPROVED
46,13,Винтовка СВД,heavy,5415,0.0,5139,0.0,NOT_REVIEWED,NOT_APPROVED
46,24,Винтовка СВДС,heavy,3843,0.0,4565,0.0,NOT_REVIEWED,NOT_APPROVED
46,23,Винтовка Т-5000,heavy,3088,0.0,1893,0.0,NOT_REVIEWED,NOT_APPROVED
46,28,Винтовка СВ-98,heavy,4450,0.0,2194,0.0,NOT_REVIEWED,NOT_APPROVED
46,36,Винтовка СВК,heavy,3077,0.0,2091,0.0,NOT_REVIEWED,NOT_APPROVED
46,30,Винтовка ВСС «Винторез»,heavy,4691,0.0,2403,0.0,NOT_REVIEWED,NOT_APPROVED
46,40,Винтовка ВСК-94,heavy,4279,0.0,2532,0.0,NOT_REVIEWED,NOT_APPROVED
46,31,Винтовка СВ-338,heavy,3669,0.0,1700,0.0,NOT_REVIEWED,NOT_APPROVED
46,27,Винтовка ОРСИС T-5000M,heavy,3952,0.0,1879,0.0,NOT_REVIEWED,NOT_APPROVED
46,70,Винтовка Sako TRG-42,heavy,3955,0.0,1510,0.0,NOT_REVIEWED,NOT_APPROVED
46,76,Винтовка Blaser R93 Tactical 2,heavy,3757,0.0,2708,0.0,NOT_REVIEWED,NOT_APPROVED
46,39,Винтовка ORSIS T-5000 Sniper Pro,heavy,3767,0.0,1193,0.0,NOT_REVIEWED,NOT_APPROVED
46,60,Винтовка Accuracy International AXMC,heavy,3465,0.0,4180,0.0,NOT_REVIEWED,NOT_APPROVED
46,48,Винтовка Barrett M98B,heavy,2863,0.0,1732,0.0,NOT_REVIEWED,NOT_APPROVED
46,64,Винтовка ORSIS T-5000 Elite,heavy,3967,0.0,2632,0.0,NOT_REVIEWED,NOT_APPROVED
46,33,Винтовка «Выхлоп»,heavy,3493,0.0,1798,0.0,NOT_REVIEWED,NOT_APPROVED
46,35,Винтовка ОСВ-96,heavy,3027,0.0,539,0.0,NOT_REVIEWED,NOT_APPROVED
46,66,Винтовка Zastava M93 Black Arrow,heavy,4245,0.0,2747,0.0,NOT_REVIEWED,NOT_APPROVED
46,52,Винтовка АСВК «Корд»,heavy,3313,0.0,3277,0.0,NOT_REVIEWED,NOT_APPROVED
46,58,Винтовка Steyr HS .50,heavy,5010,0.0,3783,0.0,NOT_REVIEWED,NOT_APPROVED
46,49,Винтовка Barrett M82,heavy,2275,0.0,1734,0.0,NOT_REVIEWED,NOT_APPROVED
46,54,Винтовка McMillan TAC-50,heavy,4394,0.0,3187,0.0,NOT_REVIEWED,NOT_APPROVED
46,72,Винтовка Desert Tech HTI,heavy,4143,0.0,2327,0.0,NOT_REVIEWED,NOT_APPROVED
46,78,Винтовка Cheytac M200 Intervention,heavy,2692,0.0,2650,0.0,NOT_REVIEWED,NOT_APPROVED
46,73,Прототип X-17,heavy,2891,0.0,3610,0.0,NOT_REVIEWED,NOT_APPROVED
46,55,Гаусс-пушка,heavy,5798,0.0,2849,0.0,NOT_REVIEWED,NOT_APPROVED
46,4,Обрез охотничьего ружья,heavy,7575,0.0,4566,0.0,NOT_REVIEWED,NOT_APPROVED
46,8,ПП «Кедр»,heavy,8481,0.0,5383,0.0,NOT_REVIEWED,NOT_APPROVED
46,9,ПП-19 «Бизон»,heavy,6548,0.0,6533,0.0,NOT_REVIEWED,NOT_APPROVED
46,20,Дробовик Сайга-410,heavy,5036,0.0,4137,0.0,NOT_REVIEWED,NOT_APPROVED
46,106,Дробовик Mossberg 500,heavy,5469,0.0,4754,0.0,NOT_REVIEWED,NOT_APPROVED
46,107,Дробовик Stoeger P3000,heavy,5945,0.0,4567,0.0,NOT_REVIEWED,NOT_APPROVED
46,108,Дробовик Remington 870,heavy,5590,0.0,3803,0.0,NOT_REVIEWED,NOT_APPROVED
46,109,Дробовик Winchester Model 1300,heavy,5643,0.0,4639,0.0,NOT_REVIEWED,NOT_APPROVED
46,110,Дробовик Ithaca 37,heavy,5633,0.0,4541,0.0,NOT_REVIEWED,NOT_APPROVED
46,111,Дробовик Browning BPS,heavy,5382,0.0,4646,0.0,NOT_REVIEWED,NOT_APPROVED
46,19,Дробовик СПАС-12,heavy,5262,0.0,1678,0.0,NOT_REVIEWED,NOT_APPROVED
46,112,Дробовик Winchester SXP Defender,heavy,5064,0.0,459,0.0,NOT_REVIEWED,NOT_APPROVED
46,113,Дробовик Mossberg 590A1,heavy,5541,0.0,4117,0.0,NOT_REVIEWED,NOT_APPROVED
46,114,Дробовик Remington 870 MCS,heavy,4210,0.0,756,0.0,NOT_REVIEWED,NOT_APPROVED
46,32,Дробовик Сайга-12К,heavy,3487,0.0,2487,0.0,NOT_REVIEWED,NOT_APPROVED
46,115,Дробовик Benelli Nova,heavy,5554,0.0,4618,0.0,NOT_REVIEWED,NOT_APPROVED
46,116,Дробовик TOZ-194,heavy,5268,0.0,4172,0.0,NOT_REVIEWED,NOT_APPROVED
46,44,Дробовик «Вепрь-12»,heavy,3955,0.0,3021,0.0,NOT_REVIEWED,NOT_APPROVED
46,117,Дробовик Remington 1100,heavy,5493,0.0,4356,0.0,NOT_REVIEWED,NOT_APPROVED
46,62,Дробовик Kel-Tec KSG,heavy,4503,0.0,25,0.0,NOT_REVIEWED,NOT_APPROVED
46,118,Дробовик Beretta 1301 Tactical,heavy,3949,0.0,492,0.0,NOT_REVIEWED,NOT_APPROVED
46,50,Дробовик Benelli M4,heavy,4465,0.0,1325,0.0,NOT_REVIEWED,NOT_APPROVED
46,119,Дробовик Fabarm STF/12,heavy,4698,0.0,810,0.0,NOT_REVIEWED,NOT_APPROVED
46,56,Дробовик AA-12,heavy,6105,0.0,3675,0.0,NOT_REVIEWED,NOT_APPROVED
46,120,Дробовик Winchester SX4,heavy,5637,0.0,4023,0.0,NOT_REVIEWED,NOT_APPROVED
46,121,Дробовик Browning A5,heavy,5662,0.0,4357,0.0,NOT_REVIEWED,NOT_APPROVED
46,68,Дробовик Franchi SPAS-15,heavy,4818,0.0,3553,0.0,NOT_REVIEWED,NOT_APPROVED
46,122,Дробовик Remington 870 Magnum,heavy,6732,0.0,3971,0.0,NOT_REVIEWED,NOT_APPROVED
46,123,Дробовик Benelli Vinci,heavy,5860,0.0,4722,0.0,NOT_REVIEWED,NOT_APPROVED
46,74,Дробовик USAS-12,heavy,3775,0.0,4614,0.0,NOT_REVIEWED,NOT_APPROVED
46,124,Дробовик Ithaca Mag-10,heavy,3636,0.0,2712,0.0,NOT_REVIEWED,NOT_APPROVED
46,125,Дробовик Remington SP-10,heavy,4807,0.0,3216,0.0,NOT_REVIEWED,NOT_APPROVED
47,86,Beretta 21A Bobcat,pistol,7527,0.0,,,NOT_REVIEWED,NOT_APPROVED
47,2,Пистолет ПСМ,pistol,6733,0.0,,,NOT_REVIEWED,NOT_APPROVED
47,87,Walther PPK,pistol,7079,0.0,,,NOT_REVIEWED,NOT_APPROVED
47,1,Пистолет Макарова,pistol,6500,0.0,,,NOT_REVIEWED,NOT_APPROVED
47,3,Пистолет ИЖ-71,pistol,6302,0.0,,,NOT_REVIEWED,NOT_APPROVED
47,88,Glock 25,pistol,6592,0.0,,,NOT_REVIEWED,NOT_APPROVED
47,5,Пистолет ОЦ-33 «Пернач»,pistol,6822,0.0,,,NOT_REVIEWED,NOT_APPROVED
47,6,Револьвер Наган,pistol,5047,0.0,,,NOT_REVIEWED,NOT_APPROVED
47,89,Walther P99,pistol,6468,0.0,,,NOT_REVIEWED,NOT_APPROVED
47,90,CZ 75,pistol,6138,0.0,,,NOT_REVIEWED,NOT_APPROVED
47,91,Glock 17,pistol,6350,0.0,,,NOT_REVIEWED,NOT_APPROVED
47,92,Beretta 92FS,pistol,6343,0.0,,,NOT_REVIEWED,NOT_APPROVED
47,93,SIG Sauer P226,pistol,6902,0.0,,,NOT_REVIEWED,NOT_APPROVED
47,7,Пистолет ТТ,pistol,6618,0.0,,,NOT_REVIEWED,NOT_APPROVED
47,94,HK USP,pistol,6482,0.0,,,NOT_REVIEWED,NOT_APPROVED
47,95,Glock 22,pistol,6381,0.0,,,NOT_REVIEWED,NOT_APPROVED
47,96,SIG Sauer P229,pistol,6979,0.0,,,NOT_REVIEWED,NOT_APPROVED
47,97,Glock 20,pistol,7023,0.0,,,NOT_REVIEWED,NOT_APPROVED
47,98,Colt 1911,pistol,6399,0.0,,,NOT_REVIEWED,NOT_APPROVED
47,99,Glock 21,pistol,6701,0.0,,,NOT_REVIEWED,NOT_APPROVED
47,100,CZ 97B,pistol,6795,0.0,,,NOT_REVIEWED,NOT_APPROVED
47,101,HK Mark 23,pistol,6142,0.0,,,NOT_REVIEWED,NOT_APPROVED
47,102,Taurus Judge,pistol,6248,0.0,,,NOT_REVIEWED,NOT_APPROVED
47,103,Smith & Wesson Model 29,pistol,4444,0.0,,,NOT_REVIEWED,NOT_APPROVED
47,104,Taurus Raging Bull,pistol,4794,0.0,,,NOT_REVIEWED,NOT_APPROVED
47,105,Desert Eagle Mark XIX,pistol,7394,0.0,,,NOT_REVIEWED,NOT_APPROVED
47,11,Автомат АКС-74У,heavy,5979,0.0,3890,0.0,NOT_REVIEWED,NOT_APPROVED
47,12,Автомат АК-74,heavy,6166,0.0,3877,0.0,NOT_REVIEWED,NOT_APPROVED
47,37,Автомат АК-107,heavy,4110,0.0,1345,0.0,NOT_REVIEWED,NOT_APPROVED
47,21,Автомат АК-12,heavy,5161,0.0,754,0.0,NOT_REVIEWED,NOT_APPROVED
47,26,Автомат АН-94 «Абакан»,heavy,4287,0.0,2098,0.0,NOT_REVIEWED,NOT_APPROVED
47,17,Пулемёт РПК-74,heavy,3796,0.0,2377,0.0,NOT_REVIEWED,NOT_APPROVED
47,38,Автомат ADAR 2-15,heavy,5510,0.0,1165,0.0,NOT_REVIEWED,NOT_APPROVED
47,45,Автомат АК-19,heavy,4424,0.0,1740,0.0,NOT_REVIEWED,NOT_APPROVED
47,57,Автомат HK416,heavy,4536,0.0,2240,0.0,NOT_REVIEWED,NOT_APPROVED
47,69,Автомат CZ Bren 2,heavy,4222,0.0,2729,0.0,NOT_REVIEWED,NOT_APPROVED
47,67,Пулемёт Minimi Mk3,heavy,3250,0.0,2804,0.0,NOT_REVIEWED,NOT_APPROVED
47,43,Автомат ОЦ-14 «Гроза»,heavy,4705,0.0,336,0.0,NOT_REVIEWED,NOT_APPROVED
47,16,Карабин «Вепрь»,heavy,5787,0.0,3300,0.0,NOT_REVIEWED,NOT_APPROVED
47,15,Автомат АК-103,heavy,4777,0.0,2520,0.0,NOT_REVIEWED,NOT_APPROVED
47,25,Пулемёт РПД,heavy,3476,0.0,992,0.0,NOT_REVIEWED,NOT_APPROVED
47,18,Автомат АС «Вал»,heavy,4540,0.0,1944,0.0,NOT_REVIEWED,NOT_APPROVED
47,10,Карабин Сайга-12,heavy,6409,0.0,4137,0.0,NOT_REVIEWED,NOT_APPROVED
47,63,Автомат АК-308,heavy,4222,0.0,1405,0.0,NOT_REVIEWED,NOT_APPROVED
47,51,Автомат ЛР-308,heavy,3905,0.0,4,0.0,NOT_REVIEWED,NOT_APPROVED
47,75,Автомат SCAR-H,heavy,4269,0.0,2210,0.0,NOT_REVIEWED,NOT_APPROVED
47,61,Пулемёт M60E6,heavy,3705,0.0,2779,0.0,NOT_REVIEWED,NOT_APPROVED
47,59,Пулемёт M240,heavy,3572,0.0,1683,0.0,NOT_REVIEWED,NOT_APPROVED
47,71,Пулемёт FN MAG,heavy,3067,0.0,1790,0.0,NOT_REVIEWED,NOT_APPROVED
47,77,Пулемёт Negev NG7,heavy,3246,0.0,1585,0.0,NOT_REVIEWED,NOT_APPROVED
47,22,Пулемёт ПКМ,heavy,2309,0.0,1679,0.0,NOT_REVIEWED,NOT_APPROVED
47,29,Пулемёт «Печенег»,heavy,3642,0.0,3046,0.0,NOT_REVIEWED,NOT_APPROVED
47,53,Пулемёт «Печенег-СП»,heavy,3848,0.0,1654,0.0,NOT_REVIEWED,NOT_APPROVED
47,47,Автомат АК-АН «Абакан-100»,heavy,3555,0.0,2958,0.0,NOT_REVIEWED,NOT_APPROVED
47,65,Пулемёт «Утёс-М»,heavy,4274,0.0,3731,0.0,NOT_REVIEWED,NOT_APPROVED
47,14,Винтовка СКС,heavy,5950,0.0,5858,0.0,NOT_REVIEWED,NOT_APPROVED
47,46,Винтовка SSG 08,heavy,3376,0.0,1484,0.0,NOT_REVIEWED,NOT_APPROVED
47,42,Винтовка SR-25,heavy,4012,0.0,12,0.0,NOT_REVIEWED,NOT_APPROVED
47,13,Винтовка СВД,heavy,5419,0.0,4617,0.0,NOT_REVIEWED,NOT_APPROVED
47,24,Винтовка СВДС,heavy,3811,0.0,3206,0.0,NOT_REVIEWED,NOT_APPROVED
47,23,Винтовка Т-5000,heavy,3088,0.0,1479,0.0,NOT_REVIEWED,NOT_APPROVED
47,28,Винтовка СВ-98,heavy,4604,0.0,3350,0.0,NOT_REVIEWED,NOT_APPROVED
47,36,Винтовка СВК,heavy,3077,0.0,1750,0.0,NOT_REVIEWED,NOT_APPROVED
47,30,Винтовка ВСС «Винторез»,heavy,4802,0.0,2554,0.0,NOT_REVIEWED,NOT_APPROVED
47,40,Винтовка ВСК-94,heavy,4284,0.0,2291,0.0,NOT_REVIEWED,NOT_APPROVED
47,31,Винтовка СВ-338,heavy,3721,0.0,1997,0.0,NOT_REVIEWED,NOT_APPROVED
47,27,Винтовка ОРСИС T-5000M,heavy,3940,0.0,2294,0.0,NOT_REVIEWED,NOT_APPROVED
47,70,Винтовка Sako TRG-42,heavy,4021,0.0,3071,0.0,NOT_REVIEWED,NOT_APPROVED
47,76,Винтовка Blaser R93 Tactical 2,heavy,3890,0.0,3453,0.0,NOT_REVIEWED,NOT_APPROVED
47,39,Винтовка ORSIS T-5000 Sniper Pro,heavy,3843,0.0,1902,0.0,NOT_REVIEWED,NOT_APPROVED
47,60,Винтовка Accuracy International AXMC,heavy,3550,0.0,3881,0.0,NOT_REVIEWED,NOT_APPROVED
47,48,Винтовка Barrett M98B,heavy,2907,0.0,2409,0.0,NOT_REVIEWED,NOT_APPROVED
47,64,Винтовка ORSIS T-5000 Elite,heavy,4011,0.0,4222,0.0,NOT_REVIEWED,NOT_APPROVED
47,33,Винтовка «Выхлоп»,heavy,3501,0.0,2254,0.0,NOT_REVIEWED,NOT_APPROVED
47,35,Винтовка ОСВ-96,heavy,3178,0.0,2305,0.0,NOT_REVIEWED,NOT_APPROVED
47,66,Винтовка Zastava M93 Black Arrow,heavy,4343,0.0,4106,0.0,NOT_REVIEWED,NOT_APPROVED
47,52,Винтовка АСВК «Корд»,heavy,3313,0.0,1971,0.0,NOT_REVIEWED,NOT_APPROVED
47,58,Винтовка Steyr HS .50,heavy,5108,0.0,5355,0.0,NOT_REVIEWED,NOT_APPROVED
47,49,Винтовка Barrett M82,heavy,2365,0.0,1895,0.0,NOT_REVIEWED,NOT_APPROVED
47,54,Винтовка McMillan TAC-50,heavy,4482,0.0,3272,0.0,NOT_REVIEWED,NOT_APPROVED
47,72,Винтовка Desert Tech HTI,heavy,4243,0.0,1306,0.0,NOT_REVIEWED,NOT_APPROVED
47,78,Винтовка Cheytac M200 Intervention,heavy,2692,0.0,3133,0.0,NOT_REVIEWED,NOT_APPROVED
47,73,Прототип X-17,heavy,2989,0.0,3069,0.0,NOT_REVIEWED,NOT_APPROVED
47,55,Гаусс-пушка,heavy,5896,0.0,4772,0.0,NOT_REVIEWED,NOT_APPROVED
47,4,Обрез охотничьего ружья,heavy,7673,0.0,5455,0.0,NOT_REVIEWED,NOT_APPROVED
47,8,ПП «Кедр»,heavy,8579,0.0,2853,0.0,NOT_REVIEWED,NOT_APPROVED
47,9,ПП-19 «Бизон»,heavy,6701,0.0,6596,0.0,NOT_REVIEWED,NOT_APPROVED
47,20,Дробовик Сайга-410,heavy,5195,0.0,3052,0.0,NOT_REVIEWED,NOT_APPROVED
47,106,Дробовик Mossberg 500,heavy,5533,0.0,5253,0.0,NOT_REVIEWED,NOT_APPROVED
47,107,Дробовик Stoeger P3000,heavy,6003,0.0,5737,0.0,NOT_REVIEWED,NOT_APPROVED
47,108,Дробовик Remington 870,heavy,5746,0.0,5664,0.0,NOT_REVIEWED,NOT_APPROVED
47,109,Дробовик Winchester Model 1300,heavy,5741,0.0,5184,0.0,NOT_REVIEWED,NOT_APPROVED
47,110,Дробовик Ithaca 37,heavy,5694,0.0,5499,0.0,NOT_REVIEWED,NOT_APPROVED
47,111,Дробовик Browning BPS,heavy,5524,0.0,5117,0.0,NOT_REVIEWED,NOT_APPROVED
47,19,Дробовик СПАС-12,heavy,5277,0.0,3864,0.0,NOT_REVIEWED,NOT_APPROVED
47,112,Дробовик Winchester SXP Defender,heavy,5113,0.0,2477,0.0,NOT_REVIEWED,NOT_APPROVED
47,113,Дробовик Mossberg 590A1,heavy,5682,0.0,5416,0.0,NOT_REVIEWED,NOT_APPROVED
47,114,Дробовик Remington 870 MCS,heavy,4223,0.0,2858,0.0,NOT_REVIEWED,NOT_APPROVED
47,32,Дробовик Сайга-12К,heavy,3522,0.0,667,0.0,NOT_REVIEWED,NOT_APPROVED
47,115,Дробовик Benelli Nova,heavy,5626,0.0,5492,0.0,NOT_REVIEWED,NOT_APPROVED
47,116,Дробовик TOZ-194,heavy,5332,0.0,4386,0.0,NOT_REVIEWED,NOT_APPROVED
47,44,Дробовик «Вепрь-12»,heavy,3955,0.0,2297,0.0,NOT_REVIEWED,NOT_APPROVED
47,117,Дробовик Remington 1100,heavy,5591,0.0,5267,0.0,NOT_REVIEWED,NOT_APPROVED
47,62,Дробовик Kel-Tec KSG,heavy,4561,0.0,999,0.0,NOT_REVIEWED,NOT_APPROVED
47,118,Дробовик Beretta 1301 Tactical,heavy,3947,0.0,2080,0.0,NOT_REVIEWED,NOT_APPROVED
47,50,Дробовик Benelli M4,heavy,4528,0.0,3382,0.0,NOT_REVIEWED,NOT_APPROVED
47,119,Дробовик Fabarm STF/12,heavy,4786,0.0,2737,0.0,NOT_REVIEWED,NOT_APPROVED
47,56,Дробовик AA-12,heavy,6157,0.0,1042,0.0,NOT_REVIEWED,NOT_APPROVED
47,120,Дробовик Winchester SX4,heavy,5693,0.0,5458,0.0,NOT_REVIEWED,NOT_APPROVED
47,121,Дробовик Browning A5,heavy,5760,0.0,5396,0.0,NOT_REVIEWED,NOT_APPROVED
47,68,Дробовик Franchi SPAS-15,heavy,4843,0.0,2935,0.0,NOT_REVIEWED,NOT_APPROVED
47,122,Дробовик Remington 870 Magnum,heavy,6748,0.0,6023,0.0,NOT_REVIEWED,NOT_APPROVED
47,123,Дробовик Benelli Vinci,heavy,5958,0.0,5328,0.0,NOT_REVIEWED,NOT_APPROVED
47,74,Дробовик USAS-12,heavy,3768,0.0,3734,0.0,NOT_REVIEWED,NOT_APPROVED
47,124,Дробовик Ithaca Mag-10,heavy,3618,0.0,1597,0.0,NOT_REVIEWED,NOT_APPROVED
47,125,Дробовик Remington SP-10,heavy,4897,0.0,1332,0.0,NOT_REVIEWED,NOT_APPROVED
48,86,Beretta 21A Bobcat,pistol,7484,0.0,,,NOT_REVIEWED,NOT_APPROVED
48,2,Пистолет ПСМ,pistol,7019,0.0,,,NOT_REVIEWED,NOT_APPROVED
48,87,Walther PPK,pistol,7376,0.0,,,NOT_REVIEWED,NOT_APPROVED
48,1,Пистолет Макарова,pistol,6880,0.0,,,NOT_REVIEWED,NOT_APPROVED
48,3,Пистолет ИЖ-71,pistol,6429,0.0,,,NOT_REVIEWED,NOT_APPROVED
48,88,Glock 25,pistol,6671,0.0,,,NOT_REVIEWED,NOT_APPROVED
48,5,Пистолет ОЦ-33 «Пернач»,pistol,6945,0.0,,,NOT_REVIEWED,NOT_APPROVED
48,6,Револьвер Наган,pistol,4822,0.0,,,NOT_REVIEWED,NOT_APPROVED
48,89,Walther P99,pistol,6645,0.0,,,NOT_REVIEWED,NOT_APPROVED
48,90,CZ 75,pistol,6462,0.0,,,NOT_REVIEWED,NOT_APPROVED
48,91,Glock 17,pistol,6474,0.0,,,NOT_REVIEWED,NOT_APPROVED
48,92,Beretta 92FS,pistol,6155,0.0,,,NOT_REVIEWED,NOT_APPROVED
48,93,SIG Sauer P226,pistol,7376,0.0,,,NOT_REVIEWED,NOT_APPROVED
48,7,Пистолет ТТ,pistol,6881,0.0,,,NOT_REVIEWED,NOT_APPROVED
48,94,HK USP,pistol,6708,0.0,,,NOT_REVIEWED,NOT_APPROVED
48,95,Glock 22,pistol,6511,0.0,,,NOT_REVIEWED,NOT_APPROVED
48,96,SIG Sauer P229,pistol,7340,0.0,,,NOT_REVIEWED,NOT_APPROVED
48,97,Glock 20,pistol,7158,0.0,,,NOT_REVIEWED,NOT_APPROVED
48,98,Colt 1911,pistol,6641,0.0,,,NOT_REVIEWED,NOT_APPROVED
48,99,Glock 21,pistol,6678,0.0,,,NOT_REVIEWED,NOT_APPROVED
48,100,CZ 97B,pistol,7097,0.0,,,NOT_REVIEWED,NOT_APPROVED
48,101,HK Mark 23,pistol,5960,0.0,,,NOT_REVIEWED,NOT_APPROVED
48,102,Taurus Judge,pistol,5869,0.0,,,NOT_REVIEWED,NOT_APPROVED
48,103,Smith & Wesson Model 29,pistol,4007,0.0,,,NOT_REVIEWED,NOT_APPROVED
48,104,Taurus Raging Bull,pistol,4382,0.0,,,NOT_REVIEWED,NOT_APPROVED
48,105,Desert Eagle Mark XIX,pistol,8112,0.0,,,NOT_REVIEWED,NOT_APPROVED
48,11,Автомат АКС-74У,heavy,5973,0.0,5229,0.0,NOT_REVIEWED,NOT_APPROVED
48,12,Автомат АК-74,heavy,6160,0.0,3798,0.0,NOT_REVIEWED,NOT_APPROVED
48,37,Автомат АК-107,heavy,4110,0.0,1430,0.0,NOT_REVIEWED,NOT_APPROVED
48,21,Автомат АК-12,heavy,5155,0.0,1610,0.0,NOT_REVIEWED,NOT_APPROVED
48,26,Автомат АН-94 «Абакан»,heavy,4281,0.0,2213,0.0,NOT_REVIEWED,NOT_APPROVED
48,17,Пулемёт РПК-74,heavy,3792,0.0,2358,0.0,NOT_REVIEWED,NOT_APPROVED
48,38,Автомат ADAR 2-15,heavy,5505,0.0,1175,0.0,NOT_REVIEWED,NOT_APPROVED
48,45,Автомат АК-19,heavy,4424,0.0,1702,0.0,NOT_REVIEWED,NOT_APPROVED
48,57,Автомат HK416,heavy,4536,0.0,1459,0.0,NOT_REVIEWED,NOT_APPROVED
48,69,Автомат CZ Bren 2,heavy,4222,0.0,2917,0.0,NOT_REVIEWED,NOT_APPROVED
48,67,Пулемёт Minimi Mk3,heavy,3250,0.0,2730,0.0,NOT_REVIEWED,NOT_APPROVED
48,43,Автомат ОЦ-14 «Гроза»,heavy,4699,0.0,595,0.0,NOT_REVIEWED,NOT_APPROVED
48,16,Карабин «Вепрь»,heavy,5781,0.0,3296,0.0,NOT_REVIEWED,NOT_APPROVED
48,15,Автомат АК-103,heavy,4777,0.0,2652,0.0,NOT_REVIEWED,NOT_APPROVED
48,25,Пулемёт РПД,heavy,3476,0.0,2509,0.0,NOT_REVIEWED,NOT_APPROVED
48,18,Автомат АС «Вал»,heavy,4540,0.0,2028,0.0,NOT_REVIEWED,NOT_APPROVED
48,10,Карабин Сайга-12,heavy,6403,0.0,5187,0.0,NOT_REVIEWED,NOT_APPROVED
48,63,Автомат АК-308,heavy,4222,0.0,1758,0.0,NOT_REVIEWED,NOT_APPROVED
48,51,Автомат ЛР-308,heavy,3899,0.0,90,0.0,NOT_REVIEWED,NOT_APPROVED
48,75,Автомат SCAR-H,heavy,4269,0.0,1820,0.0,NOT_REVIEWED,NOT_APPROVED
48,61,Пулемёт M60E6,heavy,3701,0.0,2679,0.0,NOT_REVIEWED,NOT_APPROVED
48,59,Пулемёт M240,heavy,3572,0.0,1716,0.0,NOT_REVIEWED,NOT_APPROVED
48,71,Пулемёт FN MAG,heavy,3067,0.0,1797,0.0,NOT_REVIEWED,NOT_APPROVED
48,77,Пулемёт Negev NG7,heavy,3246,0.0,1530,0.0,NOT_REVIEWED,NOT_APPROVED
48,22,Пулемёт ПКМ,heavy,2309,0.0,3400,0.0,NOT_REVIEWED,NOT_APPROVED
48,29,Пулемёт «Печенег»,heavy,3642,0.0,4312,0.0,NOT_REVIEWED,NOT_APPROVED
48,53,Пулемёт «Печенег-СП»,heavy,3848,0.0,1756,0.0,NOT_REVIEWED,NOT_APPROVED
48,47,Автомат АК-АН «Абакан-100»,heavy,3549,0.0,2697,0.0,NOT_REVIEWED,NOT_APPROVED
48,65,Пулемёт «Утёс-М»,heavy,4268,0.0,4077,0.0,NOT_REVIEWED,NOT_APPROVED
48,14,Винтовка СКС,heavy,5944,0.0,5853,0.0,NOT_REVIEWED,NOT_APPROVED
48,46,Винтовка SSG 08,heavy,3376,0.0,1446,0.0,NOT_REVIEWED,NOT_APPROVED
48,42,Винтовка SR-25,heavy,4012,0.0,116,0.0,NOT_REVIEWED,NOT_APPROVED
48,13,Винтовка СВД,heavy,5413,0.0,4249,0.0,NOT_REVIEWED,NOT_APPROVED
48,24,Винтовка СВДС,heavy,3805,0.0,3165,0.0,NOT_REVIEWED,NOT_APPROVED
48,23,Винтовка Т-5000,heavy,3088,0.0,1469,0.0,NOT_REVIEWED,NOT_APPROVED
48,28,Винтовка СВ-98,heavy,4598,0.0,3173,0.0,NOT_REVIEWED,NOT_APPROVED
48,36,Винтовка СВК,heavy,3077,0.0,1714,0.0,NOT_REVIEWED,NOT_APPROVED
48,30,Винтовка ВСС «Винторез»,heavy,4800,0.0,2509,0.0,NOT_REVIEWED,NOT_APPROVED
48,40,Винтовка ВСК-94,heavy,4284,0.0,2463,0.0,NOT_REVIEWED,NOT_APPROVED
48,31,Винтовка СВ-338,heavy,3715,0.0,1606,0.0,NOT_REVIEWED,NOT_APPROVED
48,27,Винтовка ОРСИС T-5000M,heavy,3934,0.0,2177,0.0,NOT_REVIEWED,NOT_APPROVED
48,70,Винтовка Sako TRG-42,heavy,4016,0.0,2889,0.0,NOT_REVIEWED,NOT_APPROVED
48,76,Винтовка Blaser R93 Tactical 2,heavy,3884,0.0,3356,0.0,NOT_REVIEWED,NOT_APPROVED
48,39,Винтовка ORSIS T-5000 Sniper Pro,heavy,3837,0.0,1848,0.0,NOT_REVIEWED,NOT_APPROVED
48,60,Винтовка Accuracy International AXMC,heavy,3544,0.0,3437,0.0,NOT_REVIEWED,NOT_APPROVED
48,48,Винтовка Barrett M98B,heavy,2901,0.0,1779,0.0,NOT_REVIEWED,NOT_APPROVED
48,64,Винтовка ORSIS T-5000 Elite,heavy,4005,0.0,4104,0.0,NOT_REVIEWED,NOT_APPROVED
48,33,Винтовка «Выхлоп»,heavy,3501,0.0,2168,0.0,NOT_REVIEWED,NOT_APPROVED
48,35,Винтовка ОСВ-96,heavy,3172,0.0,1964,0.0,NOT_REVIEWED,NOT_APPROVED
48,66,Винтовка Zastava M93 Black Arrow,heavy,4337,0.0,3998,0.0,NOT_REVIEWED,NOT_APPROVED
48,52,Винтовка АСВК «Корд»,heavy,3313,0.0,2175,0.0,NOT_REVIEWED,NOT_APPROVED
48,58,Винтовка Steyr HS .50,heavy,5102,0.0,4943,0.0,NOT_REVIEWED,NOT_APPROVED
48,49,Винтовка Barrett M82,heavy,2359,0.0,1611,0.0,NOT_REVIEWED,NOT_APPROVED
48,54,Винтовка McMillan TAC-50,heavy,4476,0.0,3473,0.0,NOT_REVIEWED,NOT_APPROVED
48,72,Винтовка Desert Tech HTI,heavy,4243,0.0,1208,0.0,NOT_REVIEWED,NOT_APPROVED
48,78,Винтовка Cheytac M200 Intervention,heavy,2692,0.0,3628,0.0,NOT_REVIEWED,NOT_APPROVED
48,73,Прототип X-17,heavy,2983,0.0,2890,0.0,NOT_REVIEWED,NOT_APPROVED
48,55,Гаусс-пушка,heavy,5890,0.0,4581,0.0,NOT_REVIEWED,NOT_APPROVED
48,4,Обрез охотничьего ружья,heavy,7667,0.0,5308,0.0,NOT_REVIEWED,NOT_APPROVED
48,8,ПП «Кедр»,heavy,8573,0.0,4381,0.0,NOT_REVIEWED,NOT_APPROVED
48,9,ПП-19 «Бизон»,heavy,6695,0.0,7204,0.0,NOT_REVIEWED,NOT_APPROVED
48,20,Дробовик Сайга-410,heavy,5189,0.0,2942,0.0,NOT_REVIEWED,NOT_APPROVED
48,106,Дробовик Mossberg 500,heavy,5527,0.0,4919,0.0,NOT_REVIEWED,NOT_APPROVED
48,107,Дробовик Stoeger P3000,heavy,5997,0.0,5274,0.0,NOT_REVIEWED,NOT_APPROVED
48,108,Дробовик Remington 870,heavy,5740,0.0,5027,0.0,NOT_REVIEWED,NOT_APPROVED
48,109,Дробовик Winchester Model 1300,heavy,5735,0.0,4909,0.0,NOT_REVIEWED,NOT_APPROVED
48,110,Дробовик Ithaca 37,heavy,5688,0.0,5058,0.0,NOT_REVIEWED,NOT_APPROVED
48,111,Дробовик Browning BPS,heavy,5518,0.0,4994,0.0,NOT_REVIEWED,NOT_APPROVED
48,19,Дробовик СПАС-12,heavy,5277,0.0,3592,0.0,NOT_REVIEWED,NOT_APPROVED
48,112,Дробовик Winchester SXP Defender,heavy,5113,0.0,2213,0.0,NOT_REVIEWED,NOT_APPROVED
48,113,Дробовик Mossberg 590A1,heavy,5676,0.0,4936,0.0,NOT_REVIEWED,NOT_APPROVED
48,114,Дробовик Remington 870 MCS,heavy,4223,0.0,2584,0.0,NOT_REVIEWED,NOT_APPROVED
48,32,Дробовик Сайга-12К,heavy,3522,0.0,851,0.0,NOT_REVIEWED,NOT_APPROVED
48,115,Дробовик Benelli Nova,heavy,5620,0.0,5096,0.0,NOT_REVIEWED,NOT_APPROVED
48,116,Дробовик TOZ-194,heavy,5326,0.0,4144,0.0,NOT_REVIEWED,NOT_APPROVED
48,44,Дробовик «Вепрь-12»,heavy,3955,0.0,2179,0.0,NOT_REVIEWED,NOT_APPROVED
48,117,Дробовик Remington 1100,heavy,5585,0.0,4924,0.0,NOT_REVIEWED,NOT_APPROVED
48,62,Дробовик Kel-Tec KSG,heavy,4561,0.0,959,0.0,NOT_REVIEWED,NOT_APPROVED
48,118,Дробовик Beretta 1301 Tactical,heavy,3945,0.0,1936,0.0,NOT_REVIEWED,NOT_APPROVED
48,50,Дробовик Benelli M4,heavy,4527,0.0,2997,0.0,NOT_REVIEWED,NOT_APPROVED
48,119,Дробовик Fabarm STF/12,heavy,4784,0.0,2506,0.0,NOT_REVIEWED,NOT_APPROVED
48,56,Дробовик AA-12,heavy,6151,0.0,1653,0.0,NOT_REVIEWED,NOT_APPROVED
48,120,Дробовик Winchester SX4,heavy,5687,0.0,4920,0.0,NOT_REVIEWED,NOT_APPROVED
48,121,Дробовик Browning A5,heavy,5754,0.0,4958,0.0,NOT_REVIEWED,NOT_APPROVED
48,68,Дробовик Franchi SPAS-15,heavy,4842,0.0,2810,0.0,NOT_REVIEWED,NOT_APPROVED
48,122,Дробовик Remington 870 Magnum,heavy,6742,0.0,5392,0.0,NOT_REVIEWED,NOT_APPROVED
48,123,Дробовик Benelli Vinci,heavy,5952,0.0,5096,0.0,NOT_REVIEWED,NOT_APPROVED
48,74,Дробовик USAS-12,heavy,3768,0.0,4693,0.0,NOT_REVIEWED,NOT_APPROVED
48,124,Дробовик Ithaca Mag-10,heavy,3618,0.0,1539,0.0,NOT_REVIEWED,NOT_APPROVED
48,125,Дробовик Remington SP-10,heavy,4891,0.0,1378,0.0,NOT_REVIEWED,NOT_APPROVED
49,86,Beretta 21A Bobcat,pistol,7704,0.0,,,NOT_REVIEWED,NOT_APPROVED
49,2,Пистолет ПСМ,pistol,7211,0.0,,,NOT_REVIEWED,NOT_APPROVED
49,87,Walther PPK,pistol,7568,0.0,,,NOT_REVIEWED,NOT_APPROVED
49,1,Пистолет Макарова,pistol,7104,0.0,,,NOT_REVIEWED,NOT_APPROVED
49,3,Пистолет ИЖ-71,pistol,6727,0.0,,,NOT_REVIEWED,NOT_APPROVED
49,88,Glock 25,pistol,6886,0.0,,,NOT_REVIEWED,NOT_APPROVED
49,5,Пистолет ОЦ-33 «Пернач»,pistol,7148,0.0,,,NOT_REVIEWED,NOT_APPROVED
49,6,Револьвер Наган,pistol,5126,0.0,,,NOT_REVIEWED,NOT_APPROVED
49,89,Walther P99,pistol,6873,0.0,,,NOT_REVIEWED,NOT_APPROVED
49,90,CZ 75,pistol,6631,0.0,,,NOT_REVIEWED,NOT_APPROVED
49,91,Glock 17,pistol,6628,0.0,,,NOT_REVIEWED,NOT_APPROVED
49,92,Beretta 92FS,pistol,6387,0.0,,,NOT_REVIEWED,NOT_APPROVED
49,93,SIG Sauer P226,pistol,7642,0.0,,,NOT_REVIEWED,NOT_APPROVED
49,7,Пистолет ТТ,pistol,7146,0.0,,,NOT_REVIEWED,NOT_APPROVED
49,94,HK USP,pistol,6993,0.0,,,NOT_REVIEWED,NOT_APPROVED
49,95,Glock 22,pistol,6748,0.0,,,NOT_REVIEWED,NOT_APPROVED
49,96,SIG Sauer P229,pistol,7612,0.0,,,NOT_REVIEWED,NOT_APPROVED
49,97,Glock 20,pistol,7416,0.0,,,NOT_REVIEWED,NOT_APPROVED
49,98,Colt 1911,pistol,6920,0.0,,,NOT_REVIEWED,NOT_APPROVED
49,99,Glock 21,pistol,6866,0.0,,,NOT_REVIEWED,NOT_APPROVED
49,100,CZ 97B,pistol,7328,0.0,,,NOT_REVIEWED,NOT_APPROVED
49,101,HK Mark 23,pistol,6231,0.0,,,NOT_REVIEWED,NOT_APPROVED
49,102,Taurus Judge,pistol,6180,0.0,,,NOT_REVIEWED,NOT_APPROVED
49,103,Smith & Wesson Model 29,pistol,4308,0.0,,,NOT_REVIEWED,NOT_APPROVED
49,104,Taurus Raging Bull,pistol,4657,0.0,,,NOT_REVIEWED,NOT_APPROVED
49,105,Desert Eagle Mark XIX,pistol,8352,0.0,,,NOT_REVIEWED,NOT_APPROVED
49,11,Автомат АКС-74У,heavy,5987,0.0,4198,0.0,NOT_REVIEWED,NOT_APPROVED
49,12,Автомат АК-74,heavy,6085,0.0,1823,0.0,NOT_REVIEWED,NOT_APPROVED
49,37,Автомат АК-107,heavy,4103,0.0,44,0.0,NOT_REVIEWED,NOT_APPROVED
49,21,Автомат АК-12,heavy,5161,0.0,1284,0.0,NOT_REVIEWED,NOT_APPROVED
49,26,Автомат АН-94 «Абакан»,heavy,4230,0.0,387,0.0,NOT_REVIEWED,NOT_APPROVED
49,17,Пулемёт РПК-74,heavy,3796,0.0,388,0.0,NOT_REVIEWED,NOT_APPROVED
49,38,Автомат ADAR 2-15,heavy,5532,0.0,0,4.0,NOT_REVIEWED,NOT_APPROVED
49,45,Автомат АК-19,heavy,4428,0.0,66,0.0,NOT_REVIEWED,NOT_APPROVED
49,57,Автомат HK416,heavy,4536,0.0,722,0.0,NOT_REVIEWED,NOT_APPROVED
49,69,Автомат CZ Bren 2,heavy,4222,0.0,2164,0.0,NOT_REVIEWED,NOT_APPROVED
49,67,Пулемёт Minimi Mk3,heavy,3247,0.0,675,0.0,NOT_REVIEWED,NOT_APPROVED
49,43,Автомат ОЦ-14 «Гроза»,heavy,4768,0.0,50,0.0,NOT_REVIEWED,NOT_APPROVED
49,16,Карабин «Вепрь»,heavy,5720,0.0,1124,0.0,NOT_REVIEWED,NOT_APPROVED
49,15,Автомат АК-103,heavy,4777,0.0,812,0.0,NOT_REVIEWED,NOT_APPROVED
49,25,Пулемёт РПД,heavy,3392,0.0,2644,0.0,NOT_REVIEWED,NOT_APPROVED
49,18,Автомат АС «Вал»,heavy,4477,0.0,403,0.0,NOT_REVIEWED,NOT_APPROVED
49,10,Карабин Сайга-12,heavy,6356,0.0,3881,0.0,NOT_REVIEWED,NOT_APPROVED
49,63,Автомат АК-308,heavy,4222,0.0,658,0.0,NOT_REVIEWED,NOT_APPROVED
49,51,Автомат ЛР-308,heavy,3905,0.0,0,1.0,NOT_REVIEWED,NOT_APPROVED
49,75,Автомат SCAR-H,heavy,4323,0.0,1027,0.0,NOT_REVIEWED,NOT_APPROVED
49,61,Пулемёт M60E6,heavy,3710,0.0,629,0.0,NOT_REVIEWED,NOT_APPROVED
49,59,Пулемёт M240,heavy,3572,0.0,120,0.0,NOT_REVIEWED,NOT_APPROVED
49,71,Пулемёт FN MAG,heavy,3067,0.0,32,0.0,NOT_REVIEWED,NOT_APPROVED
49,77,Пулемёт Negev NG7,heavy,3252,0.0,0,2.0,NOT_REVIEWED,NOT_APPROVED
49,22,Пулемёт ПКМ,heavy,2352,0.0,3361,0.0,NOT_REVIEWED,NOT_APPROVED
49,29,Пулемёт «Печенег»,heavy,3642,0.0,3105,0.0,NOT_REVIEWED,NOT_APPROVED
49,53,Пулемёт «Печенег-СП»,heavy,3860,0.0,86,0.0,NOT_REVIEWED,NOT_APPROVED
49,47,Автомат АК-АН «Абакан-100»,heavy,3445,0.0,770,0.0,NOT_REVIEWED,NOT_APPROVED
49,65,Пулемёт «Утёс-М»,heavy,4263,0.0,2471,0.0,NOT_REVIEWED,NOT_APPROVED
49,14,Винтовка СКС,heavy,5937,0.0,4353,0.0,NOT_REVIEWED,NOT_APPROVED
49,46,Винтовка SSG 08,heavy,3465,0.0,10,0.0,NOT_REVIEWED,NOT_APPROVED
49,42,Винтовка SR-25,heavy,4012,0.0,0,2.0,NOT_REVIEWED,NOT_APPROVED
49,13,Винтовка СВД,heavy,5513,0.0,2862,0.0,NOT_REVIEWED,NOT_APPROVED
49,24,Винтовка СВДС,heavy,3926,0.0,1511,0.0,NOT_REVIEWED,NOT_APPROVED
49,23,Винтовка Т-5000,heavy,3088,0.0,2,0.0,NOT_REVIEWED,NOT_APPROVED
49,28,Винтовка СВ-98,heavy,4529,0.0,1002,0.0,NOT_REVIEWED,NOT_APPROVED
49,36,Винтовка СВК,heavy,3077,0.0,34,0.0,NOT_REVIEWED,NOT_APPROVED
49,30,Винтовка ВСС «Винторез»,heavy,4704,0.0,421,0.0,NOT_REVIEWED,NOT_APPROVED
49,40,Винтовка ВСК-94,heavy,4269,0.0,438,0.0,NOT_REVIEWED,NOT_APPROVED
49,31,Винтовка СВ-338,heavy,3720,0.0,17,0.0,NOT_REVIEWED,NOT_APPROVED
49,27,Винтовка ОРСИС T-5000M,heavy,4045,0.0,281,0.0,NOT_REVIEWED,NOT_APPROVED
49,70,Винтовка Sako TRG-42,heavy,4000,0.0,707,0.0,NOT_REVIEWED,NOT_APPROVED
49,76,Винтовка Blaser R93 Tactical 2,heavy,3795,0.0,1219,0.0,NOT_REVIEWED,NOT_APPROVED
49,39,Винтовка ORSIS T-5000 Sniper Pro,heavy,3825,0.0,33,0.0,NOT_REVIEWED,NOT_APPROVED
49,60,Винтовка Accuracy International AXMC,heavy,3551,0.0,1402,0.0,NOT_REVIEWED,NOT_APPROVED
49,48,Винтовка Barrett M98B,heavy,2913,0.0,254,0.0,NOT_REVIEWED,NOT_APPROVED
49,64,Винтовка ORSIS T-5000 Elite,heavy,4033,0.0,2407,0.0,NOT_REVIEWED,NOT_APPROVED
49,33,Винтовка «Выхлоп»,heavy,3501,0.0,202,0.0,NOT_REVIEWED,NOT_APPROVED
49,35,Винтовка ОСВ-96,heavy,3068,0.0,1127,0.0,NOT_REVIEWED,NOT_APPROVED
49,66,Винтовка Zastava M93 Black Arrow,heavy,4341,0.0,1957,0.0,NOT_REVIEWED,NOT_APPROVED
49,52,Винтовка АСВК «Корд»,heavy,3313,0.0,652,0.0,NOT_REVIEWED,NOT_APPROVED
49,58,Винтовка Steyr HS .50,heavy,5108,0.0,3167,0.0,NOT_REVIEWED,NOT_APPROVED
49,49,Винтовка Barrett M82,heavy,2314,0.0,0,1.0,NOT_REVIEWED,NOT_APPROVED
49,54,Винтовка McMillan TAC-50,heavy,4476,0.0,2243,0.0,NOT_REVIEWED,NOT_APPROVED
49,72,Винтовка Desert Tech HTI,heavy,4147,0.0,0,1.0,NOT_REVIEWED,NOT_APPROVED
49,78,Винтовка Cheytac M200 Intervention,heavy,2697,0.0,2640,0.0,NOT_REVIEWED,NOT_APPROVED
49,73,Прототип X-17,heavy,2949,0.0,1208,0.0,NOT_REVIEWED,NOT_APPROVED
49,55,Гаусс-пушка,heavy,5601,0.0,2620,0.0,NOT_REVIEWED,NOT_APPROVED
49,4,Обрез охотничьего ружья,heavy,7433,0.0,3412,0.0,NOT_REVIEWED,NOT_APPROVED
49,8,ПП «Кедр»,heavy,8517,0.0,3458,0.0,NOT_REVIEWED,NOT_APPROVED
49,9,ПП-19 «Бизон»,heavy,6646,0.0,6389,0.0,NOT_REVIEWED,NOT_APPROVED
49,20,Дробовик Сайга-410,heavy,5123,0.0,1102,0.0,NOT_REVIEWED,NOT_APPROVED
49,106,Дробовик Mossberg 500,heavy,5554,0.0,4649,0.0,NOT_REVIEWED,NOT_APPROVED
49,107,Дробовик Stoeger P3000,heavy,6057,0.0,4481,0.0,NOT_REVIEWED,NOT_APPROVED
49,108,Дробовик Remington 870,heavy,5688,0.0,3621,0.0,NOT_REVIEWED,NOT_APPROVED
49,109,Дробовик Winchester Model 1300,heavy,5741,0.0,4562,0.0,NOT_REVIEWED,NOT_APPROVED
49,110,Дробовик Ithaca 37,heavy,5710,0.0,4289,0.0,NOT_REVIEWED,NOT_APPROVED
49,111,Дробовик Browning BPS,heavy,5494,0.0,4716,0.0,NOT_REVIEWED,NOT_APPROVED
49,19,Дробовик СПАС-12,heavy,5277,0.0,1473,0.0,NOT_REVIEWED,NOT_APPROVED
49,112,Дробовик Winchester SXP Defender,heavy,5113,0.0,374,0.0,NOT_REVIEWED,NOT_APPROVED
49,113,Дробовик Mossberg 590A1,heavy,5631,0.0,4079,0.0,NOT_REVIEWED,NOT_APPROVED
49,114,Дробовик Remington 870 MCS,heavy,4217,0.0,574,0.0,NOT_REVIEWED,NOT_APPROVED
49,32,Дробовик Сайга-12К,heavy,3522,0.0,142,0.0,NOT_REVIEWED,NOT_APPROVED
49,115,Дробовик Benelli Nova,heavy,5652,0.0,4467,0.0,NOT_REVIEWED,NOT_APPROVED
49,116,Дробовик TOZ-194,heavy,5366,0.0,3705,0.0,NOT_REVIEWED,NOT_APPROVED
49,44,Дробовик «Вепрь-12»,heavy,3955,0.0,272,0.0,NOT_REVIEWED,NOT_APPROVED
49,117,Дробовик Remington 1100,heavy,5591,0.0,4433,0.0,NOT_REVIEWED,NOT_APPROVED
49,62,Дробовик Kel-Tec KSG,heavy,4561,0.0,0,7.0,NOT_REVIEWED,NOT_APPROVED
49,118,Дробовик Beretta 1301 Tactical,heavy,4013,0.0,178,0.0,NOT_REVIEWED,NOT_APPROVED
49,50,Дробовик Benelli M4,heavy,4532,0.0,893,0.0,NOT_REVIEWED,NOT_APPROVED
49,119,Дробовик Fabarm STF/12,heavy,4770,0.0,473,0.0,NOT_REVIEWED,NOT_APPROVED
49,56,Дробовик AA-12,heavy,6183,0.0,887,0.0,NOT_REVIEWED,NOT_APPROVED
49,120,Дробовик Winchester SX4,heavy,5735,0.0,3872,0.0,NOT_REVIEWED,NOT_APPROVED
49,121,Дробовик Browning A5,heavy,5760,0.0,4177,0.0,NOT_REVIEWED,NOT_APPROVED
49,68,Дробовик Franchi SPAS-15,heavy,4908,0.0,1211,0.0,NOT_REVIEWED,NOT_APPROVED
49,122,Дробовик Remington 870 Magnum,heavy,6805,0.0,4020,0.0,NOT_REVIEWED,NOT_APPROVED
49,123,Дробовик Benelli Vinci,heavy,5958,0.0,4674,0.0,NOT_REVIEWED,NOT_APPROVED
49,74,Дробовик USAS-12,heavy,3819,0.0,3900,0.0,NOT_REVIEWED,NOT_APPROVED
49,124,Дробовик Ithaca Mag-10,heavy,3669,0.0,18,0.0,NOT_REVIEWED,NOT_APPROVED
49,125,Дробовик Remington SP-10,heavy,4839,0.0,442,0.0,NOT_REVIEWED,NOT_APPROVED
50,86,Beretta 21A Bobcat,pistol,7299,0.0,,,NOT_REVIEWED,NOT_APPROVED
50,2,Пистолет ПСМ,pistol,6874,0.0,,,NOT_REVIEWED,NOT_APPROVED
50,87,Walther PPK,pistol,7158,0.0,,,NOT_REVIEWED,NOT_APPROVED
50,1,Пистолет Макарова,pistol,6791,0.0,,,NOT_REVIEWED,NOT_APPROVED
50,3,Пистолет ИЖ-71,pistol,6493,0.0,,,NOT_REVIEWED,NOT_APPROVED
50,88,Glock 25,pistol,6586,0.0,,,NOT_REVIEWED,NOT_APPROVED
50,5,Пистолет ОЦ-33 «Пернач»,pistol,6806,0.0,,,NOT_REVIEWED,NOT_APPROVED
50,6,Револьвер Наган,pistol,4892,0.0,,,NOT_REVIEWED,NOT_APPROVED
50,89,Walther P99,pistol,6502,0.0,,,NOT_REVIEWED,NOT_APPROVED
50,90,CZ 75,pistol,6329,0.0,,,NOT_REVIEWED,NOT_APPROVED
50,91,Glock 17,pistol,6342,0.0,,,NOT_REVIEWED,NOT_APPROVED
50,92,Beretta 92FS,pistol,5974,0.0,,,NOT_REVIEWED,NOT_APPROVED
50,93,SIG Sauer P226,pistol,7164,0.0,,,NOT_REVIEWED,NOT_APPROVED
50,7,Пистолет ТТ,pistol,6742,0.0,,,NOT_REVIEWED,NOT_APPROVED
50,94,HK USP,pistol,6564,0.0,,,NOT_REVIEWED,NOT_APPROVED
50,95,Glock 22,pistol,6388,0.0,,,NOT_REVIEWED,NOT_APPROVED
50,96,SIG Sauer P229,pistol,7141,0.0,,,NOT_REVIEWED,NOT_APPROVED
50,97,Glock 20,pistol,7024,0.0,,,NOT_REVIEWED,NOT_APPROVED
50,98,Colt 1911,pistol,6565,0.0,,,NOT_REVIEWED,NOT_APPROVED
50,99,Glock 21,pistol,6539,0.0,,,NOT_REVIEWED,NOT_APPROVED
50,100,CZ 97B,pistol,6931,0.0,,,NOT_REVIEWED,NOT_APPROVED
50,101,HK Mark 23,pistol,5772,0.0,,,NOT_REVIEWED,NOT_APPROVED
50,102,Taurus Judge,pistol,5920,0.0,,,NOT_REVIEWED,NOT_APPROVED
50,103,Smith & Wesson Model 29,pistol,4065,0.0,,,NOT_REVIEWED,NOT_APPROVED
50,104,Taurus Raging Bull,pistol,4413,0.0,,,NOT_REVIEWED,NOT_APPROVED
50,105,Desert Eagle Mark XIX,pistol,7829,0.0,,,NOT_REVIEWED,NOT_APPROVED
50,11,Автомат АКС-74У,heavy,5979,0.0,2836,0.0,NOT_REVIEWED,NOT_APPROVED
50,12,Автомат АК-74,heavy,6103,0.0,3509,0.0,NOT_REVIEWED,NOT_APPROVED
50,37,Автомат АК-107,heavy,4110,0.0,999,0.0,NOT_REVIEWED,NOT_APPROVED
50,21,Автомат АК-12,heavy,5161,0.0,664,0.0,NOT_REVIEWED,NOT_APPROVED
50,26,Автомат АН-94 «Абакан»,heavy,4230,0.0,1767,0.0,NOT_REVIEWED,NOT_APPROVED
50,17,Пулемёт РПК-74,heavy,3796,0.0,2099,0.0,NOT_REVIEWED,NOT_APPROVED
50,38,Автомат ADAR 2-15,heavy,5510,0.0,1270,0.0,NOT_REVIEWED,NOT_APPROVED
50,45,Автомат АК-19,heavy,4424,0.0,1722,0.0,NOT_REVIEWED,NOT_APPROVED
50,57,Автомат HK416,heavy,4536,0.0,2704,0.0,NOT_REVIEWED,NOT_APPROVED
50,69,Автомат CZ Bren 2,heavy,4222,0.0,2929,0.0,NOT_REVIEWED,NOT_APPROVED
50,67,Пулемёт Minimi Mk3,heavy,3250,0.0,2408,0.0,NOT_REVIEWED,NOT_APPROVED
50,43,Автомат ОЦ-14 «Гроза»,heavy,4768,0.0,10,0.0,NOT_REVIEWED,NOT_APPROVED
50,16,Карабин «Вепрь»,heavy,5720,0.0,2860,0.0,NOT_REVIEWED,NOT_APPROVED
50,15,Автомат АК-103,heavy,4777,0.0,2284,0.0,NOT_REVIEWED,NOT_APPROVED
50,25,Пулемёт РПД,heavy,3392,0.0,272,0.0,NOT_REVIEWED,NOT_APPROVED
50,18,Автомат АС «Вал»,heavy,4486,0.0,1657,0.0,NOT_REVIEWED,NOT_APPROVED
50,10,Карабин Сайга-12,heavy,6356,0.0,3435,0.0,NOT_REVIEWED,NOT_APPROVED
50,63,Автомат АК-308,heavy,4222,0.0,1395,0.0,NOT_REVIEWED,NOT_APPROVED
50,51,Автомат ЛР-308,heavy,3905,0.0,183,0.0,NOT_REVIEWED,NOT_APPROVED
50,75,Автомат SCAR-H,heavy,4323,0.0,2402,0.0,NOT_REVIEWED,NOT_APPROVED
50,61,Пулемёт M60E6,heavy,3705,0.0,2420,0.0,NOT_REVIEWED,NOT_APPROVED
50,59,Пулемёт M240,heavy,3572,0.0,1428,0.0,NOT_REVIEWED,NOT_APPROVED
50,71,Пулемёт FN MAG,heavy,3067,0.0,1509,0.0,NOT_REVIEWED,NOT_APPROVED
50,77,Пулемёт Negev NG7,heavy,3246,0.0,1532,0.0,NOT_REVIEWED,NOT_APPROVED
50,22,Пулемёт ПКМ,heavy,2352,0.0,491,0.0,NOT_REVIEWED,NOT_APPROVED
50,29,Пулемёт «Печенег»,heavy,3642,0.0,2242,0.0,NOT_REVIEWED,NOT_APPROVED
50,53,Пулемёт «Печенег-СП»,heavy,3848,0.0,1235,0.0,NOT_REVIEWED,NOT_APPROVED
50,47,Автомат АК-АН «Абакан-100»,heavy,3445,0.0,2858,0.0,NOT_REVIEWED,NOT_APPROVED
50,65,Пулемёт «Утёс-М»,heavy,4274,0.0,3151,0.0,NOT_REVIEWED,NOT_APPROVED
50,14,Винтовка СКС,heavy,5950,0.0,5047,0.0,NOT_REVIEWED,NOT_APPROVED
50,46,Винтовка SSG 08,heavy,3459,0.0,1686,0.0,NOT_REVIEWED,NOT_APPROVED
50,42,Винтовка SR-25,heavy,4012,0.0,272,0.0,NOT_REVIEWED,NOT_APPROVED
50,13,Винтовка СВД,heavy,5513,0.0,4095,0.0,NOT_REVIEWED,NOT_APPROVED
50,24,Винтовка СВДС,heavy,3921,0.0,3033,0.0,NOT_REVIEWED,NOT_APPROVED
50,23,Винтовка Т-5000,heavy,3088,0.0,1668,0.0,NOT_REVIEWED,NOT_APPROVED
50,28,Винтовка СВ-98,heavy,4517,0.0,3296,0.0,NOT_REVIEWED,NOT_APPROVED
50,36,Винтовка СВК,heavy,3077,0.0,1714,0.0,NOT_REVIEWED,NOT_APPROVED
50,30,Винтовка ВСС «Винторез»,heavy,4692,0.0,2281,0.0,NOT_REVIEWED,NOT_APPROVED
50,40,Винтовка ВСК-94,heavy,4284,0.0,1250,0.0,NOT_REVIEWED,NOT_APPROVED
50,31,Винтовка СВ-338,heavy,3721,0.0,2734,0.0,NOT_REVIEWED,NOT_APPROVED
50,27,Винтовка ОРСИС T-5000M,heavy,4050,0.0,2381,0.0,NOT_REVIEWED,NOT_APPROVED
50,70,Винтовка Sako TRG-42,heavy,3958,0.0,2858,0.0,NOT_REVIEWED,NOT_APPROVED
50,76,Винтовка Blaser R93 Tactical 2,heavy,3818,0.0,3457,0.0,NOT_REVIEWED,NOT_APPROVED
50,39,Винтовка ORSIS T-5000 Sniper Pro,heavy,3843,0.0,2259,0.0,NOT_REVIEWED,NOT_APPROVED
50,60,Винтовка Accuracy International AXMC,heavy,3550,0.0,3899,0.0,NOT_REVIEWED,NOT_APPROVED
50,48,Винтовка Barrett M98B,heavy,2907,0.0,2930,0.0,NOT_REVIEWED,NOT_APPROVED
50,64,Винтовка ORSIS T-5000 Elite,heavy,4011,0.0,4190,0.0,NOT_REVIEWED,NOT_APPROVED
50,33,Винтовка «Выхлоп»,heavy,3501,0.0,2188,0.0,NOT_REVIEWED,NOT_APPROVED
50,35,Винтовка ОСВ-96,heavy,3068,0.0,2558,0.0,NOT_REVIEWED,NOT_APPROVED
50,66,Винтовка Zastava M93 Black Arrow,heavy,4343,0.0,4036,0.0,NOT_REVIEWED,NOT_APPROVED
50,52,Винтовка АСВК «Корд»,heavy,3313,0.0,1866,0.0,NOT_REVIEWED,NOT_APPROVED
50,58,Винтовка Steyr HS .50,heavy,5108,0.0,4439,0.0,NOT_REVIEWED,NOT_APPROVED
50,49,Винтовка Barrett M82,heavy,2314,0.0,2523,0.0,NOT_REVIEWED,NOT_APPROVED
50,54,Винтовка McMillan TAC-50,heavy,4482,0.0,2894,0.0,NOT_REVIEWED,NOT_APPROVED
50,72,Винтовка Desert Tech HTI,heavy,4150,0.0,1508,0.0,NOT_REVIEWED,NOT_APPROVED
50,78,Винтовка Cheytac M200 Intervention,heavy,2692,0.0,2354,0.0,NOT_REVIEWED,NOT_APPROVED
50,73,Прототип X-17,heavy,2952,0.0,2630,0.0,NOT_REVIEWED,NOT_APPROVED
50,55,Гаусс-пушка,heavy,5537,0.0,4053,0.0,NOT_REVIEWED,NOT_APPROVED
50,4,Обрез охотничьего ружья,heavy,7470,0.0,4900,0.0,NOT_REVIEWED,NOT_APPROVED
50,8,ПП «Кедр»,heavy,8562,0.0,1112,0.0,NOT_REVIEWED,NOT_APPROVED
50,9,ПП-19 «Бизон»,heavy,6646,0.0,6262,0.0,NOT_REVIEWED,NOT_APPROVED
50,20,Дробовик Сайга-410,heavy,5118,0.0,2700,0.0,NOT_REVIEWED,NOT_APPROVED
50,106,Дробовик Mossberg 500,heavy,5567,0.0,4832,0.0,NOT_REVIEWED,NOT_APPROVED
50,107,Дробовик Stoeger P3000,heavy,6043,0.0,5320,0.0,NOT_REVIEWED,NOT_APPROVED
50,108,Дробовик Remington 870,heavy,5688,0.0,5330,0.0,NOT_REVIEWED,NOT_APPROVED
50,109,Дробовик Winchester Model 1300,heavy,5741,0.0,4868,0.0,NOT_REVIEWED,NOT_APPROVED
50,110,Дробовик Ithaca 37,heavy,5731,0.0,5191,0.0,NOT_REVIEWED,NOT_APPROVED
50,111,Дробовик Browning BPS,heavy,5480,0.0,4823,0.0,NOT_REVIEWED,NOT_APPROVED
50,19,Дробовик СПАС-12,heavy,5277,0.0,3840,0.0,NOT_REVIEWED,NOT_APPROVED
50,112,Дробовик Winchester SXP Defender,heavy,5113,0.0,2792,0.0,NOT_REVIEWED,NOT_APPROVED
50,113,Дробовик Mossberg 590A1,heavy,5639,0.0,5135,0.0,NOT_REVIEWED,NOT_APPROVED
50,114,Дробовик Remington 870 MCS,heavy,4223,0.0,2949,0.0,NOT_REVIEWED,NOT_APPROVED
50,32,Дробовик Сайга-12К,heavy,3522,0.0,609,0.0,NOT_REVIEWED,NOT_APPROVED
50,115,Дробовик Benelli Nova,heavy,5652,0.0,5000,0.0,NOT_REVIEWED,NOT_APPROVED
50,116,Дробовик TOZ-194,heavy,5366,0.0,3734,0.0,NOT_REVIEWED,NOT_APPROVED
50,44,Дробовик «Вепрь-12»,heavy,3955,0.0,2333,0.0,NOT_REVIEWED,NOT_APPROVED
50,117,Дробовик Remington 1100,heavy,5591,0.0,4881,0.0,NOT_REVIEWED,NOT_APPROVED
50,62,Дробовик Kel-Tec KSG,heavy,4561,0.0,1058,0.0,NOT_REVIEWED,NOT_APPROVED
50,118,Дробовик Beretta 1301 Tactical,heavy,4002,0.0,2300,0.0,NOT_REVIEWED,NOT_APPROVED
50,50,Дробовик Benelli M4,heavy,4528,0.0,3519,0.0,NOT_REVIEWED,NOT_APPROVED
50,119,Дробовик Fabarm STF/12,heavy,4786,0.0,2773,0.0,NOT_REVIEWED,NOT_APPROVED
50,56,Дробовик AA-12,heavy,6157,0.0,945,0.0,NOT_REVIEWED,NOT_APPROVED
50,120,Дробовик Winchester SX4,heavy,5735,0.0,5101,0.0,NOT_REVIEWED,NOT_APPROVED
50,121,Дробовик Browning A5,heavy,5760,0.0,4882,0.0,NOT_REVIEWED,NOT_APPROVED
50,68,Дробовик Franchi SPAS-15,heavy,4896,0.0,3504,0.0,NOT_REVIEWED,NOT_APPROVED
50,122,Дробовик Remington 870 Magnum,heavy,6830,0.0,5544,0.0,NOT_REVIEWED,NOT_APPROVED
50,123,Дробовик Benelli Vinci,heavy,5958,0.0,4845,0.0,NOT_REVIEWED,NOT_APPROVED
50,74,Дробовик USAS-12,heavy,3813,0.0,3789,0.0,NOT_REVIEWED,NOT_APPROVED
50,124,Дробовик Ithaca Mag-10,heavy,3674,0.0,1781,0.0,NOT_REVIEWED,NOT_APPROVED
50,125,Дробовик Remington SP-10,heavy,4839,0.0,1267,0.0,NOT_REVIEWED,NOT_APPROVED
51,86,Beretta 21A Bobcat,pistol,7887,0.0,,,NOT_REVIEWED,NOT_APPROVED
51,2,Пистолет ПСМ,pistol,7292,0.0,,,NOT_REVIEWED,NOT_APPROVED
51,87,Walther PPK,pistol,7581,0.0,,,NOT_REVIEWED,NOT_APPROVED
51,1,Пистолет Макарова,pistol,7030,0.0,,,NOT_REVIEWED,NOT_APPROVED
51,3,Пистолет ИЖ-71,pistol,6785,0.0,,,NOT_REVIEWED,NOT_APPROVED
51,88,Glock 25,pistol,6998,0.0,,,NOT_REVIEWED,NOT_APPROVED
51,5,Пистолет ОЦ-33 «Пернач»,pistol,7246,0.0,,,NOT_REVIEWED,NOT_APPROVED
51,6,Револьвер Наган,pistol,5170,0.0,,,NOT_REVIEWED,NOT_APPROVED
51,89,Walther P99,pistol,6990,0.0,,,NOT_REVIEWED,NOT_APPROVED
51,90,CZ 75,pistol,6657,0.0,,,NOT_REVIEWED,NOT_APPROVED
51,91,Glock 17,pistol,6776,0.0,,,NOT_REVIEWED,NOT_APPROVED
51,92,Beretta 92FS,pistol,6528,0.0,,,NOT_REVIEWED,NOT_APPROVED
51,93,SIG Sauer P226,pistol,7399,0.0,,,NOT_REVIEWED,NOT_APPROVED
51,7,Пистолет ТТ,pistol,7066,0.0,,,NOT_REVIEWED,NOT_APPROVED
51,94,HK USP,pistol,6985,0.0,,,NOT_REVIEWED,NOT_APPROVED
51,95,Glock 22,pistol,6831,0.0,,,NOT_REVIEWED,NOT_APPROVED
51,96,SIG Sauer P229,pistol,7481,0.0,,,NOT_REVIEWED,NOT_APPROVED
51,97,Glock 20,pistol,7486,0.0,,,NOT_REVIEWED,NOT_APPROVED
51,98,Colt 1911,pistol,6855,0.0,,,NOT_REVIEWED,NOT_APPROVED
51,99,Glock 21,pistol,7045,0.0,,,NOT_REVIEWED,NOT_APPROVED
51,100,CZ 97B,pistol,7328,0.0,,,NOT_REVIEWED,NOT_APPROVED
51,101,HK Mark 23,pistol,6339,0.0,,,NOT_REVIEWED,NOT_APPROVED
51,102,Taurus Judge,pistol,6234,0.0,,,NOT_REVIEWED,NOT_APPROVED
51,103,Smith & Wesson Model 29,pistol,4406,0.0,,,NOT_REVIEWED,NOT_APPROVED
51,104,Taurus Raging Bull,pistol,4747,0.0,,,NOT_REVIEWED,NOT_APPROVED
51,105,Desert Eagle Mark XIX,pistol,7883,0.0,,,NOT_REVIEWED,NOT_APPROVED
51,11,Автомат АКС-74У,heavy,5622,0.0,5455,0.0,NOT_REVIEWED,NOT_APPROVED
51,12,Автомат АК-74,heavy,5790,0.0,4461,0.0,NOT_REVIEWED,NOT_APPROVED
51,37,Автомат АК-107,heavy,3884,0.0,2508,0.0,NOT_REVIEWED,NOT_APPROVED
51,21,Автомат АК-12,heavy,4912,0.0,4185,0.0,NOT_REVIEWED,NOT_APPROVED
51,26,Автомат АН-94 «Абакан»,heavy,4096,0.0,3365,0.0,NOT_REVIEWED,NOT_APPROVED
51,17,Пулемёт РПК-74,heavy,3686,0.0,1515,0.0,NOT_REVIEWED,NOT_APPROVED
51,38,Автомат ADAR 2-15,heavy,5245,0.0,2420,0.0,NOT_REVIEWED,NOT_APPROVED
51,45,Автомат АК-19,heavy,4316,0.0,2898,0.0,NOT_REVIEWED,NOT_APPROVED
51,57,Автомат HK416,heavy,4315,0.0,2540,0.0,NOT_REVIEWED,NOT_APPROVED
51,69,Автомат CZ Bren 2,heavy,4110,0.0,2424,0.0,NOT_REVIEWED,NOT_APPROVED
51,67,Пулемёт Minimi Mk3,heavy,3107,0.0,2966,0.0,NOT_REVIEWED,NOT_APPROVED
51,43,Автомат ОЦ-14 «Гроза»,heavy,4494,0.0,2617,0.0,NOT_REVIEWED,NOT_APPROVED
51,16,Карабин «Вепрь»,heavy,5457,0.0,3604,0.0,NOT_REVIEWED,NOT_APPROVED
51,15,Автомат АК-103,heavy,4614,0.0,3787,0.0,NOT_REVIEWED,NOT_APPROVED
51,25,Пулемёт РПД,heavy,3350,0.0,5587,0.0,NOT_REVIEWED,NOT_APPROVED
51,18,Автомат АС «Вал»,heavy,4359,0.0,3388,0.0,NOT_REVIEWED,NOT_APPROVED
51,10,Карабин Сайга-12,heavy,6021,0.0,5999,0.0,NOT_REVIEWED,NOT_APPROVED
51,63,Автомат АК-308,heavy,4039,0.0,3578,0.0,NOT_REVIEWED,NOT_APPROVED
51,51,Автомат ЛР-308,heavy,3657,0.0,2689,0.0,NOT_REVIEWED,NOT_APPROVED
51,75,Автомат SCAR-H,heavy,4011,0.0,2877,0.0,NOT_REVIEWED,NOT_APPROVED
51,61,Пулемёт M60E6,heavy,3569,0.0,3331,0.0,NOT_REVIEWED,NOT_APPROVED
51,59,Пулемёт M240,heavy,3439,0.0,1889,0.0,NOT_REVIEWED,NOT_APPROVED
51,71,Пулемёт FN MAG,heavy,2936,0.0,2337,0.0,NOT_REVIEWED,NOT_APPROVED
51,77,Пулемёт Negev NG7,heavy,3081,0.0,1740,0.0,NOT_REVIEWED,NOT_APPROVED
51,22,Пулемёт ПКМ,heavy,2176,0.0,6323,0.0,NOT_REVIEWED,NOT_APPROVED
51,29,Пулемёт «Печенег»,heavy,3523,0.0,6113,0.0,NOT_REVIEWED,NOT_APPROVED
51,53,Пулемёт «Печенег-СП»,heavy,3807,0.0,2348,0.0,NOT_REVIEWED,NOT_APPROVED
51,47,Автомат АК-АН «Абакан-100»,heavy,3355,0.0,1180,0.0,NOT_REVIEWED,NOT_APPROVED
51,65,Пулемёт «Утёс-М»,heavy,3878,0.0,4916,0.0,NOT_REVIEWED,NOT_APPROVED
51,14,Винтовка СКС,heavy,5546,0.0,5251,0.0,NOT_REVIEWED,NOT_APPROVED
51,46,Винтовка SSG 08,heavy,3259,0.0,370,0.0,NOT_REVIEWED,NOT_APPROVED
51,42,Винтовка SR-25,heavy,3779,0.0,2580,0.0,NOT_REVIEWED,NOT_APPROVED
51,13,Винтовка СВД,heavy,5015,0.0,4775,0.0,NOT_REVIEWED,NOT_APPROVED
51,24,Винтовка СВДС,heavy,3537,0.0,3884,0.0,NOT_REVIEWED,NOT_APPROVED
51,23,Винтовка Т-5000,heavy,3009,0.0,956,0.0,NOT_REVIEWED,NOT_APPROVED
51,28,Винтовка СВ-98,heavy,4416,0.0,1206,0.0,NOT_REVIEWED,NOT_APPROVED
51,36,Винтовка СВК,heavy,2960,0.0,1245,0.0,NOT_REVIEWED,NOT_APPROVED
51,30,Винтовка ВСС «Винторез»,heavy,4656,0.0,1826,0.0,NOT_REVIEWED,NOT_APPROVED
51,40,Винтовка ВСК-94,heavy,4114,0.0,1708,0.0,NOT_REVIEWED,NOT_APPROVED
51,31,Винтовка СВ-338,heavy,3518,0.0,882,0.0,NOT_REVIEWED,NOT_APPROVED
51,27,Винтовка ОРСИС T-5000M,heavy,3677,0.0,696,0.0,NOT_REVIEWED,NOT_APPROVED
51,70,Винтовка Sako TRG-42,heavy,3950,0.0,726,0.0,NOT_REVIEWED,NOT_APPROVED
51,76,Винтовка Blaser R93 Tactical 2,heavy,3717,0.0,1596,0.0,NOT_REVIEWED,NOT_APPROVED
51,39,Винтовка ORSIS T-5000 Sniper Pro,heavy,3568,0.0,415,0.0,NOT_REVIEWED,NOT_APPROVED
51,60,Винтовка Accuracy International AXMC,heavy,3275,0.0,3154,0.0,NOT_REVIEWED,NOT_APPROVED
51,48,Винтовка Barrett M98B,heavy,2737,0.0,920,0.0,NOT_REVIEWED,NOT_APPROVED
51,64,Винтовка ORSIS T-5000 Elite,heavy,3834,0.0,1442,0.0,NOT_REVIEWED,NOT_APPROVED
51,33,Винтовка «Выхлоп»,heavy,3365,0.0,978,0.0,NOT_REVIEWED,NOT_APPROVED
51,35,Винтовка ОСВ-96,heavy,3050,0.0,282,0.0,NOT_REVIEWED,NOT_APPROVED
51,66,Винтовка Zastava M93 Black Arrow,heavy,4049,0.0,1668,0.0,NOT_REVIEWED,NOT_APPROVED
51,52,Винтовка АСВК «Корд»,heavy,3189,0.0,2102,0.0,NOT_REVIEWED,NOT_APPROVED
51,58,Винтовка Steyr HS .50,heavy,4757,0.0,2600,0.0,NOT_REVIEWED,NOT_APPROVED
51,49,Винтовка Barrett M82,heavy,2168,0.0,1275,0.0,NOT_REVIEWED,NOT_APPROVED
51,54,Винтовка McMillan TAC-50,heavy,4309,0.0,3115,0.0,NOT_REVIEWED,NOT_APPROVED
51,72,Винтовка Desert Tech HTI,heavy,4112,0.0,1980,0.0,NOT_REVIEWED,NOT_APPROVED
51,78,Винтовка Cheytac M200 Intervention,heavy,2597,0.0,2080,0.0,NOT_REVIEWED,NOT_APPROVED
51,73,Прототип X-17,heavy,2685,0.0,3138,0.0,NOT_REVIEWED,NOT_APPROVED
51,55,Гаусс-пушка,heavy,5579,0.0,1796,0.0,NOT_REVIEWED,NOT_APPROVED
51,4,Обрез охотничьего ружья,heavy,7269,0.0,3532,0.0,NOT_REVIEWED,NOT_APPROVED
51,8,ПП «Кедр»,heavy,8175,0.0,5353,0.0,NOT_REVIEWED,NOT_APPROVED
51,9,ПП-19 «Бизон»,heavy,6301,0.0,5842,0.0,NOT_REVIEWED,NOT_APPROVED
51,20,Дробовик Сайга-410,heavy,4900,0.0,4014,0.0,NOT_REVIEWED,NOT_APPROVED
51,106,Дробовик Mossberg 500,heavy,5129,0.0,3591,0.0,NOT_REVIEWED,NOT_APPROVED
51,107,Дробовик Stoeger P3000,heavy,5599,0.0,3369,0.0,NOT_REVIEWED,NOT_APPROVED
51,108,Дробовик Remington 870,heavy,5342,0.0,2727,0.0,NOT_REVIEWED,NOT_APPROVED
51,109,Дробовик Winchester Model 1300,heavy,5337,0.0,3571,0.0,NOT_REVIEWED,NOT_APPROVED
51,110,Дробовик Ithaca 37,heavy,5290,0.0,3293,0.0,NOT_REVIEWED,NOT_APPROVED
51,111,Дробовик Browning BPS,heavy,5120,0.0,3783,0.0,NOT_REVIEWED,NOT_APPROVED
51,19,Дробовик СПАС-12,heavy,5027,0.0,1013,0.0,NOT_REVIEWED,NOT_APPROVED
51,112,Дробовик Winchester SXP Defender,heavy,4897,0.0,93,0.0,NOT_REVIEWED,NOT_APPROVED
51,113,Дробовик Mossberg 590A1,heavy,5278,0.0,3071,0.0,NOT_REVIEWED,NOT_APPROVED
51,114,Дробовик Remington 870 MCS,heavy,4042,0.0,360,0.0,NOT_REVIEWED,NOT_APPROVED
51,32,Дробовик Сайга-12К,heavy,3373,0.0,2971,0.0,NOT_REVIEWED,NOT_APPROVED
51,115,Дробовик Benelli Nova,heavy,5222,0.0,3427,0.0,NOT_REVIEWED,NOT_APPROVED
51,116,Дробовик TOZ-194,heavy,4928,0.0,3045,0.0,NOT_REVIEWED,NOT_APPROVED
51,44,Дробовик «Вепрь-12»,heavy,3814,0.0,3016,0.0,NOT_REVIEWED,NOT_APPROVED
51,117,Дробовик Remington 1100,heavy,5187,0.0,3317,0.0,NOT_REVIEWED,NOT_APPROVED
51,62,Дробовик Kel-Tec KSG,heavy,4319,0.0,0,4.0,NOT_REVIEWED,NOT_APPROVED
51,118,Дробовик Beretta 1301 Tactical,heavy,3692,0.0,128,0.0,NOT_REVIEWED,NOT_APPROVED
51,50,Дробовик Benelli M4,heavy,4243,0.0,644,0.0,NOT_REVIEWED,NOT_APPROVED
51,119,Дробовик Fabarm STF/12,heavy,4513,0.0,326,0.0,NOT_REVIEWED,NOT_APPROVED
51,56,Дробовик AA-12,heavy,5860,0.0,3988,0.0,NOT_REVIEWED,NOT_APPROVED
51,120,Дробовик Winchester SX4,heavy,5289,0.0,2799,0.0,NOT_REVIEWED,NOT_APPROVED
51,121,Дробовик Browning A5,heavy,5356,0.0,3248,0.0,NOT_REVIEWED,NOT_APPROVED
51,68,Дробовик Franchi SPAS-15,heavy,4579,0.0,3690,0.0,NOT_REVIEWED,NOT_APPROVED
51,122,Дробовик Remington 870 Magnum,heavy,6344,0.0,2758,0.0,NOT_REVIEWED,NOT_APPROVED
51,123,Дробовик Benelli Vinci,heavy,5554,0.0,3705,0.0,NOT_REVIEWED,NOT_APPROVED
51,74,Дробовик USAS-12,heavy,3640,0.0,4840,0.0,NOT_REVIEWED,NOT_APPROVED
51,124,Дробовик Ithaca Mag-10,heavy,3477,0.0,2738,0.0,NOT_REVIEWED,NOT_APPROVED
51,125,Дробовик Remington SP-10,heavy,4643,0.0,3446,0.0,NOT_REVIEWED,NOT_APPROVED
52,86,Beretta 21A Bobcat,pistol,7734,0.0,,,NOT_REVIEWED,NOT_APPROVED
52,2,Пистолет ПСМ,pistol,7004,0.0,,,NOT_REVIEWED,NOT_APPROVED
52,87,Walther PPK,pistol,7326,0.0,,,NOT_REVIEWED,NOT_APPROVED
52,1,Пистолет Макарова,pistol,6753,0.0,,,NOT_REVIEWED,NOT_APPROVED
52,3,Пистолет ИЖ-71,pistol,6550,0.0,,,NOT_REVIEWED,NOT_APPROVED
52,88,Glock 25,pistol,6813,0.0,,,NOT_REVIEWED,NOT_APPROVED
52,5,Пистолет ОЦ-33 «Пернач»,pistol,7063,0.0,,,NOT_REVIEWED,NOT_APPROVED
52,6,Револьвер Наган,pistol,5054,0.0,,,NOT_REVIEWED,NOT_APPROVED
52,89,Walther P99,pistol,6705,0.0,,,NOT_REVIEWED,NOT_APPROVED
52,90,CZ 75,pistol,6393,0.0,,,NOT_REVIEWED,NOT_APPROVED
52,91,Glock 17,pistol,6546,0.0,,,NOT_REVIEWED,NOT_APPROVED
52,92,Beretta 92FS,pistol,6423,0.0,,,NOT_REVIEWED,NOT_APPROVED
52,93,SIG Sauer P226,pistol,7118,0.0,,,NOT_REVIEWED,NOT_APPROVED
52,7,Пистолет ТТ,pistol,6815,0.0,,,NOT_REVIEWED,NOT_APPROVED
52,94,HK USP,pistol,6707,0.0,,,NOT_REVIEWED,NOT_APPROVED
52,95,Glock 22,pistol,6596,0.0,,,NOT_REVIEWED,NOT_APPROVED
52,96,SIG Sauer P229,pistol,7197,0.0,,,NOT_REVIEWED,NOT_APPROVED
52,97,Glock 20,pistol,7257,0.0,,,NOT_REVIEWED,NOT_APPROVED
52,98,Colt 1911,pistol,6603,0.0,,,NOT_REVIEWED,NOT_APPROVED
52,99,Glock 21,pistol,6855,0.0,,,NOT_REVIEWED,NOT_APPROVED
52,100,CZ 97B,pistol,7023,0.0,,,NOT_REVIEWED,NOT_APPROVED
52,101,HK Mark 23,pistol,6230,0.0,,,NOT_REVIEWED,NOT_APPROVED
52,102,Taurus Judge,pistol,6114,0.0,,,NOT_REVIEWED,NOT_APPROVED
52,103,Smith & Wesson Model 29,pistol,4307,0.0,,,NOT_REVIEWED,NOT_APPROVED
52,104,Taurus Raging Bull,pistol,4655,0.0,,,NOT_REVIEWED,NOT_APPROVED
52,105,Desert Eagle Mark XIX,pistol,7579,0.0,,,NOT_REVIEWED,NOT_APPROVED
52,11,Автомат АКС-74У,heavy,5945,0.0,6407,0.0,NOT_REVIEWED,NOT_APPROVED
52,12,Автомат АК-74,heavy,6103,0.0,6328,0.0,NOT_REVIEWED,NOT_APPROVED
52,37,Автомат АК-107,heavy,4110,0.0,4335,0.0,NOT_REVIEWED,NOT_APPROVED
52,21,Автомат АК-12,heavy,5147,0.0,3708,0.0,NOT_REVIEWED,NOT_APPROVED
52,26,Автомат АН-94 «Абакан»,heavy,4230,0.0,4968,0.0,NOT_REVIEWED,NOT_APPROVED
52,17,Пулемёт РПК-74,heavy,3796,0.0,5222,0.0,NOT_REVIEWED,NOT_APPROVED
52,38,Автомат ADAR 2-15,heavy,5510,0.0,4036,0.0,NOT_REVIEWED,NOT_APPROVED
52,45,Автомат АК-19,heavy,4424,0.0,4621,0.0,NOT_REVIEWED,NOT_APPROVED
52,57,Автомат HK416,heavy,4536,0.0,3514,0.0,NOT_REVIEWED,NOT_APPROVED
52,69,Автомат CZ Bren 2,heavy,4222,0.0,4936,0.0,NOT_REVIEWED,NOT_APPROVED
52,67,Пулемёт Minimi Mk3,heavy,3250,0.0,5633,0.0,NOT_REVIEWED,NOT_APPROVED
52,43,Автомат ОЦ-14 «Гроза»,heavy,4762,0.0,3110,0.0,NOT_REVIEWED,NOT_APPROVED
52,16,Карабин «Вепрь»,heavy,5718,0.0,6044,0.0,NOT_REVIEWED,NOT_APPROVED
52,15,Автомат АК-103,heavy,4760,0.0,5374,0.0,NOT_REVIEWED,NOT_APPROVED
52,25,Пулемёт РПД,heavy,3392,0.0,3930,0.0,NOT_REVIEWED,NOT_APPROVED
52,18,Автомат АС «Вал»,heavy,4482,0.0,4776,0.0,NOT_REVIEWED,NOT_APPROVED
52,10,Карабин Сайга-12,heavy,6327,0.0,6615,0.0,NOT_REVIEWED,NOT_APPROVED
52,63,Автомат АК-308,heavy,4222,0.0,4297,0.0,NOT_REVIEWED,NOT_APPROVED
52,51,Автомат ЛР-308,heavy,3905,0.0,2191,0.0,NOT_REVIEWED,NOT_APPROVED
52,75,Автомат SCAR-H,heavy,4323,0.0,3968,0.0,NOT_REVIEWED,NOT_APPROVED
52,61,Пулемёт M60E6,heavy,3705,0.0,5391,0.0,NOT_REVIEWED,NOT_APPROVED
52,59,Пулемёт M240,heavy,3572,0.0,4660,0.0,NOT_REVIEWED,NOT_APPROVED
52,71,Пулемёт FN MAG,heavy,3067,0.0,4754,0.0,NOT_REVIEWED,NOT_APPROVED
52,77,Пулемёт Negev NG7,heavy,3246,0.0,4254,0.0,NOT_REVIEWED,NOT_APPROVED
52,22,Пулемёт ПКМ,heavy,2352,0.0,4879,0.0,NOT_REVIEWED,NOT_APPROVED
52,29,Пулемёт «Печенег»,heavy,3642,0.0,5900,0.0,NOT_REVIEWED,NOT_APPROVED
52,53,Пулемёт «Печенег-СП»,heavy,3848,0.0,4698,0.0,NOT_REVIEWED,NOT_APPROVED
52,47,Автомат АК-АН «Абакан-100»,heavy,3445,0.0,3948,0.0,NOT_REVIEWED,NOT_APPROVED
52,65,Пулемёт «Утёс-М»,heavy,4274,0.0,6475,0.0,NOT_REVIEWED,NOT_APPROVED
52,14,Винтовка СКС,heavy,5950,0.0,5362,0.0,NOT_REVIEWED,NOT_APPROVED
52,46,Винтовка SSG 08,heavy,3459,0.0,4289,0.0,NOT_REVIEWED,NOT_APPROVED
52,42,Винтовка SR-25,heavy,4012,0.0,2241,0.0,NOT_REVIEWED,NOT_APPROVED
52,13,Винтовка СВД,heavy,5513,0.0,4309,0.0,NOT_REVIEWED,NOT_APPROVED
52,24,Винтовка СВДС,heavy,3921,0.0,4865,0.0,NOT_REVIEWED,NOT_APPROVED
52,23,Винтовка Т-5000,heavy,3088,0.0,4423,0.0,NOT_REVIEWED,NOT_APPROVED
52,28,Винтовка СВ-98,heavy,4517,0.0,4995,0.0,NOT_REVIEWED,NOT_APPROVED
52,36,Винтовка СВК,heavy,3077,0.0,4519,0.0,NOT_REVIEWED,NOT_APPROVED
52,30,Винтовка ВСС «Винторез»,heavy,4692,0.0,4710,0.0,NOT_REVIEWED,NOT_APPROVED
52,40,Винтовка ВСК-94,heavy,4284,0.0,5336,0.0,NOT_REVIEWED,NOT_APPROVED
52,31,Винтовка СВ-338,heavy,3721,0.0,4404,0.0,NOT_REVIEWED,NOT_APPROVED
52,27,Винтовка ОРСИС T-5000M,heavy,4050,0.0,4606,0.0,NOT_REVIEWED,NOT_APPROVED
52,70,Винтовка Sako TRG-42,heavy,3958,0.0,5048,0.0,NOT_REVIEWED,NOT_APPROVED
52,76,Винтовка Blaser R93 Tactical 2,heavy,3818,0.0,5199,0.0,NOT_REVIEWED,NOT_APPROVED
52,39,Винтовка ORSIS T-5000 Sniper Pro,heavy,3843,0.0,3867,0.0,NOT_REVIEWED,NOT_APPROVED
52,60,Винтовка Accuracy International AXMC,heavy,3550,0.0,5543,0.0,NOT_REVIEWED,NOT_APPROVED
52,48,Винтовка Barrett M98B,heavy,2907,0.0,4134,0.0,NOT_REVIEWED,NOT_APPROVED
52,64,Винтовка ORSIS T-5000 Elite,heavy,4011,0.0,5303,0.0,NOT_REVIEWED,NOT_APPROVED
52,33,Винтовка «Выхлоп»,heavy,3501,0.0,4099,0.0,NOT_REVIEWED,NOT_APPROVED
52,35,Винтовка ОСВ-96,heavy,3068,0.0,3921,0.0,NOT_REVIEWED,NOT_APPROVED
52,66,Винтовка Zastava M93 Black Arrow,heavy,4343,0.0,5286,0.0,NOT_REVIEWED,NOT_APPROVED
52,52,Винтовка АСВК «Корд»,heavy,3313,0.0,3365,0.0,NOT_REVIEWED,NOT_APPROVED
52,58,Винтовка Steyr HS .50,heavy,5108,0.0,5360,0.0,NOT_REVIEWED,NOT_APPROVED
52,49,Винтовка Barrett M82,heavy,2314,0.0,4439,0.0,NOT_REVIEWED,NOT_APPROVED
52,54,Винтовка McMillan TAC-50,heavy,4482,0.0,5794,0.0,NOT_REVIEWED,NOT_APPROVED
52,72,Винтовка Desert Tech HTI,heavy,4150,0.0,4091,0.0,NOT_REVIEWED,NOT_APPROVED
52,78,Винтовка Cheytac M200 Intervention,heavy,2692,0.0,5883,0.0,NOT_REVIEWED,NOT_APPROVED
52,73,Прототип X-17,heavy,2989,0.0,5654,0.0,NOT_REVIEWED,NOT_APPROVED
52,55,Гаусс-пушка,heavy,5896,0.0,6840,0.0,NOT_REVIEWED,NOT_APPROVED
52,4,Обрез охотничьего ружья,heavy,7673,0.0,7436,0.0,NOT_REVIEWED,NOT_APPROVED
52,8,ПП «Кедр»,heavy,8541,0.0,5908,0.0,NOT_REVIEWED,NOT_APPROVED
52,9,ПП-19 «Бизон»,heavy,6623,0.0,7438,0.0,NOT_REVIEWED,NOT_APPROVED
52,20,Дробовик Сайга-410,heavy,5101,0.0,5716,0.0,NOT_REVIEWED,NOT_APPROVED
52,106,Дробовик Mossberg 500,heavy,5567,0.0,3445,0.0,NOT_REVIEWED,NOT_APPROVED
52,107,Дробовик Stoeger P3000,heavy,6043,0.0,4013,0.0,NOT_REVIEWED,NOT_APPROVED
52,108,Дробовик Remington 870,heavy,5688,0.0,4550,0.0,NOT_REVIEWED,NOT_APPROVED
52,109,Дробовик Winchester Model 1300,heavy,5741,0.0,3453,0.0,NOT_REVIEWED,NOT_APPROVED
52,110,Дробовик Ithaca 37,heavy,5731,0.0,3955,0.0,NOT_REVIEWED,NOT_APPROVED
52,111,Дробовик Browning BPS,heavy,5480,0.0,3343,0.0,NOT_REVIEWED,NOT_APPROVED
52,19,Дробовик СПАС-12,heavy,5277,0.0,6312,0.0,NOT_REVIEWED,NOT_APPROVED
52,112,Дробовик Winchester SXP Defender,heavy,5113,0.0,5069,0.0,NOT_REVIEWED,NOT_APPROVED
52,113,Дробовик Mossberg 590A1,heavy,5639,0.0,3943,0.0,NOT_REVIEWED,NOT_APPROVED
52,114,Дробовик Remington 870 MCS,heavy,4223,0.0,5435,0.0,NOT_REVIEWED,NOT_APPROVED
52,32,Дробовик Сайга-12К,heavy,3522,0.0,3583,0.0,NOT_REVIEWED,NOT_APPROVED
52,115,Дробовик Benelli Nova,heavy,5652,0.0,3684,0.0,NOT_REVIEWED,NOT_APPROVED
52,116,Дробовик TOZ-194,heavy,5366,0.0,3172,0.0,NOT_REVIEWED,NOT_APPROVED
52,44,Дробовик «Вепрь-12»,heavy,3955,0.0,5096,0.0,NOT_REVIEWED,NOT_APPROVED
52,117,Дробовик Remington 1100,heavy,5591,0.0,3492,0.0,NOT_REVIEWED,NOT_APPROVED
52,62,Дробовик Kel-Tec KSG,heavy,4561,0.0,3776,0.0,NOT_REVIEWED,NOT_APPROVED
52,118,Дробовик Beretta 1301 Tactical,heavy,4002,0.0,4931,0.0,NOT_REVIEWED,NOT_APPROVED
52,50,Дробовик Benelli M4,heavy,4528,0.0,5681,0.0,NOT_REVIEWED,NOT_APPROVED
52,119,Дробовик Fabarm STF/12,heavy,4785,0.0,5361,0.0,NOT_REVIEWED,NOT_APPROVED
52,56,Дробовик AA-12,heavy,6154,0.0,4033,0.0,NOT_REVIEWED,NOT_APPROVED
52,120,Дробовик Winchester SX4,heavy,5735,0.0,4021,0.0,NOT_REVIEWED,NOT_APPROVED
52,121,Дробовик Browning A5,heavy,5760,0.0,3706,0.0,NOT_REVIEWED,NOT_APPROVED
52,68,Дробовик Franchi SPAS-15,heavy,4896,0.0,5100,0.0,NOT_REVIEWED,NOT_APPROVED
52,122,Дробовик Remington 870 Magnum,heavy,6830,0.0,4725,0.0,NOT_REVIEWED,NOT_APPROVED
52,123,Дробовик Benelli Vinci,heavy,5958,0.0,3499,0.0,NOT_REVIEWED,NOT_APPROVED
52,74,Дробовик USAS-12,heavy,3813,0.0,5814,0.0,NOT_REVIEWED,NOT_APPROVED
52,124,Дробовик Ithaca Mag-10,heavy,3674,0.0,4487,0.0,NOT_REVIEWED,NOT_APPROVED
52,125,Дробовик Remington SP-10,heavy,4839,0.0,4030,0.0,NOT_REVIEWED,NOT_APPROVED
53,86,Beretta 21A Bobcat,pistol,7314,0.0,,,NOT_REVIEWED,NOT_APPROVED
53,2,Пистолет ПСМ,pistol,6914,0.0,,,NOT_REVIEWED,NOT_APPROVED
53,87,Walther PPK,pistol,7213,0.0,,,NOT_REVIEWED,NOT_APPROVED
53,1,Пистолет Макарова,pistol,6810,0.0,,,NOT_REVIEWED,NOT_APPROVED
53,3,Пистолет ИЖ-71,pistol,6389,0.0,,,NOT_REVIEWED,NOT_APPROVED
53,88,Glock 25,pistol,6623,0.0,,,NOT_REVIEWED,NOT_APPROVED
53,5,Пистолет ОЦ-33 «Пернач»,pistol,6849,0.0,,,NOT_REVIEWED,NOT_APPROVED
53,6,Револьвер Наган,pistol,4758,0.0,,,NOT_REVIEWED,NOT_APPROVED
53,89,Walther P99,pistol,6549,0.0,,,NOT_REVIEWED,NOT_APPROVED
53,90,CZ 75,pistol,6418,0.0,,,NOT_REVIEWED,NOT_APPROVED
53,91,Glock 17,pistol,6430,0.0,,,NOT_REVIEWED,NOT_APPROVED
53,92,Beretta 92FS,pistol,6014,0.0,,,NOT_REVIEWED,NOT_APPROVED
53,93,SIG Sauer P226,pistol,7123,0.0,,,NOT_REVIEWED,NOT_APPROVED
53,7,Пистолет ТТ,pistol,6699,0.0,,,NOT_REVIEWED,NOT_APPROVED
53,94,HK USP,pistol,6605,0.0,,,NOT_REVIEWED,NOT_APPROVED
53,95,Glock 22,pistol,6467,0.0,,,NOT_REVIEWED,NOT_APPROVED
53,96,SIG Sauer P229,pistol,7130,0.0,,,NOT_REVIEWED,NOT_APPROVED
53,97,Glock 20,pistol,7061,0.0,,,NOT_REVIEWED,NOT_APPROVED
53,98,Colt 1911,pistol,6539,0.0,,,NOT_REVIEWED,NOT_APPROVED
53,99,Glock 21,pistol,6644,0.0,,,NOT_REVIEWED,NOT_APPROVED
53,100,CZ 97B,pistol,6964,0.0,,,NOT_REVIEWED,NOT_APPROVED
53,101,HK Mark 23,pistol,5826,0.0,,,NOT_REVIEWED,NOT_APPROVED
53,102,Taurus Judge,pistol,5833,0.0,,,NOT_REVIEWED,NOT_APPROVED
53,103,Smith & Wesson Model 29,pistol,3977,0.0,,,NOT_REVIEWED,NOT_APPROVED
53,104,Taurus Raging Bull,pistol,4342,0.0,,,NOT_REVIEWED,NOT_APPROVED
53,105,Desert Eagle Mark XIX,pistol,7509,0.0,,,NOT_REVIEWED,NOT_APPROVED
53,11,Автомат АКС-74У,heavy,5987,0.0,4577,0.0,NOT_REVIEWED,NOT_APPROVED
53,12,Автомат АК-74,heavy,6085,0.0,3102,0.0,NOT_REVIEWED,NOT_APPROVED
53,37,Автомат АК-107,heavy,4103,0.0,917,0.0,NOT_REVIEWED,NOT_APPROVED
53,21,Автомат АК-12,heavy,5161,0.0,979,0.0,NOT_REVIEWED,NOT_APPROVED
53,26,Автомат АН-94 «Абакан»,heavy,4230,0.0,1451,0.0,NOT_REVIEWED,NOT_APPROVED
53,17,Пулемёт РПК-74,heavy,3796,0.0,1803,0.0,NOT_REVIEWED,NOT_APPROVED
53,38,Автомат ADAR 2-15,heavy,5532,0.0,857,0.0,NOT_REVIEWED,NOT_APPROVED
53,45,Автомат АК-19,heavy,4428,0.0,1169,0.0,NOT_REVIEWED,NOT_APPROVED
53,57,Автомат HK416,heavy,4536,0.0,1840,0.0,NOT_REVIEWED,NOT_APPROVED
53,69,Автомат CZ Bren 2,heavy,4222,0.0,2955,0.0,NOT_REVIEWED,NOT_APPROVED
53,67,Пулемёт Minimi Mk3,heavy,3247,0.0,2206,0.0,NOT_REVIEWED,NOT_APPROVED
53,43,Автомат ОЦ-14 «Гроза»,heavy,4768,0.0,427,0.0,NOT_REVIEWED,NOT_APPROVED
53,16,Карабин «Вепрь»,heavy,5720,0.0,2644,0.0,NOT_REVIEWED,NOT_APPROVED
53,15,Автомат АК-103,heavy,4777,0.0,1951,0.0,NOT_REVIEWED,NOT_APPROVED
53,25,Пулемёт РПД,heavy,3392,0.0,2013,0.0,NOT_REVIEWED,NOT_APPROVED
53,18,Автомат АС «Вал»,heavy,4477,0.0,1299,0.0,NOT_REVIEWED,NOT_APPROVED
53,10,Карабин Сайга-12,heavy,6356,0.0,4432,0.0,NOT_REVIEWED,NOT_APPROVED
53,63,Автомат АК-308,heavy,4222,0.0,1114,0.0,NOT_REVIEWED,NOT_APPROVED
53,51,Автомат ЛР-308,heavy,3905,0.0,0,1.0,NOT_REVIEWED,NOT_APPROVED
53,75,Автомат SCAR-H,heavy,4323,0.0,2169,0.0,NOT_REVIEWED,NOT_APPROVED
53,61,Пулемёт M60E6,heavy,3710,0.0,2171,0.0,NOT_REVIEWED,NOT_APPROVED
53,59,Пулемёт M240,heavy,3572,0.0,1221,0.0,NOT_REVIEWED,NOT_APPROVED
53,71,Пулемёт FN MAG,heavy,3067,0.0,1251,0.0,NOT_REVIEWED,NOT_APPROVED
53,77,Пулемёт Negev NG7,heavy,3252,0.0,1047,0.0,NOT_REVIEWED,NOT_APPROVED
53,22,Пулемёт ПКМ,heavy,2352,0.0,2826,0.0,NOT_REVIEWED,NOT_APPROVED
53,29,Пулемёт «Печенег»,heavy,3642,0.0,3549,0.0,NOT_REVIEWED,NOT_APPROVED
53,53,Пулемёт «Печенег-СП»,heavy,3860,0.0,1210,0.0,NOT_REVIEWED,NOT_APPROVED
53,47,Автомат АК-АН «Абакан-100»,heavy,3445,0.0,2121,0.0,NOT_REVIEWED,NOT_APPROVED
53,65,Пулемёт «Утёс-М»,heavy,4263,0.0,3297,0.0,NOT_REVIEWED,NOT_APPROVED
53,14,Винтовка СКС,heavy,5937,0.0,5470,0.0,NOT_REVIEWED,NOT_APPROVED
53,46,Винтовка SSG 08,heavy,3465,0.0,1102,0.0,NOT_REVIEWED,NOT_APPROVED
53,42,Винтовка SR-25,heavy,4012,0.0,11,0.0,NOT_REVIEWED,NOT_APPROVED
53,13,Винтовка СВД,heavy,5513,0.0,4043,0.0,NOT_REVIEWED,NOT_APPROVED
53,24,Винтовка СВДС,heavy,3926,0.0,2688,0.0,NOT_REVIEWED,NOT_APPROVED
53,23,Винтовка Т-5000,heavy,3088,0.0,1050,0.0,NOT_REVIEWED,NOT_APPROVED
53,28,Винтовка СВ-98,heavy,4529,0.0,2551,0.0,NOT_REVIEWED,NOT_APPROVED
53,36,Винтовка СВК,heavy,3077,0.0,1252,0.0,NOT_REVIEWED,NOT_APPROVED
53,30,Винтовка ВСС «Винторез»,heavy,4704,0.0,1859,0.0,NOT_REVIEWED,NOT_APPROVED
53,40,Винтовка ВСК-94,heavy,4269,0.0,1898,0.0,NOT_REVIEWED,NOT_APPROVED
53,31,Винтовка СВ-338,heavy,3720,0.0,1184,0.0,NOT_REVIEWED,NOT_APPROVED
53,27,Винтовка ОРСИС T-5000M,heavy,4045,0.0,1753,0.0,NOT_REVIEWED,NOT_APPROVED
53,70,Винтовка Sako TRG-42,heavy,4000,0.0,2275,0.0,NOT_REVIEWED,NOT_APPROVED
53,76,Винтовка Blaser R93 Tactical 2,heavy,3795,0.0,2675,0.0,NOT_REVIEWED,NOT_APPROVED
53,39,Винтовка ORSIS T-5000 Sniper Pro,heavy,3825,0.0,1301,0.0,NOT_REVIEWED,NOT_APPROVED
53,60,Винтовка Accuracy International AXMC,heavy,3551,0.0,3099,0.0,NOT_REVIEWED,NOT_APPROVED
53,48,Винтовка Barrett M98B,heavy,2913,0.0,1724,0.0,NOT_REVIEWED,NOT_APPROVED
53,64,Винтовка ORSIS T-5000 Elite,heavy,4033,0.0,3826,0.0,NOT_REVIEWED,NOT_APPROVED
53,33,Винтовка «Выхлоп»,heavy,3501,0.0,1631,0.0,NOT_REVIEWED,NOT_APPROVED
53,35,Винтовка ОСВ-96,heavy,3068,0.0,2016,0.0,NOT_REVIEWED,NOT_APPROVED
53,66,Винтовка Zastava M93 Black Arrow,heavy,4341,0.0,3463,0.0,NOT_REVIEWED,NOT_APPROVED
53,52,Винтовка АСВК «Корд»,heavy,3313,0.0,1460,0.0,NOT_REVIEWED,NOT_APPROVED
53,58,Винтовка Steyr HS .50,heavy,5108,0.0,4718,0.0,NOT_REVIEWED,NOT_APPROVED
53,49,Винтовка Barrett M82,heavy,2314,0.0,1089,0.0,NOT_REVIEWED,NOT_APPROVED
53,54,Винтовка McMillan TAC-50,heavy,4476,0.0,3234,0.0,NOT_REVIEWED,NOT_APPROVED
53,72,Винтовка Desert Tech HTI,heavy,4147,0.0,743,0.0,NOT_REVIEWED,NOT_APPROVED
53,78,Винтовка Cheytac M200 Intervention,heavy,2697,0.0,3229,0.0,NOT_REVIEWED,NOT_APPROVED
53,73,Прототип X-17,heavy,2989,0.0,2450,0.0,NOT_REVIEWED,NOT_APPROVED
53,55,Гаусс-пушка,heavy,5896,0.0,4260,0.0,NOT_REVIEWED,NOT_APPROVED
53,4,Обрез охотничьего ружья,heavy,7673,0.0,4884,0.0,NOT_REVIEWED,NOT_APPROVED
53,8,ПП «Кедр»,heavy,8579,0.0,3627,0.0,NOT_REVIEWED,NOT_APPROVED
53,9,ПП-19 «Бизон»,heavy,6646,0.0,7367,0.0,NOT_REVIEWED,NOT_APPROVED
53,20,Дробовик Сайга-410,heavy,5123,0.0,2283,0.0,NOT_REVIEWED,NOT_APPROVED
53,106,Дробовик Mossberg 500,heavy,5554,0.0,5179,0.0,NOT_REVIEWED,NOT_APPROVED
53,107,Дробовик Stoeger P3000,heavy,6057,0.0,5358,0.0,NOT_REVIEWED,NOT_APPROVED
53,108,Дробовик Remington 870,heavy,5688,0.0,4993,0.0,NOT_REVIEWED,NOT_APPROVED
53,109,Дробовик Winchester Model 1300,heavy,5741,0.0,5113,0.0,NOT_REVIEWED,NOT_APPROVED
53,110,Дробовик Ithaca 37,heavy,5710,0.0,5165,0.0,NOT_REVIEWED,NOT_APPROVED
53,111,Дробовик Browning BPS,heavy,5494,0.0,5223,0.0,NOT_REVIEWED,NOT_APPROVED
53,19,Дробовик СПАС-12,heavy,5277,0.0,3125,0.0,NOT_REVIEWED,NOT_APPROVED
53,112,Дробовик Winchester SXP Defender,heavy,5113,0.0,1752,0.0,NOT_REVIEWED,NOT_APPROVED
53,113,Дробовик Mossberg 590A1,heavy,5631,0.0,5037,0.0,NOT_REVIEWED,NOT_APPROVED
53,114,Дробовик Remington 870 MCS,heavy,4217,0.0,2104,0.0,NOT_REVIEWED,NOT_APPROVED
53,32,Дробовик Сайга-12К,heavy,3522,0.0,532,0.0,NOT_REVIEWED,NOT_APPROVED
53,115,Дробовик Benelli Nova,heavy,5652,0.0,5187,0.0,NOT_REVIEWED,NOT_APPROVED
53,116,Дробовик TOZ-194,heavy,5366,0.0,4186,0.0,NOT_REVIEWED,NOT_APPROVED
53,44,Дробовик «Вепрь-12»,heavy,3955,0.0,1629,0.0,NOT_REVIEWED,NOT_APPROVED
53,117,Дробовик Remington 1100,heavy,5591,0.0,5074,0.0,NOT_REVIEWED,NOT_APPROVED
53,62,Дробовик Kel-Tec KSG,heavy,4561,0.0,684,0.0,NOT_REVIEWED,NOT_APPROVED
53,118,Дробовик Beretta 1301 Tactical,heavy,4013,0.0,1540,0.0,NOT_REVIEWED,NOT_APPROVED
53,50,Дробовик Benelli M4,heavy,4532,0.0,2570,0.0,NOT_REVIEWED,NOT_APPROVED
53,119,Дробовик Fabarm STF/12,heavy,4770,0.0,2013,0.0,NOT_REVIEWED,NOT_APPROVED
53,56,Дробовик AA-12,heavy,6183,0.0,865,0.0,NOT_REVIEWED,NOT_APPROVED
53,120,Дробовик Winchester SX4,heavy,5735,0.0,4935,0.0,NOT_REVIEWED,NOT_APPROVED
53,121,Дробовик Browning A5,heavy,5760,0.0,5007,0.0,NOT_REVIEWED,NOT_APPROVED
53,68,Дробовик Franchi SPAS-15,heavy,4908,0.0,2296,0.0,NOT_REVIEWED,NOT_APPROVED
53,122,Дробовик Remington 870 Magnum,heavy,6805,0.0,5419,0.0,NOT_REVIEWED,NOT_APPROVED
53,123,Дробовик Benelli Vinci,heavy,5958,0.0,5242,0.0,NOT_REVIEWED,NOT_APPROVED
53,74,Дробовик USAS-12,heavy,3819,0.0,4283,0.0,NOT_REVIEWED,NOT_APPROVED
53,124,Дробовик Ithaca Mag-10,heavy,3669,0.0,1164,0.0,NOT_REVIEWED,NOT_APPROVED
53,125,Дробовик Remington SP-10,heavy,4839,0.0,898,0.0,NOT_REVIEWED,NOT_APPROVED
54,86,Beretta 21A Bobcat,pistol,7190,0.0,,,NOT_REVIEWED,NOT_APPROVED
54,2,Пистолет ПСМ,pistol,6819,0.0,,,NOT_REVIEWED,NOT_APPROVED
54,87,Walther PPK,pistol,7074,0.0,,,NOT_REVIEWED,NOT_APPROVED
54,1,Пистолет Макарова,pistol,6760,0.0,,,NOT_REVIEWED,NOT_APPROVED
54,3,Пистолет ИЖ-71,pistol,6433,0.0,,,NOT_REVIEWED,NOT_APPROVED
54,88,Glock 25,pistol,6587,0.0,,,NOT_REVIEWED,NOT_APPROVED
54,5,Пистолет ОЦ-33 «Пернач»,pistol,6764,0.0,,,NOT_REVIEWED,NOT_APPROVED
54,6,Револьвер Наган,pistol,4816,0.0,,,NOT_REVIEWED,NOT_APPROVED
54,89,Walther P99,pistol,6474,0.0,,,NOT_REVIEWED,NOT_APPROVED
54,90,CZ 75,pistol,6345,0.0,,,NOT_REVIEWED,NOT_APPROVED
54,91,Glock 17,pistol,6382,0.0,,,NOT_REVIEWED,NOT_APPROVED
54,92,Beretta 92FS,pistol,5918,0.0,,,NOT_REVIEWED,NOT_APPROVED
54,93,SIG Sauer P226,pistol,7098,0.0,,,NOT_REVIEWED,NOT_APPROVED
54,7,Пистолет ТТ,pistol,6635,0.0,,,NOT_REVIEWED,NOT_APPROVED
54,94,HK USP,pistol,6466,0.0,,,NOT_REVIEWED,NOT_APPROVED
54,95,Glock 22,pistol,6407,0.0,,,NOT_REVIEWED,NOT_APPROVED
54,96,SIG Sauer P229,pistol,6996,0.0,,,NOT_REVIEWED,NOT_APPROVED
54,97,Glock 20,pistol,6969,0.0,,,NOT_REVIEWED,NOT_APPROVED
54,98,Colt 1911,pistol,6423,0.0,,,NOT_REVIEWED,NOT_APPROVED
54,99,Glock 21,pistol,6579,0.0,,,NOT_REVIEWED,NOT_APPROVED
54,100,CZ 97B,pistol,6863,0.0,,,NOT_REVIEWED,NOT_APPROVED
54,101,HK Mark 23,pistol,5689,0.0,,,NOT_REVIEWED,NOT_APPROVED
54,102,Taurus Judge,pistol,5832,0.0,,,NOT_REVIEWED,NOT_APPROVED
54,103,Smith & Wesson Model 29,pistol,4022,0.0,,,NOT_REVIEWED,NOT_APPROVED
54,104,Taurus Raging Bull,pistol,4354,0.0,,,NOT_REVIEWED,NOT_APPROVED
54,105,Desert Eagle Mark XIX,pistol,7731,0.0,,,NOT_REVIEWED,NOT_APPROVED
54,11,Автомат АКС-74У,heavy,5979,0.0,3048,0.0,NOT_REVIEWED,NOT_APPROVED
54,12,Автомат АК-74,heavy,6103,0.0,1852,0.0,NOT_REVIEWED,NOT_APPROVED
54,37,Автомат АК-107,heavy,4110,0.0,96,0.0,NOT_REVIEWED,NOT_APPROVED
54,21,Автомат АК-12,heavy,5161,0.0,126,0.0,NOT_REVIEWED,NOT_APPROVED
54,26,Автомат АН-94 «Абакан»,heavy,4230,0.0,556,0.0,NOT_REVIEWED,NOT_APPROVED
54,17,Пулемёт РПК-74,heavy,3796,0.0,780,0.0,NOT_REVIEWED,NOT_APPROVED
54,38,Автомат ADAR 2-15,heavy,5510,0.0,94,0.0,NOT_REVIEWED,NOT_APPROVED
54,45,Автомат АК-19,heavy,4424,0.0,362,0.0,NOT_REVIEWED,NOT_APPROVED
54,57,Автомат HK416,heavy,4536,0.0,1694,0.0,NOT_REVIEWED,NOT_APPROVED
54,69,Автомат CZ Bren 2,heavy,4222,0.0,1831,0.0,NOT_REVIEWED,NOT_APPROVED
54,67,Пулемёт Minimi Mk3,heavy,3250,0.0,1120,0.0,NOT_REVIEWED,NOT_APPROVED
54,43,Автомат ОЦ-14 «Гроза»,heavy,4768,0.0,0,5.83,NOT_REVIEWED,NOT_APPROVED
54,16,Карабин «Вепрь»,heavy,5720,0.0,1493,0.0,NOT_REVIEWED,NOT_APPROVED
54,15,Автомат АК-103,heavy,4777,0.0,953,0.0,NOT_REVIEWED,NOT_APPROVED
54,25,Пулемёт РПД,heavy,3392,0.0,1012,0.0,NOT_REVIEWED,NOT_APPROVED
54,18,Автомат АС «Вал»,heavy,4486,0.0,414,0.0,NOT_REVIEWED,NOT_APPROVED
54,10,Карабин Сайга-12,heavy,6356,0.0,2662,0.0,NOT_REVIEWED,NOT_APPROVED
54,63,Автомат АК-308,heavy,4222,0.0,193,0.0,NOT_REVIEWED,NOT_APPROVED
54,51,Автомат ЛР-308,heavy,3905,0.0,0,15.0,NOT_REVIEWED,NOT_APPROVED
54,75,Автомат SCAR-H,heavy,4323,0.0,1497,0.0,NOT_REVIEWED,NOT_APPROVED
54,61,Пулемёт M60E6,heavy,3705,0.0,1115,0.0,NOT_REVIEWED,NOT_APPROVED
54,59,Пулемёт M240,heavy,3572,0.0,349,0.0,NOT_REVIEWED,NOT_APPROVED
54,71,Пулемёт FN MAG,heavy,3067,0.0,411,0.0,NOT_REVIEWED,NOT_APPROVED
54,77,Пулемёт Negev NG7,heavy,3246,0.0,282,0.0,NOT_REVIEWED,NOT_APPROVED
54,22,Пулемёт ПКМ,heavy,2352,0.0,1661,0.0,NOT_REVIEWED,NOT_APPROVED
54,29,Пулемёт «Печенег»,heavy,3642,0.0,1987,0.0,NOT_REVIEWED,NOT_APPROVED
54,53,Пулемёт «Печенег-СП»,heavy,3848,0.0,278,0.0,NOT_REVIEWED,NOT_APPROVED
54,47,Автомат АК-АН «Абакан-100»,heavy,3445,0.0,1102,0.0,NOT_REVIEWED,NOT_APPROVED
54,65,Пулемёт «Утёс-М»,heavy,4274,0.0,1764,0.0,NOT_REVIEWED,NOT_APPROVED
54,14,Винтовка СКС,heavy,5950,0.0,3886,0.0,NOT_REVIEWED,NOT_APPROVED
54,46,Винтовка SSG 08,heavy,3459,0.0,283,0.0,NOT_REVIEWED,NOT_APPROVED
54,42,Винтовка SR-25,heavy,4012,0.0,0,14.0,NOT_REVIEWED,NOT_APPROVED
54,13,Винтовка СВД,heavy,5513,0.0,3029,0.0,NOT_REVIEWED,NOT_APPROVED
54,24,Винтовка СВДС,heavy,3921,0.0,1589,0.0,NOT_REVIEWED,NOT_APPROVED
54,23,Винтовка Т-5000,heavy,3088,0.0,225,0.0,NOT_REVIEWED,NOT_APPROVED
54,28,Винтовка СВ-98,heavy,4517,0.0,1451,0.0,NOT_REVIEWED,NOT_APPROVED
54,36,Винтовка СВК,heavy,3077,0.0,331,0.0,NOT_REVIEWED,NOT_APPROVED
54,30,Винтовка ВСС «Винторез»,heavy,4692,0.0,890,0.0,NOT_REVIEWED,NOT_APPROVED
54,40,Винтовка ВСК-94,heavy,4284,0.0,757,0.0,NOT_REVIEWED,NOT_APPROVED
54,31,Винтовка СВ-338,heavy,3721,0.0,575,0.0,NOT_REVIEWED,NOT_APPROVED
54,27,Винтовка ОРСИС T-5000M,heavy,4050,0.0,824,0.0,NOT_REVIEWED,NOT_APPROVED
54,70,Винтовка Sako TRG-42,heavy,3958,0.0,1243,0.0,NOT_REVIEWED,NOT_APPROVED
54,76,Винтовка Blaser R93 Tactical 2,heavy,3818,0.0,1546,0.0,NOT_REVIEWED,NOT_APPROVED
54,39,Винтовка ORSIS T-5000 Sniper Pro,heavy,3843,0.0,433,0.0,NOT_REVIEWED,NOT_APPROVED
54,60,Винтовка Accuracy International AXMC,heavy,3550,0.0,1984,0.0,NOT_REVIEWED,NOT_APPROVED
54,48,Винтовка Barrett M98B,heavy,2907,0.0,1189,0.0,NOT_REVIEWED,NOT_APPROVED
54,64,Винтовка ORSIS T-5000 Elite,heavy,4011,0.0,2577,0.0,NOT_REVIEWED,NOT_APPROVED
54,33,Винтовка «Выхлоп»,heavy,3501,0.0,685,0.0,NOT_REVIEWED,NOT_APPROVED
54,35,Винтовка ОСВ-96,heavy,3068,0.0,1397,0.0,NOT_REVIEWED,NOT_APPROVED
54,66,Винтовка Zastava M93 Black Arrow,heavy,4343,0.0,2097,0.0,NOT_REVIEWED,NOT_APPROVED
54,52,Винтовка АСВК «Корд»,heavy,3313,0.0,485,0.0,NOT_REVIEWED,NOT_APPROVED
54,58,Винтовка Steyr HS .50,heavy,5108,0.0,3390,0.0,NOT_REVIEWED,NOT_APPROVED
54,49,Винтовка Barrett M82,heavy,2314,0.0,450,0.0,NOT_REVIEWED,NOT_APPROVED
54,54,Винтовка McMillan TAC-50,heavy,4482,0.0,2377,0.0,NOT_REVIEWED,NOT_APPROVED
54,72,Винтовка Desert Tech HTI,heavy,4150,0.0,176,0.0,NOT_REVIEWED,NOT_APPROVED
54,78,Винтовка Cheytac M200 Intervention,heavy,2692,0.0,1719,0.0,NOT_REVIEWED,NOT_APPROVED
54,73,Прототип X-17,heavy,2989,0.0,1427,0.0,NOT_REVIEWED,NOT_APPROVED
54,55,Гаусс-пушка,heavy,5896,0.0,2809,0.0,NOT_REVIEWED,NOT_APPROVED
54,4,Обрез охотничьего ружья,heavy,7673,0.0,3436,0.0,NOT_REVIEWED,NOT_APPROVED
54,8,ПП «Кедр»,heavy,8579,0.0,2021,0.0,NOT_REVIEWED,NOT_APPROVED
54,9,ПП-19 «Бизон»,heavy,6646,0.0,6020,0.0,NOT_REVIEWED,NOT_APPROVED
54,20,Дробовик Сайга-410,heavy,5118,0.0,1281,0.0,NOT_REVIEWED,NOT_APPROVED
54,106,Дробовик Mossberg 500,heavy,5567,0.0,4689,0.0,NOT_REVIEWED,NOT_APPROVED
54,107,Дробовик Stoeger P3000,heavy,6043,0.0,4668,0.0,NOT_REVIEWED,NOT_APPROVED
54,108,Дробовик Remington 870,heavy,5688,0.0,3925,0.0,NOT_REVIEWED,NOT_APPROVED
54,109,Дробовик Winchester Model 1300,heavy,5741,0.0,4592,0.0,NOT_REVIEWED,NOT_APPROVED
54,110,Дробовик Ithaca 37,heavy,5731,0.0,4418,0.0,NOT_REVIEWED,NOT_APPROVED
54,111,Дробовик Browning BPS,heavy,5480,0.0,4730,0.0,NOT_REVIEWED,NOT_APPROVED
54,19,Дробовик СПАС-12,heavy,5277,0.0,1837,0.0,NOT_REVIEWED,NOT_APPROVED
54,112,Дробовик Winchester SXP Defender,heavy,5113,0.0,865,0.0,NOT_REVIEWED,NOT_APPROVED
54,113,Дробовик Mossberg 590A1,heavy,5639,0.0,4360,0.0,NOT_REVIEWED,NOT_APPROVED
54,114,Дробовик Remington 870 MCS,heavy,4223,0.0,1181,0.0,NOT_REVIEWED,NOT_APPROVED
54,32,Дробовик Сайга-12К,heavy,3522,0.0,0,3.0,NOT_REVIEWED,NOT_APPROVED
54,115,Дробовик Benelli Nova,heavy,5652,0.0,4555,0.0,NOT_REVIEWED,NOT_APPROVED
54,116,Дробовик TOZ-194,heavy,5366,0.0,3599,0.0,NOT_REVIEWED,NOT_APPROVED
54,44,Дробовик «Вепрь-12»,heavy,3955,0.0,744,0.0,NOT_REVIEWED,NOT_APPROVED
54,117,Дробовик Remington 1100,heavy,5591,0.0,4541,0.0,NOT_REVIEWED,NOT_APPROVED
54,62,Дробовик Kel-Tec KSG,heavy,4561,0.0,120,0.0,NOT_REVIEWED,NOT_APPROVED
54,118,Дробовик Beretta 1301 Tactical,heavy,4002,0.0,699,0.0,NOT_REVIEWED,NOT_APPROVED
54,50,Дробовик Benelli M4,heavy,4528,0.0,1541,0.0,NOT_REVIEWED,NOT_APPROVED
54,119,Дробовик Fabarm STF/12,heavy,4786,0.0,1082,0.0,NOT_REVIEWED,NOT_APPROVED
54,56,Дробовик AA-12,heavy,6157,0.0,14,0.0,NOT_REVIEWED,NOT_APPROVED
54,120,Дробовик Winchester SX4,heavy,5735,0.0,4126,0.0,NOT_REVIEWED,NOT_APPROVED
54,121,Дробовик Browning A5,heavy,5760,0.0,4343,0.0,NOT_REVIEWED,NOT_APPROVED
54,68,Дробовик Franchi SPAS-15,heavy,4896,0.0,1252,0.0,NOT_REVIEWED,NOT_APPROVED
54,122,Дробовик Remington 870 Magnum,heavy,6830,0.0,4288,0.0,NOT_REVIEWED,NOT_APPROVED
54,123,Дробовик Benelli Vinci,heavy,5958,0.0,4679,0.0,NOT_REVIEWED,NOT_APPROVED
54,74,Дробовик USAS-12,heavy,3813,0.0,2644,0.0,NOT_REVIEWED,NOT_APPROVED
54,124,Дробовик Ithaca Mag-10,heavy,3674,0.0,349,0.0,NOT_REVIEWED,NOT_APPROVED
54,125,Дробовик Remington SP-10,heavy,4839,0.0,119,0.0,NOT_REVIEWED,NOT_APPROVED
55,86,Beretta 21A Bobcat,pistol,7826,0.0,,,NOT_REVIEWED,NOT_APPROVED
55,2,Пистолет ПСМ,pistol,7243,0.0,,,NOT_REVIEWED,NOT_APPROVED
55,87,Walther PPK,pistol,7614,0.0,,,NOT_REVIEWED,NOT_APPROVED
55,1,Пистолет Макарова,pistol,7036,0.0,,,NOT_REVIEWED,NOT_APPROVED
55,3,Пистолет ИЖ-71,pistol,6769,0.0,,,NOT_REVIEWED,NOT_APPROVED
55,88,Glock 25,pistol,6912,0.0,,,NOT_REVIEWED,NOT_APPROVED
55,5,Пистолет ОЦ-33 «Пернач»,pistol,7194,0.0,,,NOT_REVIEWED,NOT_APPROVED
55,6,Револьвер Наган,pistol,5172,0.0,,,NOT_REVIEWED,NOT_APPROVED
55,89,Walther P99,pistol,6938,0.0,,,NOT_REVIEWED,NOT_APPROVED
55,90,CZ 75,pistol,6596,0.0,,,NOT_REVIEWED,NOT_APPROVED
55,91,Glock 17,pistol,6702,0.0,,,NOT_REVIEWED,NOT_APPROVED
55,92,Beretta 92FS,pistol,6519,0.0,,,NOT_REVIEWED,NOT_APPROVED
55,93,SIG Sauer P226,pistol,7458,0.0,,,NOT_REVIEWED,NOT_APPROVED
55,7,Пистолет ТТ,pistol,7069,0.0,,,NOT_REVIEWED,NOT_APPROVED
55,94,HK USP,pistol,6972,0.0,,,NOT_REVIEWED,NOT_APPROVED
55,95,Glock 22,pistol,6767,0.0,,,NOT_REVIEWED,NOT_APPROVED
55,96,SIG Sauer P229,pistol,7521,0.0,,,NOT_REVIEWED,NOT_APPROVED
55,97,Glock 20,pistol,7444,0.0,,,NOT_REVIEWED,NOT_APPROVED
55,98,Colt 1911,pistol,6862,0.0,,,NOT_REVIEWED,NOT_APPROVED
55,99,Glock 21,pistol,6966,0.0,,,NOT_REVIEWED,NOT_APPROVED
55,100,CZ 97B,pistol,7317,0.0,,,NOT_REVIEWED,NOT_APPROVED
55,101,HK Mark 23,pistol,6326,0.0,,,NOT_REVIEWED,NOT_APPROVED
55,102,Taurus Judge,pistol,6223,0.0,,,NOT_REVIEWED,NOT_APPROVED
55,103,Smith & Wesson Model 29,pistol,4395,0.0,,,NOT_REVIEWED,NOT_APPROVED
55,104,Taurus Raging Bull,pistol,4783,0.0,,,NOT_REVIEWED,NOT_APPROVED
55,105,Desert Eagle Mark XIX,pistol,7993,0.0,,,NOT_REVIEWED,NOT_APPROVED
55,11,Автомат АКС-74У,heavy,5979,0.0,4322,0.0,NOT_REVIEWED,NOT_APPROVED
55,12,Автомат АК-74,heavy,6166,0.0,3474,0.0,NOT_REVIEWED,NOT_APPROVED
55,37,Автомат АК-107,heavy,4110,0.0,1105,0.0,NOT_REVIEWED,NOT_APPROVED
55,21,Автомат АК-12,heavy,5161,0.0,737,0.0,NOT_REVIEWED,NOT_APPROVED
55,26,Автомат АН-94 «Абакан»,heavy,4287,0.0,1838,0.0,NOT_REVIEWED,NOT_APPROVED
55,17,Пулемёт РПК-74,heavy,3796,0.0,2128,0.0,NOT_REVIEWED,NOT_APPROVED
55,38,Автомат ADAR 2-15,heavy,5510,0.0,824,0.0,NOT_REVIEWED,NOT_APPROVED
55,45,Автомат АК-19,heavy,4424,0.0,1427,0.0,NOT_REVIEWED,NOT_APPROVED
55,57,Автомат HK416,heavy,4536,0.0,1166,0.0,NOT_REVIEWED,NOT_APPROVED
55,69,Автомат CZ Bren 2,heavy,4222,0.0,2372,0.0,NOT_REVIEWED,NOT_APPROVED
55,67,Пулемёт Minimi Mk3,heavy,3250,0.0,2513,0.0,NOT_REVIEWED,NOT_APPROVED
55,43,Автомат ОЦ-14 «Гроза»,heavy,4705,0.0,338,0.0,NOT_REVIEWED,NOT_APPROVED
55,16,Карабин «Вепрь»,heavy,5787,0.0,3063,0.0,NOT_REVIEWED,NOT_APPROVED
55,15,Автомат АК-103,heavy,4777,0.0,2205,0.0,NOT_REVIEWED,NOT_APPROVED
55,25,Пулемёт РПД,heavy,3476,0.0,1522,0.0,NOT_REVIEWED,NOT_APPROVED
55,18,Автомат АС «Вал»,heavy,4540,0.0,1705,0.0,NOT_REVIEWED,NOT_APPROVED
55,10,Карабин Сайга-12,heavy,6409,0.0,4343,0.0,NOT_REVIEWED,NOT_APPROVED
55,63,Автомат АК-308,heavy,4222,0.0,1133,0.0,NOT_REVIEWED,NOT_APPROVED
55,51,Автомат ЛР-308,heavy,3905,0.0,0,5.83,NOT_REVIEWED,NOT_APPROVED
55,75,Автомат SCAR-H,heavy,4269,0.0,1447,0.0,NOT_REVIEWED,NOT_APPROVED
55,61,Пулемёт M60E6,heavy,3705,0.0,2470,0.0,NOT_REVIEWED,NOT_APPROVED
55,59,Пулемёт M240,heavy,3572,0.0,1500,0.0,NOT_REVIEWED,NOT_APPROVED
55,71,Пулемёт FN MAG,heavy,3067,0.0,1547,0.0,NOT_REVIEWED,NOT_APPROVED
55,77,Пулемёт Negev NG7,heavy,3246,0.0,1200,0.0,NOT_REVIEWED,NOT_APPROVED
55,22,Пулемёт ПКМ,heavy,2309,0.0,2508,0.0,NOT_REVIEWED,NOT_APPROVED
55,29,Пулемёт «Печенег»,heavy,3642,0.0,3457,0.0,NOT_REVIEWED,NOT_APPROVED
55,53,Пулемёт «Печенег-СП»,heavy,3848,0.0,1496,0.0,NOT_REVIEWED,NOT_APPROVED
55,47,Автомат АК-АН «Абакан-100»,heavy,3555,0.0,2503,0.0,NOT_REVIEWED,NOT_APPROVED
55,65,Пулемёт «Утёс-М»,heavy,4274,0.0,3581,0.0,NOT_REVIEWED,NOT_APPROVED
55,14,Винтовка СКС,heavy,5950,0.0,5644,0.0,NOT_REVIEWED,NOT_APPROVED
55,46,Винтовка SSG 08,heavy,3376,0.0,1206,0.0,NOT_REVIEWED,NOT_APPROVED
55,42,Винтовка SR-25,heavy,4012,0.0,0,5.0,NOT_REVIEWED,NOT_APPROVED
55,13,Винтовка СВД,heavy,5419,0.0,4446,0.0,NOT_REVIEWED,NOT_APPROVED
55,24,Винтовка СВДС,heavy,3811,0.0,2891,0.0,NOT_REVIEWED,NOT_APPROVED
55,23,Винтовка Т-5000,heavy,3088,0.0,1277,0.0,NOT_REVIEWED,NOT_APPROVED
55,28,Винтовка СВ-98,heavy,4604,0.0,2950,0.0,NOT_REVIEWED,NOT_APPROVED
55,36,Винтовка СВК,heavy,3077,0.0,1534,0.0,NOT_REVIEWED,NOT_APPROVED
55,30,Винтовка ВСС «Винторез»,heavy,4802,0.0,2305,0.0,NOT_REVIEWED,NOT_APPROVED
55,40,Винтовка ВСК-94,heavy,4284,0.0,2219,0.0,NOT_REVIEWED,NOT_APPROVED
55,31,Винтовка СВ-338,heavy,3721,0.0,1335,0.0,NOT_REVIEWED,NOT_APPROVED
55,27,Винтовка ОРСИС T-5000M,heavy,3940,0.0,1971,0.0,NOT_REVIEWED,NOT_APPROVED
55,70,Винтовка Sako TRG-42,heavy,4021,0.0,2681,0.0,NOT_REVIEWED,NOT_APPROVED
55,76,Винтовка Blaser R93 Tactical 2,heavy,3890,0.0,3111,0.0,NOT_REVIEWED,NOT_APPROVED
55,39,Винтовка ORSIS T-5000 Sniper Pro,heavy,3843,0.0,1651,0.0,NOT_REVIEWED,NOT_APPROVED
55,60,Винтовка Accuracy International AXMC,heavy,3550,0.0,3273,0.0,NOT_REVIEWED,NOT_APPROVED
55,48,Винтовка Barrett M98B,heavy,2907,0.0,1638,0.0,NOT_REVIEWED,NOT_APPROVED
55,64,Винтовка ORSIS T-5000 Elite,heavy,4011,0.0,3845,0.0,NOT_REVIEWED,NOT_APPROVED
55,33,Винтовка «Выхлоп»,heavy,3501,0.0,1993,0.0,NOT_REVIEWED,NOT_APPROVED
55,35,Винтовка ОСВ-96,heavy,3178,0.0,1682,0.0,NOT_REVIEWED,NOT_APPROVED
55,66,Винтовка Zastava M93 Black Arrow,heavy,4343,0.0,3752,0.0,NOT_REVIEWED,NOT_APPROVED
55,52,Винтовка АСВК «Корд»,heavy,3313,0.0,1852,0.0,NOT_REVIEWED,NOT_APPROVED
55,58,Винтовка Steyr HS .50,heavy,5108,0.0,4894,0.0,NOT_REVIEWED,NOT_APPROVED
55,49,Винтовка Barrett M82,heavy,2365,0.0,1425,0.0,NOT_REVIEWED,NOT_APPROVED
55,54,Винтовка McMillan TAC-50,heavy,4482,0.0,3128,0.0,NOT_REVIEWED,NOT_APPROVED
55,72,Винтовка Desert Tech HTI,heavy,4243,0.0,989,0.0,NOT_REVIEWED,NOT_APPROVED
55,78,Винтовка Cheytac M200 Intervention,heavy,2692,0.0,3235,0.0,NOT_REVIEWED,NOT_APPROVED
55,73,Прототип X-17,heavy,2989,0.0,2650,0.0,NOT_REVIEWED,NOT_APPROVED
55,55,Гаусс-пушка,heavy,5890,0.0,4380,0.0,NOT_REVIEWED,NOT_APPROVED
55,4,Обрез охотничьего ружья,heavy,7673,0.0,5057,0.0,NOT_REVIEWED,NOT_APPROVED
55,8,ПП «Кедр»,heavy,8579,0.0,3455,0.0,NOT_REVIEWED,NOT_APPROVED
55,9,ПП-19 «Бизон»,heavy,6701,0.0,6491,0.0,NOT_REVIEWED,NOT_APPROVED
55,20,Дробовик Сайга-410,heavy,5195,0.0,2698,0.0,NOT_REVIEWED,NOT_APPROVED
55,106,Дробовик Mossberg 500,heavy,5533,0.0,4996,0.0,NOT_REVIEWED,NOT_APPROVED
55,107,Дробовик Stoeger P3000,heavy,6003,0.0,5445,0.0,NOT_REVIEWED,NOT_APPROVED
55,108,Дробовик Remington 870,heavy,5746,0.0,5142,0.0,NOT_REVIEWED,NOT_APPROVED
55,109,Дробовик Winchester Model 1300,heavy,5741,0.0,4953,0.0,NOT_REVIEWED,NOT_APPROVED
55,110,Дробовик Ithaca 37,heavy,5694,0.0,5206,0.0,NOT_REVIEWED,NOT_APPROVED
55,111,Дробовик Browning BPS,heavy,5524,0.0,5005,0.0,NOT_REVIEWED,NOT_APPROVED
55,19,Дробовик СПАС-12,heavy,5277,0.0,3388,0.0,NOT_REVIEWED,NOT_APPROVED
55,112,Дробовик Winchester SXP Defender,heavy,5113,0.0,1988,0.0,NOT_REVIEWED,NOT_APPROVED
55,113,Дробовик Mossberg 590A1,heavy,5682,0.0,5114,0.0,NOT_REVIEWED,NOT_APPROVED
55,114,Дробовик Remington 870 MCS,heavy,4223,0.0,2335,0.0,NOT_REVIEWED,NOT_APPROVED
55,32,Дробовик Сайга-12К,heavy,3522,0.0,412,0.0,NOT_REVIEWED,NOT_APPROVED
55,115,Дробовик Benelli Nova,heavy,5626,0.0,5235,0.0,NOT_REVIEWED,NOT_APPROVED
55,116,Дробовик TOZ-194,heavy,5332,0.0,4235,0.0,NOT_REVIEWED,NOT_APPROVED
55,44,Дробовик «Вепрь-12»,heavy,3955,0.0,1948,0.0,NOT_REVIEWED,NOT_APPROVED
55,117,Дробовик Remington 1100,heavy,5591,0.0,5006,0.0,NOT_REVIEWED,NOT_APPROVED
55,62,Дробовик Kel-Tec KSG,heavy,4561,0.0,578,0.0,NOT_REVIEWED,NOT_APPROVED
55,118,Дробовик Beretta 1301 Tactical,heavy,3947,0.0,1676,0.0,NOT_REVIEWED,NOT_APPROVED
55,50,Дробовик Benelli M4,heavy,4528,0.0,2806,0.0,NOT_REVIEWED,NOT_APPROVED
55,119,Дробовик Fabarm STF/12,heavy,4786,0.0,2262,0.0,NOT_REVIEWED,NOT_APPROVED
55,56,Дробовик AA-12,heavy,6157,0.0,931,0.0,NOT_REVIEWED,NOT_APPROVED
55,120,Дробовик Winchester SX4,heavy,5693,0.0,5118,0.0,NOT_REVIEWED,NOT_APPROVED
55,121,Дробовик Browning A5,heavy,5760,0.0,5103,0.0,NOT_REVIEWED,NOT_APPROVED
55,68,Дробовик Franchi SPAS-15,heavy,4843,0.0,2252,0.0,NOT_REVIEWED,NOT_APPROVED
55,122,Дробовик Remington 870 Magnum,heavy,6748,0.0,5415,0.0,NOT_REVIEWED,NOT_APPROVED
55,123,Дробовик Benelli Vinci,heavy,5958,0.0,5179,0.0,NOT_REVIEWED,NOT_APPROVED
55,74,Дробовик USAS-12,heavy,3768,0.0,3784,0.0,NOT_REVIEWED,NOT_APPROVED
55,124,Дробовик Ithaca Mag-10,heavy,3618,0.0,1225,0.0,NOT_REVIEWED,NOT_APPROVED
55,125,Дробовик Remington SP-10,heavy,4897,0.0,925,0.0,NOT_REVIEWED,NOT_APPROVED
56,86,Beretta 21A Bobcat,pistol,7331,0.0,,,NOT_REVIEWED,NOT_APPROVED
56,2,Пистолет ПСМ,pistol,6931,0.0,,,NOT_REVIEWED,NOT_APPROVED
56,87,Walther PPK,pistol,7196,0.0,,,NOT_REVIEWED,NOT_APPROVED
56,1,Пистолет Макарова,pistol,6865,0.0,,,NOT_REVIEWED,NOT_APPROVED
56,3,Пистолет ИЖ-71,pistol,6603,0.0,,,NOT_REVIEWED,NOT_APPROVED
56,88,Glock 25,pistol,6698,0.0,,,NOT_REVIEWED,NOT_APPROVED
56,5,Пистолет ОЦ-33 «Пернач»,pistol,6871,0.0,,,NOT_REVIEWED,NOT_APPROVED
56,6,Револьвер Наган,pistol,5009,0.0,,,NOT_REVIEWED,NOT_APPROVED
56,89,Walther P99,pistol,6581,0.0,,,NOT_REVIEWED,NOT_APPROVED
56,90,CZ 75,pistol,6428,0.0,,,NOT_REVIEWED,NOT_APPROVED
56,91,Glock 17,pistol,6458,0.0,,,NOT_REVIEWED,NOT_APPROVED
56,92,Beretta 92FS,pistol,6034,0.0,,,NOT_REVIEWED,NOT_APPROVED
56,93,SIG Sauer P226,pistol,7204,0.0,,,NOT_REVIEWED,NOT_APPROVED
56,7,Пистолет ТТ,pistol,6777,0.0,,,NOT_REVIEWED,NOT_APPROVED
56,94,HK USP,pistol,6585,0.0,,,NOT_REVIEWED,NOT_APPROVED
56,95,Glock 22,pistol,6493,0.0,,,NOT_REVIEWED,NOT_APPROVED
56,96,SIG Sauer P229,pistol,7147,0.0,,,NOT_REVIEWED,NOT_APPROVED
56,97,Glock 20,pistol,7074,0.0,,,NOT_REVIEWED,NOT_APPROVED
56,98,Colt 1911,pistol,6593,0.0,,,NOT_REVIEWED,NOT_APPROVED
56,99,Glock 21,pistol,6651,0.0,,,NOT_REVIEWED,NOT_APPROVED
56,100,CZ 97B,pistol,6987,0.0,,,NOT_REVIEWED,NOT_APPROVED
56,101,HK Mark 23,pistol,5815,0.0,,,NOT_REVIEWED,NOT_APPROVED
56,102,Taurus Judge,pistol,6001,0.0,,,NOT_REVIEWED,NOT_APPROVED
56,103,Smith & Wesson Model 29,pistol,4180,0.0,,,NOT_REVIEWED,NOT_APPROVED
56,104,Taurus Raging Bull,pistol,4504,0.0,,,NOT_REVIEWED,NOT_APPROVED
56,105,Desert Eagle Mark XIX,pistol,7878,0.0,,,NOT_REVIEWED,NOT_APPROVED
56,11,Автомат АКС-74У,heavy,5916,0.0,5635,0.0,NOT_REVIEWED,NOT_APPROVED
56,12,Автомат АК-74,heavy,6150,0.0,5629,0.0,NOT_REVIEWED,NOT_APPROVED
56,37,Автомат АК-107,heavy,4110,0.0,3927,0.0,NOT_REVIEWED,NOT_APPROVED
56,21,Автомат АК-12,heavy,5133,0.0,5092,0.0,NOT_REVIEWED,NOT_APPROVED
56,26,Автомат АН-94 «Абакан»,heavy,4284,0.0,4617,0.0,NOT_REVIEWED,NOT_APPROVED
56,17,Пулемёт РПК-74,heavy,3793,0.0,3029,0.0,NOT_REVIEWED,NOT_APPROVED
56,38,Автомат ADAR 2-15,heavy,5498,0.0,4384,0.0,NOT_REVIEWED,NOT_APPROVED
56,45,Автомат АК-19,heavy,4424,0.0,4503,0.0,NOT_REVIEWED,NOT_APPROVED
56,57,Автомат HK416,heavy,4535,0.0,4512,0.0,NOT_REVIEWED,NOT_APPROVED
56,69,Автомат CZ Bren 2,heavy,4222,0.0,4342,0.0,NOT_REVIEWED,NOT_APPROVED
56,67,Пулемёт Minimi Mk3,heavy,3250,0.0,4553,0.0,NOT_REVIEWED,NOT_APPROVED
56,43,Автомат ОЦ-14 «Гроза»,heavy,4701,0.0,3247,0.0,NOT_REVIEWED,NOT_APPROVED
56,16,Карабин «Вепрь»,heavy,5764,0.0,5278,0.0,NOT_REVIEWED,NOT_APPROVED
56,15,Автомат АК-103,heavy,4742,0.0,5056,0.0,NOT_REVIEWED,NOT_APPROVED
56,25,Пулемёт РПД,heavy,3476,0.0,7098,0.0,NOT_REVIEWED,NOT_APPROVED
56,18,Автомат АС «Вал»,heavy,4529,0.0,4887,0.0,NOT_REVIEWED,NOT_APPROVED
56,10,Карабин Сайга-12,heavy,6353,0.0,6155,0.0,NOT_REVIEWED,NOT_APPROVED
56,63,Автомат АК-308,heavy,4221,0.0,4856,0.0,NOT_REVIEWED,NOT_APPROVED
56,51,Автомат ЛР-308,heavy,3902,0.0,4772,0.0,NOT_REVIEWED,NOT_APPROVED
56,75,Автомат SCAR-H,heavy,4269,0.0,5035,0.0,NOT_REVIEWED,NOT_APPROVED
56,61,Пулемёт M60E6,heavy,3702,0.0,5155,0.0,NOT_REVIEWED,NOT_APPROVED
56,59,Пулемёт M240,heavy,3572,0.0,4097,0.0,NOT_REVIEWED,NOT_APPROVED
56,71,Пулемёт FN MAG,heavy,3067,0.0,4010,0.0,NOT_REVIEWED,NOT_APPROVED
56,77,Пулемёт Negev NG7,heavy,3246,0.0,3390,0.0,NOT_REVIEWED,NOT_APPROVED
56,22,Пулемёт ПКМ,heavy,2309,0.0,7393,0.0,NOT_REVIEWED,NOT_APPROVED
56,29,Пулемёт «Печенег»,heavy,3642,0.0,7327,0.0,NOT_REVIEWED,NOT_APPROVED
56,53,Пулемёт «Печенег-СП»,heavy,3848,0.0,4384,0.0,NOT_REVIEWED,NOT_APPROVED
56,47,Автомат АК-АН «Абакан-100»,heavy,3552,0.0,3272,0.0,NOT_REVIEWED,NOT_APPROVED
56,65,Пулемёт «Утёс-М»,heavy,4271,0.0,6399,0.0,NOT_REVIEWED,NOT_APPROVED
56,14,Винтовка СКС,heavy,5947,0.0,6116,0.0,NOT_REVIEWED,NOT_APPROVED
56,46,Винтовка SSG 08,heavy,3376,0.0,2013,0.0,NOT_REVIEWED,NOT_APPROVED
56,42,Винтовка SR-25,heavy,4012,0.0,4664,0.0,NOT_REVIEWED,NOT_APPROVED
56,13,Винтовка СВД,heavy,5416,0.0,6002,0.0,NOT_REVIEWED,NOT_APPROVED
56,24,Винтовка СВДС,heavy,3808,0.0,5578,0.0,NOT_REVIEWED,NOT_APPROVED
56,23,Винтовка Т-5000,heavy,3088,0.0,3048,0.0,NOT_REVIEWED,NOT_APPROVED
56,28,Винтовка СВ-98,heavy,4601,0.0,2782,0.0,NOT_REVIEWED,NOT_APPROVED
56,36,Винтовка СВК,heavy,3077,0.0,3532,0.0,NOT_REVIEWED,NOT_APPROVED
56,30,Винтовка ВСС «Винторез»,heavy,4799,0.0,3757,0.0,NOT_REVIEWED,NOT_APPROVED
56,40,Винтовка ВСК-94,heavy,4284,0.0,3918,0.0,NOT_REVIEWED,NOT_APPROVED
56,31,Винтовка СВ-338,heavy,3718,0.0,2970,0.0,NOT_REVIEWED,NOT_APPROVED
56,27,Винтовка ОРСИС T-5000M,heavy,3937,0.0,2865,0.0,NOT_REVIEWED,NOT_APPROVED
56,70,Винтовка Sako TRG-42,heavy,4018,0.0,1659,0.0,NOT_REVIEWED,NOT_APPROVED
56,76,Винтовка Blaser R93 Tactical 2,heavy,3887,0.0,2991,0.0,NOT_REVIEWED,NOT_APPROVED
56,39,Винтовка ORSIS T-5000 Sniper Pro,heavy,3840,0.0,1856,0.0,NOT_REVIEWED,NOT_APPROVED
56,60,Винтовка Accuracy International AXMC,heavy,3547,0.0,5190,0.0,NOT_REVIEWED,NOT_APPROVED
56,48,Винтовка Barrett M98B,heavy,2904,0.0,2943,0.0,NOT_REVIEWED,NOT_APPROVED
56,64,Винтовка ORSIS T-5000 Elite,heavy,4008,0.0,2935,0.0,NOT_REVIEWED,NOT_APPROVED
56,33,Винтовка «Выхлоп»,heavy,3501,0.0,3213,0.0,NOT_REVIEWED,NOT_APPROVED
56,35,Винтовка ОСВ-96,heavy,3175,0.0,1688,0.0,NOT_REVIEWED,NOT_APPROVED
56,66,Винтовка Zastava M93 Black Arrow,heavy,4340,0.0,2536,0.0,NOT_REVIEWED,NOT_APPROVED
56,52,Винтовка АСВК «Корд»,heavy,3313,0.0,3930,0.0,NOT_REVIEWED,NOT_APPROVED
56,58,Винтовка Steyr HS .50,heavy,5105,0.0,3454,0.0,NOT_REVIEWED,NOT_APPROVED
56,49,Винтовка Barrett M82,heavy,2362,0.0,3541,0.0,NOT_REVIEWED,NOT_APPROVED
56,54,Винтовка McMillan TAC-50,heavy,4479,0.0,4094,0.0,NOT_REVIEWED,NOT_APPROVED
56,72,Винтовка Desert Tech HTI,heavy,4243,0.0,4409,0.0,NOT_REVIEWED,NOT_APPROVED
56,78,Винтовка Cheytac M200 Intervention,heavy,2692,0.0,3114,0.0,NOT_REVIEWED,NOT_APPROVED
56,73,Прототип X-17,heavy,2986,0.0,4383,0.0,NOT_REVIEWED,NOT_APPROVED
56,55,Гаусс-пушка,heavy,5814,0.0,2756,0.0,NOT_REVIEWED,NOT_APPROVED
56,4,Обрез охотничьего ружья,heavy,7659,0.0,4271,0.0,NOT_REVIEWED,NOT_APPROVED
56,8,ПП «Кедр»,heavy,8467,0.0,5039,0.0,NOT_REVIEWED,NOT_APPROVED
56,9,ПП-19 «Бизон»,heavy,6655,0.0,6373,0.0,NOT_REVIEWED,NOT_APPROVED
56,20,Дробовик Сайга-410,heavy,5159,0.0,5110,0.0,NOT_REVIEWED,NOT_APPROVED
56,106,Дробовик Mossberg 500,heavy,5530,0.0,4184,0.0,NOT_REVIEWED,NOT_APPROVED
56,107,Дробовик Stoeger P3000,heavy,6000,0.0,4067,0.0,NOT_REVIEWED,NOT_APPROVED
56,108,Дробовик Remington 870,heavy,5743,0.0,3290,0.0,NOT_REVIEWED,NOT_APPROVED
56,109,Дробовик Winchester Model 1300,heavy,5738,0.0,4108,0.0,NOT_REVIEWED,NOT_APPROVED
56,110,Дробовик Ithaca 37,heavy,5691,0.0,3837,0.0,NOT_REVIEWED,NOT_APPROVED
56,111,Дробовик Browning BPS,heavy,5521,0.0,4191,0.0,NOT_REVIEWED,NOT_APPROVED
56,19,Дробовик СПАС-12,heavy,5259,0.0,719,0.0,NOT_REVIEWED,NOT_APPROVED
56,112,Дробовик Winchester SXP Defender,heavy,5113,0.0,63,0.0,NOT_REVIEWED,NOT_APPROVED
56,113,Дробовик Mossberg 590A1,heavy,5679,0.0,3474,0.0,NOT_REVIEWED,NOT_APPROVED
56,114,Дробовик Remington 870 MCS,heavy,4223,0.0,51,0.0,NOT_REVIEWED,NOT_APPROVED
56,32,Дробовик Сайга-12К,heavy,3522,0.0,4827,0.0,NOT_REVIEWED,NOT_APPROVED
56,115,Дробовик Benelli Nova,heavy,5623,0.0,4137,0.0,NOT_REVIEWED,NOT_APPROVED
56,116,Дробовик TOZ-194,heavy,5329,0.0,3618,0.0,NOT_REVIEWED,NOT_APPROVED
56,44,Дробовик «Вепрь-12»,heavy,3955,0.0,4784,0.0,NOT_REVIEWED,NOT_APPROVED
56,117,Дробовик Remington 1100,heavy,5588,0.0,3686,0.0,NOT_REVIEWED,NOT_APPROVED
56,62,Дробовик Kel-Tec KSG,heavy,4561,0.0,0,7.0,NOT_REVIEWED,NOT_APPROVED
56,118,Дробовик Beretta 1301 Tactical,heavy,3945,0.0,5,0.0,NOT_REVIEWED,NOT_APPROVED
56,50,Дробовик Benelli M4,heavy,4526,0.0,515,0.0,NOT_REVIEWED,NOT_APPROVED
56,119,Дробовик Fabarm STF/12,heavy,4784,0.0,175,0.0,NOT_REVIEWED,NOT_APPROVED
56,56,Дробовик AA-12,heavy,6131,0.0,6025,0.0,NOT_REVIEWED,NOT_APPROVED
56,120,Дробовик Winchester SX4,heavy,5690,0.0,3264,0.0,NOT_REVIEWED,NOT_APPROVED
56,121,Дробовик Browning A5,heavy,5757,0.0,3699,0.0,NOT_REVIEWED,NOT_APPROVED
56,68,Дробовик Franchi SPAS-15,heavy,4842,0.0,4745,0.0,NOT_REVIEWED,NOT_APPROVED
56,122,Дробовик Remington 870 Magnum,heavy,6745,0.0,3377,0.0,NOT_REVIEWED,NOT_APPROVED
56,123,Дробовик Benelli Vinci,heavy,5955,0.0,4164,0.0,NOT_REVIEWED,NOT_APPROVED
56,74,Дробовик USAS-12,heavy,3768,0.0,6544,0.0,NOT_REVIEWED,NOT_APPROVED
56,124,Дробовик Ithaca Mag-10,heavy,3618,0.0,4760,0.0,NOT_REVIEWED,NOT_APPROVED
56,125,Дробовик Remington SP-10,heavy,4894,0.0,5260,0.0,NOT_REVIEWED,NOT_APPROVED
57,86,Beretta 21A Bobcat,pistol,7920,0.0,,,NOT_REVIEWED,NOT_APPROVED
57,2,Пистолет ПСМ,pistol,7341,0.0,,,NOT_REVIEWED,NOT_APPROVED
57,87,Walther PPK,pistol,7745,0.0,,,NOT_REVIEWED,NOT_APPROVED
57,1,Пистолет Макарова,pistol,7189,0.0,,,NOT_REVIEWED,NOT_APPROVED
57,3,Пистолет ИЖ-71,pistol,6819,0.0,,,NOT_REVIEWED,NOT_APPROVED
57,88,Glock 25,pistol,7005,0.0,,,NOT_REVIEWED,NOT_APPROVED
57,5,Пистолет ОЦ-33 «Пернач»,pistol,7251,0.0,,,NOT_REVIEWED,NOT_APPROVED
57,6,Револьвер Наган,pistol,5202,0.0,,,NOT_REVIEWED,NOT_APPROVED
57,89,Walther P99,pistol,7034,0.0,,,NOT_REVIEWED,NOT_APPROVED
57,90,CZ 75,pistol,6721,0.0,,,NOT_REVIEWED,NOT_APPROVED
57,91,Glock 17,pistol,6795,0.0,,,NOT_REVIEWED,NOT_APPROVED
57,92,Beretta 92FS,pistol,6559,0.0,,,NOT_REVIEWED,NOT_APPROVED
57,93,SIG Sauer P226,pistol,7849,0.0,,,NOT_REVIEWED,NOT_APPROVED
57,7,Пистолет ТТ,pistol,7299,0.0,,,NOT_REVIEWED,NOT_APPROVED
57,94,HK USP,pistol,7133,0.0,,,NOT_REVIEWED,NOT_APPROVED
57,95,Glock 22,pistol,6902,0.0,,,NOT_REVIEWED,NOT_APPROVED
57,96,SIG Sauer P229,pistol,7780,0.0,,,NOT_REVIEWED,NOT_APPROVED
57,97,Glock 20,pistol,7602,0.0,,,NOT_REVIEWED,NOT_APPROVED
57,98,Colt 1911,pistol,7020,0.0,,,NOT_REVIEWED,NOT_APPROVED
57,99,Glock 21,pistol,7059,0.0,,,NOT_REVIEWED,NOT_APPROVED
57,100,CZ 97B,pistol,7501,0.0,,,NOT_REVIEWED,NOT_APPROVED
57,101,HK Mark 23,pistol,6384,0.0,,,NOT_REVIEWED,NOT_APPROVED
57,102,Taurus Judge,pistol,6282,0.0,,,NOT_REVIEWED,NOT_APPROVED
57,103,Smith & Wesson Model 29,pistol,4412,0.0,,,NOT_REVIEWED,NOT_APPROVED
57,104,Taurus Raging Bull,pistol,4790,0.0,,,NOT_REVIEWED,NOT_APPROVED
57,105,Desert Eagle Mark XIX,pistol,8534,0.0,,,NOT_REVIEWED,NOT_APPROVED
57,11,Автомат АКС-74У,heavy,5979,0.0,4557,0.0,NOT_REVIEWED,NOT_APPROVED
57,12,Автомат АК-74,heavy,6103,0.0,2017,0.0,NOT_REVIEWED,NOT_APPROVED
57,37,Автомат АК-107,heavy,4110,0.0,180,0.0,NOT_REVIEWED,NOT_APPROVED
57,21,Автомат АК-12,heavy,5161,0.0,1441,0.0,NOT_REVIEWED,NOT_APPROVED
57,26,Автомат АН-94 «Абакан»,heavy,4230,0.0,789,0.0,NOT_REVIEWED,NOT_APPROVED
57,17,Пулемёт РПК-74,heavy,3796,0.0,532,0.0,NOT_REVIEWED,NOT_APPROVED
57,38,Автомат ADAR 2-15,heavy,5510,0.0,12,0.0,NOT_REVIEWED,NOT_APPROVED
57,45,Автомат АК-19,heavy,4424,0.0,325,0.0,NOT_REVIEWED,NOT_APPROVED
57,57,Автомат HK416,heavy,4536,0.0,608,0.0,NOT_REVIEWED,NOT_APPROVED
57,69,Автомат CZ Bren 2,heavy,4222,0.0,2220,0.0,NOT_REVIEWED,NOT_APPROVED
57,67,Пулемёт Minimi Mk3,heavy,3250,0.0,839,0.0,NOT_REVIEWED,NOT_APPROVED
57,43,Автомат ОЦ-14 «Гроза»,heavy,4768,0.0,23,0.0,NOT_REVIEWED,NOT_APPROVED
57,16,Карабин «Вепрь»,heavy,5720,0.0,1300,0.0,NOT_REVIEWED,NOT_APPROVED
57,15,Автомат АК-103,heavy,4777,0.0,1164,0.0,NOT_REVIEWED,NOT_APPROVED
57,25,Пулемёт РПД,heavy,3392,0.0,2782,0.0,NOT_REVIEWED,NOT_APPROVED
57,18,Автомат АС «Вал»,heavy,4486,0.0,642,0.0,NOT_REVIEWED,NOT_APPROVED
57,10,Карабин Сайга-12,heavy,6356,0.0,4197,0.0,NOT_REVIEWED,NOT_APPROVED
57,63,Автомат АК-308,heavy,4222,0.0,893,0.0,NOT_REVIEWED,NOT_APPROVED
57,51,Автомат ЛР-308,heavy,3905,0.0,1,0.0,NOT_REVIEWED,NOT_APPROVED
57,75,Автомат SCAR-H,heavy,4323,0.0,822,0.0,NOT_REVIEWED,NOT_APPROVED
57,61,Пулемёт M60E6,heavy,3705,0.0,817,0.0,NOT_REVIEWED,NOT_APPROVED
57,59,Пулемёт M240,heavy,3572,0.0,192,0.0,NOT_REVIEWED,NOT_APPROVED
57,71,Пулемёт FN MAG,heavy,3067,0.0,266,0.0,NOT_REVIEWED,NOT_APPROVED
57,77,Пулемёт Negev NG7,heavy,3246,0.0,64,0.0,NOT_REVIEWED,NOT_APPROVED
57,22,Пулемёт ПКМ,heavy,2352,0.0,3484,0.0,NOT_REVIEWED,NOT_APPROVED
57,29,Пулемёт «Печенег»,heavy,3642,0.0,3400,0.0,NOT_REVIEWED,NOT_APPROVED
57,53,Пулемёт «Печенег-СП»,heavy,3848,0.0,269,0.0,NOT_REVIEWED,NOT_APPROVED
57,47,Автомат АК-АН «Абакан-100»,heavy,3445,0.0,844,0.0,NOT_REVIEWED,NOT_APPROVED
57,65,Пулемёт «Утёс-М»,heavy,4274,0.0,2618,0.0,NOT_REVIEWED,NOT_APPROVED
57,14,Винтовка СКС,heavy,5950,0.0,4437,0.0,NOT_REVIEWED,NOT_APPROVED
57,46,Винтовка SSG 08,heavy,3459,0.0,103,0.0,NOT_REVIEWED,NOT_APPROVED
57,42,Винтовка SR-25,heavy,4012,0.0,0,3.0,NOT_REVIEWED,NOT_APPROVED
57,13,Винтовка СВД,heavy,5513,0.0,2985,0.0,NOT_REVIEWED,NOT_APPROVED
57,24,Винтовка СВДС,heavy,3921,0.0,1650,0.0,NOT_REVIEWED,NOT_APPROVED
57,23,Винтовка Т-5000,heavy,3088,0.0,70,0.0,NOT_REVIEWED,NOT_APPROVED
57,28,Винтовка СВ-98,heavy,4517,0.0,1112,0.0,NOT_REVIEWED,NOT_APPROVED
57,36,Винтовка СВК,heavy,3077,0.0,92,0.0,NOT_REVIEWED,NOT_APPROVED
57,30,Винтовка ВСС «Винторез»,heavy,4692,0.0,559,0.0,NOT_REVIEWED,NOT_APPROVED
57,40,Винтовка ВСК-94,heavy,4284,0.0,605,0.0,NOT_REVIEWED,NOT_APPROVED
57,31,Винтовка СВ-338,heavy,3721,0.0,138,0.0,NOT_REVIEWED,NOT_APPROVED
57,27,Винтовка ОРСИС T-5000M,heavy,4050,0.0,447,0.0,NOT_REVIEWED,NOT_APPROVED
57,70,Винтовка Sako TRG-42,heavy,3958,0.0,859,0.0,NOT_REVIEWED,NOT_APPROVED
57,76,Винтовка Blaser R93 Tactical 2,heavy,3818,0.0,1322,0.0,NOT_REVIEWED,NOT_APPROVED
57,39,Винтовка ORSIS T-5000 Sniper Pro,heavy,3843,0.0,183,0.0,NOT_REVIEWED,NOT_APPROVED
57,60,Винтовка Accuracy International AXMC,heavy,3550,0.0,1523,0.0,NOT_REVIEWED,NOT_APPROVED
57,48,Винтовка Barrett M98B,heavy,2907,0.0,215,0.0,NOT_REVIEWED,NOT_APPROVED
57,64,Винтовка ORSIS T-5000 Elite,heavy,4011,0.0,2489,0.0,NOT_REVIEWED,NOT_APPROVED
57,33,Винтовка «Выхлоп»,heavy,3501,0.0,336,0.0,NOT_REVIEWED,NOT_APPROVED
57,35,Винтовка ОСВ-96,heavy,3068,0.0,985,0.0,NOT_REVIEWED,NOT_APPROVED
57,66,Винтовка Zastava M93 Black Arrow,heavy,4343,0.0,2078,0.0,NOT_REVIEWED,NOT_APPROVED
57,52,Винтовка АСВК «Корд»,heavy,3313,0.0,724,0.0,NOT_REVIEWED,NOT_APPROVED
57,58,Винтовка Steyr HS .50,heavy,5108,0.0,3264,0.0,NOT_REVIEWED,NOT_APPROVED
57,49,Винтовка Barrett M82,heavy,2314,0.0,101,0.0,NOT_REVIEWED,NOT_APPROVED
57,54,Винтовка McMillan TAC-50,heavy,4482,0.0,2417,0.0,NOT_REVIEWED,NOT_APPROVED
57,72,Винтовка Desert Tech HTI,heavy,4150,0.0,0,1.0,NOT_REVIEWED,NOT_APPROVED
57,78,Винтовка Cheytac M200 Intervention,heavy,2692,0.0,2468,0.0,NOT_REVIEWED,NOT_APPROVED
57,73,Прототип X-17,heavy,2989,0.0,1201,0.0,NOT_REVIEWED,NOT_APPROVED
57,55,Гаусс-пушка,heavy,5896,0.0,2718,0.0,NOT_REVIEWED,NOT_APPROVED
57,4,Обрез охотничьего ружья,heavy,7673,0.0,3510,0.0,NOT_REVIEWED,NOT_APPROVED
57,8,ПП «Кедр»,heavy,8579,0.0,3751,0.0,NOT_REVIEWED,NOT_APPROVED
57,9,ПП-19 «Бизон»,heavy,6646,0.0,6300,0.0,NOT_REVIEWED,NOT_APPROVED
57,20,Дробовик Сайга-410,heavy,5118,0.0,1241,0.0,NOT_REVIEWED,NOT_APPROVED
57,106,Дробовик Mossberg 500,heavy,5567,0.0,4598,0.0,NOT_REVIEWED,NOT_APPROVED
57,107,Дробовик Stoeger P3000,heavy,6043,0.0,4473,0.0,NOT_REVIEWED,NOT_APPROVED
57,108,Дробовик Remington 870,heavy,5688,0.0,3638,0.0,NOT_REVIEWED,NOT_APPROVED
57,109,Дробовик Winchester Model 1300,heavy,5741,0.0,4538,0.0,NOT_REVIEWED,NOT_APPROVED
57,110,Дробовик Ithaca 37,heavy,5731,0.0,4269,0.0,NOT_REVIEWED,NOT_APPROVED
57,111,Дробовик Browning BPS,heavy,5480,0.0,4691,0.0,NOT_REVIEWED,NOT_APPROVED
57,19,Дробовик СПАС-12,heavy,5277,0.0,1621,0.0,NOT_REVIEWED,NOT_APPROVED
57,112,Дробовик Winchester SXP Defender,heavy,5113,0.0,484,0.0,NOT_REVIEWED,NOT_APPROVED
57,113,Дробовик Mossberg 590A1,heavy,5639,0.0,4054,0.0,NOT_REVIEWED,NOT_APPROVED
57,114,Дробовик Remington 870 MCS,heavy,4223,0.0,758,0.0,NOT_REVIEWED,NOT_APPROVED
57,32,Дробовик Сайга-12К,heavy,3522,0.0,263,0.0,NOT_REVIEWED,NOT_APPROVED
57,115,Дробовик Benelli Nova,heavy,5652,0.0,4468,0.0,NOT_REVIEWED,NOT_APPROVED
57,116,Дробовик TOZ-194,heavy,5366,0.0,3729,0.0,NOT_REVIEWED,NOT_APPROVED
57,44,Дробовик «Вепрь-12»,heavy,3955,0.0,548,0.0,NOT_REVIEWED,NOT_APPROVED
57,117,Дробовик Remington 1100,heavy,5591,0.0,4431,0.0,NOT_REVIEWED,NOT_APPROVED
57,62,Дробовик Kel-Tec KSG,heavy,4561,0.0,0,3.0,NOT_REVIEWED,NOT_APPROVED
57,118,Дробовик Beretta 1301 Tactical,heavy,4002,0.0,339,0.0,NOT_REVIEWED,NOT_APPROVED
57,50,Дробовик Benelli M4,heavy,4528,0.0,1063,0.0,NOT_REVIEWED,NOT_APPROVED
57,119,Дробовик Fabarm STF/12,heavy,4786,0.0,659,0.0,NOT_REVIEWED,NOT_APPROVED
57,56,Дробовик AA-12,heavy,6157,0.0,1023,0.0,NOT_REVIEWED,NOT_APPROVED
57,120,Дробовик Winchester SX4,heavy,5735,0.0,3908,0.0,NOT_REVIEWED,NOT_APPROVED
57,121,Дробовик Browning A5,heavy,5760,0.0,4203,0.0,NOT_REVIEWED,NOT_APPROVED
57,68,Дробовик Franchi SPAS-15,heavy,4896,0.0,1529,0.0,NOT_REVIEWED,NOT_APPROVED
57,122,Дробовик Remington 870 Magnum,heavy,6830,0.0,4034,0.0,NOT_REVIEWED,NOT_APPROVED
57,123,Дробовик Benelli Vinci,heavy,5958,0.0,4662,0.0,NOT_REVIEWED,NOT_APPROVED
57,74,Дробовик USAS-12,heavy,3813,0.0,4097,0.0,NOT_REVIEWED,NOT_APPROVED
57,124,Дробовик Ithaca Mag-10,heavy,3674,0.0,140,0.0,NOT_REVIEWED,NOT_APPROVED
57,125,Дробовик Remington SP-10,heavy,4839,0.0,506,0.0,NOT_REVIEWED,NOT_APPROVED
58,86,Beretta 21A Bobcat,pistol,7603,0.0,,,NOT_REVIEWED,NOT_APPROVED
58,2,Пистолет ПСМ,pistol,7161,0.0,,,NOT_REVIEWED,NOT_APPROVED
58,87,Walther PPK,pistol,7476,0.0,,,NOT_REVIEWED,NOT_APPROVED
58,1,Пистолет Макарова,pistol,7109,0.0,,,NOT_REVIEWED,NOT_APPROVED
58,3,Пистолет ИЖ-71,pistol,6777,0.0,,,NOT_REVIEWED,NOT_APPROVED
58,88,Glock 25,pistol,6917,0.0,,,NOT_REVIEWED,NOT_APPROVED
58,5,Пистолет ОЦ-33 «Пернач»,pistol,7105,0.0,,,NOT_REVIEWED,NOT_APPROVED
58,6,Револьвер Наган,pistol,5151,0.0,,,NOT_REVIEWED,NOT_APPROVED
58,89,Walther P99,pistol,6829,0.0,,,NOT_REVIEWED,NOT_APPROVED
58,90,CZ 75,pistol,6603,0.0,,,NOT_REVIEWED,NOT_APPROVED
58,91,Glock 17,pistol,6649,0.0,,,NOT_REVIEWED,NOT_APPROVED
58,92,Beretta 92FS,pistol,6268,0.0,,,NOT_REVIEWED,NOT_APPROVED
58,93,SIG Sauer P226,pistol,7468,0.0,,,NOT_REVIEWED,NOT_APPROVED
58,7,Пистолет ТТ,pistol,7013,0.0,,,NOT_REVIEWED,NOT_APPROVED
58,94,HK USP,pistol,6880,0.0,,,NOT_REVIEWED,NOT_APPROVED
58,95,Glock 22,pistol,6728,0.0,,,NOT_REVIEWED,NOT_APPROVED
58,96,SIG Sauer P229,pistol,7439,0.0,,,NOT_REVIEWED,NOT_APPROVED
58,97,Glock 20,pistol,7344,0.0,,,NOT_REVIEWED,NOT_APPROVED
58,98,Colt 1911,pistol,6838,0.0,,,NOT_REVIEWED,NOT_APPROVED
58,99,Glock 21,pistol,6864,0.0,,,NOT_REVIEWED,NOT_APPROVED
58,100,CZ 97B,pistol,7247,0.0,,,NOT_REVIEWED,NOT_APPROVED
58,101,HK Mark 23,pistol,6103,0.0,,,NOT_REVIEWED,NOT_APPROVED
58,102,Taurus Judge,pistol,6203,0.0,,,NOT_REVIEWED,NOT_APPROVED
58,103,Smith & Wesson Model 29,pistol,4350,0.0,,,NOT_REVIEWED,NOT_APPROVED
58,104,Taurus Raging Bull,pistol,4709,0.0,,,NOT_REVIEWED,NOT_APPROVED
58,105,Desert Eagle Mark XIX,pistol,8046,0.0,,,NOT_REVIEWED,NOT_APPROVED
58,11,Автомат АКС-74У,heavy,5839,0.0,4223,0.0,NOT_REVIEWED,NOT_APPROVED
58,12,Автомат АК-74,heavy,5962,0.0,1728,0.0,NOT_REVIEWED,NOT_APPROVED
58,37,Автомат АК-107,heavy,4015,0.0,1030,0.0,NOT_REVIEWED,NOT_APPROVED
58,21,Автомат АК-12,heavy,5060,0.0,2663,0.0,NOT_REVIEWED,NOT_APPROVED
58,26,Автомат АН-94 «Абакан»,heavy,4150,0.0,1587,0.0,NOT_REVIEWED,NOT_APPROVED
58,17,Пулемёт РПК-74,heavy,3707,0.0,24,0.0,NOT_REVIEWED,NOT_APPROVED
58,38,Автомат ADAR 2-15,heavy,5388,0.0,949,0.0,NOT_REVIEWED,NOT_APPROVED
58,45,Автомат АК-19,heavy,4373,0.0,1301,0.0,NOT_REVIEWED,NOT_APPROVED
58,57,Автомат HK416,heavy,4452,0.0,1072,0.0,NOT_REVIEWED,NOT_APPROVED
58,69,Автомат CZ Bren 2,heavy,4169,0.0,1517,0.0,NOT_REVIEWED,NOT_APPROVED
58,67,Пулемёт Minimi Mk3,heavy,3210,0.0,979,0.0,NOT_REVIEWED,NOT_APPROVED
58,43,Автомат ОЦ-14 «Гроза»,heavy,4676,0.0,1019,0.0,NOT_REVIEWED,NOT_APPROVED
58,16,Карабин «Вепрь»,heavy,5580,0.0,1163,0.0,NOT_REVIEWED,NOT_APPROVED
58,15,Автомат АК-103,heavy,4711,0.0,1803,0.0,NOT_REVIEWED,NOT_APPROVED
58,25,Пулемёт РПД,heavy,3348,0.0,3741,0.0,NOT_REVIEWED,NOT_APPROVED
58,18,Автомат АС «Вал»,heavy,4400,0.0,1726,0.0,NOT_REVIEWED,NOT_APPROVED
58,10,Карабин Сайга-12,heavy,6215,0.0,3800,0.0,NOT_REVIEWED,NOT_APPROVED
58,63,Автомат АК-308,heavy,4138,0.0,2126,0.0,NOT_REVIEWED,NOT_APPROVED
58,51,Автомат ЛР-308,heavy,3816,0.0,1188,0.0,NOT_REVIEWED,NOT_APPROVED
58,75,Автомат SCAR-H,heavy,4220,0.0,1283,0.0,NOT_REVIEWED,NOT_APPROVED
58,61,Пулемёт M60E6,heavy,3614,0.0,1323,0.0,NOT_REVIEWED,NOT_APPROVED
58,59,Пулемёт M240,heavy,3523,0.0,208,0.0,NOT_REVIEWED,NOT_APPROVED
58,71,Пулемёт FN MAG,heavy,3035,0.0,714,0.0,NOT_REVIEWED,NOT_APPROVED
58,77,Пулемёт Negev NG7,heavy,3197,0.0,262,0.0,NOT_REVIEWED,NOT_APPROVED
58,22,Пулемёт ПКМ,heavy,2286,0.0,4094,0.0,NOT_REVIEWED,NOT_APPROVED
58,29,Пулемёт «Печенег»,heavy,3583,0.0,3812,0.0,NOT_REVIEWED,NOT_APPROVED
58,53,Пулемёт «Печенег-СП»,heavy,3815,0.0,735,0.0,NOT_REVIEWED,NOT_APPROVED
58,47,Автомат АК-АН «Абакан-100»,heavy,3311,0.0,354,0.0,NOT_REVIEWED,NOT_APPROVED
58,65,Пулемёт «Утёс-М»,heavy,4133,0.0,2250,0.0,NOT_REVIEWED,NOT_APPROVED
58,14,Винтовка СКС,heavy,5809,0.0,3305,0.0,NOT_REVIEWED,NOT_APPROVED
58,46,Винтовка SSG 08,heavy,3404,0.0,129,0.0,NOT_REVIEWED,NOT_APPROVED
58,42,Винтовка SR-25,heavy,3934,0.0,1081,0.0,NOT_REVIEWED,NOT_APPROVED
58,13,Винтовка СВД,heavy,5372,0.0,2162,0.0,NOT_REVIEWED,NOT_APPROVED
58,24,Винтовка СВДС,heavy,3780,0.0,1794,0.0,NOT_REVIEWED,NOT_APPROVED
58,23,Винтовка Т-5000,heavy,3041,0.0,226,0.0,NOT_REVIEWED,NOT_APPROVED
58,28,Винтовка СВ-98,heavy,4377,0.0,0,1.41,NOT_REVIEWED,NOT_APPROVED
58,36,Винтовка СВК,heavy,3034,0.0,201,0.0,NOT_REVIEWED,NOT_APPROVED
58,30,Винтовка ВСС «Винторез»,heavy,4619,0.0,22,0.0,NOT_REVIEWED,NOT_APPROVED
58,40,Винтовка ВСК-94,heavy,4200,0.0,355,0.0,NOT_REVIEWED,NOT_APPROVED
58,31,Винтовка СВ-338,heavy,3580,0.0,147,0.0,NOT_REVIEWED,NOT_APPROVED
58,27,Винтовка ОРСИС T-5000M,heavy,3909,0.0,0,4.12,NOT_REVIEWED,NOT_APPROVED
58,70,Винтовка Sako TRG-42,heavy,3927,0.0,0,5.0,NOT_REVIEWED,NOT_APPROVED
58,76,Винтовка Blaser R93 Tactical 2,heavy,3679,0.0,80,0.0,NOT_REVIEWED,NOT_APPROVED
58,39,Винтовка ORSIS T-5000 Sniper Pro,heavy,3702,0.0,0,8.25,NOT_REVIEWED,NOT_APPROVED
58,60,Винтовка Accuracy International AXMC,heavy,3409,0.0,1049,0.0,NOT_REVIEWED,NOT_APPROVED
58,48,Винтовка Barrett M98B,heavy,2773,0.0,175,0.0,NOT_REVIEWED,NOT_APPROVED
58,64,Винтовка ORSIS T-5000 Elite,heavy,3877,0.0,585,0.0,NOT_REVIEWED,NOT_APPROVED
58,33,Винтовка «Выхлоп»,heavy,3427,0.0,0,5.0,NOT_REVIEWED,NOT_APPROVED
58,35,Винтовка ОСВ-96,heavy,3010,0.0,0,1.41,NOT_REVIEWED,NOT_APPROVED
58,66,Винтовка Zastava M93 Black Arrow,heavy,4202,0.0,412,0.0,NOT_REVIEWED,NOT_APPROVED
58,52,Винтовка АСВК «Корд»,heavy,3250,0.0,1118,0.0,NOT_REVIEWED,NOT_APPROVED
58,58,Винтовка Steyr HS .50,heavy,4967,0.0,1164,0.0,NOT_REVIEWED,NOT_APPROVED
58,49,Винтовка Barrett M82,heavy,2197,0.0,94,0.0,NOT_REVIEWED,NOT_APPROVED
58,54,Винтовка McMillan TAC-50,heavy,4424,0.0,1616,0.0,NOT_REVIEWED,NOT_APPROVED
58,72,Винтовка Desert Tech HTI,heavy,4102,0.0,848,0.0,NOT_REVIEWED,NOT_APPROVED
58,78,Винтовка Cheytac M200 Intervention,heavy,2666,0.0,993,0.0,NOT_REVIEWED,NOT_APPROVED
58,73,Прототип X-17,heavy,2907,0.0,837,0.0,NOT_REVIEWED,NOT_APPROVED
58,55,Гаусс-пушка,heavy,5755,0.0,689,0.0,NOT_REVIEWED,NOT_APPROVED
58,4,Обрез охотничьего ружья,heavy,7532,0.0,1641,0.0,NOT_REVIEWED,NOT_APPROVED
58,8,ПП «Кедр»,heavy,8438,0.0,3945,0.0,NOT_REVIEWED,NOT_APPROVED
58,9,ПП-19 «Бизон»,heavy,6505,0.0,4257,0.0,NOT_REVIEWED,NOT_APPROVED
58,20,Дробовик Сайга-410,heavy,4984,0.0,1665,0.0,NOT_REVIEWED,NOT_APPROVED
58,106,Дробовик Mossberg 500,heavy,5426,0.0,2315,0.0,NOT_REVIEWED,NOT_APPROVED
58,107,Дробовик Stoeger P3000,heavy,5902,0.0,2204,0.0,NOT_REVIEWED,NOT_APPROVED
58,108,Дробовик Remington 870,heavy,5547,0.0,1403,0.0,NOT_REVIEWED,NOT_APPROVED
58,109,Дробовик Winchester Model 1300,heavy,5600,0.0,2261,0.0,NOT_REVIEWED,NOT_APPROVED
58,110,Дробовик Ithaca 37,heavy,5590,0.0,2034,0.0,NOT_REVIEWED,NOT_APPROVED
58,111,Дробовик Browning BPS,heavy,5339,0.0,2449,0.0,NOT_REVIEWED,NOT_APPROVED
58,19,Дробовик СПАС-12,heavy,5174,0.0,148,0.0,NOT_REVIEWED,NOT_APPROVED
58,112,Дробовик Winchester SXP Defender,heavy,5039,0.0,0,5.0,NOT_REVIEWED,NOT_APPROVED
58,113,Дробовик Mossberg 590A1,heavy,5498,0.0,1747,0.0,NOT_REVIEWED,NOT_APPROVED
58,114,Дробовик Remington 870 MCS,heavy,4172,0.0,0,5.0,NOT_REVIEWED,NOT_APPROVED
58,32,Дробовик Сайга-12К,heavy,3455,0.0,1485,0.0,NOT_REVIEWED,NOT_APPROVED
58,115,Дробовик Benelli Nova,heavy,5511,0.0,2247,0.0,NOT_REVIEWED,NOT_APPROVED
58,116,Дробовик TOZ-194,heavy,5225,0.0,1769,0.0,NOT_REVIEWED,NOT_APPROVED
58,44,Дробовик «Вепрь-12»,heavy,3900,0.0,1304,0.0,NOT_REVIEWED,NOT_APPROVED
58,117,Дробовик Remington 1100,heavy,5450,0.0,2138,0.0,NOT_REVIEWED,NOT_APPROVED
58,62,Дробовик Kel-Tec KSG,heavy,4467,0.0,0,25.0,NOT_REVIEWED,NOT_APPROVED
58,118,Дробовик Beretta 1301 Tactical,heavy,3906,0.0,0,12.0,NOT_REVIEWED,NOT_APPROVED
58,50,Дробовик Benelli M4,heavy,4406,0.0,0,2.0,NOT_REVIEWED,NOT_APPROVED
58,119,Дробовик Fabarm STF/12,heavy,4679,0.0,0,7.0,NOT_REVIEWED,NOT_APPROVED
58,56,Дробовик AA-12,heavy,6050,0.0,2299,0.0,NOT_REVIEWED,NOT_APPROVED
58,120,Дробовик Winchester SX4,heavy,5594,0.0,1754,0.0,NOT_REVIEWED,NOT_APPROVED
58,121,Дробовик Browning A5,heavy,5619,0.0,2008,0.0,NOT_REVIEWED,NOT_APPROVED
58,68,Дробовик Franchi SPAS-15,heavy,4803,0.0,2101,0.0,NOT_REVIEWED,NOT_APPROVED
58,122,Дробовик Remington 870 Magnum,heavy,6689,0.0,1748,0.0,NOT_REVIEWED,NOT_APPROVED
58,123,Дробовик Benelli Vinci,heavy,5817,0.0,2451,0.0,NOT_REVIEWED,NOT_APPROVED
58,74,Дробовик USAS-12,heavy,3793,0.0,3302,0.0,NOT_REVIEWED,NOT_APPROVED
58,124,Дробовик Ithaca Mag-10,heavy,3631,0.0,1200,0.0,NOT_REVIEWED,NOT_APPROVED
58,125,Дробовик Remington SP-10,heavy,4746,0.0,1788,0.0,NOT_REVIEWED,NOT_APPROVED
59,86,Beretta 21A Bobcat,pistol,7436,0.0,,,NOT_REVIEWED,NOT_APPROVED
59,2,Пистолет ПСМ,pistol,6953,0.0,,,NOT_REVIEWED,NOT_APPROVED
59,87,Walther PPK,pistol,7307,0.0,,,NOT_REVIEWED,NOT_APPROVED
59,1,Пистолет Макарова,pistol,6851,0.0,,,NOT_REVIEWED,NOT_APPROVED
59,3,Пистолет ИЖ-71,pistol,6441,0.0,,,NOT_REVIEWED,NOT_APPROVED
59,88,Glock 25,pistol,6565,0.0,,,NOT_REVIEWED,NOT_APPROVED
59,5,Пистолет ОЦ-33 «Пернач»,pistol,6896,0.0,,,NOT_REVIEWED,NOT_APPROVED
59,6,Револьвер Наган,pistol,4853,0.0,,,NOT_REVIEWED,NOT_APPROVED
59,89,Walther P99,pistol,6560,0.0,,,NOT_REVIEWED,NOT_APPROVED
59,90,CZ 75,pistol,6389,0.0,,,NOT_REVIEWED,NOT_APPROVED
59,91,Glock 17,pistol,6350,0.0,,,NOT_REVIEWED,NOT_APPROVED
59,92,Beretta 92FS,pistol,6149,0.0,,,NOT_REVIEWED,NOT_APPROVED
59,93,SIG Sauer P226,pistol,7333,0.0,,,NOT_REVIEWED,NOT_APPROVED
59,7,Пистолет ТТ,pistol,6908,0.0,,,NOT_REVIEWED,NOT_APPROVED
59,94,HK USP,pistol,6684,0.0,,,NOT_REVIEWED,NOT_APPROVED
59,95,Glock 22,pistol,6449,0.0,,,NOT_REVIEWED,NOT_APPROVED
59,96,SIG Sauer P229,pistol,7315,0.0,,,NOT_REVIEWED,NOT_APPROVED
59,97,Glock 20,pistol,7105,0.0,,,NOT_REVIEWED,NOT_APPROVED
59,98,Colt 1911,pistol,6688,0.0,,,NOT_REVIEWED,NOT_APPROVED
59,99,Glock 21,pistol,6560,0.0,,,NOT_REVIEWED,NOT_APPROVED
59,100,CZ 97B,pistol,7063,0.0,,,NOT_REVIEWED,NOT_APPROVED
59,101,HK Mark 23,pistol,5951,0.0,,,NOT_REVIEWED,NOT_APPROVED
59,102,Taurus Judge,pistol,5891,0.0,,,NOT_REVIEWED,NOT_APPROVED
59,103,Smith & Wesson Model 29,pistol,4114,0.0,,,NOT_REVIEWED,NOT_APPROVED
59,104,Taurus Raging Bull,pistol,4515,0.0,,,NOT_REVIEWED,NOT_APPROVED
59,105,Desert Eagle Mark XIX,pistol,8257,0.0,,,NOT_REVIEWED,NOT_APPROVED
59,11,Автомат АКС-74У,heavy,5979,0.0,1650,0.0,NOT_REVIEWED,NOT_APPROVED
59,12,Автомат АК-74,heavy,6103,0.0,2229,0.0,NOT_REVIEWED,NOT_APPROVED
59,37,Автомат АК-107,heavy,4110,0.0,9,0.0,NOT_REVIEWED,NOT_APPROVED
59,21,Автомат АК-12,heavy,5161,0.0,0,3.0,NOT_REVIEWED,NOT_APPROVED
59,26,Автомат АН-94 «Абакан»,heavy,4230,0.0,348,0.0,NOT_REVIEWED,NOT_APPROVED
59,17,Пулемёт РПК-74,heavy,3796,0.0,775,0.0,NOT_REVIEWED,NOT_APPROVED
59,38,Автомат ADAR 2-15,heavy,5510,0.0,200,0.0,NOT_REVIEWED,NOT_APPROVED
59,45,Автомат АК-19,heavy,4424,0.0,514,0.0,NOT_REVIEWED,NOT_APPROVED
59,57,Автомат HK416,heavy,4536,0.0,2493,0.0,NOT_REVIEWED,NOT_APPROVED
59,69,Автомат CZ Bren 2,heavy,4222,0.0,526,0.0,NOT_REVIEWED,NOT_APPROVED
59,67,Пулемёт Minimi Mk3,heavy,3250,0.0,1841,0.0,NOT_REVIEWED,NOT_APPROVED
59,43,Автомат ОЦ-14 «Гроза»,heavy,4768,0.0,0,8.06,NOT_REVIEWED,NOT_APPROVED
59,16,Карабин «Вепрь»,heavy,5720,0.0,1285,0.0,NOT_REVIEWED,NOT_APPROVED
59,15,Автомат АК-103,heavy,4777,0.0,903,0.0,NOT_REVIEWED,NOT_APPROVED
59,25,Пулемёт РПД,heavy,3392,0.0,0,6.71,NOT_REVIEWED,NOT_APPROVED
59,18,Автомат АС «Вал»,heavy,4486,0.0,269,0.0,NOT_REVIEWED,NOT_APPROVED
59,10,Карабин Сайга-12,heavy,6356,0.0,2176,0.0,NOT_REVIEWED,NOT_APPROVED
59,63,Автомат АК-308,heavy,4222,0.0,168,0.0,NOT_REVIEWED,NOT_APPROVED
59,51,Автомат ЛР-308,heavy,3905,0.0,0,14.0,NOT_REVIEWED,NOT_APPROVED
59,75,Автомат SCAR-H,heavy,4323,0.0,1989,0.0,NOT_REVIEWED,NOT_APPROVED
59,61,Пулемёт M60E6,heavy,3705,0.0,1092,0.0,NOT_REVIEWED,NOT_APPROVED
59,59,Пулемёт M240,heavy,3572,0.0,194,0.0,NOT_REVIEWED,NOT_APPROVED
59,71,Пулемёт FN MAG,heavy,3067,0.0,125,0.0,NOT_REVIEWED,NOT_APPROVED
59,77,Пулемёт Negev NG7,heavy,3246,0.0,1631,0.0,NOT_REVIEWED,NOT_APPROVED
59,22,Пулемёт ПКМ,heavy,2352,0.0,2,0.0,NOT_REVIEWED,NOT_APPROVED
59,29,Пулемёт «Печенег»,heavy,3642,0.0,688,0.0,NOT_REVIEWED,NOT_APPROVED
59,53,Пулемёт «Печенег-СП»,heavy,3848,0.0,14,0.0,NOT_REVIEWED,NOT_APPROVED
59,47,Автомат АК-АН «Абакан-100»,heavy,3445,0.0,1421,0.0,NOT_REVIEWED,NOT_APPROVED
59,65,Пулемёт «Утёс-М»,heavy,4274,0.0,1836,0.0,NOT_REVIEWED,NOT_APPROVED
59,14,Винтовка СКС,heavy,5950,0.0,4186,0.0,NOT_REVIEWED,NOT_APPROVED
59,46,Винтовка SSG 08,heavy,3459,0.0,668,0.0,NOT_REVIEWED,NOT_APPROVED
59,42,Винтовка SR-25,heavy,4012,0.0,0,6.08,NOT_REVIEWED,NOT_APPROVED
59,13,Винтовка СВД,heavy,5513,0.0,3503,0.0,NOT_REVIEWED,NOT_APPROVED
59,24,Винтовка СВДС,heavy,3921,0.0,1870,0.0,NOT_REVIEWED,NOT_APPROVED
59,23,Винтовка Т-5000,heavy,3088,0.0,767,0.0,NOT_REVIEWED,NOT_APPROVED
59,28,Винтовка СВ-98,heavy,4517,0.0,2026,0.0,NOT_REVIEWED,NOT_APPROVED
59,36,Винтовка СВК,heavy,3077,0.0,1052,0.0,NOT_REVIEWED,NOT_APPROVED
59,30,Винтовка ВСС «Винторез»,heavy,4692,0.0,1026,0.0,NOT_REVIEWED,NOT_APPROVED
59,40,Винтовка ВСК-94,heavy,4284,0.0,303,0.0,NOT_REVIEWED,NOT_APPROVED
59,31,Винтовка СВ-338,heavy,3721,0.0,2366,0.0,NOT_REVIEWED,NOT_APPROVED
59,27,Винтовка ОРСИС T-5000M,heavy,4050,0.0,1419,0.0,NOT_REVIEWED,NOT_APPROVED
59,70,Винтовка Sako TRG-42,heavy,3958,0.0,1447,0.0,NOT_REVIEWED,NOT_APPROVED
59,76,Винтовка Blaser R93 Tactical 2,heavy,3818,0.0,2738,0.0,NOT_REVIEWED,NOT_APPROVED
59,39,Винтовка ORSIS T-5000 Sniper Pro,heavy,3843,0.0,2084,0.0,NOT_REVIEWED,NOT_APPROVED
59,60,Винтовка Accuracy International AXMC,heavy,3550,0.0,3237,0.0,NOT_REVIEWED,NOT_APPROVED
59,48,Винтовка Barrett M98B,heavy,2907,0.0,2462,0.0,NOT_REVIEWED,NOT_APPROVED
59,64,Винтовка ORSIS T-5000 Elite,heavy,4011,0.0,2216,0.0,NOT_REVIEWED,NOT_APPROVED
59,33,Винтовка «Выхлоп»,heavy,3501,0.0,1125,0.0,NOT_REVIEWED,NOT_APPROVED
59,35,Винтовка ОСВ-96,heavy,3068,0.0,1777,0.0,NOT_REVIEWED,NOT_APPROVED
59,66,Винтовка Zastava M93 Black Arrow,heavy,4343,0.0,2831,0.0,NOT_REVIEWED,NOT_APPROVED
59,52,Винтовка АСВК «Корд»,heavy,3313,0.0,1880,0.0,NOT_REVIEWED,NOT_APPROVED
59,58,Винтовка Steyr HS .50,heavy,5108,0.0,3686,0.0,NOT_REVIEWED,NOT_APPROVED
59,49,Винтовка Barrett M82,heavy,2314,0.0,2123,0.0,NOT_REVIEWED,NOT_APPROVED
59,54,Винтовка McMillan TAC-50,heavy,4482,0.0,600,0.0,NOT_REVIEWED,NOT_APPROVED
59,72,Винтовка Desert Tech HTI,heavy,4150,0.0,773,0.0,NOT_REVIEWED,NOT_APPROVED
59,78,Винтовка Cheytac M200 Intervention,heavy,2692,0.0,882,0.0,NOT_REVIEWED,NOT_APPROVED
59,73,Прототип X-17,heavy,2989,0.0,1025,0.0,NOT_REVIEWED,NOT_APPROVED
59,55,Гаусс-пушка,heavy,5896,0.0,2139,0.0,NOT_REVIEWED,NOT_APPROVED
59,4,Обрез охотничьего ружья,heavy,7673,0.0,3542,0.0,NOT_REVIEWED,NOT_APPROVED
59,8,ПП «Кедр»,heavy,8579,0.0,30,0.0,NOT_REVIEWED,NOT_APPROVED
59,9,ПП-19 «Бизон»,heavy,6646,0.0,6035,0.0,NOT_REVIEWED,NOT_APPROVED
59,20,Дробовик Сайга-410,heavy,5118,0.0,1419,0.0,NOT_REVIEWED,NOT_APPROVED
59,106,Дробовик Mossberg 500,heavy,5567,0.0,5664,0.0,NOT_REVIEWED,NOT_APPROVED
59,107,Дробовик Stoeger P3000,heavy,6043,0.0,5665,0.0,NOT_REVIEWED,NOT_APPROVED
59,108,Дробовик Remington 870,heavy,5688,0.0,5218,0.0,NOT_REVIEWED,NOT_APPROVED
59,109,Дробовик Winchester Model 1300,heavy,5741,0.0,5429,0.0,NOT_REVIEWED,NOT_APPROVED
59,110,Дробовик Ithaca 37,heavy,5731,0.0,5559,0.0,NOT_REVIEWED,NOT_APPROVED
59,111,Дробовик Browning BPS,heavy,5480,0.0,5274,0.0,NOT_REVIEWED,NOT_APPROVED
59,19,Дробовик СПАС-12,heavy,5277,0.0,2633,0.0,NOT_REVIEWED,NOT_APPROVED
59,112,Дробовик Winchester SXP Defender,heavy,5113,0.0,1759,0.0,NOT_REVIEWED,NOT_APPROVED
59,113,Дробовик Mossberg 590A1,heavy,5639,0.0,5575,0.0,NOT_REVIEWED,NOT_APPROVED
59,114,Дробовик Remington 870 MCS,heavy,4223,0.0,1524,0.0,NOT_REVIEWED,NOT_APPROVED
59,32,Дробовик Сайга-12К,heavy,3522,0.0,0,5.1,NOT_REVIEWED,NOT_APPROVED
59,115,Дробовик Benelli Nova,heavy,5652,0.0,5279,0.0,NOT_REVIEWED,NOT_APPROVED
59,116,Дробовик TOZ-194,heavy,5366,0.0,3592,0.0,NOT_REVIEWED,NOT_APPROVED
59,44,Дробовик «Вепрь-12»,heavy,3955,0.0,945,0.0,NOT_REVIEWED,NOT_APPROVED
59,117,Дробовик Remington 1100,heavy,5591,0.0,5201,0.0,NOT_REVIEWED,NOT_APPROVED
59,62,Дробовик Kel-Tec KSG,heavy,4561,0.0,172,0.0,NOT_REVIEWED,NOT_APPROVED
59,118,Дробовик Beretta 1301 Tactical,heavy,4002,0.0,1139,0.0,NOT_REVIEWED,NOT_APPROVED
59,50,Дробовик Benelli M4,heavy,4528,0.0,2571,0.0,NOT_REVIEWED,NOT_APPROVED
59,119,Дробовик Fabarm STF/12,heavy,4786,0.0,1589,0.0,NOT_REVIEWED,NOT_APPROVED
59,56,Дробовик AA-12,heavy,6157,0.0,661,0.0,NOT_REVIEWED,NOT_APPROVED
59,120,Дробовик Winchester SX4,heavy,5735,0.0,4920,0.0,NOT_REVIEWED,NOT_APPROVED
59,121,Дробовик Browning A5,heavy,5760,0.0,5006,0.0,NOT_REVIEWED,NOT_APPROVED
59,68,Дробовик Franchi SPAS-15,heavy,4896,0.0,2894,0.0,NOT_REVIEWED,NOT_APPROVED
59,122,Дробовик Remington 870 Magnum,heavy,6830,0.0,5157,0.0,NOT_REVIEWED,NOT_APPROVED
59,123,Дробовик Benelli Vinci,heavy,5958,0.0,5180,0.0,NOT_REVIEWED,NOT_APPROVED
59,74,Дробовик USAS-12,heavy,3813,0.0,1625,0.0,NOT_REVIEWED,NOT_APPROVED
59,124,Дробовик Ithaca Mag-10,heavy,3674,0.0,386,0.0,NOT_REVIEWED,NOT_APPROVED
59,125,Дробовик Remington SP-10,heavy,4839,0.0,133,0.0,NOT_REVIEWED,NOT_APPROVED
60,86,Beretta 21A Bobcat,pistol,7184,0.0,,,NOT_REVIEWED,NOT_APPROVED
60,2,Пистолет ПСМ,pistol,6758,0.0,,,NOT_REVIEWED,NOT_APPROVED
60,87,Walther PPK,pistol,7111,0.0,,,NOT_REVIEWED,NOT_APPROVED
60,1,Пистолет Макарова,pistol,6659,0.0,,,NOT_REVIEWED,NOT_APPROVED
60,3,Пистолет ИЖ-71,pistol,6210,0.0,,,NOT_REVIEWED,NOT_APPROVED
60,88,Glock 25,pistol,6477,0.0,,,NOT_REVIEWED,NOT_APPROVED
60,5,Пистолет ОЦ-33 «Пернач»,pistol,6739,0.0,,,NOT_REVIEWED,NOT_APPROVED
60,6,Револьвер Наган,pistol,4592,0.0,,,NOT_REVIEWED,NOT_APPROVED
60,89,Walther P99,pistol,6415,0.0,,,NOT_REVIEWED,NOT_APPROVED
60,90,CZ 75,pistol,6334,0.0,,,NOT_REVIEWED,NOT_APPROVED
60,91,Glock 17,pistol,6303,0.0,,,NOT_REVIEWED,NOT_APPROVED
60,92,Beretta 92FS,pistol,5964,0.0,,,NOT_REVIEWED,NOT_APPROVED
60,93,SIG Sauer P226,pistol,7099,0.0,,,NOT_REVIEWED,NOT_APPROVED
60,7,Пистолет ТТ,pistol,6671,0.0,,,NOT_REVIEWED,NOT_APPROVED
60,94,HK USP,pistol,6435,0.0,,,NOT_REVIEWED,NOT_APPROVED
60,95,Glock 22,pistol,6322,0.0,,,NOT_REVIEWED,NOT_APPROVED
60,96,SIG Sauer P229,pistol,7046,0.0,,,NOT_REVIEWED,NOT_APPROVED
60,97,Glock 20,pistol,6861,0.0,,,NOT_REVIEWED,NOT_APPROVED
60,98,Colt 1911,pistol,6420,0.0,,,NOT_REVIEWED,NOT_APPROVED
60,99,Glock 21,pistol,6512,0.0,,,NOT_REVIEWED,NOT_APPROVED
60,100,CZ 97B,pistol,6820,0.0,,,NOT_REVIEWED,NOT_APPROVED
60,101,HK Mark 23,pistol,5694,0.0,,,NOT_REVIEWED,NOT_APPROVED
60,102,Taurus Judge,pistol,5640,0.0,,,NOT_REVIEWED,NOT_APPROVED
60,103,Smith & Wesson Model 29,pistol,3865,0.0,,,NOT_REVIEWED,NOT_APPROVED
60,104,Taurus Raging Bull,pistol,4215,0.0,,,NOT_REVIEWED,NOT_APPROVED
60,105,Desert Eagle Mark XIX,pistol,7989,0.0,,,NOT_REVIEWED,NOT_APPROVED
60,11,Автомат АКС-74У,heavy,5979,0.0,2049,0.0,NOT_REVIEWED,NOT_APPROVED
60,12,Автомат АК-74,heavy,6103,0.0,2330,0.0,NOT_REVIEWED,NOT_APPROVED
60,37,Автомат АК-107,heavy,4110,0.0,205,0.0,NOT_REVIEWED,NOT_APPROVED
60,21,Автомат АК-12,heavy,5161,0.0,169,0.0,NOT_REVIEWED,NOT_APPROVED
60,26,Автомат АН-94 «Абакан»,heavy,4230,0.0,860,0.0,NOT_REVIEWED,NOT_APPROVED
60,17,Пулемёт РПК-74,heavy,3796,0.0,1461,0.0,NOT_REVIEWED,NOT_APPROVED
60,38,Автомат ADAR 2-15,heavy,5510,0.0,652,0.0,NOT_REVIEWED,NOT_APPROVED
60,45,Автомат АК-19,heavy,4424,0.0,839,0.0,NOT_REVIEWED,NOT_APPROVED
60,57,Автомат HK416,heavy,4536,0.0,209,0.0,NOT_REVIEWED,NOT_APPROVED
60,69,Автомат CZ Bren 2,heavy,4222,0.0,441,0.0,NOT_REVIEWED,NOT_APPROVED
60,67,Пулемёт Minimi Mk3,heavy,3250,0.0,2323,0.0,NOT_REVIEWED,NOT_APPROVED
60,43,Автомат ОЦ-14 «Гроза»,heavy,4768,0.0,0,18.87,NOT_REVIEWED,NOT_APPROVED
60,16,Карабин «Вепрь»,heavy,5720,0.0,1474,0.0,NOT_REVIEWED,NOT_APPROVED
60,15,Автомат АК-103,heavy,4777,0.0,1294,0.0,NOT_REVIEWED,NOT_APPROVED
60,25,Пулемёт РПД,heavy,3392,0.0,19,0.0,NOT_REVIEWED,NOT_APPROVED
60,18,Автомат АС «Вал»,heavy,4486,0.0,838,0.0,NOT_REVIEWED,NOT_APPROVED
60,10,Карабин Сайга-12,heavy,6356,0.0,2738,0.0,NOT_REVIEWED,NOT_APPROVED
60,63,Автомат АК-308,heavy,4222,0.0,475,0.0,NOT_REVIEWED,NOT_APPROVED
60,51,Автомат ЛР-308,heavy,3905,0.0,0,4.0,NOT_REVIEWED,NOT_APPROVED
60,75,Автомат SCAR-H,heavy,4323,0.0,0,3.0,NOT_REVIEWED,NOT_APPROVED
60,61,Пулемёт M60E6,heavy,3705,0.0,2472,0.0,NOT_REVIEWED,NOT_APPROVED
60,59,Пулемёт M240,heavy,3572,0.0,426,0.0,NOT_REVIEWED,NOT_APPROVED
60,71,Пулемёт FN MAG,heavy,3067,0.0,1487,0.0,NOT_REVIEWED,NOT_APPROVED
60,77,Пулемёт Negev NG7,heavy,3246,0.0,2167,0.0,NOT_REVIEWED,NOT_APPROVED
60,22,Пулемёт ПКМ,heavy,2352,0.0,158,0.0,NOT_REVIEWED,NOT_APPROVED
60,29,Пулемёт «Печенег»,heavy,3642,0.0,1195,0.0,NOT_REVIEWED,NOT_APPROVED
60,53,Пулемёт «Печенег-СП»,heavy,3848,0.0,1577,0.0,NOT_REVIEWED,NOT_APPROVED
60,47,Автомат АК-АН «Абакан-100»,heavy,3445,0.0,1853,0.0,NOT_REVIEWED,NOT_APPROVED
60,65,Пулемёт «Утёс-М»,heavy,4274,0.0,2840,0.0,NOT_REVIEWED,NOT_APPROVED
60,14,Винтовка СКС,heavy,5950,0.0,4315,0.0,NOT_REVIEWED,NOT_APPROVED
60,46,Винтовка SSG 08,heavy,3459,0.0,1515,0.0,NOT_REVIEWED,NOT_APPROVED
60,42,Винтовка SR-25,heavy,4012,0.0,97,0.0,NOT_REVIEWED,NOT_APPROVED
60,13,Винтовка СВД,heavy,5513,0.0,3231,0.0,NOT_REVIEWED,NOT_APPROVED
60,24,Винтовка СВДС,heavy,3921,0.0,2309,0.0,NOT_REVIEWED,NOT_APPROVED
60,23,Винтовка Т-5000,heavy,3088,0.0,1620,0.0,NOT_REVIEWED,NOT_APPROVED
60,28,Винтовка СВ-98,heavy,4517,0.0,1961,0.0,NOT_REVIEWED,NOT_APPROVED
60,36,Винтовка СВК,heavy,3077,0.0,2244,0.0,NOT_REVIEWED,NOT_APPROVED
60,30,Винтовка ВСС «Винторез»,heavy,4692,0.0,1833,0.0,NOT_REVIEWED,NOT_APPROVED
60,40,Винтовка ВСК-94,heavy,4284,0.0,37,0.0,NOT_REVIEWED,NOT_APPROVED
60,31,Винтовка СВ-338,heavy,3721,0.0,3066,0.0,NOT_REVIEWED,NOT_APPROVED
60,27,Винтовка ОРСИС T-5000M,heavy,4050,0.0,2326,0.0,NOT_REVIEWED,NOT_APPROVED
60,70,Винтовка Sako TRG-42,heavy,3958,0.0,2338,0.0,NOT_REVIEWED,NOT_APPROVED
60,76,Винтовка Blaser R93 Tactical 2,heavy,3818,0.0,3246,0.0,NOT_REVIEWED,NOT_APPROVED
60,39,Винтовка ORSIS T-5000 Sniper Pro,heavy,3843,0.0,2867,0.0,NOT_REVIEWED,NOT_APPROVED
60,60,Винтовка Accuracy International AXMC,heavy,3550,0.0,3045,0.0,NOT_REVIEWED,NOT_APPROVED
60,48,Винтовка Barrett M98B,heavy,2907,0.0,2232,0.0,NOT_REVIEWED,NOT_APPROVED
60,64,Винтовка ORSIS T-5000 Elite,heavy,4011,0.0,1634,0.0,NOT_REVIEWED,NOT_APPROVED
60,33,Винтовка «Выхлоп»,heavy,3501,0.0,1990,0.0,NOT_REVIEWED,NOT_APPROVED
60,35,Винтовка ОСВ-96,heavy,3068,0.0,659,0.0,NOT_REVIEWED,NOT_APPROVED
60,66,Винтовка Zastava M93 Black Arrow,heavy,4343,0.0,2677,0.0,NOT_REVIEWED,NOT_APPROVED
60,52,Винтовка АСВК «Корд»,heavy,3313,0.0,3027,0.0,NOT_REVIEWED,NOT_APPROVED
60,58,Винтовка Steyr HS .50,heavy,5108,0.0,4127,0.0,NOT_REVIEWED,NOT_APPROVED
60,49,Винтовка Barrett M82,heavy,2314,0.0,2871,0.0,NOT_REVIEWED,NOT_APPROVED
60,54,Винтовка McMillan TAC-50,heavy,4482,0.0,1154,0.0,NOT_REVIEWED,NOT_APPROVED
60,72,Винтовка Desert Tech HTI,heavy,4150,0.0,1713,0.0,NOT_REVIEWED,NOT_APPROVED
60,78,Винтовка Cheytac M200 Intervention,heavy,2692,0.0,1480,0.0,NOT_REVIEWED,NOT_APPROVED
60,73,Прототип X-17,heavy,2989,0.0,502,0.0,NOT_REVIEWED,NOT_APPROVED
60,55,Гаусс-пушка,heavy,5896,0.0,2196,0.0,NOT_REVIEWED,NOT_APPROVED
60,4,Обрез охотничьего ружья,heavy,7673,0.0,3599,0.0,NOT_REVIEWED,NOT_APPROVED
60,8,ПП «Кедр»,heavy,8579,0.0,0,1.0,NOT_REVIEWED,NOT_APPROVED
60,9,ПП-19 «Бизон»,heavy,6646,0.0,6124,0.0,NOT_REVIEWED,NOT_APPROVED
60,20,Дробовик Сайга-410,heavy,5118,0.0,1699,0.0,NOT_REVIEWED,NOT_APPROVED
60,106,Дробовик Mossberg 500,heavy,5567,0.0,5472,0.0,NOT_REVIEWED,NOT_APPROVED
60,107,Дробовик Stoeger P3000,heavy,6043,0.0,5717,0.0,NOT_REVIEWED,NOT_APPROVED
60,108,Дробовик Remington 870,heavy,5688,0.0,5710,0.0,NOT_REVIEWED,NOT_APPROVED
60,109,Дробовик Winchester Model 1300,heavy,5741,0.0,5225,0.0,NOT_REVIEWED,NOT_APPROVED
60,110,Дробовик Ithaca 37,heavy,5731,0.0,5608,0.0,NOT_REVIEWED,NOT_APPROVED
60,111,Дробовик Browning BPS,heavy,5480,0.0,4980,0.0,NOT_REVIEWED,NOT_APPROVED
60,19,Дробовик СПАС-12,heavy,5277,0.0,3454,0.0,NOT_REVIEWED,NOT_APPROVED
60,112,Дробовик Winchester SXP Defender,heavy,5113,0.0,2335,0.0,NOT_REVIEWED,NOT_APPROVED
60,113,Дробовик Mossberg 590A1,heavy,5639,0.0,5658,0.0,NOT_REVIEWED,NOT_APPROVED
60,114,Дробовик Remington 870 MCS,heavy,4223,0.0,2055,0.0,NOT_REVIEWED,NOT_APPROVED
60,32,Дробовик Сайга-12К,heavy,3522,0.0,77,0.0,NOT_REVIEWED,NOT_APPROVED
60,115,Дробовик Benelli Nova,heavy,5652,0.0,5086,0.0,NOT_REVIEWED,NOT_APPROVED
60,116,Дробовик TOZ-194,heavy,5366,0.0,2982,0.0,NOT_REVIEWED,NOT_APPROVED
60,44,Дробовик «Вепрь-12»,heavy,3955,0.0,1109,0.0,NOT_REVIEWED,NOT_APPROVED
60,117,Дробовик Remington 1100,heavy,5591,0.0,4879,0.0,NOT_REVIEWED,NOT_APPROVED
60,62,Дробовик Kel-Tec KSG,heavy,4561,0.0,165,0.0,NOT_REVIEWED,NOT_APPROVED
60,118,Дробовик Beretta 1301 Tactical,heavy,4002,0.0,1906,0.0,NOT_REVIEWED,NOT_APPROVED
60,50,Дробовик Benelli M4,heavy,4528,0.0,3132,0.0,NOT_REVIEWED,NOT_APPROVED
60,119,Дробовик Fabarm STF/12,heavy,4786,0.0,1991,0.0,NOT_REVIEWED,NOT_APPROVED
60,56,Дробовик AA-12,heavy,6157,0.0,1359,0.0,NOT_REVIEWED,NOT_APPROVED
60,120,Дробовик Winchester SX4,heavy,5735,0.0,4865,0.0,NOT_REVIEWED,NOT_APPROVED
60,121,Дробовик Browning A5,heavy,5760,0.0,4449,0.0,NOT_REVIEWED,NOT_APPROVED
60,68,Дробовик Franchi SPAS-15,heavy,4896,0.0,3516,0.0,NOT_REVIEWED,NOT_APPROVED
60,122,Дробовик Remington 870 Magnum,heavy,6830,0.0,5601,0.0,NOT_REVIEWED,NOT_APPROVED
60,123,Дробовик Benelli Vinci,heavy,5958,0.0,4919,0.0,NOT_REVIEWED,NOT_APPROVED
60,74,Дробовик USAS-12,heavy,3813,0.0,905,0.0,NOT_REVIEWED,NOT_APPROVED
60,124,Дробовик Ithaca Mag-10,heavy,3674,0.0,757,0.0,NOT_REVIEWED,NOT_APPROVED
60,125,Дробовик Remington SP-10,heavy,4839,0.0,628,0.0,NOT_REVIEWED,NOT_APPROVED
61,86,Beretta 21A Bobcat,pistol,7285,0.0,,,NOT_REVIEWED,NOT_APPROVED
61,2,Пистолет ПСМ,pistol,6872,0.0,,,NOT_REVIEWED,NOT_APPROVED
61,87,Walther PPK,pistol,7187,0.0,,,NOT_REVIEWED,NOT_APPROVED
61,1,Пистолет Макарова,pistol,6773,0.0,,,NOT_REVIEWED,NOT_APPROVED
61,3,Пистолет ИЖ-71,pistol,6339,0.0,,,NOT_REVIEWED,NOT_APPROVED
61,88,Glock 25,pistol,6585,0.0,,,NOT_REVIEWED,NOT_APPROVED
61,5,Пистолет ОЦ-33 «Пернач»,pistol,6811,0.0,,,NOT_REVIEWED,NOT_APPROVED
61,6,Револьвер Наган,pistol,4732,0.0,,,NOT_REVIEWED,NOT_APPROVED
61,89,Walther P99,pistol,6510,0.0,,,NOT_REVIEWED,NOT_APPROVED
61,90,CZ 75,pistol,6374,0.0,,,NOT_REVIEWED,NOT_APPROVED
61,91,Glock 17,pistol,6381,0.0,,,NOT_REVIEWED,NOT_APPROVED
61,92,Beretta 92FS,pistol,5984,0.0,,,NOT_REVIEWED,NOT_APPROVED
61,93,SIG Sauer P226,pistol,7191,0.0,,,NOT_REVIEWED,NOT_APPROVED
61,7,Пистолет ТТ,pistol,6730,0.0,,,NOT_REVIEWED,NOT_APPROVED
61,94,HK USP,pistol,6555,0.0,,,NOT_REVIEWED,NOT_APPROVED
61,95,Glock 22,pistol,6409,0.0,,,NOT_REVIEWED,NOT_APPROVED
61,96,SIG Sauer P229,pistol,7125,0.0,,,NOT_REVIEWED,NOT_APPROVED
61,97,Glock 20,pistol,6999,0.0,,,NOT_REVIEWED,NOT_APPROVED
61,98,Colt 1911,pistol,6542,0.0,,,NOT_REVIEWED,NOT_APPROVED
61,99,Glock 21,pistol,6588,0.0,,,NOT_REVIEWED,NOT_APPROVED
61,100,CZ 97B,pistol,6915,0.0,,,NOT_REVIEWED,NOT_APPROVED
61,101,HK Mark 23,pistol,5795,0.0,,,NOT_REVIEWED,NOT_APPROVED
61,102,Taurus Judge,pistol,5775,0.0,,,NOT_REVIEWED,NOT_APPROVED
61,103,Smith & Wesson Model 29,pistol,3935,0.0,,,NOT_REVIEWED,NOT_APPROVED
61,104,Taurus Raging Bull,pistol,4306,0.0,,,NOT_REVIEWED,NOT_APPROVED
61,105,Desert Eagle Mark XIX,pistol,7979,0.0,,,NOT_REVIEWED,NOT_APPROVED
61,11,Автомат АКС-74У,heavy,5979,0.0,2407,0.0,NOT_REVIEWED,NOT_APPROVED
61,12,Автомат АК-74,heavy,6166,0.0,3155,0.0,NOT_REVIEWED,NOT_APPROVED
61,37,Автомат АК-107,heavy,4110,0.0,647,0.0,NOT_REVIEWED,NOT_APPROVED
61,21,Автомат АК-12,heavy,5161,0.0,401,0.0,NOT_REVIEWED,NOT_APPROVED
61,26,Автомат АН-94 «Абакан»,heavy,4287,0.0,1422,0.0,NOT_REVIEWED,NOT_APPROVED
61,17,Пулемёт РПК-74,heavy,3796,0.0,1697,0.0,NOT_REVIEWED,NOT_APPROVED
61,38,Автомат ADAR 2-15,heavy,5510,0.0,928,0.0,NOT_REVIEWED,NOT_APPROVED
61,45,Автомат АК-19,heavy,4424,0.0,1271,0.0,NOT_REVIEWED,NOT_APPROVED
61,57,Автомат HK416,heavy,4536,0.0,2773,0.0,NOT_REVIEWED,NOT_APPROVED
61,69,Автомат CZ Bren 2,heavy,4222,0.0,2710,0.0,NOT_REVIEWED,NOT_APPROVED
61,67,Пулемёт Minimi Mk3,heavy,3250,0.0,1925,0.0,NOT_REVIEWED,NOT_APPROVED
61,43,Автомат ОЦ-14 «Гроза»,heavy,4705,0.0,84,0.0,NOT_REVIEWED,NOT_APPROVED
61,16,Карабин «Вепрь»,heavy,5787,0.0,2478,0.0,NOT_REVIEWED,NOT_APPROVED
61,15,Автомат АК-103,heavy,4777,0.0,1818,0.0,NOT_REVIEWED,NOT_APPROVED
61,25,Пулемёт РПД,heavy,3476,0.0,163,0.0,NOT_REVIEWED,NOT_APPROVED
61,18,Автомат АС «Вал»,heavy,4540,0.0,1290,0.0,NOT_REVIEWED,NOT_APPROVED
61,10,Карабин Сайга-12,heavy,6409,0.0,3061,0.0,NOT_REVIEWED,NOT_APPROVED
61,63,Автомат АК-308,heavy,4222,0.0,1047,0.0,NOT_REVIEWED,NOT_APPROVED
61,51,Автомат ЛР-308,heavy,3905,0.0,0,1.0,NOT_REVIEWED,NOT_APPROVED
61,75,Автомат SCAR-H,heavy,4269,0.0,2359,0.0,NOT_REVIEWED,NOT_APPROVED
61,61,Пулемёт M60E6,heavy,3705,0.0,1930,0.0,NOT_REVIEWED,NOT_APPROVED
61,59,Пулемёт M240,heavy,3572,0.0,1005,0.0,NOT_REVIEWED,NOT_APPROVED
61,71,Пулемёт FN MAG,heavy,3067,0.0,1045,0.0,NOT_REVIEWED,NOT_APPROVED
61,77,Пулемёт Negev NG7,heavy,3246,0.0,1264,0.0,NOT_REVIEWED,NOT_APPROVED
61,22,Пулемёт ПКМ,heavy,2309,0.0,249,0.0,NOT_REVIEWED,NOT_APPROVED
61,29,Пулемёт «Печенег»,heavy,3642,0.0,1762,0.0,NOT_REVIEWED,NOT_APPROVED
61,53,Пулемёт «Печенег-СП»,heavy,3848,0.0,907,0.0,NOT_REVIEWED,NOT_APPROVED
61,47,Автомат АК-АН «Абакан-100»,heavy,3555,0.0,2460,0.0,NOT_REVIEWED,NOT_APPROVED
61,65,Пулемёт «Утёс-М»,heavy,4274,0.0,2675,0.0,NOT_REVIEWED,NOT_APPROVED
61,14,Винтовка СКС,heavy,5929,0.0,4989,0.0,NOT_REVIEWED,NOT_APPROVED
61,46,Винтовка SSG 08,heavy,3376,0.0,1167,0.0,NOT_REVIEWED,NOT_APPROVED
61,42,Винтовка SR-25,heavy,4012,0.0,17,0.0,NOT_REVIEWED,NOT_APPROVED
61,13,Винтовка СВД,heavy,5419,0.0,3903,0.0,NOT_REVIEWED,NOT_APPROVED
61,24,Винтовка СВДС,heavy,3811,0.0,2501,0.0,NOT_REVIEWED,NOT_APPROVED
61,23,Винтовка Т-5000,heavy,3088,0.0,1258,0.0,NOT_REVIEWED,NOT_APPROVED
61,28,Винтовка СВ-98,heavy,4604,0.0,2936,0.0,NOT_REVIEWED,NOT_APPROVED
61,36,Винтовка СВК,heavy,3077,0.0,1278,0.0,NOT_REVIEWED,NOT_APPROVED
61,30,Винтовка ВСС «Винторез»,heavy,4802,0.0,1942,0.0,NOT_REVIEWED,NOT_APPROVED
61,40,Винтовка ВСК-94,heavy,4284,0.0,1066,0.0,NOT_REVIEWED,NOT_APPROVED
61,31,Винтовка СВ-338,heavy,3721,0.0,2353,0.0,NOT_REVIEWED,NOT_APPROVED
61,27,Винтовка ОРСИС T-5000M,heavy,3940,0.0,1801,0.0,NOT_REVIEWED,NOT_APPROVED
61,70,Винтовка Sako TRG-42,heavy,4021,0.0,2479,0.0,NOT_REVIEWED,NOT_APPROVED
61,76,Винтовка Blaser R93 Tactical 2,heavy,3890,0.0,3235,0.0,NOT_REVIEWED,NOT_APPROVED
61,39,Винтовка ORSIS T-5000 Sniper Pro,heavy,3843,0.0,1916,0.0,NOT_REVIEWED,NOT_APPROVED
61,60,Винтовка Accuracy International AXMC,heavy,3550,0.0,3828,0.0,NOT_REVIEWED,NOT_APPROVED
61,48,Винтовка Barrett M98B,heavy,2907,0.0,2654,0.0,NOT_REVIEWED,NOT_APPROVED
61,64,Винтовка ORSIS T-5000 Elite,heavy,4011,0.0,3935,0.0,NOT_REVIEWED,NOT_APPROVED
61,33,Винтовка «Выхлоп»,heavy,3501,0.0,1738,0.0,NOT_REVIEWED,NOT_APPROVED
61,35,Винтовка ОСВ-96,heavy,3178,0.0,2523,0.0,NOT_REVIEWED,NOT_APPROVED
61,66,Винтовка Zastava M93 Black Arrow,heavy,4343,0.0,3816,0.0,NOT_REVIEWED,NOT_APPROVED
61,52,Винтовка АСВК «Корд»,heavy,3313,0.0,1513,0.0,NOT_REVIEWED,NOT_APPROVED
61,58,Винтовка Steyr HS .50,heavy,5108,0.0,4364,0.0,NOT_REVIEWED,NOT_APPROVED
61,49,Винтовка Barrett M82,heavy,2365,0.0,2303,0.0,NOT_REVIEWED,NOT_APPROVED
61,54,Винтовка McMillan TAC-50,heavy,4482,0.0,2752,0.0,NOT_REVIEWED,NOT_APPROVED
61,72,Винтовка Desert Tech HTI,heavy,4243,0.0,1273,0.0,NOT_REVIEWED,NOT_APPROVED
61,78,Винтовка Cheytac M200 Intervention,heavy,2692,0.0,2166,0.0,NOT_REVIEWED,NOT_APPROVED
61,73,Прототип X-17,heavy,2911,0.0,2271,0.0,NOT_REVIEWED,NOT_APPROVED
61,55,Гаусс-пушка,heavy,5582,0.0,3585,0.0,NOT_REVIEWED,NOT_APPROVED
61,4,Обрез охотничьего ружья,heavy,7514,0.0,4547,0.0,NOT_REVIEWED,NOT_APPROVED
61,8,ПП «Кедр»,heavy,8579,0.0,875,0.0,NOT_REVIEWED,NOT_APPROVED
61,9,ПП-19 «Бизон»,heavy,6701,0.0,6710,0.0,NOT_REVIEWED,NOT_APPROVED
61,20,Дробовик Сайга-410,heavy,5195,0.0,2338,0.0,NOT_REVIEWED,NOT_APPROVED
61,106,Дробовик Mossberg 500,heavy,5533,0.0,5363,0.0,NOT_REVIEWED,NOT_APPROVED
61,107,Дробовик Stoeger P3000,heavy,6003,0.0,5577,0.0,NOT_REVIEWED,NOT_APPROVED
61,108,Дробовик Remington 870,heavy,5746,0.0,5435,0.0,NOT_REVIEWED,NOT_APPROVED
61,109,Дробовик Winchester Model 1300,heavy,5741,0.0,5221,0.0,NOT_REVIEWED,NOT_APPROVED
61,110,Дробовик Ithaca 37,heavy,5694,0.0,5354,0.0,NOT_REVIEWED,NOT_APPROVED
61,111,Дробовик Browning BPS,heavy,5524,0.0,5188,0.0,NOT_REVIEWED,NOT_APPROVED
61,19,Дробовик СПАС-12,heavy,5277,0.0,3383,0.0,NOT_REVIEWED,NOT_APPROVED
61,112,Дробовик Winchester SXP Defender,heavy,5113,0.0,2292,0.0,NOT_REVIEWED,NOT_APPROVED
61,113,Дробовик Mossberg 590A1,heavy,5682,0.0,5325,0.0,NOT_REVIEWED,NOT_APPROVED
61,114,Дробовик Remington 870 MCS,heavy,4223,0.0,2467,0.0,NOT_REVIEWED,NOT_APPROVED
61,32,Дробовик Сайга-12К,heavy,3522,0.0,415,0.0,NOT_REVIEWED,NOT_APPROVED
61,115,Дробовик Benelli Nova,heavy,5626,0.0,5179,0.0,NOT_REVIEWED,NOT_APPROVED
61,116,Дробовик TOZ-194,heavy,5332,0.0,3803,0.0,NOT_REVIEWED,NOT_APPROVED
61,44,Дробовик «Вепрь-12»,heavy,3955,0.0,1853,0.0,NOT_REVIEWED,NOT_APPROVED
61,117,Дробовик Remington 1100,heavy,5591,0.0,5131,0.0,NOT_REVIEWED,NOT_APPROVED
61,62,Дробовик Kel-Tec KSG,heavy,4561,0.0,801,0.0,NOT_REVIEWED,NOT_APPROVED
61,118,Дробовик Beretta 1301 Tactical,heavy,3947,0.0,1719,0.0,NOT_REVIEWED,NOT_APPROVED
61,50,Дробовик Benelli M4,heavy,4528,0.0,3041,0.0,NOT_REVIEWED,NOT_APPROVED
61,119,Дробовик Fabarm STF/12,heavy,4786,0.0,2286,0.0,NOT_REVIEWED,NOT_APPROVED
61,56,Дробовик AA-12,heavy,6149,0.0,647,0.0,NOT_REVIEWED,NOT_APPROVED
61,120,Дробовик Winchester SX4,heavy,5693,0.0,5095,0.0,NOT_REVIEWED,NOT_APPROVED
61,121,Дробовик Browning A5,heavy,5760,0.0,4966,0.0,NOT_REVIEWED,NOT_APPROVED
61,68,Дробовик Franchi SPAS-15,heavy,4843,0.0,2920,0.0,NOT_REVIEWED,NOT_APPROVED
61,122,Дробовик Remington 870 Magnum,heavy,6748,0.0,5617,0.0,NOT_REVIEWED,NOT_APPROVED
61,123,Дробовик Benelli Vinci,heavy,5958,0.0,5128,0.0,NOT_REVIEWED,NOT_APPROVED
61,74,Дробовик USAS-12,heavy,3768,0.0,3528,0.0,NOT_REVIEWED,NOT_APPROVED
61,124,Дробовик Ithaca Mag-10,heavy,3618,0.0,1242,0.0,NOT_REVIEWED,NOT_APPROVED
61,125,Дробовик Remington SP-10,heavy,4897,0.0,992,0.0,NOT_REVIEWED,NOT_APPROVED
62,86,Beretta 21A Bobcat,pistol,7473,0.0,,,NOT_REVIEWED,NOT_APPROVED
62,2,Пистолет ПСМ,pistol,7074,0.0,,,NOT_REVIEWED,NOT_APPROVED
62,87,Walther PPK,pistol,7342,0.0,,,NOT_REVIEWED,NOT_APPROVED
62,1,Пистолет Макарова,pistol,6990,0.0,,,NOT_REVIEWED,NOT_APPROVED
62,3,Пистолет ИЖ-71,pistol,6649,0.0,,,NOT_REVIEWED,NOT_APPROVED
62,88,Glock 25,pistol,6801,0.0,,,NOT_REVIEWED,NOT_APPROVED
62,5,Пистолет ОЦ-33 «Пернач»,pistol,7001,0.0,,,NOT_REVIEWED,NOT_APPROVED
62,6,Револьвер Наган,pistol,5037,0.0,,,NOT_REVIEWED,NOT_APPROVED
62,89,Walther P99,pistol,6708,0.0,,,NOT_REVIEWED,NOT_APPROVED
62,90,CZ 75,pistol,6520,0.0,,,NOT_REVIEWED,NOT_APPROVED
62,91,Glock 17,pistol,6548,0.0,,,NOT_REVIEWED,NOT_APPROVED
62,92,Beretta 92FS,pistol,6143,0.0,,,NOT_REVIEWED,NOT_APPROVED
62,93,SIG Sauer P226,pistol,7336,0.0,,,NOT_REVIEWED,NOT_APPROVED
62,7,Пистолет ТТ,pistol,6899,0.0,,,NOT_REVIEWED,NOT_APPROVED
62,94,HK USP,pistol,6730,0.0,,,NOT_REVIEWED,NOT_APPROVED
62,95,Glock 22,pistol,6602,0.0,,,NOT_REVIEWED,NOT_APPROVED
62,96,SIG Sauer P229,pistol,7295,0.0,,,NOT_REVIEWED,NOT_APPROVED
62,97,Glock 20,pistol,7223,0.0,,,NOT_REVIEWED,NOT_APPROVED
62,98,Colt 1911,pistol,6711,0.0,,,NOT_REVIEWED,NOT_APPROVED
62,99,Glock 21,pistol,6744,0.0,,,NOT_REVIEWED,NOT_APPROVED
62,100,CZ 97B,pistol,7134,0.0,,,NOT_REVIEWED,NOT_APPROVED
62,101,HK Mark 23,pistol,5927,0.0,,,NOT_REVIEWED,NOT_APPROVED
62,102,Taurus Judge,pistol,6083,0.0,,,NOT_REVIEWED,NOT_APPROVED
62,103,Smith & Wesson Model 29,pistol,4217,0.0,,,NOT_REVIEWED,NOT_APPROVED
62,104,Taurus Raging Bull,pistol,4587,0.0,,,NOT_REVIEWED,NOT_APPROVED
62,105,Desert Eagle Mark XIX,pistol,8045,0.0,,,NOT_REVIEWED,NOT_APPROVED
62,11,Автомат АКС-74У,heavy,5937,0.0,4743,0.0,NOT_REVIEWED,NOT_APPROVED
62,12,Автомат АК-74,heavy,6061,0.0,3181,0.0,NOT_REVIEWED,NOT_APPROVED
62,37,Автомат АК-107,heavy,4088,0.0,2654,0.0,NOT_REVIEWED,NOT_APPROVED
62,21,Автомат АК-12,heavy,5138,0.0,4186,0.0,NOT_REVIEWED,NOT_APPROVED
62,26,Автомат АН-94 «Абакан»,heavy,4218,0.0,3185,0.0,NOT_REVIEWED,NOT_APPROVED
62,17,Пулемёт РПК-74,heavy,3769,0.0,942,0.0,NOT_REVIEWED,NOT_APPROVED
62,38,Автомат ADAR 2-15,heavy,5476,0.0,2202,0.0,NOT_REVIEWED,NOT_APPROVED
62,45,Автомат АК-19,heavy,4417,0.0,2789,0.0,NOT_REVIEWED,NOT_APPROVED
62,57,Автомат HK416,heavy,4515,0.0,2437,0.0,NOT_REVIEWED,NOT_APPROVED
62,69,Автомат CZ Bren 2,heavy,4207,0.0,2325,0.0,NOT_REVIEWED,NOT_APPROVED
62,67,Пулемёт Minimi Mk3,heavy,3250,0.0,2040,0.0,NOT_REVIEWED,NOT_APPROVED
62,43,Автомат ОЦ-14 «Гроза»,heavy,4747,0.0,2133,0.0,NOT_REVIEWED,NOT_APPROVED
62,16,Карабин «Вепрь»,heavy,5678,0.0,2444,0.0,NOT_REVIEWED,NOT_APPROVED
62,15,Автомат АК-103,heavy,4766,0.0,3459,0.0,NOT_REVIEWED,NOT_APPROVED
62,25,Пулемёт РПД,heavy,3392,0.0,5316,0.0,NOT_REVIEWED,NOT_APPROVED
62,18,Автомат АС «Вал»,heavy,4463,0.0,3208,0.0,NOT_REVIEWED,NOT_APPROVED
62,10,Карабин Сайга-12,heavy,6314,0.0,5089,0.0,NOT_REVIEWED,NOT_APPROVED
62,63,Автомат АК-308,heavy,4199,0.0,3795,0.0,NOT_REVIEWED,NOT_APPROVED
62,51,Автомат ЛР-308,heavy,3886,0.0,2404,0.0,NOT_REVIEWED,NOT_APPROVED
62,75,Автомат SCAR-H,heavy,4296,0.0,2479,0.0,NOT_REVIEWED,NOT_APPROVED
62,61,Пулемёт M60E6,heavy,3678,0.0,2585,0.0,NOT_REVIEWED,NOT_APPROVED
62,59,Пулемёт M240,heavy,3572,0.0,1159,0.0,NOT_REVIEWED,NOT_APPROVED
62,71,Пулемёт FN MAG,heavy,3067,0.0,1778,0.0,NOT_REVIEWED,NOT_APPROVED
62,77,Пулемёт Negev NG7,heavy,3233,0.0,1275,0.0,NOT_REVIEWED,NOT_APPROVED
62,22,Пулемёт ПКМ,heavy,2343,0.0,5639,0.0,NOT_REVIEWED,NOT_APPROVED
62,29,Пулемёт «Печенег»,heavy,3639,0.0,5368,0.0,NOT_REVIEWED,NOT_APPROVED
62,53,Пулемёт «Печенег-СП»,heavy,3848,0.0,1809,0.0,NOT_REVIEWED,NOT_APPROVED
62,47,Автомат АК-АН «Абакан-100»,heavy,3403,0.0,364,0.0,NOT_REVIEWED,NOT_APPROVED
62,65,Пулемёт «Утёс-М»,heavy,4232,0.0,3371,0.0,NOT_REVIEWED,NOT_APPROVED
62,14,Винтовка СКС,heavy,5908,0.0,2708,0.0,NOT_REVIEWED,NOT_APPROVED
62,46,Винтовка SSG 08,heavy,3455,0.0,0,1.41,NOT_REVIEWED,NOT_APPROVED
62,42,Винтовка SR-25,heavy,4000,0.0,2262,0.0,NOT_REVIEWED,NOT_APPROVED
62,13,Винтовка СВД,heavy,5471,0.0,2333,0.0,NOT_REVIEWED,NOT_APPROVED
62,24,Винтовка СВДС,heavy,3879,0.0,2036,0.0,NOT_REVIEWED,NOT_APPROVED
62,23,Винтовка Т-5000,heavy,3084,0.0,357,0.0,NOT_REVIEWED,NOT_APPROVED
62,28,Винтовка СВ-98,heavy,4475,0.0,44,0.0,NOT_REVIEWED,NOT_APPROVED
62,36,Винтовка СВК,heavy,3077,0.0,580,0.0,NOT_REVIEWED,NOT_APPROVED
62,30,Винтовка ВСС «Винторез»,heavy,4684,0.0,678,0.0,NOT_REVIEWED,NOT_APPROVED
62,40,Винтовка ВСК-94,heavy,4272,0.0,775,0.0,NOT_REVIEWED,NOT_APPROVED
62,31,Винтовка СВ-338,heavy,3679,0.0,387,0.0,NOT_REVIEWED,NOT_APPROVED
62,27,Винтовка ОРСИС T-5000M,heavy,4008,0.0,156,0.0,NOT_REVIEWED,NOT_APPROVED
62,70,Винтовка Sako TRG-42,heavy,3955,0.0,0,11.31,NOT_REVIEWED,NOT_APPROVED
62,76,Винтовка Blaser R93 Tactical 2,heavy,3776,0.0,25,0.0,NOT_REVIEWED,NOT_APPROVED
62,39,Винтовка ORSIS T-5000 Sniper Pro,heavy,3801,0.0,7,0.0,NOT_REVIEWED,NOT_APPROVED
62,60,Винтовка Accuracy International AXMC,heavy,3508,0.0,1176,0.0,NOT_REVIEWED,NOT_APPROVED
62,48,Винтовка Barrett M98B,heavy,2865,0.0,391,0.0,NOT_REVIEWED,NOT_APPROVED
62,64,Винтовка ORSIS T-5000 Elite,heavy,3969,0.0,210,0.0,NOT_REVIEWED,NOT_APPROVED
62,33,Винтовка «Выхлоп»,heavy,3487,0.0,279,0.0,NOT_REVIEWED,NOT_APPROVED
62,35,Винтовка ОСВ-96,heavy,3049,0.0,26,0.0,NOT_REVIEWED,NOT_APPROVED
62,66,Винтовка Zastava M93 Black Arrow,heavy,4301,0.0,0,2.0,NOT_REVIEWED,NOT_APPROVED
62,52,Винтовка АСВК «Корд»,heavy,3306,0.0,855,0.0,NOT_REVIEWED,NOT_APPROVED
62,58,Винтовка Steyr HS .50,heavy,5066,0.0,341,0.0,NOT_REVIEWED,NOT_APPROVED
62,49,Винтовка Barrett M82,heavy,2275,0.0,648,0.0,NOT_REVIEWED,NOT_APPROVED
62,54,Винтовка McMillan TAC-50,heavy,4449,0.0,2308,0.0,NOT_REVIEWED,NOT_APPROVED
62,72,Винтовка Desert Tech HTI,heavy,4140,0.0,1270,0.0,NOT_REVIEWED,NOT_APPROVED
62,78,Винтовка Cheytac M200 Intervention,heavy,2692,0.0,309,0.0,NOT_REVIEWED,NOT_APPROVED
62,73,Прототип X-17,heavy,2947,0.0,1526,0.0,NOT_REVIEWED,NOT_APPROVED
62,55,Гаусс-пушка,heavy,5854,0.0,22,0.0,NOT_REVIEWED,NOT_APPROVED
62,4,Обрез охотничьего ружья,heavy,7631,0.0,945,0.0,NOT_REVIEWED,NOT_APPROVED
62,8,ПП «Кедр»,heavy,8537,0.0,4623,0.0,NOT_REVIEWED,NOT_APPROVED
62,9,ПП-19 «Бизон»,heavy,6604,0.0,3467,0.0,NOT_REVIEWED,NOT_APPROVED
62,20,Дробовик Сайга-410,heavy,5076,0.0,3037,0.0,NOT_REVIEWED,NOT_APPROVED
62,106,Дробовик Mossberg 500,heavy,5525,0.0,1285,0.0,NOT_REVIEWED,NOT_APPROVED
62,107,Дробовик Stoeger P3000,heavy,6001,0.0,1164,0.0,NOT_REVIEWED,NOT_APPROVED
62,108,Дробовик Remington 870,heavy,5646,0.0,400,0.0,NOT_REVIEWED,NOT_APPROVED
62,109,Дробовик Winchester Model 1300,heavy,5699,0.0,1204,0.0,NOT_REVIEWED,NOT_APPROVED
62,110,Дробовик Ithaca 37,heavy,5689,0.0,1038,0.0,NOT_REVIEWED,NOT_APPROVED
62,111,Дробовик Browning BPS,heavy,5438,0.0,1394,0.0,NOT_REVIEWED,NOT_APPROVED
62,19,Дробовик СПАС-12,heavy,5259,0.0,0,2.83,NOT_REVIEWED,NOT_APPROVED
62,112,Дробовик Winchester SXP Defender,heavy,5097,0.0,0,21.19,NOT_REVIEWED,NOT_APPROVED
62,113,Дробовик Mossberg 590A1,heavy,5597,0.0,709,0.0,NOT_REVIEWED,NOT_APPROVED
62,114,Дробовик Remington 870 MCS,heavy,4221,0.0,0,17.0,NOT_REVIEWED,NOT_APPROVED
62,32,Дробовик Сайга-12К,heavy,3507,0.0,2981,0.0,NOT_REVIEWED,NOT_APPROVED
62,115,Дробовик Benelli Nova,heavy,5610,0.0,1194,0.0,NOT_REVIEWED,NOT_APPROVED
62,116,Дробовик TOZ-194,heavy,5324,0.0,797,0.0,NOT_REVIEWED,NOT_APPROVED
62,44,Дробовик «Вепрь-12»,heavy,3952,0.0,2790,0.0,NOT_REVIEWED,NOT_APPROVED
62,117,Дробовик Remington 1100,heavy,5549,0.0,1090,0.0,NOT_REVIEWED,NOT_APPROVED
62,62,Дробовик Kel-Tec KSG,heavy,4538,0.0,0,36.0,NOT_REVIEWED,NOT_APPROVED
62,118,Дробовик Beretta 1301 Tactical,heavy,3977,0.0,0,24.0,NOT_REVIEWED,NOT_APPROVED
62,50,Дробовик Benelli M4,heavy,4496,0.0,0,14.0,NOT_REVIEWED,NOT_APPROVED
62,119,Дробовик Fabarm STF/12,heavy,4756,0.0,0,18.0,NOT_REVIEWED,NOT_APPROVED
62,56,Дробовик AA-12,heavy,6127,0.0,3592,0.0,NOT_REVIEWED,NOT_APPROVED
62,120,Дробовик Winchester SX4,heavy,5693,0.0,691,0.0,NOT_REVIEWED,NOT_APPROVED
62,121,Дробовик Browning A5,heavy,5718,0.0,953,0.0,NOT_REVIEWED,NOT_APPROVED
62,68,Дробовик Franchi SPAS-15,heavy,4870,0.0,3609,0.0,NOT_REVIEWED,NOT_APPROVED
62,122,Дробовик Remington 870 Magnum,heavy,6788,0.0,698,0.0,NOT_REVIEWED,NOT_APPROVED
62,123,Дробовик Benelli Vinci,heavy,5916,0.0,1389,0.0,NOT_REVIEWED,NOT_APPROVED
62,74,Дробовик USAS-12,heavy,3812,0.0,4308,0.0,NOT_REVIEWED,NOT_APPROVED
62,124,Дробовик Ithaca Mag-10,heavy,3668,0.0,2295,0.0,NOT_REVIEWED,NOT_APPROVED
62,125,Дробовик Remington SP-10,heavy,4817,0.0,3137,0.0,NOT_REVIEWED,NOT_APPROVED
63,86,Beretta 21A Bobcat,pistol,7848,0.0,,,NOT_REVIEWED,NOT_APPROVED
63,2,Пистолет ПСМ,pistol,7152,0.0,,,NOT_REVIEWED,NOT_APPROVED
63,87,Walther PPK,pistol,7560,0.0,,,NOT_REVIEWED,NOT_APPROVED
63,1,Пистолет Макарова,pistol,7050,0.0,,,NOT_REVIEWED,NOT_APPROVED
63,3,Пистолет ИЖ-71,pistol,6479,0.0,,,NOT_REVIEWED,NOT_APPROVED
63,88,Glock 25,pistol,6872,0.0,,,NOT_REVIEWED,NOT_APPROVED
63,5,Пистолет ОЦ-33 «Пернач»,pistol,7170,0.0,,,NOT_REVIEWED,NOT_APPROVED
63,6,Револьвер Наган,pistol,4988,0.0,,,NOT_REVIEWED,NOT_APPROVED
63,89,Walther P99,pistol,6867,0.0,,,NOT_REVIEWED,NOT_APPROVED
63,90,CZ 75,pistol,6676,0.0,,,NOT_REVIEWED,NOT_APPROVED
63,91,Glock 17,pistol,6756,0.0,,,NOT_REVIEWED,NOT_APPROVED
63,92,Beretta 92FS,pistol,6542,0.0,,,NOT_REVIEWED,NOT_APPROVED
63,93,SIG Sauer P226,pistol,7778,0.0,,,NOT_REVIEWED,NOT_APPROVED
63,7,Пистолет ТТ,pistol,7260,0.0,,,NOT_REVIEWED,NOT_APPROVED
63,94,HK USP,pistol,7040,0.0,,,NOT_REVIEWED,NOT_APPROVED
63,95,Glock 22,pistol,6868,0.0,,,NOT_REVIEWED,NOT_APPROVED
63,96,SIG Sauer P229,pistol,7705,0.0,,,NOT_REVIEWED,NOT_APPROVED
63,97,Glock 20,pistol,7536,0.0,,,NOT_REVIEWED,NOT_APPROVED
63,98,Colt 1911,pistol,6989,0.0,,,NOT_REVIEWED,NOT_APPROVED
63,99,Glock 21,pistol,7041,0.0,,,NOT_REVIEWED,NOT_APPROVED
63,100,CZ 97B,pistol,7420,0.0,,,NOT_REVIEWED,NOT_APPROVED
63,101,HK Mark 23,pistol,6351,0.0,,,NOT_REVIEWED,NOT_APPROVED
63,102,Taurus Judge,pistol,6087,0.0,,,NOT_REVIEWED,NOT_APPROVED
63,103,Smith & Wesson Model 29,pistol,4371,0.0,,,NOT_REVIEWED,NOT_APPROVED
63,104,Taurus Raging Bull,pistol,4747,0.0,,,NOT_REVIEWED,NOT_APPROVED
63,105,Desert Eagle Mark XIX,pistol,8208,0.0,,,NOT_REVIEWED,NOT_APPROVED
63,11,Автомат АКС-74У,heavy,5802,0.0,2078,0.0,NOT_REVIEWED,NOT_APPROVED
63,12,Автомат АК-74,heavy,5877,0.0,12,0.0,NOT_REVIEWED,NOT_APPROVED
63,37,Автомат АК-107,heavy,4009,0.0,37,0.0,NOT_REVIEWED,NOT_APPROVED
63,21,Автомат АК-12,heavy,5088,0.0,362,0.0,NOT_REVIEWED,NOT_APPROVED
63,26,Автомат АН-94 «Абакан»,heavy,4169,0.0,66,0.0,NOT_REVIEWED,NOT_APPROVED
63,17,Пулемёт РПК-74,heavy,3757,0.0,0,16.0,NOT_REVIEWED,NOT_APPROVED
63,38,Автомат ADAR 2-15,heavy,5407,0.0,0,18.68,NOT_REVIEWED,NOT_APPROVED
63,45,Автомат АК-19,heavy,4380,0.0,0,3.61,NOT_REVIEWED,NOT_APPROVED
63,57,Автомат HK416,heavy,4462,0.0,2127,0.0,NOT_REVIEWED,NOT_APPROVED
63,69,Автомат CZ Bren 2,heavy,4158,0.0,1708,0.0,NOT_REVIEWED,NOT_APPROVED
63,67,Пулемёт Minimi Mk3,heavy,3233,0.0,0,11.0,NOT_REVIEWED,NOT_APPROVED
63,43,Автомат ОЦ-14 «Гроза»,heavy,4714,0.0,0,34.83,NOT_REVIEWED,NOT_APPROVED
63,16,Карабин «Вепрь»,heavy,5527,0.0,0,11.0,NOT_REVIEWED,NOT_APPROVED
63,15,Автомат АК-103,heavy,4710,0.0,169,0.0,NOT_REVIEWED,NOT_APPROVED
63,25,Пулемёт РПД,heavy,3367,0.0,835,0.0,NOT_REVIEWED,NOT_APPROVED
63,18,Автомат АС «Вал»,heavy,4392,0.0,0,1.0,NOT_REVIEWED,NOT_APPROVED
63,10,Карабин Сайга-12,heavy,6111,0.0,1208,0.0,NOT_REVIEWED,NOT_APPROVED
63,63,Автомат АК-308,heavy,4152,0.0,404,0.0,NOT_REVIEWED,NOT_APPROVED
63,51,Автомат ЛР-308,heavy,3849,0.0,0,28.0,NOT_REVIEWED,NOT_APPROVED
63,75,Автомат SCAR-H,heavy,4223,0.0,1520,0.0,NOT_REVIEWED,NOT_APPROVED
63,61,Пулемёт M60E6,heavy,3674,0.0,0,10.0,NOT_REVIEWED,NOT_APPROVED
63,59,Пулемёт M240,heavy,3569,0.0,0,19.0,NOT_REVIEWED,NOT_APPROVED
63,71,Пулемёт FN MAG,heavy,3029,0.0,0,23.0,NOT_REVIEWED,NOT_APPROVED
63,77,Пулемёт Negev NG7,heavy,3154,0.0,0,1.0,NOT_REVIEWED,NOT_APPROVED
63,22,Пулемёт ПКМ,heavy,2284,0.0,1317,0.0,NOT_REVIEWED,NOT_APPROVED
63,29,Пулемёт «Печенег»,heavy,3609,0.0,941,0.0,NOT_REVIEWED,NOT_APPROVED
63,53,Пулемёт «Печенег-СП»,heavy,3860,0.0,0,20.88,NOT_REVIEWED,NOT_APPROVED
63,47,Автомат АК-АН «Абакан-100»,heavy,3347,0.0,165,0.0,NOT_REVIEWED,NOT_APPROVED
63,65,Пулемёт «Утёс-М»,heavy,4083,0.0,0,2.0,NOT_REVIEWED,NOT_APPROVED
63,14,Винтовка СКС,heavy,5668,0.0,1002,0.0,NOT_REVIEWED,NOT_APPROVED
63,46,Винтовка SSG 08,heavy,3435,0.0,0,22.0,NOT_REVIEWED,NOT_APPROVED
63,42,Винтовка SR-25,heavy,3948,0.0,0,31.0,NOT_REVIEWED,NOT_APPROVED
63,13,Винтовка СВД,heavy,5319,0.0,368,0.0,NOT_REVIEWED,NOT_APPROVED
63,24,Винтовка СВДС,heavy,3773,0.0,0,9.0,NOT_REVIEWED,NOT_APPROVED
63,23,Винтовка Т-5000,heavy,3073,0.0,0,23.0,NOT_REVIEWED,NOT_APPROVED
63,28,Винтовка СВ-98,heavy,4424,0.0,6,0.0,NOT_REVIEWED,NOT_APPROVED
63,36,Винтовка СВК,heavy,3076,0.0,0,20.0,NOT_REVIEWED,NOT_APPROVED
63,30,Винтовка ВСС «Винторез»,heavy,4650,0.0,0,17.0,NOT_REVIEWED,NOT_APPROVED
63,40,Винтовка ВСК-94,heavy,4214,0.0,0,14.0,NOT_REVIEWED,NOT_APPROVED
63,31,Винтовка СВ-338,heavy,3608,0.0,152,0.0,NOT_REVIEWED,NOT_APPROVED
63,27,Винтовка ОРСИС T-5000M,heavy,3836,0.0,0,15.0,NOT_REVIEWED,NOT_APPROVED
63,70,Винтовка Sako TRG-42,heavy,3995,0.0,0,10.0,NOT_REVIEWED,NOT_APPROVED
63,76,Винтовка Blaser R93 Tactical 2,heavy,3687,0.0,223,0.0,NOT_REVIEWED,NOT_APPROVED
63,39,Винтовка ORSIS T-5000 Sniper Pro,heavy,3679,0.0,0,2.0,NOT_REVIEWED,NOT_APPROVED
63,60,Винтовка Accuracy International AXMC,heavy,3369,0.0,921,0.0,NOT_REVIEWED,NOT_APPROVED
63,48,Винтовка Barrett M98B,heavy,2827,0.0,709,0.0,NOT_REVIEWED,NOT_APPROVED
63,64,Винтовка ORSIS T-5000 Elite,heavy,3936,0.0,1657,0.0,NOT_REVIEWED,NOT_APPROVED
63,33,Винтовка «Выхлоп»,heavy,3439,0.0,0,17.0,NOT_REVIEWED,NOT_APPROVED
63,35,Винтовка ОСВ-96,heavy,3021,0.0,1559,0.0,NOT_REVIEWED,NOT_APPROVED
63,66,Винтовка Zastava M93 Black Arrow,heavy,4115,0.0,564,0.0,NOT_REVIEWED,NOT_APPROVED
63,52,Винтовка АСВК «Корд»,heavy,3266,0.0,0,8.54,NOT_REVIEWED,NOT_APPROVED
63,58,Винтовка Steyr HS .50,heavy,4886,0.0,666,0.0,NOT_REVIEWED,NOT_APPROVED
63,49,Винтовка Barrett M82,heavy,2231,0.0,117,0.0,NOT_REVIEWED,NOT_APPROVED
63,54,Винтовка McMillan TAC-50,heavy,4367,0.0,1956,0.0,NOT_REVIEWED,NOT_APPROVED
63,72,Винтовка Desert Tech HTI,heavy,4091,0.0,0,16.76,NOT_REVIEWED,NOT_APPROVED
63,78,Винтовка Cheytac M200 Intervention,heavy,2697,0.0,259,0.0,NOT_REVIEWED,NOT_APPROVED
63,73,Прототип X-17,heavy,2817,0.0,0,4.0,NOT_REVIEWED,NOT_APPROVED
63,55,Гаусс-пушка,heavy,5706,0.0,477,0.0,NOT_REVIEWED,NOT_APPROVED
63,4,Обрез охотничьего ружья,heavy,7365,0.0,580,0.0,NOT_REVIEWED,NOT_APPROVED
63,8,ПП «Кедр»,heavy,8317,0.0,1300,0.0,NOT_REVIEWED,NOT_APPROVED
63,9,ПП-19 «Бизон»,heavy,6392,0.0,4123,0.0,NOT_REVIEWED,NOT_APPROVED
63,20,Дробовик Сайга-410,heavy,4946,0.0,0,12.37,NOT_REVIEWED,NOT_APPROVED
63,106,Дробовик Mossberg 500,heavy,5250,0.0,2529,0.0,NOT_REVIEWED,NOT_APPROVED
63,107,Дробовик Stoeger P3000,heavy,5840,0.0,2312,0.0,NOT_REVIEWED,NOT_APPROVED
63,108,Дробовик Remington 870,heavy,5391,0.0,1534,0.0,NOT_REVIEWED,NOT_APPROVED
63,109,Дробовик Winchester Model 1300,heavy,5423,0.0,2293,0.0,NOT_REVIEWED,NOT_APPROVED
63,110,Дробовик Ithaca 37,heavy,5428,0.0,2031,0.0,NOT_REVIEWED,NOT_APPROVED
63,111,Дробовик Browning BPS,heavy,5222,0.0,2427,0.0,NOT_REVIEWED,NOT_APPROVED
63,19,Дробовик СПАС-12,heavy,5191,0.0,0,2.0,NOT_REVIEWED,NOT_APPROVED
63,112,Дробовик Winchester SXP Defender,heavy,5038,0.0,0,10.0,NOT_REVIEWED,NOT_APPROVED
63,113,Дробовик Mossberg 590A1,heavy,5331,0.0,2019,0.0,NOT_REVIEWED,NOT_APPROVED
63,114,Дробовик Remington 870 MCS,heavy,4153,0.0,0,8.06,NOT_REVIEWED,NOT_APPROVED
63,32,Дробовик Сайга-12К,heavy,3465,0.0,0,1.0,NOT_REVIEWED,NOT_APPROVED
63,115,Дробовик Benelli Nova,heavy,5447,0.0,2072,0.0,NOT_REVIEWED,NOT_APPROVED
63,116,Дробовик TOZ-194,heavy,5134,0.0,1002,0.0,NOT_REVIEWED,NOT_APPROVED
63,44,Дробовик «Вепрь-12»,heavy,3925,0.0,0,4.47,NOT_REVIEWED,NOT_APPROVED
63,117,Дробовик Remington 1100,heavy,5330,0.0,2186,0.0,NOT_REVIEWED,NOT_APPROVED
63,62,Дробовик Kel-Tec KSG,heavy,4473,0.0,0,22.0,NOT_REVIEWED,NOT_APPROVED
63,118,Дробовик Beretta 1301 Tactical,heavy,3945,0.0,0,16.0,NOT_REVIEWED,NOT_APPROVED
63,50,Дробовик Benelli M4,heavy,4426,0.0,5,0.0,NOT_REVIEWED,NOT_APPROVED
63,119,Дробовик Fabarm STF/12,heavy,4653,0.0,0,10.77,NOT_REVIEWED,NOT_APPROVED
63,56,Дробовик AA-12,heavy,6096,0.0,0,16.0,NOT_REVIEWED,NOT_APPROVED
63,120,Дробовик Winchester SX4,heavy,5439,0.0,1572,0.0,NOT_REVIEWED,NOT_APPROVED
63,121,Дробовик Browning A5,heavy,5475,0.0,1752,0.0,NOT_REVIEWED,NOT_APPROVED
63,68,Дробовик Franchi SPAS-15,heavy,4819,0.0,176,0.0,NOT_REVIEWED,NOT_APPROVED
63,122,Дробовик Remington 870 Magnum,heavy,6570,0.0,1815,0.0,NOT_REVIEWED,NOT_APPROVED
63,123,Дробовик Benelli Vinci,heavy,5666,0.0,2267,0.0,NOT_REVIEWED,NOT_APPROVED
63,74,Дробовик USAS-12,heavy,3755,0.0,2563,0.0,NOT_REVIEWED,NOT_APPROVED
63,124,Дробовик Ithaca Mag-10,heavy,3579,0.0,0,21.0,NOT_REVIEWED,NOT_APPROVED
63,125,Дробовик Remington SP-10,heavy,4780,0.0,0,8.94,NOT_REVIEWED,NOT_APPROVED
64,86,Beretta 21A Bobcat,pistol,7403,0.0,,,NOT_REVIEWED,NOT_APPROVED
64,2,Пистолет ПСМ,pistol,6964,0.0,,,NOT_REVIEWED,NOT_APPROVED
64,87,Walther PPK,pistol,7260,0.0,,,NOT_REVIEWED,NOT_APPROVED
64,1,Пистолет Макарова,pistol,6905,0.0,,,NOT_REVIEWED,NOT_APPROVED
64,3,Пистолет ИЖ-71,pistol,6599,0.0,,,NOT_REVIEWED,NOT_APPROVED
64,88,Glock 25,pistol,6682,0.0,,,NOT_REVIEWED,NOT_APPROVED
64,5,Пистолет ОЦ-33 «Пернач»,pistol,6918,0.0,,,NOT_REVIEWED,NOT_APPROVED
64,6,Револьвер Наган,pistol,4999,0.0,,,NOT_REVIEWED,NOT_APPROVED
64,89,Walther P99,pistol,6614,0.0,,,NOT_REVIEWED,NOT_APPROVED
64,90,CZ 75,pistol,6424,0.0,,,NOT_REVIEWED,NOT_APPROVED
64,91,Glock 17,pistol,6420,0.0,,,NOT_REVIEWED,NOT_APPROVED
64,92,Beretta 92FS,pistol,6121,0.0,,,NOT_REVIEWED,NOT_APPROVED
64,93,SIG Sauer P226,pistol,7331,0.0,,,NOT_REVIEWED,NOT_APPROVED
64,7,Пистолет ТТ,pistol,6889,0.0,,,NOT_REVIEWED,NOT_APPROVED
64,94,HK USP,pistol,6708,0.0,,,NOT_REVIEWED,NOT_APPROVED
64,95,Glock 22,pistol,6512,0.0,,,NOT_REVIEWED,NOT_APPROVED
64,96,SIG Sauer P229,pistol,7287,0.0,,,NOT_REVIEWED,NOT_APPROVED
64,97,Glock 20,pistol,7159,0.0,,,NOT_REVIEWED,NOT_APPROVED
64,98,Colt 1911,pistol,6714,0.0,,,NOT_REVIEWED,NOT_APPROVED
64,99,Glock 21,pistol,6626,0.0,,,NOT_REVIEWED,NOT_APPROVED
64,100,CZ 97B,pistol,7054,0.0,,,NOT_REVIEWED,NOT_APPROVED
64,101,HK Mark 23,pistol,5928,0.0,,,NOT_REVIEWED,NOT_APPROVED
64,102,Taurus Judge,pistol,6046,0.0,,,NOT_REVIEWED,NOT_APPROVED
64,103,Smith & Wesson Model 29,pistol,4192,0.0,,,NOT_REVIEWED,NOT_APPROVED
64,104,Taurus Raging Bull,pistol,4545,0.0,,,NOT_REVIEWED,NOT_APPROVED
64,105,Desert Eagle Mark XIX,pistol,7987,0.0,,,NOT_REVIEWED,NOT_APPROVED
64,11,Автомат АКС-74У,heavy,5987,0.0,2976,0.0,NOT_REVIEWED,NOT_APPROVED
64,12,Автомат АК-74,heavy,6085,0.0,3238,0.0,NOT_REVIEWED,NOT_APPROVED
64,37,Автомат АК-107,heavy,4103,0.0,1344,0.0,NOT_REVIEWED,NOT_APPROVED
64,21,Автомат АК-12,heavy,5161,0.0,687,0.0,NOT_REVIEWED,NOT_APPROVED
64,26,Автомат АН-94 «Абакан»,heavy,4230,0.0,1875,0.0,NOT_REVIEWED,NOT_APPROVED
64,17,Пулемёт РПК-74,heavy,3796,0.0,1947,0.0,NOT_REVIEWED,NOT_APPROVED
64,38,Автомат ADAR 2-15,heavy,5532,0.0,1767,0.0,NOT_REVIEWED,NOT_APPROVED
64,45,Автомат АК-19,heavy,4428,0.0,1569,0.0,NOT_REVIEWED,NOT_APPROVED
64,57,Автомат HK416,heavy,4536,0.0,818,0.0,NOT_REVIEWED,NOT_APPROVED
64,69,Автомат CZ Bren 2,heavy,4222,0.0,1246,0.0,NOT_REVIEWED,NOT_APPROVED
64,67,Пулемёт Minimi Mk3,heavy,3247,0.0,2604,0.0,NOT_REVIEWED,NOT_APPROVED
64,43,Автомат ОЦ-14 «Гроза»,heavy,4768,0.0,0,40.72,NOT_REVIEWED,NOT_APPROVED
64,16,Карабин «Вепрь»,heavy,5720,0.0,2395,0.0,NOT_REVIEWED,NOT_APPROVED
64,15,Автомат АК-103,heavy,4777,0.0,2345,0.0,NOT_REVIEWED,NOT_APPROVED
64,25,Пулемёт РПД,heavy,3392,0.0,101,0.0,NOT_REVIEWED,NOT_APPROVED
64,18,Автомат АС «Вал»,heavy,4477,0.0,2137,0.0,NOT_REVIEWED,NOT_APPROVED
64,10,Карабин Сайга-12,heavy,6356,0.0,4148,0.0,NOT_REVIEWED,NOT_APPROVED
64,63,Автомат АК-308,heavy,4222,0.0,1161,0.0,NOT_REVIEWED,NOT_APPROVED
64,51,Автомат ЛР-308,heavy,3905,0.0,655,0.0,NOT_REVIEWED,NOT_APPROVED
64,75,Автомат SCAR-H,heavy,4323,0.0,20,0.0,NOT_REVIEWED,NOT_APPROVED
64,61,Пулемёт M60E6,heavy,3710,0.0,3546,0.0,NOT_REVIEWED,NOT_APPROVED
64,59,Пулемёт M240,heavy,3572,0.0,1905,0.0,NOT_REVIEWED,NOT_APPROVED
64,71,Пулемёт FN MAG,heavy,3067,0.0,2696,0.0,NOT_REVIEWED,NOT_APPROVED
64,77,Пулемёт Negev NG7,heavy,3252,0.0,1538,0.0,NOT_REVIEWED,NOT_APPROVED
64,22,Пулемёт ПКМ,heavy,2352,0.0,362,0.0,NOT_REVIEWED,NOT_APPROVED
64,29,Пулемёт «Печенег»,heavy,3642,0.0,2213,0.0,NOT_REVIEWED,NOT_APPROVED
64,53,Пулемёт «Печенег-СП»,heavy,3860,0.0,2650,0.0,NOT_REVIEWED,NOT_APPROVED
64,47,Автомат АК-АН «Абакан-100»,heavy,3445,0.0,2822,0.0,NOT_REVIEWED,NOT_APPROVED
64,65,Пулемёт «Утёс-М»,heavy,4263,0.0,3548,0.0,NOT_REVIEWED,NOT_APPROVED
64,14,Винтовка СКС,heavy,5937,0.0,4452,0.0,NOT_REVIEWED,NOT_APPROVED
64,46,Винтовка SSG 08,heavy,3465,0.0,2165,0.0,NOT_REVIEWED,NOT_APPROVED
64,42,Винтовка SR-25,heavy,4012,0.0,1146,0.0,NOT_REVIEWED,NOT_APPROVED
64,13,Винтовка СВД,heavy,5513,0.0,2727,0.0,NOT_REVIEWED,NOT_APPROVED
64,24,Винтовка СВДС,heavy,3926,0.0,3211,0.0,NOT_REVIEWED,NOT_APPROVED
64,23,Винтовка Т-5000,heavy,3088,0.0,2449,0.0,NOT_REVIEWED,NOT_APPROVED
64,28,Винтовка СВ-98,heavy,4529,0.0,2362,0.0,NOT_REVIEWED,NOT_APPROVED
64,36,Винтовка СВК,heavy,3077,0.0,2969,0.0,NOT_REVIEWED,NOT_APPROVED
64,30,Винтовка ВСС «Винторез»,heavy,4704,0.0,3055,0.0,NOT_REVIEWED,NOT_APPROVED
64,40,Винтовка ВСК-94,heavy,4269,0.0,1040,0.0,NOT_REVIEWED,NOT_APPROVED
64,31,Винтовка СВ-338,heavy,3720,0.0,3577,0.0,NOT_REVIEWED,NOT_APPROVED
64,27,Винтовка ОРСИС T-5000M,heavy,4045,0.0,3453,0.0,NOT_REVIEWED,NOT_APPROVED
64,70,Винтовка Sako TRG-42,heavy,4000,0.0,2770,0.0,NOT_REVIEWED,NOT_APPROVED
64,76,Винтовка Blaser R93 Tactical 2,heavy,3795,0.0,2910,0.0,NOT_REVIEWED,NOT_APPROVED
64,39,Винтовка ORSIS T-5000 Sniper Pro,heavy,3825,0.0,2548,0.0,NOT_REVIEWED,NOT_APPROVED
64,60,Винтовка Accuracy International AXMC,heavy,3551,0.0,2645,0.0,NOT_REVIEWED,NOT_APPROVED
64,48,Винтовка Barrett M98B,heavy,2913,0.0,2766,0.0,NOT_REVIEWED,NOT_APPROVED
64,64,Винтовка ORSIS T-5000 Elite,heavy,4033,0.0,2188,0.0,NOT_REVIEWED,NOT_APPROVED
64,33,Винтовка «Выхлоп»,heavy,3501,0.0,3227,0.0,NOT_REVIEWED,NOT_APPROVED
64,35,Винтовка ОСВ-96,heavy,3068,0.0,757,0.0,NOT_REVIEWED,NOT_APPROVED
64,66,Винтовка Zastava M93 Black Arrow,heavy,4341,0.0,2243,0.0,NOT_REVIEWED,NOT_APPROVED
64,52,Винтовка АСВК «Корд»,heavy,3313,0.0,3311,0.0,NOT_REVIEWED,NOT_APPROVED
64,58,Винтовка Steyr HS .50,heavy,5108,0.0,3974,0.0,NOT_REVIEWED,NOT_APPROVED
64,49,Винтовка Barrett M82,heavy,2314,0.0,2134,0.0,NOT_REVIEWED,NOT_APPROVED
64,54,Винтовка McMillan TAC-50,heavy,4476,0.0,2013,0.0,NOT_REVIEWED,NOT_APPROVED
64,72,Винтовка Desert Tech HTI,heavy,4147,0.0,2533,0.0,NOT_REVIEWED,NOT_APPROVED
64,78,Винтовка Cheytac M200 Intervention,heavy,2697,0.0,2486,0.0,NOT_REVIEWED,NOT_APPROVED
64,73,Прототип X-17,heavy,2989,0.0,181,0.0,NOT_REVIEWED,NOT_APPROVED
64,55,Гаусс-пушка,heavy,5896,0.0,3589,0.0,NOT_REVIEWED,NOT_APPROVED
64,4,Обрез охотничьего ружья,heavy,7673,0.0,4756,0.0,NOT_REVIEWED,NOT_APPROVED
64,8,ПП «Кедр»,heavy,8579,0.0,0,5.39,NOT_REVIEWED,NOT_APPROVED
64,9,ПП-19 «Бизон»,heavy,6646,0.0,5405,0.0,NOT_REVIEWED,NOT_APPROVED
64,20,Дробовик Сайга-410,heavy,5123,0.0,2466,0.0,NOT_REVIEWED,NOT_APPROVED
64,106,Дробовик Mossberg 500,heavy,5554,0.0,4491,0.0,NOT_REVIEWED,NOT_APPROVED
64,107,Дробовик Stoeger P3000,heavy,6057,0.0,4983,0.0,NOT_REVIEWED,NOT_APPROVED
64,108,Дробовик Remington 870,heavy,5688,0.0,5516,0.0,NOT_REVIEWED,NOT_APPROVED
64,109,Дробовик Winchester Model 1300,heavy,5741,0.0,4486,0.0,NOT_REVIEWED,NOT_APPROVED
64,110,Дробовик Ithaca 37,heavy,5710,0.0,4938,0.0,NOT_REVIEWED,NOT_APPROVED
64,111,Дробовик Browning BPS,heavy,5494,0.0,4295,0.0,NOT_REVIEWED,NOT_APPROVED
64,19,Дробовик СПАС-12,heavy,5277,0.0,4853,0.0,NOT_REVIEWED,NOT_APPROVED
64,112,Дробовик Winchester SXP Defender,heavy,5113,0.0,3851,0.0,NOT_REVIEWED,NOT_APPROVED
64,113,Дробовик Mossberg 590A1,heavy,5631,0.0,4981,0.0,NOT_REVIEWED,NOT_APPROVED
64,114,Дробовик Remington 870 MCS,heavy,4217,0.0,3005,0.0,NOT_REVIEWED,NOT_APPROVED
64,32,Дробовик Сайга-12К,heavy,3522,0.0,158,0.0,NOT_REVIEWED,NOT_APPROVED
64,115,Дробовик Benelli Nova,heavy,5652,0.0,4607,0.0,NOT_REVIEWED,NOT_APPROVED
64,116,Дробовик TOZ-194,heavy,5366,0.0,2822,0.0,NOT_REVIEWED,NOT_APPROVED
64,44,Дробовик «Вепрь-12»,heavy,3955,0.0,2036,0.0,NOT_REVIEWED,NOT_APPROVED
64,117,Дробовик Remington 1100,heavy,5591,0.0,4309,0.0,NOT_REVIEWED,NOT_APPROVED
64,62,Дробовик Kel-Tec KSG,heavy,4561,0.0,0,1.0,NOT_REVIEWED,NOT_APPROVED
64,118,Дробовик Beretta 1301 Tactical,heavy,4013,0.0,3046,0.0,NOT_REVIEWED,NOT_APPROVED
64,50,Дробовик Benelli M4,heavy,4532,0.0,4108,0.0,NOT_REVIEWED,NOT_APPROVED
64,119,Дробовик Fabarm STF/12,heavy,4770,0.0,2895,0.0,NOT_REVIEWED,NOT_APPROVED
64,56,Дробовик AA-12,heavy,6183,0.0,2655,0.0,NOT_REVIEWED,NOT_APPROVED
64,120,Дробовик Winchester SX4,heavy,5735,0.0,4543,0.0,NOT_REVIEWED,NOT_APPROVED
64,121,Дробовик Browning A5,heavy,5760,0.0,3914,0.0,NOT_REVIEWED,NOT_APPROVED
64,68,Дробовик Franchi SPAS-15,heavy,4908,0.0,4922,0.0,NOT_REVIEWED,NOT_APPROVED
64,122,Дробовик Remington 870 Magnum,heavy,6805,0.0,5417,0.0,NOT_REVIEWED,NOT_APPROVED
64,123,Дробовик Benelli Vinci,heavy,5958,0.0,4287,0.0,NOT_REVIEWED,NOT_APPROVED
64,74,Дробовик USAS-12,heavy,3819,0.0,2208,0.0,NOT_REVIEWED,NOT_APPROVED
64,124,Дробовик Ithaca Mag-10,heavy,3669,0.0,1555,0.0,NOT_REVIEWED,NOT_APPROVED
64,125,Дробовик Remington SP-10,heavy,4839,0.0,1663,0.0,NOT_REVIEWED,NOT_APPROVED
65,86,Beretta 21A Bobcat,pistol,7802,0.0,,,NOT_REVIEWED,NOT_APPROVED
65,2,Пистолет ПСМ,pistol,7155,0.0,,,NOT_REVIEWED,NOT_APPROVED
65,87,Walther PPK,pistol,7557,0.0,,,NOT_REVIEWED,NOT_APPROVED
65,1,Пистолет Макарова,pistol,7050,0.0,,,NOT_REVIEWED,NOT_APPROVED
65,3,Пистолет ИЖ-71,pistol,6532,0.0,,,NOT_REVIEWED,NOT_APPROVED
65,88,Glock 25,pistol,6829,0.0,,,NOT_REVIEWED,NOT_APPROVED
65,5,Пистолет ОЦ-33 «Пернач»,pistol,7155,0.0,,,NOT_REVIEWED,NOT_APPROVED
65,6,Револьвер Наган,pistol,4947,0.0,,,NOT_REVIEWED,NOT_APPROVED
65,89,Walther P99,pistol,6856,0.0,,,NOT_REVIEWED,NOT_APPROVED
65,90,CZ 75,pistol,6650,0.0,,,NOT_REVIEWED,NOT_APPROVED
65,91,Glock 17,pistol,6680,0.0,,,NOT_REVIEWED,NOT_APPROVED
65,92,Beretta 92FS,pistol,6444,0.0,,,NOT_REVIEWED,NOT_APPROVED
65,93,SIG Sauer P226,pistol,7678,0.0,,,NOT_REVIEWED,NOT_APPROVED
65,7,Пистолет ТТ,pistol,7225,0.0,,,NOT_REVIEWED,NOT_APPROVED
65,94,HK USP,pistol,6968,0.0,,,NOT_REVIEWED,NOT_APPROVED
65,95,Glock 22,pistol,6766,0.0,,,NOT_REVIEWED,NOT_APPROVED
65,96,SIG Sauer P229,pistol,7623,0.0,,,NOT_REVIEWED,NOT_APPROVED
65,97,Glock 20,pistol,7413,0.0,,,NOT_REVIEWED,NOT_APPROVED
65,98,Colt 1911,pistol,6936,0.0,,,NOT_REVIEWED,NOT_APPROVED
65,99,Glock 21,pistol,6942,0.0,,,NOT_REVIEWED,NOT_APPROVED
65,100,CZ 97B,pistol,7398,0.0,,,NOT_REVIEWED,NOT_APPROVED
65,101,HK Mark 23,pistol,6289,0.0,,,NOT_REVIEWED,NOT_APPROVED
65,102,Taurus Judge,pistol,6069,0.0,,,NOT_REVIEWED,NOT_APPROVED
65,103,Smith & Wesson Model 29,pistol,4341,0.0,,,NOT_REVIEWED,NOT_APPROVED
65,104,Taurus Raging Bull,pistol,4713,0.0,,,NOT_REVIEWED,NOT_APPROVED
65,105,Desert Eagle Mark XIX,pistol,8432,0.0,,,NOT_REVIEWED,NOT_APPROVED
65,11,Автомат АКС-74У,heavy,5910,0.0,2153,0.0,NOT_REVIEWED,NOT_APPROVED
65,12,Автомат АК-74,heavy,6158,0.0,2773,0.0,NOT_REVIEWED,NOT_APPROVED
65,37,Автомат АК-107,heavy,4110,0.0,418,0.0,NOT_REVIEWED,NOT_APPROVED
65,21,Автомат АК-12,heavy,5137,0.0,232,0.0,NOT_REVIEWED,NOT_APPROVED
65,26,Автомат АН-94 «Абакан»,heavy,4287,0.0,1073,0.0,NOT_REVIEWED,NOT_APPROVED
65,17,Пулемёт РПК-74,heavy,3796,0.0,1428,0.0,NOT_REVIEWED,NOT_APPROVED
65,38,Автомат ADAR 2-15,heavy,5508,0.0,757,0.0,NOT_REVIEWED,NOT_APPROVED
65,45,Автомат АК-19,heavy,4424,0.0,1109,0.0,NOT_REVIEWED,NOT_APPROVED
65,57,Автомат HK416,heavy,4536,0.0,3276,0.0,NOT_REVIEWED,NOT_APPROVED
65,69,Автомат CZ Bren 2,heavy,4222,0.0,1574,0.0,NOT_REVIEWED,NOT_APPROVED
65,67,Пулемёт Minimi Mk3,heavy,3250,0.0,2566,0.0,NOT_REVIEWED,NOT_APPROVED
65,43,Автомат ОЦ-14 «Гроза»,heavy,4705,0.0,0,2.83,NOT_REVIEWED,NOT_APPROVED
65,16,Карабин «Вепрь»,heavy,5772,0.0,1985,0.0,NOT_REVIEWED,NOT_APPROVED
65,15,Автомат АК-103,heavy,4747,0.0,1527,0.0,NOT_REVIEWED,NOT_APPROVED
65,25,Пулемёт РПД,heavy,3476,0.0,30,0.0,NOT_REVIEWED,NOT_APPROVED
65,18,Автомат АС «Вал»,heavy,4526,0.0,1018,0.0,NOT_REVIEWED,NOT_APPROVED
65,10,Карабин Сайга-12,heavy,6353,0.0,2688,0.0,NOT_REVIEWED,NOT_APPROVED
65,63,Автомат АК-308,heavy,4222,0.0,765,0.0,NOT_REVIEWED,NOT_APPROVED
65,51,Автомат ЛР-308,heavy,3905,0.0,0,5.0,NOT_REVIEWED,NOT_APPROVED
65,75,Автомат SCAR-H,heavy,4269,0.0,2611,0.0,NOT_REVIEWED,NOT_APPROVED
65,61,Пулемёт M60E6,heavy,3705,0.0,1627,0.0,NOT_REVIEWED,NOT_APPROVED
65,59,Пулемёт M240,heavy,3572,0.0,738,0.0,NOT_REVIEWED,NOT_APPROVED
65,71,Пулемёт FN MAG,heavy,3067,0.0,742,0.0,NOT_REVIEWED,NOT_APPROVED
65,77,Пулемёт Negev NG7,heavy,3246,0.0,2055,0.0,NOT_REVIEWED,NOT_APPROVED
65,22,Пулемёт ПКМ,heavy,2309,0.0,57,0.0,NOT_REVIEWED,NOT_APPROVED
65,29,Пулемёт «Печенег»,heavy,3642,0.0,1373,0.0,NOT_REVIEWED,NOT_APPROVED
65,53,Пулемёт «Печенег-СП»,heavy,3848,0.0,531,0.0,NOT_REVIEWED,NOT_APPROVED
65,47,Автомат АК-АН «Абакан-100»,heavy,3555,0.0,2325,0.0,NOT_REVIEWED,NOT_APPROVED
65,65,Пулемёт «Утёс-М»,heavy,4274,0.0,2447,0.0,NOT_REVIEWED,NOT_APPROVED
65,14,Винтовка СКС,heavy,5947,0.0,4695,0.0,NOT_REVIEWED,NOT_APPROVED
65,46,Винтовка SSG 08,heavy,3376,0.0,1046,0.0,NOT_REVIEWED,NOT_APPROVED
65,42,Винтовка SR-25,heavy,4012,0.0,0,1.41,NOT_REVIEWED,NOT_APPROVED
65,13,Винтовка СВД,heavy,5419,0.0,3710,0.0,NOT_REVIEWED,NOT_APPROVED
65,24,Винтовка СВДС,heavy,3811,0.0,2213,0.0,NOT_REVIEWED,NOT_APPROVED
65,23,Винтовка Т-5000,heavy,3088,0.0,1238,0.0,NOT_REVIEWED,NOT_APPROVED
65,28,Винтовка СВ-98,heavy,4604,0.0,2489,0.0,NOT_REVIEWED,NOT_APPROVED
65,36,Винтовка СВК,heavy,3077,0.0,1533,0.0,NOT_REVIEWED,NOT_APPROVED
65,30,Винтовка ВСС «Винторез»,heavy,4802,0.0,1674,0.0,NOT_REVIEWED,NOT_APPROVED
65,40,Винтовка ВСК-94,heavy,4284,0.0,634,0.0,NOT_REVIEWED,NOT_APPROVED
65,31,Винтовка СВ-338,heavy,3721,0.0,2609,0.0,NOT_REVIEWED,NOT_APPROVED
65,27,Винтовка ОРСИС T-5000M,heavy,3940,0.0,1828,0.0,NOT_REVIEWED,NOT_APPROVED
65,70,Винтовка Sako TRG-42,heavy,4021,0.0,2036,0.0,NOT_REVIEWED,NOT_APPROVED
65,76,Винтовка Blaser R93 Tactical 2,heavy,3890,0.0,3388,0.0,NOT_REVIEWED,NOT_APPROVED
65,39,Винтовка ORSIS T-5000 Sniper Pro,heavy,3843,0.0,2594,0.0,NOT_REVIEWED,NOT_APPROVED
65,60,Винтовка Accuracy International AXMC,heavy,3550,0.0,3858,0.0,NOT_REVIEWED,NOT_APPROVED
65,48,Винтовка Barrett M98B,heavy,2907,0.0,2866,0.0,NOT_REVIEWED,NOT_APPROVED
65,64,Винтовка ORSIS T-5000 Elite,heavy,4011,0.0,3154,0.0,NOT_REVIEWED,NOT_APPROVED
65,33,Винтовка «Выхлоп»,heavy,3501,0.0,1661,0.0,NOT_REVIEWED,NOT_APPROVED
65,35,Винтовка ОСВ-96,heavy,3178,0.0,2724,0.0,NOT_REVIEWED,NOT_APPROVED
65,66,Винтовка Zastava M93 Black Arrow,heavy,4343,0.0,3545,0.0,NOT_REVIEWED,NOT_APPROVED
65,52,Винтовка АСВК «Корд»,heavy,3313,0.0,2524,0.0,NOT_REVIEWED,NOT_APPROVED
65,58,Винтовка Steyr HS .50,heavy,5108,0.0,4201,0.0,NOT_REVIEWED,NOT_APPROVED
65,49,Винтовка Barrett M82,heavy,2365,0.0,2671,0.0,NOT_REVIEWED,NOT_APPROVED
65,54,Винтовка McMillan TAC-50,heavy,4482,0.0,1194,0.0,NOT_REVIEWED,NOT_APPROVED
65,72,Винтовка Desert Tech HTI,heavy,4243,0.0,1241,0.0,NOT_REVIEWED,NOT_APPROVED
65,78,Винтовка Cheytac M200 Intervention,heavy,2692,0.0,1484,0.0,NOT_REVIEWED,NOT_APPROVED
65,73,Прототип X-17,heavy,2941,0.0,1638,0.0,NOT_REVIEWED,NOT_APPROVED
65,55,Гаусс-пушка,heavy,5418,0.0,2947,0.0,NOT_REVIEWED,NOT_APPROVED
65,4,Обрез охотничьего ружья,heavy,7429,0.0,4046,0.0,NOT_REVIEWED,NOT_APPROVED
65,8,ПП «Кедр»,heavy,8330,0.0,502,0.0,NOT_REVIEWED,NOT_APPROVED
65,9,ПП-19 «Бизон»,heavy,6660,0.0,7353,0.0,NOT_REVIEWED,NOT_APPROVED
65,20,Дробовик Сайга-410,heavy,5167,0.0,2041,0.0,NOT_REVIEWED,NOT_APPROVED
65,106,Дробовик Mossberg 500,heavy,5533,0.0,5910,0.0,NOT_REVIEWED,NOT_APPROVED
65,107,Дробовик Stoeger P3000,heavy,6003,0.0,5962,0.0,NOT_REVIEWED,NOT_APPROVED
65,108,Дробовик Remington 870,heavy,5746,0.0,5824,0.0,NOT_REVIEWED,NOT_APPROVED
65,109,Дробовик Winchester Model 1300,heavy,5741,0.0,5591,0.0,NOT_REVIEWED,NOT_APPROVED
65,110,Дробовик Ithaca 37,heavy,5694,0.0,5821,0.0,NOT_REVIEWED,NOT_APPROVED
65,111,Дробовик Browning BPS,heavy,5524,0.0,5403,0.0,NOT_REVIEWED,NOT_APPROVED
65,19,Дробовик СПАС-12,heavy,5264,0.0,3034,0.0,NOT_REVIEWED,NOT_APPROVED
65,112,Дробовик Winchester SXP Defender,heavy,5113,0.0,2207,0.0,NOT_REVIEWED,NOT_APPROVED
65,113,Дробовик Mossberg 590A1,heavy,5682,0.0,5857,0.0,NOT_REVIEWED,NOT_APPROVED
65,114,Дробовик Remington 870 MCS,heavy,4223,0.0,2011,0.0,NOT_REVIEWED,NOT_APPROVED
65,32,Дробовик Сайга-12К,heavy,3522,0.0,226,0.0,NOT_REVIEWED,NOT_APPROVED
65,115,Дробовик Benelli Nova,heavy,5626,0.0,5378,0.0,NOT_REVIEWED,NOT_APPROVED
65,116,Дробовик TOZ-194,heavy,5332,0.0,3554,0.0,NOT_REVIEWED,NOT_APPROVED
65,44,Дробовик «Вепрь-12»,heavy,3955,0.0,1568,0.0,NOT_REVIEWED,NOT_APPROVED
65,117,Дробовик Remington 1100,heavy,5591,0.0,5305,0.0,NOT_REVIEWED,NOT_APPROVED
65,62,Дробовик Kel-Tec KSG,heavy,4561,0.0,641,0.0,NOT_REVIEWED,NOT_APPROVED
65,118,Дробовик Beretta 1301 Tactical,heavy,3947,0.0,1586,0.0,NOT_REVIEWED,NOT_APPROVED
65,50,Дробовик Benelli M4,heavy,4528,0.0,2936,0.0,NOT_REVIEWED,NOT_APPROVED
65,119,Дробовик Fabarm STF/12,heavy,4786,0.0,2087,0.0,NOT_REVIEWED,NOT_APPROVED
65,56,Дробовик AA-12,heavy,6139,0.0,967,0.0,NOT_REVIEWED,NOT_APPROVED
65,120,Дробовик Winchester SX4,heavy,5693,0.0,5152,0.0,NOT_REVIEWED,NOT_APPROVED
65,121,Дробовик Browning A5,heavy,5760,0.0,5103,0.0,NOT_REVIEWED,NOT_APPROVED
65,68,Дробовик Franchi SPAS-15,heavy,4843,0.0,3117,0.0,NOT_REVIEWED,NOT_APPROVED
65,122,Дробовик Remington 870 Magnum,heavy,6748,0.0,5654,0.0,NOT_REVIEWED,NOT_APPROVED
65,123,Дробовик Benelli Vinci,heavy,5958,0.0,5309,0.0,NOT_REVIEWED,NOT_APPROVED
65,74,Дробовик USAS-12,heavy,3768,0.0,2939,0.0,NOT_REVIEWED,NOT_APPROVED
65,124,Дробовик Ithaca Mag-10,heavy,3618,0.0,927,0.0,NOT_REVIEWED,NOT_APPROVED
65,125,Дробовик Remington SP-10,heavy,4897,0.0,811,0.0,NOT_REVIEWED,NOT_APPROVED
66,86,Beretta 21A Bobcat,pistol,7799,0.0,,,NOT_REVIEWED,NOT_APPROVED
66,2,Пистолет ПСМ,pistol,7211,0.0,,,NOT_REVIEWED,NOT_APPROVED
66,87,Walther PPK,pistol,7610,0.0,,,NOT_REVIEWED,NOT_APPROVED
66,1,Пистолет Макарова,pistol,7103,0.0,,,NOT_REVIEWED,NOT_APPROVED
66,3,Пистолет ИЖ-71,pistol,6492,0.0,,,NOT_REVIEWED,NOT_APPROVED
66,88,Glock 25,pistol,6810,0.0,,,NOT_REVIEWED,NOT_APPROVED
66,5,Пистолет ОЦ-33 «Пернач»,pistol,7184,0.0,,,NOT_REVIEWED,NOT_APPROVED
66,6,Револьвер Наган,pistol,4898,0.0,,,NOT_REVIEWED,NOT_APPROVED
66,89,Walther P99,pistol,6885,0.0,,,NOT_REVIEWED,NOT_APPROVED
66,90,CZ 75,pistol,6656,0.0,,,NOT_REVIEWED,NOT_APPROVED
66,91,Glock 17,pistol,6681,0.0,,,NOT_REVIEWED,NOT_APPROVED
66,92,Beretta 92FS,pistol,6485,0.0,,,NOT_REVIEWED,NOT_APPROVED
66,93,SIG Sauer P226,pistol,7684,0.0,,,NOT_REVIEWED,NOT_APPROVED
66,7,Пистолет ТТ,pistol,7219,0.0,,,NOT_REVIEWED,NOT_APPROVED
66,94,HK USP,pistol,6939,0.0,,,NOT_REVIEWED,NOT_APPROVED
66,95,Glock 22,pistol,6779,0.0,,,NOT_REVIEWED,NOT_APPROVED
66,96,SIG Sauer P229,pistol,7589,0.0,,,NOT_REVIEWED,NOT_APPROVED
66,97,Glock 20,pistol,7422,0.0,,,NOT_REVIEWED,NOT_APPROVED
66,98,Colt 1911,pistol,6938,0.0,,,NOT_REVIEWED,NOT_APPROVED
66,99,Glock 21,pistol,6957,0.0,,,NOT_REVIEWED,NOT_APPROVED
66,100,CZ 97B,pistol,7380,0.0,,,NOT_REVIEWED,NOT_APPROVED
66,101,HK Mark 23,pistol,6300,0.0,,,NOT_REVIEWED,NOT_APPROVED
66,102,Taurus Judge,pistol,5985,0.0,,,NOT_REVIEWED,NOT_APPROVED
66,103,Smith & Wesson Model 29,pistol,4307,0.0,,,NOT_REVIEWED,NOT_APPROVED
66,104,Taurus Raging Bull,pistol,4655,0.0,,,NOT_REVIEWED,NOT_APPROVED
66,105,Desert Eagle Mark XIX,pistol,8337,0.0,,,NOT_REVIEWED,NOT_APPROVED
66,11,Автомат АКС-74У,heavy,5987,0.0,4288,0.0,NOT_REVIEWED,NOT_APPROVED
66,12,Автомат АК-74,heavy,6146,0.0,1364,0.0,NOT_REVIEWED,NOT_APPROVED
66,37,Автомат АК-107,heavy,4101,0.0,1050,0.0,NOT_REVIEWED,NOT_APPROVED
66,21,Автомат АК-12,heavy,5161,0.0,2780,0.0,NOT_REVIEWED,NOT_APPROVED
66,26,Автомат АН-94 «Абакан»,heavy,4285,0.0,1538,0.0,NOT_REVIEWED,NOT_APPROVED
66,17,Пулемёт РПК-74,heavy,3796,0.0,12,0.0,NOT_REVIEWED,NOT_APPROVED
66,38,Автомат ADAR 2-15,heavy,5530,0.0,200,0.0,NOT_REVIEWED,NOT_APPROVED
66,45,Автомат АК-19,heavy,4428,0.0,908,0.0,NOT_REVIEWED,NOT_APPROVED
66,57,Автомат HK416,heavy,4535,0.0,393,0.0,NOT_REVIEWED,NOT_APPROVED
66,69,Автомат CZ Bren 2,heavy,4222,0.0,410,0.0,NOT_REVIEWED,NOT_APPROVED
66,67,Пулемёт Minimi Mk3,heavy,3247,0.0,0,11.0,NOT_REVIEWED,NOT_APPROVED
66,43,Автомат ОЦ-14 «Гроза»,heavy,4705,0.0,0,9.0,NOT_REVIEWED,NOT_APPROVED
66,16,Карабин «Вепрь»,heavy,5787,0.0,423,0.0,NOT_REVIEWED,NOT_APPROVED
66,15,Автомат АК-103,heavy,4777,0.0,2261,0.0,NOT_REVIEWED,NOT_APPROVED
66,25,Пулемёт РПД,heavy,3476,0.0,2212,0.0,NOT_REVIEWED,NOT_APPROVED
66,18,Автомат АС «Вал»,heavy,4529,0.0,1132,0.0,NOT_REVIEWED,NOT_APPROVED
66,10,Карабин Сайга-12,heavy,6407,0.0,3525,0.0,NOT_REVIEWED,NOT_APPROVED
66,63,Автомат АК-308,heavy,4221,0.0,2295,0.0,NOT_REVIEWED,NOT_APPROVED
66,51,Автомат ЛР-308,heavy,3905,0.0,0,2.0,NOT_REVIEWED,NOT_APPROVED
66,75,Автомат SCAR-H,heavy,4268,0.0,68,0.0,NOT_REVIEWED,NOT_APPROVED
66,61,Пулемёт M60E6,heavy,3710,0.0,0,1.0,NOT_REVIEWED,NOT_APPROVED
66,59,Пулемёт M240,heavy,3572,0.0,0,23.0,NOT_REVIEWED,NOT_APPROVED
66,71,Пулемёт FN MAG,heavy,3065,0.0,0,14.0,NOT_REVIEWED,NOT_APPROVED
66,77,Пулемёт Negev NG7,heavy,3250,0.0,0,16.49,NOT_REVIEWED,NOT_APPROVED
66,22,Пулемёт ПКМ,heavy,2309,0.0,2367,0.0,NOT_REVIEWED,NOT_APPROVED
66,29,Пулемёт «Печенег»,heavy,3642,0.0,2474,0.0,NOT_REVIEWED,NOT_APPROVED
66,53,Пулемёт «Печенег-СП»,heavy,3860,0.0,0,13.0,NOT_REVIEWED,NOT_APPROVED
66,47,Автомат АК-АН «Абакан-100»,heavy,3555,0.0,0,21.0,NOT_REVIEWED,NOT_APPROVED
66,65,Пулемёт «Утёс-М»,heavy,4261,0.0,599,0.0,NOT_REVIEWED,NOT_APPROVED
66,14,Винтовка СКС,heavy,5935,0.0,9,0.0,NOT_REVIEWED,NOT_APPROVED
66,46,Винтовка SSG 08,heavy,3381,0.0,0,36.77,NOT_REVIEWED,NOT_APPROVED
66,42,Винтовка SR-25,heavy,4012,0.0,0,5.0,NOT_REVIEWED,NOT_APPROVED
66,13,Винтовка СВД,heavy,5417,0.0,0,3.0,NOT_REVIEWED,NOT_APPROVED
66,24,Винтовка СВДС,heavy,3816,0.0,70,0.0,NOT_REVIEWED,NOT_APPROVED
66,23,Винтовка Т-5000,heavy,3088,0.0,0,23.77,NOT_REVIEWED,NOT_APPROVED
66,28,Винтовка СВ-98,heavy,4616,0.0,0,37.11,NOT_REVIEWED,NOT_APPROVED
66,36,Винтовка СВК,heavy,3077,0.0,0,21.0,NOT_REVIEWED,NOT_APPROVED
66,30,Винтовка ВСС «Винторез»,heavy,4814,0.0,0,23.0,NOT_REVIEWED,NOT_APPROVED
66,40,Винтовка ВСК-94,heavy,4269,0.0,0,21.0,NOT_REVIEWED,NOT_APPROVED
66,31,Винтовка СВ-338,heavy,3720,0.0,0,23.19,NOT_REVIEWED,NOT_APPROVED
66,27,Винтовка ОРСИС T-5000M,heavy,3935,0.0,0,35.0,NOT_REVIEWED,NOT_APPROVED
66,70,Винтовка Sako TRG-42,heavy,4063,0.0,0,49.65,NOT_REVIEWED,NOT_APPROVED
66,76,Винтовка Blaser R93 Tactical 2,heavy,3866,0.0,0,22.8,NOT_REVIEWED,NOT_APPROVED
66,39,Винтовка ORSIS T-5000 Sniper Pro,heavy,3825,0.0,0,35.0,NOT_REVIEWED,NOT_APPROVED
66,60,Винтовка Accuracy International AXMC,heavy,3551,0.0,0,2.24,NOT_REVIEWED,NOT_APPROVED
66,48,Винтовка Barrett M98B,heavy,2913,0.0,1,0.0,NOT_REVIEWED,NOT_APPROVED
66,64,Винтовка ORSIS T-5000 Elite,heavy,4033,0.0,636,0.0,NOT_REVIEWED,NOT_APPROVED
66,33,Винтовка «Выхлоп»,heavy,3501,0.0,0,33.0,NOT_REVIEWED,NOT_APPROVED
66,35,Винтовка ОСВ-96,heavy,3176,0.0,1000,0.0,NOT_REVIEWED,NOT_APPROVED
66,66,Винтовка Zastava M93 Black Arrow,heavy,4339,0.0,0,5.83,NOT_REVIEWED,NOT_APPROVED
66,52,Винтовка АСВК «Корд»,heavy,3313,0.0,0,15.0,NOT_REVIEWED,NOT_APPROVED
66,58,Винтовка Steyr HS .50,heavy,5106,0.0,0,32.0,NOT_REVIEWED,NOT_APPROVED
66,49,Винтовка Barrett M82,heavy,2364,0.0,0,26.0,NOT_REVIEWED,NOT_APPROVED
66,54,Винтовка McMillan TAC-50,heavy,4476,0.0,745,0.0,NOT_REVIEWED,NOT_APPROVED
66,72,Винтовка Desert Tech HTI,heavy,4241,0.0,0,6.0,NOT_REVIEWED,NOT_APPROVED
66,78,Винтовка Cheytac M200 Intervention,heavy,2697,0.0,0,31.91,NOT_REVIEWED,NOT_APPROVED
66,73,Прототип X-17,heavy,2987,0.0,0,12.0,NOT_REVIEWED,NOT_APPROVED
66,55,Гаусс-пушка,heavy,5896,0.0,0,33.0,NOT_REVIEWED,NOT_APPROVED
66,4,Обрез охотничьего ружья,heavy,7671,0.0,0,27.0,NOT_REVIEWED,NOT_APPROVED
66,8,ПП «Кедр»,heavy,8577,0.0,3277,0.0,NOT_REVIEWED,NOT_APPROVED
66,9,ПП-19 «Бизон»,heavy,6699,0.0,155,0.0,NOT_REVIEWED,NOT_APPROVED
66,20,Дробовик Сайга-410,heavy,5200,0.0,387,0.0,NOT_REVIEWED,NOT_APPROVED
66,106,Дробовик Mossberg 500,heavy,5517,0.0,0,11.0,NOT_REVIEWED,NOT_APPROVED
66,107,Дробовик Stoeger P3000,heavy,6016,0.0,0,14.0,NOT_REVIEWED,NOT_APPROVED
66,108,Дробовик Remington 870,heavy,5744,0.0,0,19.0,NOT_REVIEWED,NOT_APPROVED
66,109,Дробовик Winchester Model 1300,heavy,5739,0.0,0,14.0,NOT_REVIEWED,NOT_APPROVED
66,110,Дробовик Ithaca 37,heavy,5670,0.0,0,16.0,NOT_REVIEWED,NOT_APPROVED
66,111,Дробовик Browning BPS,heavy,5535,0.0,0,14.0,NOT_REVIEWED,NOT_APPROVED
66,19,Дробовик СПАС-12,heavy,5277,0.0,0,40.05,NOT_REVIEWED,NOT_APPROVED
66,112,Дробовик Winchester SXP Defender,heavy,5113,0.0,0,57.0,NOT_REVIEWED,NOT_APPROVED
66,113,Дробовик Mossberg 590A1,heavy,5673,0.0,0,13.0,NOT_REVIEWED,NOT_APPROVED
66,114,Дробовик Remington 870 MCS,heavy,4215,0.0,0,55.04,NOT_REVIEWED,NOT_APPROVED
66,32,Дробовик Сайга-12К,heavy,3520,0.0,1136,0.0,NOT_REVIEWED,NOT_APPROVED
66,115,Дробовик Benelli Nova,heavy,5624,0.0,0,18.97,NOT_REVIEWED,NOT_APPROVED
66,116,Дробовик TOZ-194,heavy,5330,0.0,0,27.0,NOT_REVIEWED,NOT_APPROVED
66,44,Дробовик «Вепрь-12»,heavy,3955,0.0,773,0.0,NOT_REVIEWED,NOT_APPROVED
66,117,Дробовик Remington 1100,heavy,5589,0.0,0,17.0,NOT_REVIEWED,NOT_APPROVED
66,62,Дробовик Kel-Tec KSG,heavy,4559,0.0,0,72.73,NOT_REVIEWED,NOT_APPROVED
66,118,Дробовик Beretta 1301 Tactical,heavy,3956,0.0,0,64.0,NOT_REVIEWED,NOT_APPROVED
66,50,Дробовик Benelli M4,heavy,4532,0.0,0,48.51,NOT_REVIEWED,NOT_APPROVED
66,119,Дробовик Fabarm STF/12,heavy,4768,0.0,0,55.58,NOT_REVIEWED,NOT_APPROVED
66,56,Дробовик AA-12,heavy,6183,0.0,434,0.0,NOT_REVIEWED,NOT_APPROVED
66,120,Дробовик Winchester SX4,heavy,5691,0.0,0,22.0,NOT_REVIEWED,NOT_APPROVED
66,121,Дробовик Browning A5,heavy,5758,0.0,0,21.0,NOT_REVIEWED,NOT_APPROVED
66,68,Дробовик Franchi SPAS-15,heavy,4853,0.0,1516,0.0,NOT_REVIEWED,NOT_APPROVED
66,122,Дробовик Remington 870 Magnum,heavy,6720,0.0,0,21.0,NOT_REVIEWED,NOT_APPROVED
66,123,Дробовик Benelli Vinci,heavy,5956,0.0,0,16.0,NOT_REVIEWED,NOT_APPROVED
66,74,Дробовик USAS-12,heavy,3774,0.0,2944,0.0,NOT_REVIEWED,NOT_APPROVED
66,124,Дробовик Ithaca Mag-10,heavy,3613,0.0,0,2.0,NOT_REVIEWED,NOT_APPROVED
66,125,Дробовик Remington SP-10,heavy,4897,0.0,768,0.0,NOT_REVIEWED,NOT_APPROVED
67,86,Beretta 21A Bobcat,pistol,7849,0.0,,,NOT_REVIEWED,NOT_APPROVED
67,2,Пистолет ПСМ,pistol,7148,0.0,,,NOT_REVIEWED,NOT_APPROVED
67,87,Walther PPK,pistol,7453,0.0,,,NOT_REVIEWED,NOT_APPROVED
67,1,Пистолет Макарова,pistol,6925,0.0,,,NOT_REVIEWED,NOT_APPROVED
67,3,Пистолет ИЖ-71,pistol,6718,0.0,,,NOT_REVIEWED,NOT_APPROVED
67,88,Glock 25,pistol,6927,0.0,,,NOT_REVIEWED,NOT_APPROVED
67,5,Пистолет ОЦ-33 «Пернач»,pistol,7182,0.0,,,NOT_REVIEWED,NOT_APPROVED
67,6,Револьвер Наган,pistol,5161,0.0,,,NOT_REVIEWED,NOT_APPROVED
67,89,Walther P99,pistol,6872,0.0,,,NOT_REVIEWED,NOT_APPROVED
67,90,CZ 75,pistol,6624,0.0,,,NOT_REVIEWED,NOT_APPROVED
67,91,Glock 17,pistol,6724,0.0,,,NOT_REVIEWED,NOT_APPROVED
67,92,Beretta 92FS,pistol,6521,0.0,,,NOT_REVIEWED,NOT_APPROVED
67,93,SIG Sauer P226,pistol,7534,0.0,,,NOT_REVIEWED,NOT_APPROVED
67,7,Пистолет ТТ,pistol,7079,0.0,,,NOT_REVIEWED,NOT_APPROVED
67,94,HK USP,pistol,6955,0.0,,,NOT_REVIEWED,NOT_APPROVED
67,95,Glock 22,pistol,6823,0.0,,,NOT_REVIEWED,NOT_APPROVED
67,96,SIG Sauer P229,pistol,7553,0.0,,,NOT_REVIEWED,NOT_APPROVED
67,97,Glock 20,pistol,7533,0.0,,,NOT_REVIEWED,NOT_APPROVED
67,98,Colt 1911,pistol,6864,0.0,,,NOT_REVIEWED,NOT_APPROVED
67,99,Glock 21,pistol,7027,0.0,,,NOT_REVIEWED,NOT_APPROVED
67,100,CZ 97B,pistol,7355,0.0,,,NOT_REVIEWED,NOT_APPROVED
67,101,HK Mark 23,pistol,6332,0.0,,,NOT_REVIEWED,NOT_APPROVED
67,102,Taurus Judge,pistol,6235,0.0,,,NOT_REVIEWED,NOT_APPROVED
67,103,Smith & Wesson Model 29,pistol,4394,0.0,,,NOT_REVIEWED,NOT_APPROVED
67,104,Taurus Raging Bull,pistol,4761,0.0,,,NOT_REVIEWED,NOT_APPROVED
67,105,Desert Eagle Mark XIX,pistol,8179,0.0,,,NOT_REVIEWED,NOT_APPROVED
67,11,Автомат АКС-74У,heavy,5905,0.0,5788,0.0,NOT_REVIEWED,NOT_APPROVED
67,12,Автомат АК-74,heavy,6045,0.0,3992,0.0,NOT_REVIEWED,NOT_APPROVED
67,37,Автомат АК-107,heavy,4110,0.0,4964,0.0,NOT_REVIEWED,NOT_APPROVED
67,21,Автомат АК-12,heavy,5161,0.0,4993,0.0,NOT_REVIEWED,NOT_APPROVED
67,26,Автомат АН-94 «Абакан»,heavy,4230,0.0,5520,0.0,NOT_REVIEWED,NOT_APPROVED
67,17,Пулемёт РПК-74,heavy,3796,0.0,2704,0.0,NOT_REVIEWED,NOT_APPROVED
67,38,Автомат ADAR 2-15,heavy,5510,0.0,5052,0.0,NOT_REVIEWED,NOT_APPROVED
67,45,Автомат АК-19,heavy,4424,0.0,5341,0.0,NOT_REVIEWED,NOT_APPROVED
67,57,Автомат HK416,heavy,4536,0.0,5387,0.0,NOT_REVIEWED,NOT_APPROVED
67,69,Автомат CZ Bren 2,heavy,4222,0.0,5166,0.0,NOT_REVIEWED,NOT_APPROVED
67,67,Пулемёт Minimi Mk3,heavy,3250,0.0,5366,0.0,NOT_REVIEWED,NOT_APPROVED
67,43,Автомат ОЦ-14 «Гроза»,heavy,4768,0.0,534,0.0,NOT_REVIEWED,NOT_APPROVED
67,16,Карабин «Вепрь»,heavy,5715,0.0,5266,0.0,NOT_REVIEWED,NOT_APPROVED
67,15,Автомат АК-103,heavy,4777,0.0,5607,0.0,NOT_REVIEWED,NOT_APPROVED
67,25,Пулемёт РПД,heavy,3392,0.0,4505,0.0,NOT_REVIEWED,NOT_APPROVED
67,18,Автомат АС «Вал»,heavy,4486,0.0,4461,0.0,NOT_REVIEWED,NOT_APPROVED
67,10,Карабин Сайга-12,heavy,6193,0.0,5311,0.0,NOT_REVIEWED,NOT_APPROVED
67,63,Автомат АК-308,heavy,4222,0.0,5142,0.0,NOT_REVIEWED,NOT_APPROVED
67,51,Автомат ЛР-308,heavy,3905,0.0,4126,0.0,NOT_REVIEWED,NOT_APPROVED
67,75,Автомат SCAR-H,heavy,4323,0.0,4894,0.0,NOT_REVIEWED,NOT_APPROVED
67,61,Пулемёт M60E6,heavy,3705,0.0,4440,0.0,NOT_REVIEWED,NOT_APPROVED
67,59,Пулемёт M240,heavy,3572,0.0,4648,0.0,NOT_REVIEWED,NOT_APPROVED
67,71,Пулемёт FN MAG,heavy,3067,0.0,5367,0.0,NOT_REVIEWED,NOT_APPROVED
67,77,Пулемёт Negev NG7,heavy,3246,0.0,4928,0.0,NOT_REVIEWED,NOT_APPROVED
67,22,Пулемёт ПКМ,heavy,2352,0.0,3916,0.0,NOT_REVIEWED,NOT_APPROVED
67,29,Пулемёт «Печенег»,heavy,3642,0.0,4691,0.0,NOT_REVIEWED,NOT_APPROVED
67,53,Пулемёт «Печенег-СП»,heavy,3848,0.0,3332,0.0,NOT_REVIEWED,NOT_APPROVED
67,47,Автомат АК-АН «Абакан-100»,heavy,3445,0.0,2273,0.0,NOT_REVIEWED,NOT_APPROVED
67,65,Пулемёт «Утёс-М»,heavy,4274,0.0,3498,0.0,NOT_REVIEWED,NOT_APPROVED
67,14,Винтовка СКС,heavy,5601,0.0,1513,0.0,NOT_REVIEWED,NOT_APPROVED
67,46,Винтовка SSG 08,heavy,3459,0.0,3190,0.0,NOT_REVIEWED,NOT_APPROVED
67,42,Винтовка SR-25,heavy,4012,0.0,4317,0.0,NOT_REVIEWED,NOT_APPROVED
67,13,Винтовка СВД,heavy,5443,0.0,832,0.0,NOT_REVIEWED,NOT_APPROVED
67,24,Винтовка СВДС,heavy,3921,0.0,2281,0.0,NOT_REVIEWED,NOT_APPROVED
67,23,Винтовка Т-5000,heavy,3088,0.0,3761,0.0,NOT_REVIEWED,NOT_APPROVED
67,28,Винтовка СВ-98,heavy,4517,0.0,2533,0.0,NOT_REVIEWED,NOT_APPROVED
67,36,Винтовка СВК,heavy,3077,0.0,3311,0.0,NOT_REVIEWED,NOT_APPROVED
67,30,Винтовка ВСС «Винторез»,heavy,4692,0.0,2760,0.0,NOT_REVIEWED,NOT_APPROVED
67,40,Винтовка ВСК-94,heavy,4284,0.0,3881,0.0,NOT_REVIEWED,NOT_APPROVED
67,31,Винтовка СВ-338,heavy,3721,0.0,3240,0.0,NOT_REVIEWED,NOT_APPROVED
67,27,Винтовка ОРСИС T-5000M,heavy,4050,0.0,2799,0.0,NOT_REVIEWED,NOT_APPROVED
67,70,Винтовка Sako TRG-42,heavy,3958,0.0,2788,0.0,NOT_REVIEWED,NOT_APPROVED
67,76,Винтовка Blaser R93 Tactical 2,heavy,3818,0.0,2443,0.0,NOT_REVIEWED,NOT_APPROVED
67,39,Винтовка ORSIS T-5000 Sniper Pro,heavy,3843,0.0,2423,0.0,NOT_REVIEWED,NOT_APPROVED
67,60,Винтовка Accuracy International AXMC,heavy,3550,0.0,2166,0.0,NOT_REVIEWED,NOT_APPROVED
67,48,Винтовка Barrett M98B,heavy,2907,0.0,3125,0.0,NOT_REVIEWED,NOT_APPROVED
67,64,Винтовка ORSIS T-5000 Elite,heavy,4011,0.0,2083,0.0,NOT_REVIEWED,NOT_APPROVED
67,33,Винтовка «Выхлоп»,heavy,3501,0.0,2367,0.0,NOT_REVIEWED,NOT_APPROVED
67,35,Винтовка ОСВ-96,heavy,3068,0.0,3084,0.0,NOT_REVIEWED,NOT_APPROVED
67,66,Винтовка Zastava M93 Black Arrow,heavy,4318,0.0,2191,0.0,NOT_REVIEWED,NOT_APPROVED
67,52,Винтовка АСВК «Корд»,heavy,3313,0.0,1858,0.0,NOT_REVIEWED,NOT_APPROVED
67,58,Винтовка Steyr HS .50,heavy,5095,0.0,1268,0.0,NOT_REVIEWED,NOT_APPROVED
67,49,Винтовка Barrett M82,heavy,2314,0.0,3512,0.0,NOT_REVIEWED,NOT_APPROVED
67,54,Винтовка McMillan TAC-50,heavy,4482,0.0,4477,0.0,NOT_REVIEWED,NOT_APPROVED
67,72,Винтовка Desert Tech HTI,heavy,4150,0.0,5521,0.0,NOT_REVIEWED,NOT_APPROVED
67,78,Винтовка Cheytac M200 Intervention,heavy,2692,0.0,3300,0.0,NOT_REVIEWED,NOT_APPROVED
67,73,Прототип X-17,heavy,2548,0.0,4543,0.0,NOT_REVIEWED,NOT_APPROVED
67,55,Гаусс-пушка,heavy,5544,0.0,5788,0.0,NOT_REVIEWED,NOT_APPROVED
67,4,Обрез охотничьего ружья,heavy,7085,0.0,5446,0.0,NOT_REVIEWED,NOT_APPROVED
67,8,ПП «Кедр»,heavy,8240,0.0,4491,0.0,NOT_REVIEWED,NOT_APPROVED
67,9,ПП-19 «Бизон»,heavy,6526,0.0,5210,0.0,NOT_REVIEWED,NOT_APPROVED
67,20,Дробовик Сайга-410,heavy,5118,0.0,4331,0.0,NOT_REVIEWED,NOT_APPROVED
67,106,Дробовик Mossberg 500,heavy,5413,0.0,370,0.0,NOT_REVIEWED,NOT_APPROVED
67,107,Дробовик Stoeger P3000,heavy,6027,0.0,641,0.0,NOT_REVIEWED,NOT_APPROVED
67,108,Дробовик Remington 870,heavy,5554,0.0,1113,0.0,NOT_REVIEWED,NOT_APPROVED
67,109,Дробовик Winchester Model 1300,heavy,5615,0.0,370,0.0,NOT_REVIEWED,NOT_APPROVED
67,110,Дробовик Ithaca 37,heavy,5650,0.0,641,0.0,NOT_REVIEWED,NOT_APPROVED
67,111,Дробовик Browning BPS,heavy,5386,0.0,321,0.0,NOT_REVIEWED,NOT_APPROVED
67,19,Дробовик СПАС-12,heavy,5277,0.0,5218,0.0,NOT_REVIEWED,NOT_APPROVED
67,112,Дробовик Winchester SXP Defender,heavy,5113,0.0,4277,0.0,NOT_REVIEWED,NOT_APPROVED
67,113,Дробовик Mossberg 590A1,heavy,5509,0.0,641,0.0,NOT_REVIEWED,NOT_APPROVED
67,114,Дробовик Remington 870 MCS,heavy,4223,0.0,5176,0.0,NOT_REVIEWED,NOT_APPROVED
67,32,Дробовик Сайга-12К,heavy,3522,0.0,4973,0.0,NOT_REVIEWED,NOT_APPROVED
67,115,Дробовик Benelli Nova,heavy,5652,0.0,472,0.0,NOT_REVIEWED,NOT_APPROVED
67,116,Дробовик TOZ-194,heavy,5214,0.0,228,0.0,NOT_REVIEWED,NOT_APPROVED
67,44,Дробовик «Вепрь-12»,heavy,3955,0.0,4884,0.0,NOT_REVIEWED,NOT_APPROVED
67,117,Дробовик Remington 1100,heavy,5487,0.0,370,0.0,NOT_REVIEWED,NOT_APPROVED
67,62,Дробовик Kel-Tec KSG,heavy,4561,0.0,4798,0.0,NOT_REVIEWED,NOT_APPROVED
67,118,Дробовик Beretta 1301 Tactical,heavy,4002,0.0,4602,0.0,NOT_REVIEWED,NOT_APPROVED
67,50,Дробовик Benelli M4,heavy,4528,0.0,3465,0.0,NOT_REVIEWED,NOT_APPROVED
67,119,Дробовик Fabarm STF/12,heavy,4786,0.0,5788,0.0,NOT_REVIEWED,NOT_APPROVED
67,56,Дробовик AA-12,heavy,5901,0.0,5198,0.0,NOT_REVIEWED,NOT_APPROVED
67,120,Дробовик Winchester SX4,heavy,5632,0.0,703,0.0,NOT_REVIEWED,NOT_APPROVED
67,121,Дробовик Browning A5,heavy,5708,0.0,526,0.0,NOT_REVIEWED,NOT_APPROVED
67,68,Дробовик Franchi SPAS-15,heavy,4896,0.0,5759,0.0,NOT_REVIEWED,NOT_APPROVED
67,122,Дробовик Remington 870 Magnum,heavy,6820,0.0,1111,0.0,NOT_REVIEWED,NOT_APPROVED
67,123,Дробовик Benelli Vinci,heavy,5809,0.0,361,0.0,NOT_REVIEWED,NOT_APPROVED
67,74,Дробовик USAS-12,heavy,3813,0.0,5620,0.0,NOT_REVIEWED,NOT_APPROVED
67,124,Дробовик Ithaca Mag-10,heavy,3674,0.0,5343,0.0,NOT_REVIEWED,NOT_APPROVED
67,125,Дробовик Remington SP-10,heavy,4839,0.0,5417,0.0,NOT_REVIEWED,NOT_APPROVED
68,86,Beretta 21A Bobcat,pistol,7794,0.0,,,NOT_REVIEWED,NOT_APPROVED
68,2,Пистолет ПСМ,pistol,6963,0.0,,,NOT_REVIEWED,NOT_APPROVED
68,87,Walther PPK,pistol,7340,0.0,,,NOT_REVIEWED,NOT_APPROVED
68,1,Пистолет Макарова,pistol,6747,0.0,,,NOT_REVIEWED,NOT_APPROVED
68,3,Пистолет ИЖ-71,pistol,6444,0.0,,,NOT_REVIEWED,NOT_APPROVED
68,88,Glock 25,pistol,6761,0.0,,,NOT_REVIEWED,NOT_APPROVED
68,5,Пистолет ОЦ-33 «Пернач»,pistol,7069,0.0,,,NOT_REVIEWED,NOT_APPROVED
68,6,Револьвер Наган,pistol,5014,0.0,,,NOT_REVIEWED,NOT_APPROVED
68,89,Walther P99,pistol,6669,0.0,,,NOT_REVIEWED,NOT_APPROVED
68,90,CZ 75,pistol,6433,0.0,,,NOT_REVIEWED,NOT_APPROVED
68,91,Glock 17,pistol,6597,0.0,,,NOT_REVIEWED,NOT_APPROVED
68,92,Beretta 92FS,pistol,6514,0.0,,,NOT_REVIEWED,NOT_APPROVED
68,93,SIG Sauer P226,pistol,7241,0.0,,,NOT_REVIEWED,NOT_APPROVED
68,7,Пистолет ТТ,pistol,6850,0.0,,,NOT_REVIEWED,NOT_APPROVED
68,94,HK USP,pistol,6739,0.0,,,NOT_REVIEWED,NOT_APPROVED
68,95,Glock 22,pistol,6654,0.0,,,NOT_REVIEWED,NOT_APPROVED
68,96,SIG Sauer P229,pistol,7303,0.0,,,NOT_REVIEWED,NOT_APPROVED
68,97,Glock 20,pistol,7338,0.0,,,NOT_REVIEWED,NOT_APPROVED
68,98,Colt 1911,pistol,6665,0.0,,,NOT_REVIEWED,NOT_APPROVED
68,99,Glock 21,pistol,6961,0.0,,,NOT_REVIEWED,NOT_APPROVED
68,100,CZ 97B,pistol,7118,0.0,,,NOT_REVIEWED,NOT_APPROVED
68,101,HK Mark 23,pistol,6317,0.0,,,NOT_REVIEWED,NOT_APPROVED
68,102,Taurus Judge,pistol,6127,0.0,,,NOT_REVIEWED,NOT_APPROVED
68,103,Smith & Wesson Model 29,pistol,4360,0.0,,,NOT_REVIEWED,NOT_APPROVED
68,104,Taurus Raging Bull,pistol,4725,0.0,,,NOT_REVIEWED,NOT_APPROVED
68,105,Desert Eagle Mark XIX,pistol,7731,0.0,,,NOT_REVIEWED,NOT_APPROVED
68,11,Автомат АКС-74У,heavy,5979,0.0,298,0.0,NOT_REVIEWED,NOT_APPROVED
68,12,Автомат АК-74,heavy,6103,0.0,716,0.0,NOT_REVIEWED,NOT_APPROVED
68,37,Автомат АК-107,heavy,4110,0.0,0,6.32,NOT_REVIEWED,NOT_APPROVED
68,21,Автомат АК-12,heavy,5161,0.0,0,16.64,NOT_REVIEWED,NOT_APPROVED
68,26,Автомат АН-94 «Абакан»,heavy,4230,0.0,39,0.0,NOT_REVIEWED,NOT_APPROVED
68,17,Пулемёт РПК-74,heavy,3796,0.0,174,0.0,NOT_REVIEWED,NOT_APPROVED
68,38,Автомат ADAR 2-15,heavy,5510,0.0,14,0.0,NOT_REVIEWED,NOT_APPROVED
68,45,Автомат АК-19,heavy,4424,0.0,3,0.0,NOT_REVIEWED,NOT_APPROVED
68,57,Автомат HK416,heavy,4536,0.0,0,4.0,NOT_REVIEWED,NOT_APPROVED
68,69,Автомат CZ Bren 2,heavy,4222,0.0,0,1.0,NOT_REVIEWED,NOT_APPROVED
68,67,Пулемёт Minimi Mk3,heavy,3250,0.0,1828,0.0,NOT_REVIEWED,NOT_APPROVED
68,43,Автомат ОЦ-14 «Гроза»,heavy,4768,0.0,0,36.8,NOT_REVIEWED,NOT_APPROVED
68,16,Карабин «Вепрь»,heavy,5720,0.0,54,0.0,NOT_REVIEWED,NOT_APPROVED
68,15,Автомат АК-103,heavy,4777,0.0,74,0.0,NOT_REVIEWED,NOT_APPROVED
68,25,Пулемёт РПД,heavy,3392,0.0,0,20.52,NOT_REVIEWED,NOT_APPROVED
68,18,Автомат АС «Вал»,heavy,4486,0.0,32,0.0,NOT_REVIEWED,NOT_APPROVED
68,10,Карабин Сайга-12,heavy,6356,0.0,1147,0.0,NOT_REVIEWED,NOT_APPROVED
68,63,Автомат АК-308,heavy,4222,0.0,0,3.0,NOT_REVIEWED,NOT_APPROVED
68,51,Автомат ЛР-308,heavy,3905,0.0,0,15.0,NOT_REVIEWED,NOT_APPROVED
68,75,Автомат SCAR-H,heavy,4323,0.0,0,13.0,NOT_REVIEWED,NOT_APPROVED
68,61,Пулемёт M60E6,heavy,3705,0.0,1702,0.0,NOT_REVIEWED,NOT_APPROVED
68,59,Пулемёт M240,heavy,3572,0.0,21,0.0,NOT_REVIEWED,NOT_APPROVED
68,71,Пулемёт FN MAG,heavy,3067,0.0,1347,0.0,NOT_REVIEWED,NOT_APPROVED
68,77,Пулемёт Negev NG7,heavy,3246,0.0,1870,0.0,NOT_REVIEWED,NOT_APPROVED
68,22,Пулемёт ПКМ,heavy,2352,0.0,0,14.0,NOT_REVIEWED,NOT_APPROVED
68,29,Пулемёт «Печенег»,heavy,3642,0.0,223,0.0,NOT_REVIEWED,NOT_APPROVED
68,53,Пулемёт «Печенег-СП»,heavy,3848,0.0,1443,0.0,NOT_REVIEWED,NOT_APPROVED
68,47,Автомат АК-АН «Абакан-100»,heavy,3445,0.0,437,0.0,NOT_REVIEWED,NOT_APPROVED
68,65,Пулемёт «Утёс-М»,heavy,4274,0.0,1772,0.0,NOT_REVIEWED,NOT_APPROVED
68,14,Винтовка СКС,heavy,5950,0.0,2710,0.0,NOT_REVIEWED,NOT_APPROVED
68,46,Винтовка SSG 08,heavy,3459,0.0,728,0.0,NOT_REVIEWED,NOT_APPROVED
68,42,Винтовка SR-25,heavy,4012,0.0,0,7.0,NOT_REVIEWED,NOT_APPROVED
68,13,Винтовка СВД,heavy,5513,0.0,2099,0.0,NOT_REVIEWED,NOT_APPROVED
68,24,Винтовка СВДС,heavy,3921,0.0,774,0.0,NOT_REVIEWED,NOT_APPROVED
68,23,Винтовка Т-5000,heavy,3088,0.0,199,0.0,NOT_REVIEWED,NOT_APPROVED
68,28,Винтовка СВ-98,heavy,4517,0.0,472,0.0,NOT_REVIEWED,NOT_APPROVED
68,36,Винтовка СВК,heavy,3077,0.0,1692,0.0,NOT_REVIEWED,NOT_APPROVED
68,30,Винтовка ВСС «Винторез»,heavy,4692,0.0,344,0.0,NOT_REVIEWED,NOT_APPROVED
68,40,Винтовка ВСК-94,heavy,4284,0.0,0,10.0,NOT_REVIEWED,NOT_APPROVED
68,31,Винтовка СВ-338,heavy,3721,0.0,2066,0.0,NOT_REVIEWED,NOT_APPROVED
68,27,Винтовка ОРСИС T-5000M,heavy,4050,0.0,944,0.0,NOT_REVIEWED,NOT_APPROVED
68,70,Винтовка Sako TRG-42,heavy,3958,0.0,1241,0.0,NOT_REVIEWED,NOT_APPROVED
68,76,Винтовка Blaser R93 Tactical 2,heavy,3818,0.0,1558,0.0,NOT_REVIEWED,NOT_APPROVED
68,39,Винтовка ORSIS T-5000 Sniper Pro,heavy,3843,0.0,1981,0.0,NOT_REVIEWED,NOT_APPROVED
68,60,Винтовка Accuracy International AXMC,heavy,3550,0.0,1002,0.0,NOT_REVIEWED,NOT_APPROVED
68,48,Винтовка Barrett M98B,heavy,2907,0.0,929,0.0,NOT_REVIEWED,NOT_APPROVED
68,64,Винтовка ORSIS T-5000 Elite,heavy,4011,0.0,214,0.0,NOT_REVIEWED,NOT_APPROVED
68,33,Винтовка «Выхлоп»,heavy,3501,0.0,437,0.0,NOT_REVIEWED,NOT_APPROVED
68,35,Винтовка ОСВ-96,heavy,3068,0.0,566,0.0,NOT_REVIEWED,NOT_APPROVED
68,66,Винтовка Zastava M93 Black Arrow,heavy,4343,0.0,1233,0.0,NOT_REVIEWED,NOT_APPROVED
68,52,Винтовка АСВК «Корд»,heavy,3313,0.0,1930,0.0,NOT_REVIEWED,NOT_APPROVED
68,58,Винтовка Steyr HS .50,heavy,5108,0.0,2795,0.0,NOT_REVIEWED,NOT_APPROVED
68,49,Винтовка Barrett M82,heavy,2314,0.0,1946,0.0,NOT_REVIEWED,NOT_APPROVED
68,54,Винтовка McMillan TAC-50,heavy,4482,0.0,27,0.0,NOT_REVIEWED,NOT_APPROVED
68,72,Винтовка Desert Tech HTI,heavy,4150,0.0,227,0.0,NOT_REVIEWED,NOT_APPROVED
68,78,Винтовка Cheytac M200 Intervention,heavy,2692,0.0,1199,0.0,NOT_REVIEWED,NOT_APPROVED
68,73,Прототип X-17,heavy,2989,0.0,0,1.0,NOT_REVIEWED,NOT_APPROVED
68,55,Гаусс-пушка,heavy,5896,0.0,754,0.0,NOT_REVIEWED,NOT_APPROVED
68,4,Обрез охотничьего ружья,heavy,7673,0.0,1940,0.0,NOT_REVIEWED,NOT_APPROVED
68,8,ПП «Кедр»,heavy,8579,0.0,0,20.62,NOT_REVIEWED,NOT_APPROVED
68,9,ПП-19 «Бизон»,heavy,6646,0.0,4668,0.0,NOT_REVIEWED,NOT_APPROVED
68,20,Дробовик Сайга-410,heavy,5118,0.0,18,0.0,NOT_REVIEWED,NOT_APPROVED
68,106,Дробовик Mossberg 500,heavy,5567,0.0,5338,0.0,NOT_REVIEWED,NOT_APPROVED
68,107,Дробовик Stoeger P3000,heavy,6043,0.0,5151,0.0,NOT_REVIEWED,NOT_APPROVED
68,108,Дробовик Remington 870,heavy,5688,0.0,4617,0.0,NOT_REVIEWED,NOT_APPROVED
68,109,Дробовик Winchester Model 1300,heavy,5741,0.0,4998,0.0,NOT_REVIEWED,NOT_APPROVED
68,110,Дробовик Ithaca 37,heavy,5731,0.0,4959,0.0,NOT_REVIEWED,NOT_APPROVED
68,111,Дробовик Browning BPS,heavy,5480,0.0,4616,0.0,NOT_REVIEWED,NOT_APPROVED
68,19,Дробовик СПАС-12,heavy,5277,0.0,1919,0.0,NOT_REVIEWED,NOT_APPROVED
68,112,Дробовик Winchester SXP Defender,heavy,5113,0.0,861,0.0,NOT_REVIEWED,NOT_APPROVED
68,113,Дробовик Mossberg 590A1,heavy,5639,0.0,5078,0.0,NOT_REVIEWED,NOT_APPROVED
68,114,Дробовик Remington 870 MCS,heavy,4223,0.0,387,0.0,NOT_REVIEWED,NOT_APPROVED
68,32,Дробовик Сайга-12К,heavy,3522,0.0,0,21.0,NOT_REVIEWED,NOT_APPROVED
68,115,Дробовик Benelli Nova,heavy,5652,0.0,4644,0.0,NOT_REVIEWED,NOT_APPROVED
68,116,Дробовик TOZ-194,heavy,5366,0.0,2680,0.0,NOT_REVIEWED,NOT_APPROVED
68,44,Дробовик «Вепрь-12»,heavy,3955,0.0,70,0.0,NOT_REVIEWED,NOT_APPROVED
68,117,Дробовик Remington 1100,heavy,5591,0.0,4340,0.0,NOT_REVIEWED,NOT_APPROVED
68,62,Дробовик Kel-Tec KSG,heavy,4561,0.0,0,10.77,NOT_REVIEWED,NOT_APPROVED
68,118,Дробовик Beretta 1301 Tactical,heavy,4002,0.0,283,0.0,NOT_REVIEWED,NOT_APPROVED
68,50,Дробовик Benelli M4,heavy,4528,0.0,1434,0.0,NOT_REVIEWED,NOT_APPROVED
68,119,Дробовик Fabarm STF/12,heavy,4786,0.0,243,0.0,NOT_REVIEWED,NOT_APPROVED
68,56,Дробовик AA-12,heavy,6157,0.0,562,0.0,NOT_REVIEWED,NOT_APPROVED
68,120,Дробовик Winchester SX4,heavy,5735,0.0,3903,0.0,NOT_REVIEWED,NOT_APPROVED
68,121,Дробовик Browning A5,heavy,5760,0.0,3390,0.0,NOT_REVIEWED,NOT_APPROVED
68,68,Дробовик Franchi SPAS-15,heavy,4896,0.0,2030,0.0,NOT_REVIEWED,NOT_APPROVED
68,122,Дробовик Remington 870 Magnum,heavy,6830,0.0,4434,0.0,NOT_REVIEWED,NOT_APPROVED
68,123,Дробовик Benelli Vinci,heavy,5958,0.0,4651,0.0,NOT_REVIEWED,NOT_APPROVED
68,74,Дробовик USAS-12,heavy,3813,0.0,50,0.0,NOT_REVIEWED,NOT_APPROVED
68,124,Дробовик Ithaca Mag-10,heavy,3674,0.0,0,3.0,NOT_REVIEWED,NOT_APPROVED
68,125,Дробовик Remington SP-10,heavy,4839,0.0,0,5.0,NOT_REVIEWED,NOT_APPROVED
69,86,Beretta 21A Bobcat,pistol,7538,0.0,,,NOT_REVIEWED,NOT_APPROVED
69,2,Пистолет ПСМ,pistol,6778,0.0,,,NOT_REVIEWED,NOT_APPROVED
69,87,Walther PPK,pistol,7083,0.0,,,NOT_REVIEWED,NOT_APPROVED
69,1,Пистолет Макарова,pistol,6524,0.0,,,NOT_REVIEWED,NOT_APPROVED
69,3,Пистолет ИЖ-71,pistol,6380,0.0,,,NOT_REVIEWED,NOT_APPROVED
69,88,Glock 25,pistol,6580,0.0,,,NOT_REVIEWED,NOT_APPROVED
69,5,Пистолет ОЦ-33 «Пернач»,pistol,6831,0.0,,,NOT_REVIEWED,NOT_APPROVED
69,6,Револьвер Наган,pistol,5111,0.0,,,NOT_REVIEWED,NOT_APPROVED
69,89,Walther P99,pistol,6502,0.0,,,NOT_REVIEWED,NOT_APPROVED
69,90,CZ 75,pistol,6123,0.0,,,NOT_REVIEWED,NOT_APPROVED
69,91,Glock 17,pistol,6337,0.0,,,NOT_REVIEWED,NOT_APPROVED
69,92,Beretta 92FS,pistol,6300,0.0,,,NOT_REVIEWED,NOT_APPROVED
69,93,SIG Sauer P226,pistol,6858,0.0,,,NOT_REVIEWED,NOT_APPROVED
69,7,Пистолет ТТ,pistol,6566,0.0,,,NOT_REVIEWED,NOT_APPROVED
69,94,HK USP,pistol,6440,0.0,,,NOT_REVIEWED,NOT_APPROVED
69,95,Glock 22,pistol,6339,0.0,,,NOT_REVIEWED,NOT_APPROVED
69,96,SIG Sauer P229,pistol,6936,0.0,,,NOT_REVIEWED,NOT_APPROVED
69,97,Glock 20,pistol,7000,0.0,,,NOT_REVIEWED,NOT_APPROVED
69,98,Colt 1911,pistol,6364,0.0,,,NOT_REVIEWED,NOT_APPROVED
69,99,Glock 21,pistol,6666,0.0,,,NOT_REVIEWED,NOT_APPROVED
69,100,CZ 97B,pistol,6778,0.0,,,NOT_REVIEWED,NOT_APPROVED
69,101,HK Mark 23,pistol,6090,0.0,,,NOT_REVIEWED,NOT_APPROVED
69,102,Taurus Judge,pistol,6187,0.0,,,NOT_REVIEWED,NOT_APPROVED
69,103,Smith & Wesson Model 29,pistol,4434,0.0,,,NOT_REVIEWED,NOT_APPROVED
69,104,Taurus Raging Bull,pistol,4808,0.0,,,NOT_REVIEWED,NOT_APPROVED
69,105,Desert Eagle Mark XIX,pistol,7341,0.0,,,NOT_REVIEWED,NOT_APPROVED
69,11,Автомат АКС-74У,heavy,5987,0.0,0,2.24,NOT_REVIEWED,NOT_APPROVED
69,12,Автомат АК-74,heavy,6148,0.0,16,0.0,NOT_REVIEWED,NOT_APPROVED
69,37,Автомат АК-107,heavy,4103,0.0,0,23.0,NOT_REVIEWED,NOT_APPROVED
69,21,Автомат АК-12,heavy,5161,0.0,0,30.0,NOT_REVIEWED,NOT_APPROVED
69,26,Автомат АН-94 «Абакан»,heavy,4287,0.0,0,19.92,NOT_REVIEWED,NOT_APPROVED
69,17,Пулемёт РПК-74,heavy,3796,0.0,0,12.17,NOT_REVIEWED,NOT_APPROVED
69,38,Автомат ADAR 2-15,heavy,5532,0.0,0,23.0,NOT_REVIEWED,NOT_APPROVED
69,45,Автомат АК-19,heavy,4428,0.0,0,18.0,NOT_REVIEWED,NOT_APPROVED
69,57,Автомат HK416,heavy,4536,0.0,2375,0.0,NOT_REVIEWED,NOT_APPROVED
69,69,Автомат CZ Bren 2,heavy,4222,0.0,784,0.0,NOT_REVIEWED,NOT_APPROVED
69,67,Пулемёт Minimi Mk3,heavy,3247,0.0,837,0.0,NOT_REVIEWED,NOT_APPROVED
69,43,Автомат ОЦ-14 «Гроза»,heavy,4705,0.0,0,32.0,NOT_REVIEWED,NOT_APPROVED
69,16,Карабин «Вепрь»,heavy,5787,0.0,0,6.32,NOT_REVIEWED,NOT_APPROVED
69,15,Автомат АК-103,heavy,4777,0.0,0,13.0,NOT_REVIEWED,NOT_APPROVED
69,25,Пулемёт РПД,heavy,3476,0.0,0,31.0,NOT_REVIEWED,NOT_APPROVED
69,18,Автомат АС «Вал»,heavy,4531,0.0,0,16.0,NOT_REVIEWED,NOT_APPROVED
69,10,Карабин Сайга-12,heavy,6409,0.0,0,1.0,NOT_REVIEWED,NOT_APPROVED
69,63,Автомат АК-308,heavy,4222,0.0,0,21.0,NOT_REVIEWED,NOT_APPROVED
69,51,Автомат ЛР-308,heavy,3905,0.0,0,42.0,NOT_REVIEWED,NOT_APPROVED
69,75,Автомат SCAR-H,heavy,4269,0.0,1595,0.0,NOT_REVIEWED,NOT_APPROVED
69,61,Пулемёт M60E6,heavy,3710,0.0,55,0.0,NOT_REVIEWED,NOT_APPROVED
69,59,Пулемёт M240,heavy,3572,0.0,0,16.0,NOT_REVIEWED,NOT_APPROVED
69,71,Пулемёт FN MAG,heavy,3067,0.0,0,18.38,NOT_REVIEWED,NOT_APPROVED
69,77,Пулемёт Negev NG7,heavy,3252,0.0,1165,0.0,NOT_REVIEWED,NOT_APPROVED
69,22,Пулемёт ПКМ,heavy,2309,0.0,0,29.0,NOT_REVIEWED,NOT_APPROVED
69,29,Пулемёт «Печенег»,heavy,3642,0.0,0,13.0,NOT_REVIEWED,NOT_APPROVED
69,53,Пулемёт «Печенег-СП»,heavy,3860,0.0,0,9.49,NOT_REVIEWED,NOT_APPROVED
69,47,Автомат АК-АН «Абакан-100»,heavy,3555,0.0,172,0.0,NOT_REVIEWED,NOT_APPROVED
69,65,Пулемёт «Утёс-М»,heavy,4263,0.0,440,0.0,NOT_REVIEWED,NOT_APPROVED
69,14,Винтовка СКС,heavy,5937,0.0,1618,0.0,NOT_REVIEWED,NOT_APPROVED
69,46,Винтовка SSG 08,heavy,3381,0.0,0,10.0,NOT_REVIEWED,NOT_APPROVED
69,42,Винтовка SR-25,heavy,4012,0.0,0,34.13,NOT_REVIEWED,NOT_APPROVED
69,13,Винтовка СВД,heavy,5419,0.0,861,0.0,NOT_REVIEWED,NOT_APPROVED
69,24,Винтовка СВДС,heavy,3816,0.0,0,7.0,NOT_REVIEWED,NOT_APPROVED
69,23,Винтовка Т-5000,heavy,3088,0.0,0,12.0,NOT_REVIEWED,NOT_APPROVED
69,28,Винтовка СВ-98,heavy,4616,0.0,166,0.0,NOT_REVIEWED,NOT_APPROVED
69,36,Винтовка СВК,heavy,3077,0.0,394,0.0,NOT_REVIEWED,NOT_APPROVED
69,30,Винтовка ВСС «Винторез»,heavy,4814,0.0,0,13.0,NOT_REVIEWED,NOT_APPROVED
69,40,Винтовка ВСК-94,heavy,4269,0.0,0,9.0,NOT_REVIEWED,NOT_APPROVED
69,31,Винтовка СВ-338,heavy,3720,0.0,567,0.0,NOT_REVIEWED,NOT_APPROVED
69,27,Винтовка ОРСИС T-5000M,heavy,3935,0.0,0,4.0,NOT_REVIEWED,NOT_APPROVED
69,70,Винтовка Sako TRG-42,heavy,4063,0.0,28,0.0,NOT_REVIEWED,NOT_APPROVED
69,76,Винтовка Blaser R93 Tactical 2,heavy,3867,0.0,1367,0.0,NOT_REVIEWED,NOT_APPROVED
69,39,Винтовка ORSIS T-5000 Sniper Pro,heavy,3825,0.0,1156,0.0,NOT_REVIEWED,NOT_APPROVED
69,60,Винтовка Accuracy International AXMC,heavy,3551,0.0,1650,0.0,NOT_REVIEWED,NOT_APPROVED
69,48,Винтовка Barrett M98B,heavy,2913,0.0,872,0.0,NOT_REVIEWED,NOT_APPROVED
69,64,Винтовка ORSIS T-5000 Elite,heavy,4033,0.0,763,0.0,NOT_REVIEWED,NOT_APPROVED
69,33,Винтовка «Выхлоп»,heavy,3501,0.0,0,12.0,NOT_REVIEWED,NOT_APPROVED
69,35,Винтовка ОСВ-96,heavy,3178,0.0,1433,0.0,NOT_REVIEWED,NOT_APPROVED
69,66,Винтовка Zastava M93 Black Arrow,heavy,4341,0.0,1424,0.0,NOT_REVIEWED,NOT_APPROVED
69,52,Винтовка АСВК «Корд»,heavy,3313,0.0,1153,0.0,NOT_REVIEWED,NOT_APPROVED
69,58,Винтовка Steyr HS .50,heavy,5108,0.0,1573,0.0,NOT_REVIEWED,NOT_APPROVED
69,49,Винтовка Barrett M82,heavy,2365,0.0,1606,0.0,NOT_REVIEWED,NOT_APPROVED
69,54,Винтовка McMillan TAC-50,heavy,4476,0.0,68,0.0,NOT_REVIEWED,NOT_APPROVED
69,72,Винтовка Desert Tech HTI,heavy,4241,0.0,0,12.0,NOT_REVIEWED,NOT_APPROVED
69,78,Винтовка Cheytac M200 Intervention,heavy,2697,0.0,304,0.0,NOT_REVIEWED,NOT_APPROVED
69,73,Прототип X-17,heavy,2989,0.0,0,1.0,NOT_REVIEWED,NOT_APPROVED
69,55,Гаусс-пушка,heavy,5896,0.0,579,0.0,NOT_REVIEWED,NOT_APPROVED
69,4,Обрез охотничьего ружья,heavy,7673,0.0,944,0.0,NOT_REVIEWED,NOT_APPROVED
69,8,ПП «Кедр»,heavy,8579,0.0,0,18.36,NOT_REVIEWED,NOT_APPROVED
69,9,ПП-19 «Бизон»,heavy,6701,0.0,4943,0.0,NOT_REVIEWED,NOT_APPROVED
69,20,Дробовик Сайга-410,heavy,5200,0.0,0,8.0,NOT_REVIEWED,NOT_APPROVED
69,106,Дробовик Mossberg 500,heavy,5519,0.0,3830,0.0,NOT_REVIEWED,NOT_APPROVED
69,107,Дробовик Stoeger P3000,heavy,6018,0.0,3474,0.0,NOT_REVIEWED,NOT_APPROVED
69,108,Дробовик Remington 870,heavy,5746,0.0,3059,0.0,NOT_REVIEWED,NOT_APPROVED
69,109,Дробовик Winchester Model 1300,heavy,5741,0.0,3547,0.0,NOT_REVIEWED,NOT_APPROVED
69,110,Дробовик Ithaca 37,heavy,5672,0.0,3344,0.0,NOT_REVIEWED,NOT_APPROVED
69,111,Дробовик Browning BPS,heavy,5537,0.0,3513,0.0,NOT_REVIEWED,NOT_APPROVED
69,19,Дробовик СПАС-12,heavy,5277,0.0,103,0.0,NOT_REVIEWED,NOT_APPROVED
69,112,Дробовик Winchester SXP Defender,heavy,5113,0.0,0,7.0,NOT_REVIEWED,NOT_APPROVED
69,113,Дробовик Mossberg 590A1,heavy,5675,0.0,3553,0.0,NOT_REVIEWED,NOT_APPROVED
69,114,Дробовик Remington 870 MCS,heavy,4217,0.0,0,5.0,NOT_REVIEWED,NOT_APPROVED
69,32,Дробовик Сайга-12К,heavy,3522,0.0,0,29.0,NOT_REVIEWED,NOT_APPROVED
69,115,Дробовик Benelli Nova,heavy,5626,0.0,3021,0.0,NOT_REVIEWED,NOT_APPROVED
69,116,Дробовик TOZ-194,heavy,5332,0.0,1410,0.0,NOT_REVIEWED,NOT_APPROVED
69,44,Дробовик «Вепрь-12»,heavy,3955,0.0,0,12.0,NOT_REVIEWED,NOT_APPROVED
69,117,Дробовик Remington 1100,heavy,5591,0.0,3206,0.0,NOT_REVIEWED,NOT_APPROVED
69,62,Дробовик Kel-Tec KSG,heavy,4561,0.0,0,19.0,NOT_REVIEWED,NOT_APPROVED
69,118,Дробовик Beretta 1301 Tactical,heavy,3958,0.0,0,14.0,NOT_REVIEWED,NOT_APPROVED
69,50,Дробовик Benelli M4,heavy,4532,0.0,157,0.0,NOT_REVIEWED,NOT_APPROVED
69,119,Дробовик Fabarm STF/12,heavy,4770,0.0,0,5.0,NOT_REVIEWED,NOT_APPROVED
69,56,Дробовик AA-12,heavy,6183,0.0,43,0.0,NOT_REVIEWED,NOT_APPROVED
69,120,Дробовик Winchester SX4,heavy,5693,0.0,2461,0.0,NOT_REVIEWED,NOT_APPROVED
69,121,Дробовик Browning A5,heavy,5760,0.0,2687,0.0,NOT_REVIEWED,NOT_APPROVED
69,68,Дробовик Franchi SPAS-15,heavy,4855,0.0,232,0.0,NOT_REVIEWED,NOT_APPROVED
69,122,Дробовик Remington 870 Magnum,heavy,6722,0.0,2771,0.0,NOT_REVIEWED,NOT_APPROVED
69,123,Дробовик Benelli Vinci,heavy,5958,0.0,3263,0.0,NOT_REVIEWED,NOT_APPROVED
69,74,Дробовик USAS-12,heavy,3774,0.0,1564,0.0,NOT_REVIEWED,NOT_APPROVED
69,124,Дробовик Ithaca Mag-10,heavy,3613,0.0,0,19.0,NOT_REVIEWED,NOT_APPROVED
69,125,Дробовик Remington SP-10,heavy,4897,0.0,0,20.0,NOT_REVIEWED,NOT_APPROVED
70,86,Beretta 21A Bobcat,pistol,7614,0.0,,,NOT_REVIEWED,NOT_APPROVED
70,2,Пистолет ПСМ,pistol,7134,0.0,,,NOT_REVIEWED,NOT_APPROVED
70,87,Walther PPK,pistol,7477,0.0,,,NOT_REVIEWED,NOT_APPROVED
70,1,Пистолет Макарова,pistol,7071,0.0,,,NOT_REVIEWED,NOT_APPROVED
70,3,Пистолет ИЖ-71,pistol,6757,0.0,,,NOT_REVIEWED,NOT_APPROVED
70,88,Glock 25,pistol,6843,0.0,,,NOT_REVIEWED,NOT_APPROVED
70,5,Пистолет ОЦ-33 «Пернач»,pistol,7077,0.0,,,NOT_REVIEWED,NOT_APPROVED
70,6,Револьвер Наган,pistol,5194,0.0,,,NOT_REVIEWED,NOT_APPROVED
70,89,Walther P99,pistol,6789,0.0,,,NOT_REVIEWED,NOT_APPROVED
70,90,CZ 75,pistol,6571,0.0,,,NOT_REVIEWED,NOT_APPROVED
70,91,Glock 17,pistol,6607,0.0,,,NOT_REVIEWED,NOT_APPROVED
70,92,Beretta 92FS,pistol,6321,0.0,,,NOT_REVIEWED,NOT_APPROVED
70,93,SIG Sauer P226,pistol,7543,0.0,,,NOT_REVIEWED,NOT_APPROVED
70,7,Пистолет ТТ,pistol,7108,0.0,,,NOT_REVIEWED,NOT_APPROVED
70,94,HK USP,pistol,6914,0.0,,,NOT_REVIEWED,NOT_APPROVED
70,95,Glock 22,pistol,6698,0.0,,,NOT_REVIEWED,NOT_APPROVED
70,96,SIG Sauer P229,pistol,7516,0.0,,,NOT_REVIEWED,NOT_APPROVED
70,97,Glock 20,pistol,7355,0.0,,,NOT_REVIEWED,NOT_APPROVED
70,98,Colt 1911,pistol,6925,0.0,,,NOT_REVIEWED,NOT_APPROVED
70,99,Glock 21,pistol,6823,0.0,,,NOT_REVIEWED,NOT_APPROVED
70,100,CZ 97B,pistol,7262,0.0,,,NOT_REVIEWED,NOT_APPROVED
70,101,HK Mark 23,pistol,6132,0.0,,,NOT_REVIEWED,NOT_APPROVED
70,102,Taurus Judge,pistol,6211,0.0,,,NOT_REVIEWED,NOT_APPROVED
70,103,Smith & Wesson Model 29,pistol,4416,0.0,,,NOT_REVIEWED,NOT_APPROVED
70,104,Taurus Raging Bull,pistol,4793,0.0,,,NOT_REVIEWED,NOT_APPROVED
70,105,Desert Eagle Mark XIX,pistol,8389,0.0,,,NOT_REVIEWED,NOT_APPROVED
70,11,Автомат АКС-74У,heavy,5979,0.0,790,0.0,NOT_REVIEWED,NOT_APPROVED
70,12,Автомат АК-74,heavy,6103,0.0,996,0.0,NOT_REVIEWED,NOT_APPROVED
70,37,Автомат АК-107,heavy,4110,0.0,9,0.0,NOT_REVIEWED,NOT_APPROVED
70,21,Автомат АК-12,heavy,5161,0.0,1,0.0,NOT_REVIEWED,NOT_APPROVED
70,26,Автомат АН-94 «Абакан»,heavy,4230,0.0,105,0.0,NOT_REVIEWED,NOT_APPROVED
70,17,Пулемёт РПК-74,heavy,3796,0.0,453,0.0,NOT_REVIEWED,NOT_APPROVED
70,38,Автомат ADAR 2-15,heavy,5510,0.0,112,0.0,NOT_REVIEWED,NOT_APPROVED
70,45,Автомат АК-19,heavy,4424,0.0,0,1.0,NOT_REVIEWED,NOT_APPROVED
70,57,Автомат HK416,heavy,4536,0.0,140,0.0,NOT_REVIEWED,NOT_APPROVED
70,69,Автомат CZ Bren 2,heavy,4222,0.0,89,0.0,NOT_REVIEWED,NOT_APPROVED
70,67,Пулемёт Minimi Mk3,heavy,3250,0.0,1909,0.0,NOT_REVIEWED,NOT_APPROVED
70,43,Автомат ОЦ-14 «Гроза»,heavy,4768,0.0,0,39.96,NOT_REVIEWED,NOT_APPROVED
70,16,Карабин «Вепрь»,heavy,5720,0.0,213,0.0,NOT_REVIEWED,NOT_APPROVED
70,15,Автомат АК-103,heavy,4777,0.0,214,0.0,NOT_REVIEWED,NOT_APPROVED
70,25,Пулемёт РПД,heavy,3392,0.0,0,3.61,NOT_REVIEWED,NOT_APPROVED
70,18,Автомат АС «Вал»,heavy,4486,0.0,190,0.0,NOT_REVIEWED,NOT_APPROVED
70,10,Карабин Сайга-12,heavy,6356,0.0,1444,0.0,NOT_REVIEWED,NOT_APPROVED
70,63,Автомат АК-308,heavy,4222,0.0,24,0.0,NOT_REVIEWED,NOT_APPROVED
70,51,Автомат ЛР-308,heavy,3905,0.0,0,9.0,NOT_REVIEWED,NOT_APPROVED
70,75,Автомат SCAR-H,heavy,4323,0.0,0,6.0,NOT_REVIEWED,NOT_APPROVED
70,61,Пулемёт M60E6,heavy,3705,0.0,2090,0.0,NOT_REVIEWED,NOT_APPROVED
70,59,Пулемёт M240,heavy,3572,0.0,48,0.0,NOT_REVIEWED,NOT_APPROVED
70,71,Пулемёт FN MAG,heavy,3067,0.0,1277,0.0,NOT_REVIEWED,NOT_APPROVED
70,77,Пулемёт Negev NG7,heavy,3246,0.0,1860,0.0,NOT_REVIEWED,NOT_APPROVED
70,22,Пулемёт ПКМ,heavy,2352,0.0,8,0.0,NOT_REVIEWED,NOT_APPROVED
70,29,Пулемёт «Печенег»,heavy,3642,0.0,278,0.0,NOT_REVIEWED,NOT_APPROVED
70,53,Пулемёт «Печенег-СП»,heavy,3848,0.0,1605,0.0,NOT_REVIEWED,NOT_APPROVED
70,47,Автомат АК-АН «Абакан-100»,heavy,3445,0.0,745,0.0,NOT_REVIEWED,NOT_APPROVED
70,65,Пулемёт «Утёс-М»,heavy,4274,0.0,2220,0.0,NOT_REVIEWED,NOT_APPROVED
70,14,Винтовка СКС,heavy,5950,0.0,3058,0.0,NOT_REVIEWED,NOT_APPROVED
70,46,Винтовка SSG 08,heavy,3459,0.0,921,0.0,NOT_REVIEWED,NOT_APPROVED
70,42,Винтовка SR-25,heavy,4012,0.0,0,1.0,NOT_REVIEWED,NOT_APPROVED
70,13,Винтовка СВД,heavy,5513,0.0,2354,0.0,NOT_REVIEWED,NOT_APPROVED
70,24,Винтовка СВДС,heavy,3921,0.0,1068,0.0,NOT_REVIEWED,NOT_APPROVED
70,23,Винтовка Т-5000,heavy,3088,0.0,576,0.0,NOT_REVIEWED,NOT_APPROVED
70,28,Винтовка СВ-98,heavy,4517,0.0,879,0.0,NOT_REVIEWED,NOT_APPROVED
70,36,Винтовка СВК,heavy,3077,0.0,1911,0.0,NOT_REVIEWED,NOT_APPROVED
70,30,Винтовка ВСС «Винторез»,heavy,4692,0.0,656,0.0,NOT_REVIEWED,NOT_APPROVED
70,40,Винтовка ВСК-94,heavy,4284,0.0,0,4.0,NOT_REVIEWED,NOT_APPROVED
70,31,Винтовка СВ-338,heavy,3721,0.0,2172,0.0,NOT_REVIEWED,NOT_APPROVED
70,27,Винтовка ОРСИС T-5000M,heavy,4050,0.0,1276,0.0,NOT_REVIEWED,NOT_APPROVED
70,70,Винтовка Sako TRG-42,heavy,3958,0.0,1556,0.0,NOT_REVIEWED,NOT_APPROVED
70,76,Винтовка Blaser R93 Tactical 2,heavy,3818,0.0,2027,0.0,NOT_REVIEWED,NOT_APPROVED
70,39,Винтовка ORSIS T-5000 Sniper Pro,heavy,3843,0.0,1932,0.0,NOT_REVIEWED,NOT_APPROVED
70,60,Винтовка Accuracy International AXMC,heavy,3550,0.0,1829,0.0,NOT_REVIEWED,NOT_APPROVED
70,48,Винтовка Barrett M98B,heavy,2907,0.0,1240,0.0,NOT_REVIEWED,NOT_APPROVED
70,64,Винтовка ORSIS T-5000 Elite,heavy,4011,0.0,358,0.0,NOT_REVIEWED,NOT_APPROVED
70,33,Винтовка «Выхлоп»,heavy,3501,0.0,826,0.0,NOT_REVIEWED,NOT_APPROVED
70,35,Винтовка ОСВ-96,heavy,3068,0.0,684,0.0,NOT_REVIEWED,NOT_APPROVED
70,66,Винтовка Zastava M93 Black Arrow,heavy,4343,0.0,1550,0.0,NOT_REVIEWED,NOT_APPROVED
70,52,Винтовка АСВК «Корд»,heavy,3313,0.0,2250,0.0,NOT_REVIEWED,NOT_APPROVED
70,58,Винтовка Steyr HS .50,heavy,5108,0.0,3227,0.0,NOT_REVIEWED,NOT_APPROVED
70,49,Винтовка Barrett M82,heavy,2314,0.0,1985,0.0,NOT_REVIEWED,NOT_APPROVED
70,54,Винтовка McMillan TAC-50,heavy,4482,0.0,308,0.0,NOT_REVIEWED,NOT_APPROVED
70,72,Винтовка Desert Tech HTI,heavy,4150,0.0,607,0.0,NOT_REVIEWED,NOT_APPROVED
70,78,Винтовка Cheytac M200 Intervention,heavy,2692,0.0,1584,0.0,NOT_REVIEWED,NOT_APPROVED
70,73,Прототип X-17,heavy,2976,0.0,0,4.12,NOT_REVIEWED,NOT_APPROVED
70,55,Гаусс-пушка,heavy,5721,0.0,1119,0.0,NOT_REVIEWED,NOT_APPROVED
70,4,Обрез охотничьего ружья,heavy,7509,0.0,2285,0.0,NOT_REVIEWED,NOT_APPROVED
70,8,ПП «Кедр»,heavy,8579,0.0,0,24.17,NOT_REVIEWED,NOT_APPROVED
70,9,ПП-19 «Бизон»,heavy,6646,0.0,5410,0.0,NOT_REVIEWED,NOT_APPROVED
70,20,Дробовик Сайга-410,heavy,5118,0.0,480,0.0,NOT_REVIEWED,NOT_APPROVED
70,106,Дробовик Mossberg 500,heavy,5567,0.0,5543,0.0,NOT_REVIEWED,NOT_APPROVED
70,107,Дробовик Stoeger P3000,heavy,6043,0.0,5429,0.0,NOT_REVIEWED,NOT_APPROVED
70,108,Дробовик Remington 870,heavy,5688,0.0,4965,0.0,NOT_REVIEWED,NOT_APPROVED
70,109,Дробовик Winchester Model 1300,heavy,5741,0.0,5201,0.0,NOT_REVIEWED,NOT_APPROVED
70,110,Дробовик Ithaca 37,heavy,5731,0.0,5254,0.0,NOT_REVIEWED,NOT_APPROVED
70,111,Дробовик Browning BPS,heavy,5480,0.0,4848,0.0,NOT_REVIEWED,NOT_APPROVED
70,19,Дробовик СПАС-12,heavy,5277,0.0,2179,0.0,NOT_REVIEWED,NOT_APPROVED
70,112,Дробовик Winchester SXP Defender,heavy,5113,0.0,1143,0.0,NOT_REVIEWED,NOT_APPROVED
70,113,Дробовик Mossberg 590A1,heavy,5639,0.0,5349,0.0,NOT_REVIEWED,NOT_APPROVED
70,114,Дробовик Remington 870 MCS,heavy,4223,0.0,675,0.0,NOT_REVIEWED,NOT_APPROVED
70,32,Дробовик Сайга-12К,heavy,3522,0.0,0,7.21,NOT_REVIEWED,NOT_APPROVED
70,115,Дробовик Benelli Nova,heavy,5652,0.0,4843,0.0,NOT_REVIEWED,NOT_APPROVED
70,116,Дробовик TOZ-194,heavy,5366,0.0,2743,0.0,NOT_REVIEWED,NOT_APPROVED
70,44,Дробовик «Вепрь-12»,heavy,3955,0.0,13,0.0,NOT_REVIEWED,NOT_APPROVED
70,117,Дробовик Remington 1100,heavy,5591,0.0,4570,0.0,NOT_REVIEWED,NOT_APPROVED
70,62,Дробовик Kel-Tec KSG,heavy,4561,0.0,0,13.42,NOT_REVIEWED,NOT_APPROVED
70,118,Дробовик Beretta 1301 Tactical,heavy,4002,0.0,702,0.0,NOT_REVIEWED,NOT_APPROVED
70,50,Дробовик Benelli M4,heavy,4528,0.0,1791,0.0,NOT_REVIEWED,NOT_APPROVED
70,119,Дробовик Fabarm STF/12,heavy,4786,0.0,725,0.0,NOT_REVIEWED,NOT_APPROVED
70,56,Дробовик AA-12,heavy,6157,0.0,947,0.0,NOT_REVIEWED,NOT_APPROVED
70,120,Дробовик Winchester SX4,heavy,5735,0.0,4184,0.0,NOT_REVIEWED,NOT_APPROVED
70,121,Дробовик Browning A5,heavy,5760,0.0,3719,0.0,NOT_REVIEWED,NOT_APPROVED
70,68,Дробовик Franchi SPAS-15,heavy,4896,0.0,2280,0.0,NOT_REVIEWED,NOT_APPROVED
70,122,Дробовик Remington 870 Magnum,heavy,6830,0.0,4808,0.0,NOT_REVIEWED,NOT_APPROVED
70,123,Дробовик Benelli Vinci,heavy,5958,0.0,4844,0.0,NOT_REVIEWED,NOT_APPROVED
70,74,Дробовик USAS-12,heavy,3813,0.0,227,0.0,NOT_REVIEWED,NOT_APPROVED
70,124,Дробовик Ithaca Mag-10,heavy,3674,0.0,48,0.0,NOT_REVIEWED,NOT_APPROVED
70,125,Дробовик Remington SP-10,heavy,4839,0.0,69,0.0,NOT_REVIEWED,NOT_APPROVED
71,86,Beretta 21A Bobcat,pistol,7427,0.0,,,NOT_REVIEWED,NOT_APPROVED
71,2,Пистолет ПСМ,pistol,6966,0.0,,,NOT_REVIEWED,NOT_APPROVED
71,87,Walther PPK,pistol,7276,0.0,,,NOT_REVIEWED,NOT_APPROVED
71,1,Пистолет Макарова,pistol,6943,0.0,,,NOT_REVIEWED,NOT_APPROVED
71,3,Пистолет ИЖ-71,pistol,6820,0.0,,,NOT_REVIEWED,NOT_APPROVED
71,88,Glock 25,pistol,6725,0.0,,,NOT_REVIEWED,NOT_APPROVED
71,5,Пистолет ОЦ-33 «Пернач»,pistol,6918,0.0,,,NOT_REVIEWED,NOT_APPROVED
71,6,Револьвер Наган,pistol,5285,0.0,,,NOT_REVIEWED,NOT_APPROVED
71,89,Walther P99,pistol,6646,0.0,,,NOT_REVIEWED,NOT_APPROVED
71,90,CZ 75,pistol,6430,0.0,,,NOT_REVIEWED,NOT_APPROVED
71,91,Glock 17,pistol,6459,0.0,,,NOT_REVIEWED,NOT_APPROVED
71,92,Beretta 92FS,pistol,6153,0.0,,,NOT_REVIEWED,NOT_APPROVED
71,93,SIG Sauer P226,pistol,7362,0.0,,,NOT_REVIEWED,NOT_APPROVED
71,7,Пистолет ТТ,pistol,6917,0.0,,,NOT_REVIEWED,NOT_APPROVED
71,94,HK USP,pistol,6720,0.0,,,NOT_REVIEWED,NOT_APPROVED
71,95,Glock 22,pistol,6568,0.0,,,NOT_REVIEWED,NOT_APPROVED
71,96,SIG Sauer P229,pistol,7328,0.0,,,NOT_REVIEWED,NOT_APPROVED
71,97,Glock 20,pistol,7208,0.0,,,NOT_REVIEWED,NOT_APPROVED
71,98,Colt 1911,pistol,6741,0.0,,,NOT_REVIEWED,NOT_APPROVED
71,99,Glock 21,pistol,6673,0.0,,,NOT_REVIEWED,NOT_APPROVED
71,100,CZ 97B,pistol,7091,0.0,,,NOT_REVIEWED,NOT_APPROVED
71,101,HK Mark 23,pistol,5950,0.0,,,NOT_REVIEWED,NOT_APPROVED
71,102,Taurus Judge,pistol,6187,0.0,,,NOT_REVIEWED,NOT_APPROVED
71,103,Smith & Wesson Model 29,pistol,4451,0.0,,,NOT_REVIEWED,NOT_APPROVED
71,104,Taurus Raging Bull,pistol,4728,0.0,,,NOT_REVIEWED,NOT_APPROVED
71,105,Desert Eagle Mark XIX,pistol,8111,0.0,,,NOT_REVIEWED,NOT_APPROVED
71,11,Автомат АКС-74У,heavy,5987,0.0,3848,0.0,NOT_REVIEWED,NOT_APPROVED
71,12,Автомат АК-74,heavy,6148,0.0,4381,0.0,NOT_REVIEWED,NOT_APPROVED
71,37,Автомат АК-107,heavy,4103,0.0,1857,0.0,NOT_REVIEWED,NOT_APPROVED
71,21,Автомат АК-12,heavy,5161,0.0,1689,0.0,NOT_REVIEWED,NOT_APPROVED
71,26,Автомат АН-94 «Абакан»,heavy,4287,0.0,2675,0.0,NOT_REVIEWED,NOT_APPROVED
71,17,Пулемёт РПК-74,heavy,3796,0.0,2651,0.0,NOT_REVIEWED,NOT_APPROVED
71,38,Автомат ADAR 2-15,heavy,5532,0.0,2380,0.0,NOT_REVIEWED,NOT_APPROVED
71,45,Автомат АК-19,heavy,4428,0.0,2516,0.0,NOT_REVIEWED,NOT_APPROVED
71,57,Автомат HK416,heavy,4536,0.0,3590,0.0,NOT_REVIEWED,NOT_APPROVED
71,69,Автомат CZ Bren 2,heavy,4222,0.0,1967,0.0,NOT_REVIEWED,NOT_APPROVED
71,67,Пулемёт Minimi Mk3,heavy,3247,0.0,3866,0.0,NOT_REVIEWED,NOT_APPROVED
71,43,Автомат ОЦ-14 «Гроза»,heavy,4705,0.0,232,0.0,NOT_REVIEWED,NOT_APPROVED
71,16,Карабин «Вепрь»,heavy,5787,0.0,3515,0.0,NOT_REVIEWED,NOT_APPROVED
71,15,Автомат АК-103,heavy,4777,0.0,3041,0.0,NOT_REVIEWED,NOT_APPROVED
71,25,Пулемёт РПД,heavy,3476,0.0,1253,0.0,NOT_REVIEWED,NOT_APPROVED
71,18,Автомат АС «Вал»,heavy,4531,0.0,2562,0.0,NOT_REVIEWED,NOT_APPROVED
71,10,Карабин Сайга-12,heavy,6409,0.0,4434,0.0,NOT_REVIEWED,NOT_APPROVED
71,63,Автомат АК-308,heavy,4222,0.0,2043,0.0,NOT_REVIEWED,NOT_APPROVED
71,51,Автомат ЛР-308,heavy,3905,0.0,633,0.0,NOT_REVIEWED,NOT_APPROVED
71,75,Автомат SCAR-H,heavy,4269,0.0,2412,0.0,NOT_REVIEWED,NOT_APPROVED
71,61,Пулемёт M60E6,heavy,3710,0.0,3223,0.0,NOT_REVIEWED,NOT_APPROVED
71,59,Пулемёт M240,heavy,3572,0.0,2193,0.0,NOT_REVIEWED,NOT_APPROVED
71,71,Пулемёт FN MAG,heavy,3067,0.0,2186,0.0,NOT_REVIEWED,NOT_APPROVED
71,77,Пулемёт Negev NG7,heavy,3252,0.0,2943,0.0,NOT_REVIEWED,NOT_APPROVED
71,22,Пулемёт ПКМ,heavy,2309,0.0,1509,0.0,NOT_REVIEWED,NOT_APPROVED
71,29,Пулемёт «Печенег»,heavy,3642,0.0,2748,0.0,NOT_REVIEWED,NOT_APPROVED
71,53,Пулемёт «Печенег-СП»,heavy,3860,0.0,1736,0.0,NOT_REVIEWED,NOT_APPROVED
71,47,Автомат АК-АН «Абакан-100»,heavy,3555,0.0,3241,0.0,NOT_REVIEWED,NOT_APPROVED
71,65,Пулемёт «Утёс-М»,heavy,4263,0.0,3927,0.0,NOT_REVIEWED,NOT_APPROVED
71,14,Винтовка СКС,heavy,5937,0.0,5303,0.0,NOT_REVIEWED,NOT_APPROVED
71,46,Винтовка SSG 08,heavy,3381,0.0,2742,0.0,NOT_REVIEWED,NOT_APPROVED
71,42,Винтовка SR-25,heavy,4012,0.0,971,0.0,NOT_REVIEWED,NOT_APPROVED
71,13,Винтовка СВД,heavy,5419,0.0,3754,0.0,NOT_REVIEWED,NOT_APPROVED
71,24,Винтовка СВДС,heavy,3816,0.0,3891,0.0,NOT_REVIEWED,NOT_APPROVED
71,23,Винтовка Т-5000,heavy,3088,0.0,3003,0.0,NOT_REVIEWED,NOT_APPROVED
71,28,Винтовка СВ-98,heavy,4616,0.0,4037,0.0,NOT_REVIEWED,NOT_APPROVED
71,36,Винтовка СВК,heavy,3077,0.0,3300,0.0,NOT_REVIEWED,NOT_APPROVED
71,30,Винтовка ВСС «Винторез»,heavy,4814,0.0,3389,0.0,NOT_REVIEWED,NOT_APPROVED
71,40,Винтовка ВСК-94,heavy,4269,0.0,1307,0.0,NOT_REVIEWED,NOT_APPROVED
71,31,Винтовка СВ-338,heavy,3720,0.0,4362,0.0,NOT_REVIEWED,NOT_APPROVED
71,27,Винтовка ОРСИС T-5000M,heavy,3935,0.0,3619,0.0,NOT_REVIEWED,NOT_APPROVED
71,70,Винтовка Sako TRG-42,heavy,4063,0.0,3485,0.0,NOT_REVIEWED,NOT_APPROVED
71,76,Винтовка Blaser R93 Tactical 2,heavy,3867,0.0,4775,0.0,NOT_REVIEWED,NOT_APPROVED
71,39,Винтовка ORSIS T-5000 Sniper Pro,heavy,3825,0.0,4038,0.0,NOT_REVIEWED,NOT_APPROVED
71,60,Винтовка Accuracy International AXMC,heavy,3551,0.0,4588,0.0,NOT_REVIEWED,NOT_APPROVED
71,48,Винтовка Barrett M98B,heavy,2913,0.0,4561,0.0,NOT_REVIEWED,NOT_APPROVED
71,64,Винтовка ORSIS T-5000 Elite,heavy,4033,0.0,3673,0.0,NOT_REVIEWED,NOT_APPROVED
71,33,Винтовка «Выхлоп»,heavy,3501,0.0,3300,0.0,NOT_REVIEWED,NOT_APPROVED
71,35,Винтовка ОСВ-96,heavy,3178,0.0,2864,0.0,NOT_REVIEWED,NOT_APPROVED
71,66,Винтовка Zastava M93 Black Arrow,heavy,4341,0.0,4436,0.0,NOT_REVIEWED,NOT_APPROVED
71,52,Винтовка АСВК «Корд»,heavy,3313,0.0,3725,0.0,NOT_REVIEWED,NOT_APPROVED
71,58,Винтовка Steyr HS .50,heavy,5108,0.0,4479,0.0,NOT_REVIEWED,NOT_APPROVED
71,49,Винтовка Barrett M82,heavy,2365,0.0,4256,0.0,NOT_REVIEWED,NOT_APPROVED
71,54,Винтовка McMillan TAC-50,heavy,4476,0.0,2845,0.0,NOT_REVIEWED,NOT_APPROVED
71,72,Винтовка Desert Tech HTI,heavy,4241,0.0,3058,0.0,NOT_REVIEWED,NOT_APPROVED
71,78,Винтовка Cheytac M200 Intervention,heavy,2697,0.0,2698,0.0,NOT_REVIEWED,NOT_APPROVED
71,73,Прототип X-17,heavy,2989,0.0,2683,0.0,NOT_REVIEWED,NOT_APPROVED
71,55,Гаусс-пушка,heavy,5881,0.0,4085,0.0,NOT_REVIEWED,NOT_APPROVED
71,4,Обрез охотничьего ружья,heavy,7650,0.0,5524,0.0,NOT_REVIEWED,NOT_APPROVED
71,8,ПП «Кедр»,heavy,8579,0.0,1194,0.0,NOT_REVIEWED,NOT_APPROVED
71,9,ПП-19 «Бизон»,heavy,6701,0.0,6926,0.0,NOT_REVIEWED,NOT_APPROVED
71,20,Дробовик Сайга-410,heavy,5200,0.0,3757,0.0,NOT_REVIEWED,NOT_APPROVED
71,106,Дробовик Mossberg 500,heavy,5519,0.0,4751,0.0,NOT_REVIEWED,NOT_APPROVED
71,107,Дробовик Stoeger P3000,heavy,6018,0.0,5172,0.0,NOT_REVIEWED,NOT_APPROVED
71,108,Дробовик Remington 870,heavy,5746,0.0,5571,0.0,NOT_REVIEWED,NOT_APPROVED
71,109,Дробовик Winchester Model 1300,heavy,5741,0.0,4654,0.0,NOT_REVIEWED,NOT_APPROVED
71,110,Дробовик Ithaca 37,heavy,5672,0.0,5168,0.0,NOT_REVIEWED,NOT_APPROVED
71,111,Дробовик Browning BPS,heavy,5537,0.0,4444,0.0,NOT_REVIEWED,NOT_APPROVED
71,19,Дробовик СПАС-12,heavy,5277,0.0,4800,0.0,NOT_REVIEWED,NOT_APPROVED
71,112,Дробовик Winchester SXP Defender,heavy,5113,0.0,3995,0.0,NOT_REVIEWED,NOT_APPROVED
71,113,Дробовик Mossberg 590A1,heavy,5675,0.0,5006,0.0,NOT_REVIEWED,NOT_APPROVED
71,114,Дробовик Remington 870 MCS,heavy,4217,0.0,3701,0.0,NOT_REVIEWED,NOT_APPROVED
71,32,Дробовик Сайга-12К,heavy,3522,0.0,1457,0.0,NOT_REVIEWED,NOT_APPROVED
71,115,Дробовик Benelli Nova,heavy,5626,0.0,4863,0.0,NOT_REVIEWED,NOT_APPROVED
71,116,Дробовик TOZ-194,heavy,5332,0.0,3296,0.0,NOT_REVIEWED,NOT_APPROVED
71,44,Дробовик «Вепрь-12»,heavy,3955,0.0,2960,0.0,NOT_REVIEWED,NOT_APPROVED
71,117,Дробовик Remington 1100,heavy,5591,0.0,4643,0.0,NOT_REVIEWED,NOT_APPROVED
71,62,Дробовик Kel-Tec KSG,heavy,4561,0.0,1543,0.0,NOT_REVIEWED,NOT_APPROVED
71,118,Дробовик Beretta 1301 Tactical,heavy,3958,0.0,3304,0.0,NOT_REVIEWED,NOT_APPROVED
71,50,Дробовик Benelli M4,heavy,4532,0.0,4787,0.0,NOT_REVIEWED,NOT_APPROVED
71,119,Дробовик Fabarm STF/12,heavy,4770,0.0,3822,0.0,NOT_REVIEWED,NOT_APPROVED
71,56,Дробовик AA-12,heavy,6183,0.0,2773,0.0,NOT_REVIEWED,NOT_APPROVED
71,120,Дробовик Winchester SX4,heavy,5693,0.0,4865,0.0,NOT_REVIEWED,NOT_APPROVED
71,121,Дробовик Browning A5,heavy,5760,0.0,4697,0.0,NOT_REVIEWED,NOT_APPROVED
71,68,Дробовик Franchi SPAS-15,heavy,4855,0.0,4945,0.0,NOT_REVIEWED,NOT_APPROVED
71,122,Дробовик Remington 870 Magnum,heavy,6722,0.0,5631,0.0,NOT_REVIEWED,NOT_APPROVED
71,123,Дробовик Benelli Vinci,heavy,5958,0.0,4579,0.0,NOT_REVIEWED,NOT_APPROVED
71,74,Дробовик USAS-12,heavy,3774,0.0,2875,0.0,NOT_REVIEWED,NOT_APPROVED
71,124,Дробовик Ithaca Mag-10,heavy,3613,0.0,2367,0.0,NOT_REVIEWED,NOT_APPROVED
71,125,Дробовик Remington SP-10,heavy,4897,0.0,2347,0.0,NOT_REVIEWED,NOT_APPROVED
72,86,Beretta 21A Bobcat,pistol,7096,0.0,,,NOT_REVIEWED,NOT_APPROVED
72,2,Пистолет ПСМ,pistol,6652,0.0,,,NOT_REVIEWED,NOT_APPROVED
72,87,Walther PPK,pistol,6957,0.0,,,NOT_REVIEWED,NOT_APPROVED
72,1,Пистолет Макарова,pistol,6651,0.0,,,NOT_REVIEWED,NOT_APPROVED
72,3,Пистолет ИЖ-71,pistol,6474,0.0,,,NOT_REVIEWED,NOT_APPROVED
72,88,Glock 25,pistol,6396,0.0,,,NOT_REVIEWED,NOT_APPROVED
72,5,Пистолет ОЦ-33 «Пернач»,pistol,6609,0.0,,,NOT_REVIEWED,NOT_APPROVED
72,6,Револьвер Наган,pistol,4954,0.0,,,NOT_REVIEWED,NOT_APPROVED
72,89,Walther P99,pistol,6329,0.0,,,NOT_REVIEWED,NOT_APPROVED
72,90,CZ 75,pistol,6145,0.0,,,NOT_REVIEWED,NOT_APPROVED
72,91,Glock 17,pistol,6171,0.0,,,NOT_REVIEWED,NOT_APPROVED
72,92,Beretta 92FS,pistol,5840,0.0,,,NOT_REVIEWED,NOT_APPROVED
72,93,SIG Sauer P226,pistol,7029,0.0,,,NOT_REVIEWED,NOT_APPROVED
72,7,Пистолет ТТ,pistol,6602,0.0,,,NOT_REVIEWED,NOT_APPROVED
72,94,HK USP,pistol,6412,0.0,,,NOT_REVIEWED,NOT_APPROVED
72,95,Glock 22,pistol,6296,0.0,,,NOT_REVIEWED,NOT_APPROVED
72,96,SIG Sauer P229,pistol,6983,0.0,,,NOT_REVIEWED,NOT_APPROVED
72,97,Glock 20,pistol,6900,0.0,,,NOT_REVIEWED,NOT_APPROVED
72,98,Colt 1911,pistol,6420,0.0,,,NOT_REVIEWED,NOT_APPROVED
72,99,Glock 21,pistol,6394,0.0,,,NOT_REVIEWED,NOT_APPROVED
72,100,CZ 97B,pistol,6788,0.0,,,NOT_REVIEWED,NOT_APPROVED
72,101,HK Mark 23,pistol,5644,0.0,,,NOT_REVIEWED,NOT_APPROVED
72,102,Taurus Judge,pistol,5842,0.0,,,NOT_REVIEWED,NOT_APPROVED
72,103,Smith & Wesson Model 29,pistol,4259,0.0,,,NOT_REVIEWED,NOT_APPROVED
72,104,Taurus Raging Bull,pistol,4423,0.0,,,NOT_REVIEWED,NOT_APPROVED
72,105,Desert Eagle Mark XIX,pistol,7734,0.0,,,NOT_REVIEWED,NOT_APPROVED
72,11,Автомат АКС-74У,heavy,5987,0.0,2801,0.0,NOT_REVIEWED,NOT_APPROVED
72,12,Автомат АК-74,heavy,6085,0.0,2658,0.0,NOT_REVIEWED,NOT_APPROVED
72,37,Автомат АК-107,heavy,4103,0.0,311,0.0,NOT_REVIEWED,NOT_APPROVED
72,21,Автомат АК-12,heavy,5161,0.0,60,0.0,NOT_REVIEWED,NOT_APPROVED
72,26,Автомат АН-94 «Абакан»,heavy,4230,0.0,899,0.0,NOT_REVIEWED,NOT_APPROVED
72,17,Пулемёт РПК-74,heavy,3796,0.0,1261,0.0,NOT_REVIEWED,NOT_APPROVED
72,38,Автомат ADAR 2-15,heavy,5532,0.0,144,0.0,NOT_REVIEWED,NOT_APPROVED
72,45,Автомат АК-19,heavy,4428,0.0,660,0.0,NOT_REVIEWED,NOT_APPROVED
72,57,Автомат HK416,heavy,4536,0.0,1824,0.0,NOT_REVIEWED,NOT_APPROVED
72,69,Автомат CZ Bren 2,heavy,4222,0.0,2175,0.0,NOT_REVIEWED,NOT_APPROVED
72,67,Пулемёт Minimi Mk3,heavy,3247,0.0,1686,0.0,NOT_REVIEWED,NOT_APPROVED
72,43,Автомат ОЦ-14 «Гроза»,heavy,4768,0.0,10,0.0,NOT_REVIEWED,NOT_APPROVED
72,16,Карабин «Вепрь»,heavy,5720,0.0,2017,0.0,NOT_REVIEWED,NOT_APPROVED
72,15,Автомат АК-103,heavy,4777,0.0,1384,0.0,NOT_REVIEWED,NOT_APPROVED
72,25,Пулемёт РПД,heavy,3392,0.0,429,0.0,NOT_REVIEWED,NOT_APPROVED
72,18,Автомат АС «Вал»,heavy,4477,0.0,778,0.0,NOT_REVIEWED,NOT_APPROVED
72,10,Карабин Сайга-12,heavy,6356,0.0,2881,0.0,NOT_REVIEWED,NOT_APPROVED
72,63,Автомат АК-308,heavy,4222,0.0,342,0.0,NOT_REVIEWED,NOT_APPROVED
72,51,Автомат ЛР-308,heavy,3905,0.0,0,13.0,NOT_REVIEWED,NOT_APPROVED
72,75,Автомат SCAR-H,heavy,4323,0.0,1702,0.0,NOT_REVIEWED,NOT_APPROVED
72,61,Пулемёт M60E6,heavy,3710,0.0,1635,0.0,NOT_REVIEWED,NOT_APPROVED
72,59,Пулемёт M240,heavy,3572,0.0,611,0.0,NOT_REVIEWED,NOT_APPROVED
72,71,Пулемёт FN MAG,heavy,3067,0.0,718,0.0,NOT_REVIEWED,NOT_APPROVED
72,77,Пулемёт Negev NG7,heavy,3252,0.0,536,0.0,NOT_REVIEWED,NOT_APPROVED
72,22,Пулемёт ПКМ,heavy,2352,0.0,1093,0.0,NOT_REVIEWED,NOT_APPROVED
72,29,Пулемёт «Печенег»,heavy,3642,0.0,1847,0.0,NOT_REVIEWED,NOT_APPROVED
72,53,Пулемёт «Печенег-СП»,heavy,3860,0.0,681,0.0,NOT_REVIEWED,NOT_APPROVED
72,47,Автомат АК-АН «Абакан-100»,heavy,3445,0.0,1764,0.0,NOT_REVIEWED,NOT_APPROVED
72,65,Пулемёт «Утёс-М»,heavy,4263,0.0,2569,0.0,NOT_REVIEWED,NOT_APPROVED
72,14,Винтовка СКС,heavy,5937,0.0,4692,0.0,NOT_REVIEWED,NOT_APPROVED
72,46,Винтовка SSG 08,heavy,3465,0.0,516,0.0,NOT_REVIEWED,NOT_APPROVED
72,42,Винтовка SR-25,heavy,4012,0.0,0,15.0,NOT_REVIEWED,NOT_APPROVED
72,13,Винтовка СВД,heavy,5513,0.0,3903,0.0,NOT_REVIEWED,NOT_APPROVED
72,24,Винтовка СВДС,heavy,3926,0.0,2165,0.0,NOT_REVIEWED,NOT_APPROVED
72,23,Винтовка Т-5000,heavy,3088,0.0,413,0.0,NOT_REVIEWED,NOT_APPROVED
72,28,Винтовка СВ-98,heavy,4529,0.0,2173,0.0,NOT_REVIEWED,NOT_APPROVED
72,36,Винтовка СВК,heavy,3077,0.0,638,0.0,NOT_REVIEWED,NOT_APPROVED
72,30,Винтовка ВСС «Винторез»,heavy,4704,0.0,1325,0.0,NOT_REVIEWED,NOT_APPROVED
72,40,Винтовка ВСК-94,heavy,4269,0.0,1317,0.0,NOT_REVIEWED,NOT_APPROVED
72,31,Винтовка СВ-338,heavy,3720,0.0,1034,0.0,NOT_REVIEWED,NOT_APPROVED
72,27,Винтовка ОРСИС T-5000M,heavy,4045,0.0,1303,0.0,NOT_REVIEWED,NOT_APPROVED
72,70,Винтовка Sako TRG-42,heavy,4000,0.0,1871,0.0,NOT_REVIEWED,NOT_APPROVED
72,76,Винтовка Blaser R93 Tactical 2,heavy,3795,0.0,2292,0.0,NOT_REVIEWED,NOT_APPROVED
72,39,Винтовка ORSIS T-5000 Sniper Pro,heavy,3825,0.0,821,0.0,NOT_REVIEWED,NOT_APPROVED
72,60,Винтовка Accuracy International AXMC,heavy,3551,0.0,2876,0.0,NOT_REVIEWED,NOT_APPROVED
72,48,Винтовка Barrett M98B,heavy,2913,0.0,1518,0.0,NOT_REVIEWED,NOT_APPROVED
72,64,Винтовка ORSIS T-5000 Elite,heavy,4033,0.0,3327,0.0,NOT_REVIEWED,NOT_APPROVED
72,33,Винтовка «Выхлоп»,heavy,3501,0.0,1132,0.0,NOT_REVIEWED,NOT_APPROVED
72,35,Винтовка ОСВ-96,heavy,3068,0.0,1654,0.0,NOT_REVIEWED,NOT_APPROVED
72,66,Винтовка Zastava M93 Black Arrow,heavy,4341,0.0,3018,0.0,NOT_REVIEWED,NOT_APPROVED
72,52,Винтовка АСВК «Корд»,heavy,3313,0.0,874,0.0,NOT_REVIEWED,NOT_APPROVED
72,58,Винтовка Steyr HS .50,heavy,5108,0.0,4241,0.0,NOT_REVIEWED,NOT_APPROVED
72,49,Винтовка Barrett M82,heavy,2314,0.0,837,0.0,NOT_REVIEWED,NOT_APPROVED
72,54,Винтовка McMillan TAC-50,heavy,4476,0.0,2505,0.0,NOT_REVIEWED,NOT_APPROVED
72,72,Винтовка Desert Tech HTI,heavy,4147,0.0,214,0.0,NOT_REVIEWED,NOT_APPROVED
72,78,Винтовка Cheytac M200 Intervention,heavy,2697,0.0,2096,0.0,NOT_REVIEWED,NOT_APPROVED
72,73,Прототип X-17,heavy,2989,0.0,1972,0.0,NOT_REVIEWED,NOT_APPROVED
72,55,Гаусс-пушка,heavy,5896,0.0,3536,0.0,NOT_REVIEWED,NOT_APPROVED
72,4,Обрез охотничьего ружья,heavy,7673,0.0,4280,0.0,NOT_REVIEWED,NOT_APPROVED
72,8,ПП «Кедр»,heavy,8579,0.0,1746,0.0,NOT_REVIEWED,NOT_APPROVED
72,9,ПП-19 «Бизон»,heavy,6646,0.0,6186,0.0,NOT_REVIEWED,NOT_APPROVED
72,20,Дробовик Сайга-410,heavy,5123,0.0,1832,0.0,NOT_REVIEWED,NOT_APPROVED
72,106,Дробовик Mossberg 500,heavy,5554,0.0,5403,0.0,NOT_REVIEWED,NOT_APPROVED
72,107,Дробовик Stoeger P3000,heavy,6057,0.0,5461,0.0,NOT_REVIEWED,NOT_APPROVED
72,108,Дробовик Remington 870,heavy,5688,0.0,4841,0.0,NOT_REVIEWED,NOT_APPROVED
72,109,Дробовик Winchester Model 1300,heavy,5741,0.0,5347,0.0,NOT_REVIEWED,NOT_APPROVED
72,110,Дробовик Ithaca 37,heavy,5710,0.0,5257,0.0,NOT_REVIEWED,NOT_APPROVED
72,111,Дробовик Browning BPS,heavy,5494,0.0,5434,0.0,NOT_REVIEWED,NOT_APPROVED
72,19,Дробовик СПАС-12,heavy,5277,0.0,2775,0.0,NOT_REVIEWED,NOT_APPROVED
72,112,Дробовик Winchester SXP Defender,heavy,5113,0.0,1446,0.0,NOT_REVIEWED,NOT_APPROVED
72,113,Дробовик Mossberg 590A1,heavy,5631,0.0,5229,0.0,NOT_REVIEWED,NOT_APPROVED
72,114,Дробовик Remington 870 MCS,heavy,4217,0.0,1808,0.0,NOT_REVIEWED,NOT_APPROVED
72,32,Дробовик Сайга-12К,heavy,3522,0.0,0,1.41,NOT_REVIEWED,NOT_APPROVED
72,115,Дробовик Benelli Nova,heavy,5652,0.0,5411,0.0,NOT_REVIEWED,NOT_APPROVED
72,116,Дробовик TOZ-194,heavy,5366,0.0,4303,0.0,NOT_REVIEWED,NOT_APPROVED
72,44,Дробовик «Вепрь-12»,heavy,3955,0.0,1209,0.0,NOT_REVIEWED,NOT_APPROVED
72,117,Дробовик Remington 1100,heavy,5591,0.0,5384,0.0,NOT_REVIEWED,NOT_APPROVED
72,62,Дробовик Kel-Tec KSG,heavy,4561,0.0,44,0.0,NOT_REVIEWED,NOT_APPROVED
72,118,Дробовик Beretta 1301 Tactical,heavy,4013,0.0,1130,0.0,NOT_REVIEWED,NOT_APPROVED
72,50,Дробовик Benelli M4,heavy,4532,0.0,2341,0.0,NOT_REVIEWED,NOT_APPROVED
72,119,Дробовик Fabarm STF/12,heavy,4770,0.0,1664,0.0,NOT_REVIEWED,NOT_APPROVED
72,56,Дробовик AA-12,heavy,6183,0.0,101,0.0,NOT_REVIEWED,NOT_APPROVED
72,120,Дробовик Winchester SX4,heavy,5735,0.0,5034,0.0,NOT_REVIEWED,NOT_APPROVED
72,121,Дробовик Browning A5,heavy,5760,0.0,5244,0.0,NOT_REVIEWED,NOT_APPROVED
72,68,Дробовик Franchi SPAS-15,heavy,4908,0.0,2014,0.0,NOT_REVIEWED,NOT_APPROVED
72,122,Дробовик Remington 870 Magnum,heavy,6805,0.0,5195,0.0,NOT_REVIEWED,NOT_APPROVED
72,123,Дробовик Benelli Vinci,heavy,5958,0.0,5457,0.0,NOT_REVIEWED,NOT_APPROVED
72,74,Дробовик USAS-12,heavy,3819,0.0,3070,0.0,NOT_REVIEWED,NOT_APPROVED
72,124,Дробовик Ithaca Mag-10,heavy,3669,0.0,629,0.0,NOT_REVIEWED,NOT_APPROVED
72,125,Дробовик Remington SP-10,heavy,4839,0.0,207,0.0,NOT_REVIEWED,NOT_APPROVED
73,86,Beretta 21A Bobcat,pistol,7312,0.0,,,NOT_REVIEWED,NOT_APPROVED
73,2,Пистолет ПСМ,pistol,6900,0.0,,,NOT_REVIEWED,NOT_APPROVED
73,87,Walther PPK,pistol,7163,0.0,,,NOT_REVIEWED,NOT_APPROVED
73,1,Пистолет Макарова,pistol,6854,0.0,,,NOT_REVIEWED,NOT_APPROVED
73,3,Пистолет ИЖ-71,pistol,6617,0.0,,,NOT_REVIEWED,NOT_APPROVED
73,88,Glock 25,pistol,6669,0.0,,,NOT_REVIEWED,NOT_APPROVED
73,5,Пистолет ОЦ-33 «Пернач»,pistol,6841,0.0,,,NOT_REVIEWED,NOT_APPROVED
73,6,Револьвер Наган,pistol,5031,0.0,,,NOT_REVIEWED,NOT_APPROVED
73,89,Walther P99,pistol,6553,0.0,,,NOT_REVIEWED,NOT_APPROVED
73,90,CZ 75,pistol,6395,0.0,,,NOT_REVIEWED,NOT_APPROVED
73,91,Glock 17,pistol,6422,0.0,,,NOT_REVIEWED,NOT_APPROVED
73,92,Beretta 92FS,pistol,6055,0.0,,,NOT_REVIEWED,NOT_APPROVED
73,93,SIG Sauer P226,pistol,7199,0.0,,,NOT_REVIEWED,NOT_APPROVED
73,7,Пистолет ТТ,pistol,6799,0.0,,,NOT_REVIEWED,NOT_APPROVED
73,94,HK USP,pistol,6579,0.0,,,NOT_REVIEWED,NOT_APPROVED
73,95,Glock 22,pistol,6458,0.0,,,NOT_REVIEWED,NOT_APPROVED
73,96,SIG Sauer P229,pistol,7157,0.0,,,NOT_REVIEWED,NOT_APPROVED
73,97,Glock 20,pistol,7064,0.0,,,NOT_REVIEWED,NOT_APPROVED
73,98,Colt 1911,pistol,6612,0.0,,,NOT_REVIEWED,NOT_APPROVED
73,99,Glock 21,pistol,6600,0.0,,,NOT_REVIEWED,NOT_APPROVED
73,100,CZ 97B,pistol,6973,0.0,,,NOT_REVIEWED,NOT_APPROVED
73,101,HK Mark 23,pistol,5814,0.0,,,NOT_REVIEWED,NOT_APPROVED
73,102,Taurus Judge,pistol,6035,0.0,,,NOT_REVIEWED,NOT_APPROVED
73,103,Smith & Wesson Model 29,pistol,4230,0.0,,,NOT_REVIEWED,NOT_APPROVED
73,104,Taurus Raging Bull,pistol,4572,0.0,,,NOT_REVIEWED,NOT_APPROVED
73,105,Desert Eagle Mark XIX,pistol,7940,0.0,,,NOT_REVIEWED,NOT_APPROVED
73,11,Автомат АКС-74У,heavy,5981,0.0,1913,0.0,NOT_REVIEWED,NOT_APPROVED
73,12,Автомат АК-74,heavy,6085,0.0,2486,0.0,NOT_REVIEWED,NOT_APPROVED
73,37,Автомат АК-107,heavy,4103,0.0,206,0.0,NOT_REVIEWED,NOT_APPROVED
73,21,Автомат АК-12,heavy,5161,0.0,0,3.0,NOT_REVIEWED,NOT_APPROVED
73,26,Автомат АН-94 «Абакан»,heavy,4230,0.0,671,0.0,NOT_REVIEWED,NOT_APPROVED
73,17,Пулемёт РПК-74,heavy,3796,0.0,1096,0.0,NOT_REVIEWED,NOT_APPROVED
73,38,Автомат ADAR 2-15,heavy,5532,0.0,453,0.0,NOT_REVIEWED,NOT_APPROVED
73,45,Автомат АК-19,heavy,4428,0.0,741,0.0,NOT_REVIEWED,NOT_APPROVED
73,57,Автомат HK416,heavy,4536,0.0,2527,0.0,NOT_REVIEWED,NOT_APPROVED
73,69,Автомат CZ Bren 2,heavy,4222,0.0,523,0.0,NOT_REVIEWED,NOT_APPROVED
73,67,Пулемёт Minimi Mk3,heavy,3247,0.0,2199,0.0,NOT_REVIEWED,NOT_APPROVED
73,43,Автомат ОЦ-14 «Гроза»,heavy,4768,0.0,0,4.0,NOT_REVIEWED,NOT_APPROVED
73,16,Карабин «Вепрь»,heavy,5720,0.0,1519,0.0,NOT_REVIEWED,NOT_APPROVED
73,15,Автомат АК-103,heavy,4777,0.0,1157,0.0,NOT_REVIEWED,NOT_APPROVED
73,25,Пулемёт РПД,heavy,3392,0.0,0,4.12,NOT_REVIEWED,NOT_APPROVED
73,18,Автомат АС «Вал»,heavy,4477,0.0,611,0.0,NOT_REVIEWED,NOT_APPROVED
73,10,Карабин Сайга-12,heavy,6354,0.0,2451,0.0,NOT_REVIEWED,NOT_APPROVED
73,63,Автомат АК-308,heavy,4222,0.0,447,0.0,NOT_REVIEWED,NOT_APPROVED
73,51,Автомат ЛР-308,heavy,3905,0.0,0,15.0,NOT_REVIEWED,NOT_APPROVED
73,75,Автомат SCAR-H,heavy,4323,0.0,2072,0.0,NOT_REVIEWED,NOT_APPROVED
73,61,Пулемёт M60E6,heavy,3710,0.0,1520,0.0,NOT_REVIEWED,NOT_APPROVED
73,59,Пулемёт M240,heavy,3572,0.0,461,0.0,NOT_REVIEWED,NOT_APPROVED
73,71,Пулемёт FN MAG,heavy,3067,0.0,395,0.0,NOT_REVIEWED,NOT_APPROVED
73,77,Пулемёт Negev NG7,heavy,3252,0.0,1817,0.0,NOT_REVIEWED,NOT_APPROVED
73,22,Пулемёт ПКМ,heavy,2352,0.0,20,0.0,NOT_REVIEWED,NOT_APPROVED
73,29,Пулемёт «Печенег»,heavy,3642,0.0,947,0.0,NOT_REVIEWED,NOT_APPROVED
73,53,Пулемёт «Печенег-СП»,heavy,3860,0.0,203,0.0,NOT_REVIEWED,NOT_APPROVED
73,47,Автомат АК-АН «Абакан-100»,heavy,3445,0.0,1613,0.0,NOT_REVIEWED,NOT_APPROVED
73,65,Пулемёт «Утёс-М»,heavy,4263,0.0,2240,0.0,NOT_REVIEWED,NOT_APPROVED
73,14,Винтовка СКС,heavy,5937,0.0,4481,0.0,NOT_REVIEWED,NOT_APPROVED
73,46,Винтовка SSG 08,heavy,3465,0.0,990,0.0,NOT_REVIEWED,NOT_APPROVED
73,42,Винтовка SR-25,heavy,4012,0.0,0,7.0,NOT_REVIEWED,NOT_APPROVED
73,13,Винтовка СВД,heavy,5513,0.0,3782,0.0,NOT_REVIEWED,NOT_APPROVED
73,24,Винтовка СВДС,heavy,3926,0.0,2152,0.0,NOT_REVIEWED,NOT_APPROVED
73,23,Винтовка Т-5000,heavy,3088,0.0,1032,0.0,NOT_REVIEWED,NOT_APPROVED
73,28,Винтовка СВ-98,heavy,4529,0.0,2294,0.0,NOT_REVIEWED,NOT_APPROVED
73,36,Винтовка СВК,heavy,3077,0.0,1504,0.0,NOT_REVIEWED,NOT_APPROVED
73,30,Винтовка ВСС «Винторез»,heavy,4704,0.0,1296,0.0,NOT_REVIEWED,NOT_APPROVED
73,40,Винтовка ВСК-94,heavy,4269,0.0,546,0.0,NOT_REVIEWED,NOT_APPROVED
73,31,Винтовка СВ-338,heavy,3720,0.0,2623,0.0,NOT_REVIEWED,NOT_APPROVED
73,27,Винтовка ОРСИС T-5000M,heavy,4045,0.0,1733,0.0,NOT_REVIEWED,NOT_APPROVED
73,70,Винтовка Sako TRG-42,heavy,4000,0.0,1768,0.0,NOT_REVIEWED,NOT_APPROVED
73,76,Винтовка Blaser R93 Tactical 2,heavy,3795,0.0,2986,0.0,NOT_REVIEWED,NOT_APPROVED
73,39,Винтовка ORSIS T-5000 Sniper Pro,heavy,3825,0.0,2332,0.0,NOT_REVIEWED,NOT_APPROVED
73,60,Винтовка Accuracy International AXMC,heavy,3551,0.0,3436,0.0,NOT_REVIEWED,NOT_APPROVED
73,48,Винтовка Barrett M98B,heavy,2913,0.0,2668,0.0,NOT_REVIEWED,NOT_APPROVED
73,64,Винтовка ORSIS T-5000 Elite,heavy,4033,0.0,2341,0.0,NOT_REVIEWED,NOT_APPROVED
73,33,Винтовка «Выхлоп»,heavy,3501,0.0,1400,0.0,NOT_REVIEWED,NOT_APPROVED
73,35,Винтовка ОСВ-96,heavy,3068,0.0,1894,0.0,NOT_REVIEWED,NOT_APPROVED
73,66,Винтовка Zastava M93 Black Arrow,heavy,4341,0.0,2992,0.0,NOT_REVIEWED,NOT_APPROVED
73,52,Винтовка АСВК «Корд»,heavy,3313,0.0,2216,0.0,NOT_REVIEWED,NOT_APPROVED
73,58,Винтовка Steyr HS .50,heavy,5108,0.0,4021,0.0,NOT_REVIEWED,NOT_APPROVED
73,49,Винтовка Barrett M82,heavy,2314,0.0,2316,0.0,NOT_REVIEWED,NOT_APPROVED
73,54,Винтовка McMillan TAC-50,heavy,4476,0.0,887,0.0,NOT_REVIEWED,NOT_APPROVED
73,72,Винтовка Desert Tech HTI,heavy,4147,0.0,859,0.0,NOT_REVIEWED,NOT_APPROVED
73,78,Винтовка Cheytac M200 Intervention,heavy,2697,0.0,1162,0.0,NOT_REVIEWED,NOT_APPROVED
73,73,Прототип X-17,heavy,2981,0.0,1242,0.0,NOT_REVIEWED,NOT_APPROVED
73,55,Гаусс-пушка,heavy,5444,0.0,2382,0.0,NOT_REVIEWED,NOT_APPROVED
73,4,Обрез охотничьего ружья,heavy,7463,0.0,3803,0.0,NOT_REVIEWED,NOT_APPROVED
73,8,ПП «Кедр»,heavy,8393,0.0,317,0.0,NOT_REVIEWED,NOT_APPROVED
73,9,ПП-19 «Бизон»,heavy,6646,0.0,6033,0.0,NOT_REVIEWED,NOT_APPROVED
73,20,Дробовик Сайга-410,heavy,5123,0.0,1694,0.0,NOT_REVIEWED,NOT_APPROVED
73,106,Дробовик Mossberg 500,heavy,5554,0.0,5642,0.0,NOT_REVIEWED,NOT_APPROVED
73,107,Дробовик Stoeger P3000,heavy,6057,0.0,5978,0.0,NOT_REVIEWED,NOT_APPROVED
73,108,Дробовик Remington 870,heavy,5688,0.0,5564,0.0,NOT_REVIEWED,NOT_APPROVED
73,109,Дробовик Winchester Model 1300,heavy,5741,0.0,5482,0.0,NOT_REVIEWED,NOT_APPROVED
73,110,Дробовик Ithaca 37,heavy,5710,0.0,5881,0.0,NOT_REVIEWED,NOT_APPROVED
73,111,Дробовик Browning BPS,heavy,5494,0.0,5324,0.0,NOT_REVIEWED,NOT_APPROVED
73,19,Дробовик СПАС-12,heavy,5277,0.0,2949,0.0,NOT_REVIEWED,NOT_APPROVED
73,112,Дробовик Winchester SXP Defender,heavy,5113,0.0,2045,0.0,NOT_REVIEWED,NOT_APPROVED
73,113,Дробовик Mossberg 590A1,heavy,5631,0.0,5923,0.0,NOT_REVIEWED,NOT_APPROVED
73,114,Дробовик Remington 870 MCS,heavy,4217,0.0,1796,0.0,NOT_REVIEWED,NOT_APPROVED
73,32,Дробовик Сайга-12К,heavy,3522,0.0,0,1.0,NOT_REVIEWED,NOT_APPROVED
73,115,Дробовик Benelli Nova,heavy,5652,0.0,5417,0.0,NOT_REVIEWED,NOT_APPROVED
73,116,Дробовик TOZ-194,heavy,5366,0.0,3617,0.0,NOT_REVIEWED,NOT_APPROVED
73,44,Дробовик «Вепрь-12»,heavy,3955,0.0,1164,0.0,NOT_REVIEWED,NOT_APPROVED
73,117,Дробовик Remington 1100,heavy,5591,0.0,5282,0.0,NOT_REVIEWED,NOT_APPROVED
73,62,Дробовик Kel-Tec KSG,heavy,4561,0.0,322,0.0,NOT_REVIEWED,NOT_APPROVED
73,118,Дробовик Beretta 1301 Tactical,heavy,4013,0.0,1408,0.0,NOT_REVIEWED,NOT_APPROVED
73,50,Дробовик Benelli M4,heavy,4532,0.0,2887,0.0,NOT_REVIEWED,NOT_APPROVED
73,119,Дробовик Fabarm STF/12,heavy,4770,0.0,1865,0.0,NOT_REVIEWED,NOT_APPROVED
73,56,Дробовик AA-12,heavy,6183,0.0,877,0.0,NOT_REVIEWED,NOT_APPROVED
73,120,Дробовик Winchester SX4,heavy,5735,0.0,5267,0.0,NOT_REVIEWED,NOT_APPROVED
73,121,Дробовик Browning A5,heavy,5760,0.0,5204,0.0,NOT_REVIEWED,NOT_APPROVED
73,68,Дробовик Franchi SPAS-15,heavy,4908,0.0,3222,0.0,NOT_REVIEWED,NOT_APPROVED
73,122,Дробовик Remington 870 Magnum,heavy,6805,0.0,5500,0.0,NOT_REVIEWED,NOT_APPROVED
73,123,Дробовик Benelli Vinci,heavy,5958,0.0,5261,0.0,NOT_REVIEWED,NOT_APPROVED
73,74,Дробовик USAS-12,heavy,3819,0.0,1672,0.0,NOT_REVIEWED,NOT_APPROVED
73,124,Дробовик Ithaca Mag-10,heavy,3669,0.0,658,0.0,NOT_REVIEWED,NOT_APPROVED
73,125,Дробовик Remington SP-10,heavy,4839,0.0,390,0.0,NOT_REVIEWED,NOT_APPROVED
74,86,Beretta 21A Bobcat,pistol,7594,0.0,,,NOT_REVIEWED,NOT_APPROVED
74,2,Пистолет ПСМ,pistol,7113,0.0,,,NOT_REVIEWED,NOT_APPROVED
74,87,Walther PPK,pistol,7450,0.0,,,NOT_REVIEWED,NOT_APPROVED
74,1,Пистолет Макарова,pistol,7072,0.0,,,NOT_REVIEWED,NOT_APPROVED
74,3,Пистолет ИЖ-71,pistol,6704,0.0,,,NOT_REVIEWED,NOT_APPROVED
74,88,Glock 25,pistol,6815,0.0,,,NOT_REVIEWED,NOT_APPROVED
74,5,Пистолет ОЦ-33 «Пернач»,pistol,7079,0.0,,,NOT_REVIEWED,NOT_APPROVED
74,6,Револьвер Наган,pistol,5147,0.0,,,NOT_REVIEWED,NOT_APPROVED
74,89,Walther P99,pistol,6771,0.0,,,NOT_REVIEWED,NOT_APPROVED
74,90,CZ 75,pistol,6571,0.0,,,NOT_REVIEWED,NOT_APPROVED
74,91,Glock 17,pistol,6589,0.0,,,NOT_REVIEWED,NOT_APPROVED
74,92,Beretta 92FS,pistol,6329,0.0,,,NOT_REVIEWED,NOT_APPROVED
74,93,SIG Sauer P226,pistol,7544,0.0,,,NOT_REVIEWED,NOT_APPROVED
74,7,Пистолет ТТ,pistol,7105,0.0,,,NOT_REVIEWED,NOT_APPROVED
74,94,HK USP,pistol,6901,0.0,,,NOT_REVIEWED,NOT_APPROVED
74,95,Glock 22,pistol,6703,0.0,,,NOT_REVIEWED,NOT_APPROVED
74,96,SIG Sauer P229,pistol,7503,0.0,,,NOT_REVIEWED,NOT_APPROVED
74,97,Glock 20,pistol,7354,0.0,,,NOT_REVIEWED,NOT_APPROVED
74,98,Colt 1911,pistol,6919,0.0,,,NOT_REVIEWED,NOT_APPROVED
74,99,Glock 21,pistol,6824,0.0,,,NOT_REVIEWED,NOT_APPROVED
74,100,CZ 97B,pistol,7229,0.0,,,NOT_REVIEWED,NOT_APPROVED
74,101,HK Mark 23,pistol,6133,0.0,,,NOT_REVIEWED,NOT_APPROVED
74,102,Taurus Judge,pistol,6182,0.0,,,NOT_REVIEWED,NOT_APPROVED
74,103,Smith & Wesson Model 29,pistol,4405,0.0,,,NOT_REVIEWED,NOT_APPROVED
74,104,Taurus Raging Bull,pistol,4793,0.0,,,NOT_REVIEWED,NOT_APPROVED
74,105,Desert Eagle Mark XIX,pistol,8338,0.0,,,NOT_REVIEWED,NOT_APPROVED
74,11,Автомат АКС-74У,heavy,5987,0.0,1121,0.0,NOT_REVIEWED,NOT_APPROVED
74,12,Автомат АК-74,heavy,6148,0.0,0,13.0,NOT_REVIEWED,NOT_APPROVED
74,37,Автомат АК-107,heavy,4103,0.0,0,14.0,NOT_REVIEWED,NOT_APPROVED
74,21,Автомат АК-12,heavy,5161,0.0,40,0.0,NOT_REVIEWED,NOT_APPROVED
74,26,Автомат АН-94 «Абакан»,heavy,4287,0.0,0,7.21,NOT_REVIEWED,NOT_APPROVED
74,17,Пулемёт РПК-74,heavy,3796,0.0,0,28.79,NOT_REVIEWED,NOT_APPROVED
74,38,Автомат ADAR 2-15,heavy,5532,0.0,0,35.0,NOT_REVIEWED,NOT_APPROVED
74,45,Автомат АК-19,heavy,4428,0.0,0,17.8,NOT_REVIEWED,NOT_APPROVED
74,57,Автомат HK416,heavy,4536,0.0,1761,0.0,NOT_REVIEWED,NOT_APPROVED
74,69,Автомат CZ Bren 2,heavy,4222,0.0,1418,0.0,NOT_REVIEWED,NOT_APPROVED
74,67,Пулемёт Minimi Mk3,heavy,3247,0.0,26,0.0,NOT_REVIEWED,NOT_APPROVED
74,43,Автомат ОЦ-14 «Гроза»,heavy,4705,0.0,0,45.25,NOT_REVIEWED,NOT_APPROVED
74,16,Карабин «Вепрь»,heavy,5787,0.0,0,20.0,NOT_REVIEWED,NOT_APPROVED
74,15,Автомат АК-103,heavy,4777,0.0,7,0.0,NOT_REVIEWED,NOT_APPROVED
74,25,Пулемёт РПД,heavy,3476,0.0,0,5.0,NOT_REVIEWED,NOT_APPROVED
74,18,Автомат АС «Вал»,heavy,4531,0.0,0,18.68,NOT_REVIEWED,NOT_APPROVED
74,10,Карабин Сайга-12,heavy,6409,0.0,293,0.0,NOT_REVIEWED,NOT_APPROVED
74,63,Автомат АК-308,heavy,4222,0.0,42,0.0,NOT_REVIEWED,NOT_APPROVED
74,51,Автомат ЛР-308,heavy,3905,0.0,0,46.0,NOT_REVIEWED,NOT_APPROVED
74,75,Автомат SCAR-H,heavy,4269,0.0,1109,0.0,NOT_REVIEWED,NOT_APPROVED
74,61,Пулемёт M60E6,heavy,3710,0.0,0,21.0,NOT_REVIEWED,NOT_APPROVED
74,59,Пулемёт M240,heavy,3572,0.0,0,28.86,NOT_REVIEWED,NOT_APPROVED
74,71,Пулемёт FN MAG,heavy,3067,0.0,0,34.0,NOT_REVIEWED,NOT_APPROVED
74,77,Пулемёт Negev NG7,heavy,3252,0.0,702,0.0,NOT_REVIEWED,NOT_APPROVED
74,22,Пулемёт ПКМ,heavy,2309,0.0,102,0.0,NOT_REVIEWED,NOT_APPROVED
74,29,Пулемёт «Печенег»,heavy,3642,0.0,0,4.0,NOT_REVIEWED,NOT_APPROVED
74,53,Пулемёт «Печенег-СП»,heavy,3860,0.0,0,31.76,NOT_REVIEWED,NOT_APPROVED
74,47,Автомат АК-АН «Абакан-100»,heavy,3555,0.0,31,0.0,NOT_REVIEWED,NOT_APPROVED
74,65,Пулемёт «Утёс-М»,heavy,4263,0.0,0,8.25,NOT_REVIEWED,NOT_APPROVED
74,14,Винтовка СКС,heavy,5937,0.0,146,0.0,NOT_REVIEWED,NOT_APPROVED
74,46,Винтовка SSG 08,heavy,3381,0.0,0,32.0,NOT_REVIEWED,NOT_APPROVED
74,42,Винтовка SR-25,heavy,4012,0.0,0,48.7,NOT_REVIEWED,NOT_APPROVED
74,13,Винтовка СВД,heavy,5419,0.0,0,1.0,NOT_REVIEWED,NOT_APPROVED
74,24,Винтовка СВДС,heavy,3816,0.0,0,19.0,NOT_REVIEWED,NOT_APPROVED
74,23,Винтовка Т-5000,heavy,3088,0.0,0,24.74,NOT_REVIEWED,NOT_APPROVED
74,28,Винтовка СВ-98,heavy,4616,0.0,0,4.0,NOT_REVIEWED,NOT_APPROVED
74,36,Винтовка СВК,heavy,3077,0.0,0,12.17,NOT_REVIEWED,NOT_APPROVED
74,30,Винтовка ВСС «Винторез»,heavy,4814,0.0,0,24.02,NOT_REVIEWED,NOT_APPROVED
74,40,Винтовка ВСК-94,heavy,4269,0.0,0,25.0,NOT_REVIEWED,NOT_APPROVED
74,31,Винтовка СВ-338,heavy,3720,0.0,0,1.41,NOT_REVIEWED,NOT_APPROVED
74,27,Винтовка ОРСИС T-5000M,heavy,3935,0.0,0,26.0,NOT_REVIEWED,NOT_APPROVED
74,70,Винтовка Sako TRG-42,heavy,4063,0.0,0,18.0,NOT_REVIEWED,NOT_APPROVED
74,76,Винтовка Blaser R93 Tactical 2,heavy,3867,0.0,710,0.0,NOT_REVIEWED,NOT_APPROVED
74,39,Винтовка ORSIS T-5000 Sniper Pro,heavy,3825,0.0,337,0.0,NOT_REVIEWED,NOT_APPROVED
74,60,Винтовка Accuracy International AXMC,heavy,3551,0.0,1414,0.0,NOT_REVIEWED,NOT_APPROVED
74,48,Винтовка Barrett M98B,heavy,2913,0.0,542,0.0,NOT_REVIEWED,NOT_APPROVED
74,64,Винтовка ORSIS T-5000 Elite,heavy,4033,0.0,1385,0.0,NOT_REVIEWED,NOT_APPROVED
74,33,Винтовка «Выхлоп»,heavy,3501,0.0,0,26.0,NOT_REVIEWED,NOT_APPROVED
74,35,Винтовка ОСВ-96,heavy,3178,0.0,1671,0.0,NOT_REVIEWED,NOT_APPROVED
74,66,Винтовка Zastava M93 Black Arrow,heavy,4341,0.0,869,0.0,NOT_REVIEWED,NOT_APPROVED
74,52,Винтовка АСВК «Корд»,heavy,3313,0.0,434,0.0,NOT_REVIEWED,NOT_APPROVED
74,58,Винтовка Steyr HS .50,heavy,5108,0.0,38,0.0,NOT_REVIEWED,NOT_APPROVED
74,49,Винтовка Barrett M82,heavy,2365,0.0,817,0.0,NOT_REVIEWED,NOT_APPROVED
74,54,Винтовка McMillan TAC-50,heavy,4476,0.0,1705,0.0,NOT_REVIEWED,NOT_APPROVED
74,72,Винтовка Desert Tech HTI,heavy,4241,0.0,0,24.0,NOT_REVIEWED,NOT_APPROVED
74,78,Винтовка Cheytac M200 Intervention,heavy,2697,0.0,0,4.0,NOT_REVIEWED,NOT_APPROVED
74,73,Прототип X-17,heavy,2989,0.0,0,15.0,NOT_REVIEWED,NOT_APPROVED
74,55,Гаусс-пушка,heavy,5896,0.0,9,0.0,NOT_REVIEWED,NOT_APPROVED
74,4,Обрез охотничьего ружья,heavy,7673,0.0,0,1.41,NOT_REVIEWED,NOT_APPROVED
74,8,ПП «Кедр»,heavy,8579,0.0,158,0.0,NOT_REVIEWED,NOT_APPROVED
74,9,ПП-19 «Бизон»,heavy,6701,0.0,3558,0.0,NOT_REVIEWED,NOT_APPROVED
74,20,Дробовик Сайга-410,heavy,5200,0.0,0,21.0,NOT_REVIEWED,NOT_APPROVED
74,106,Дробовик Mossberg 500,heavy,5519,0.0,1917,0.0,NOT_REVIEWED,NOT_APPROVED
74,107,Дробовик Stoeger P3000,heavy,6018,0.0,1646,0.0,NOT_REVIEWED,NOT_APPROVED
74,108,Дробовик Remington 870,heavy,5746,0.0,1108,0.0,NOT_REVIEWED,NOT_APPROVED
74,109,Дробовик Winchester Model 1300,heavy,5741,0.0,1722,0.0,NOT_REVIEWED,NOT_APPROVED
74,110,Дробовик Ithaca 37,heavy,5672,0.0,1370,0.0,NOT_REVIEWED,NOT_APPROVED
74,111,Дробовик Browning BPS,heavy,5537,0.0,1874,0.0,NOT_REVIEWED,NOT_APPROVED
74,19,Дробовик СПАС-12,heavy,5277,0.0,0,11.0,NOT_REVIEWED,NOT_APPROVED
74,112,Дробовик Winchester SXP Defender,heavy,5113,0.0,0,19.0,NOT_REVIEWED,NOT_APPROVED
74,113,Дробовик Mossberg 590A1,heavy,5675,0.0,1565,0.0,NOT_REVIEWED,NOT_APPROVED
74,114,Дробовик Remington 870 MCS,heavy,4217,0.0,0,17.46,NOT_REVIEWED,NOT_APPROVED
74,32,Дробовик Сайга-12К,heavy,3522,0.0,0,17.46,NOT_REVIEWED,NOT_APPROVED
74,115,Дробовик Benelli Nova,heavy,5626,0.0,1298,0.0,NOT_REVIEWED,NOT_APPROVED
74,116,Дробовик TOZ-194,heavy,5332,0.0,78,0.0,NOT_REVIEWED,NOT_APPROVED
74,44,Дробовик «Вепрь-12»,heavy,3955,0.0,0,21.84,NOT_REVIEWED,NOT_APPROVED
74,117,Дробовик Remington 1100,heavy,5591,0.0,1533,0.0,NOT_REVIEWED,NOT_APPROVED
74,62,Дробовик Kel-Tec KSG,heavy,4561,0.0,0,31.0,NOT_REVIEWED,NOT_APPROVED
74,118,Дробовик Beretta 1301 Tactical,heavy,3958,0.0,0,26.0,NOT_REVIEWED,NOT_APPROVED
74,50,Дробовик Benelli M4,heavy,4532,0.0,0,9.0,NOT_REVIEWED,NOT_APPROVED
74,119,Дробовик Fabarm STF/12,heavy,4770,0.0,0,20.0,NOT_REVIEWED,NOT_APPROVED
74,56,Дробовик AA-12,heavy,6183,0.0,0,22.63,NOT_REVIEWED,NOT_APPROVED
74,120,Дробовик Winchester SX4,heavy,5693,0.0,781,0.0,NOT_REVIEWED,NOT_APPROVED
74,121,Дробовик Browning A5,heavy,5760,0.0,997,0.0,NOT_REVIEWED,NOT_APPROVED
74,68,Дробовик Franchi SPAS-15,heavy,4855,0.0,0,8.0,NOT_REVIEWED,NOT_APPROVED
74,122,Дробовик Remington 870 Magnum,heavy,6722,0.0,1064,0.0,NOT_REVIEWED,NOT_APPROVED
74,123,Дробовик Benelli Vinci,heavy,5958,0.0,1597,0.0,NOT_REVIEWED,NOT_APPROVED
74,74,Дробовик USAS-12,heavy,3774,0.0,2594,0.0,NOT_REVIEWED,NOT_APPROVED
74,124,Дробовик Ithaca Mag-10,heavy,3613,0.0,0,31.0,NOT_REVIEWED,NOT_APPROVED
74,125,Дробовик Remington SP-10,heavy,4897,0.0,0,26.93,NOT_REVIEWED,NOT_APPROVED
75,86,Beretta 21A Bobcat,pistol,7581,0.0,,,NOT_REVIEWED,NOT_APPROVED
75,2,Пистолет ПСМ,pistol,7092,0.0,,,NOT_REVIEWED,NOT_APPROVED
75,87,Walther PPK,pistol,7446,0.0,,,NOT_REVIEWED,NOT_APPROVED
75,1,Пистолет Макарова,pistol,7047,0.0,,,NOT_REVIEWED,NOT_APPROVED
75,3,Пистолет ИЖ-71,pistol,6696,0.0,,,NOT_REVIEWED,NOT_APPROVED
75,88,Glock 25,pistol,6790,0.0,,,NOT_REVIEWED,NOT_APPROVED
75,5,Пистолет ОЦ-33 «Пернач»,pistol,7062,0.0,,,NOT_REVIEWED,NOT_APPROVED
75,6,Револьвер Наган,pistol,5144,0.0,,,NOT_REVIEWED,NOT_APPROVED
75,89,Walther P99,pistol,6749,0.0,,,NOT_REVIEWED,NOT_APPROVED
75,90,CZ 75,pistol,6563,0.0,,,NOT_REVIEWED,NOT_APPROVED
75,91,Glock 17,pistol,6584,0.0,,,NOT_REVIEWED,NOT_APPROVED
75,92,Beretta 92FS,pistol,6322,0.0,,,NOT_REVIEWED,NOT_APPROVED
75,93,SIG Sauer P226,pistol,7551,0.0,,,NOT_REVIEWED,NOT_APPROVED
75,7,Пистолет ТТ,pistol,7097,0.0,,,NOT_REVIEWED,NOT_APPROVED
75,94,HK USP,pistol,6921,0.0,,,NOT_REVIEWED,NOT_APPROVED
75,95,Glock 22,pistol,6709,0.0,,,NOT_REVIEWED,NOT_APPROVED
75,96,SIG Sauer P229,pistol,7531,0.0,,,NOT_REVIEWED,NOT_APPROVED
75,97,Glock 20,pistol,7362,0.0,,,NOT_REVIEWED,NOT_APPROVED
75,98,Colt 1911,pistol,6925,0.0,,,NOT_REVIEWED,NOT_APPROVED
75,99,Glock 21,pistol,6827,0.0,,,NOT_REVIEWED,NOT_APPROVED
75,100,CZ 97B,pistol,7213,0.0,,,NOT_REVIEWED,NOT_APPROVED
75,101,HK Mark 23,pistol,6138,0.0,,,NOT_REVIEWED,NOT_APPROVED
75,102,Taurus Judge,pistol,6190,0.0,,,NOT_REVIEWED,NOT_APPROVED
75,103,Smith & Wesson Model 29,pistol,4394,0.0,,,NOT_REVIEWED,NOT_APPROVED
75,104,Taurus Raging Bull,pistol,4770,0.0,,,NOT_REVIEWED,NOT_APPROVED
75,105,Desert Eagle Mark XIX,pistol,8366,0.0,,,NOT_REVIEWED,NOT_APPROVED
75,11,Автомат АКС-74У,heavy,5987,0.0,253,0.0,NOT_REVIEWED,NOT_APPROVED
75,12,Автомат АК-74,heavy,6085,0.0,707,0.0,NOT_REVIEWED,NOT_APPROVED
75,37,Автомат АК-107,heavy,4103,0.0,0,11.7,NOT_REVIEWED,NOT_APPROVED
75,21,Автомат АК-12,heavy,5161,0.0,0,15.0,NOT_REVIEWED,NOT_APPROVED
75,26,Автомат АН-94 «Абакан»,heavy,4230,0.0,0,5.0,NOT_REVIEWED,NOT_APPROVED
75,17,Пулемёт РПК-74,heavy,3796,0.0,0,1.0,NOT_REVIEWED,NOT_APPROVED
75,38,Автомат ADAR 2-15,heavy,5532,0.0,0,7.0,NOT_REVIEWED,NOT_APPROVED
75,45,Автомат АК-19,heavy,4428,0.0,0,2.0,NOT_REVIEWED,NOT_APPROVED
75,57,Автомат HK416,heavy,4536,0.0,2594,0.0,NOT_REVIEWED,NOT_APPROVED
75,69,Автомат CZ Bren 2,heavy,4222,0.0,1369,0.0,NOT_REVIEWED,NOT_APPROVED
75,67,Пулемёт Minimi Mk3,heavy,3247,0.0,951,0.0,NOT_REVIEWED,NOT_APPROVED
75,43,Автомат ОЦ-14 «Гроза»,heavy,4768,0.0,0,25.24,NOT_REVIEWED,NOT_APPROVED
75,16,Карабин «Вепрь»,heavy,5720,0.0,148,0.0,NOT_REVIEWED,NOT_APPROVED
75,15,Автомат АК-103,heavy,4777,0.0,24,0.0,NOT_REVIEWED,NOT_APPROVED
75,25,Пулемёт РПД,heavy,3392,0.0,0,20.62,NOT_REVIEWED,NOT_APPROVED
75,18,Автомат АС «Вал»,heavy,4477,0.0,0,6.0,NOT_REVIEWED,NOT_APPROVED
75,10,Карабин Сайга-12,heavy,6356,0.0,601,0.0,NOT_REVIEWED,NOT_APPROVED
75,63,Автомат АК-308,heavy,4222,0.0,0,6.0,NOT_REVIEWED,NOT_APPROVED
75,51,Автомат ЛР-308,heavy,3905,0.0,0,26.0,NOT_REVIEWED,NOT_APPROVED
75,75,Автомат SCAR-H,heavy,4323,0.0,1797,0.0,NOT_REVIEWED,NOT_APPROVED
75,61,Пулемёт M60E6,heavy,3710,0.0,7,0.0,NOT_REVIEWED,NOT_APPROVED
75,59,Пулемёт M240,heavy,3572,0.0,0,3.0,NOT_REVIEWED,NOT_APPROVED
75,71,Пулемёт FN MAG,heavy,3067,0.0,0,9.22,NOT_REVIEWED,NOT_APPROVED
75,77,Пулемёт Negev NG7,heavy,3252,0.0,1497,0.0,NOT_REVIEWED,NOT_APPROVED
75,22,Пулемёт ПКМ,heavy,2352,0.0,0,15.0,NOT_REVIEWED,NOT_APPROVED
75,29,Пулемёт «Печенег»,heavy,3642,0.0,6,0.0,NOT_REVIEWED,NOT_APPROVED
75,53,Пулемёт «Печенег-СП»,heavy,3860,0.0,0,12.0,NOT_REVIEWED,NOT_APPROVED
75,47,Автомат АК-АН «Абакан-100»,heavy,3445,0.0,273,0.0,NOT_REVIEWED,NOT_APPROVED
75,65,Пулемёт «Утёс-М»,heavy,4263,0.0,346,0.0,NOT_REVIEWED,NOT_APPROVED
75,14,Винтовка СКС,heavy,5937,0.0,2622,0.0,NOT_REVIEWED,NOT_APPROVED
75,46,Винтовка SSG 08,heavy,3465,0.0,0,3.0,NOT_REVIEWED,NOT_APPROVED
75,42,Винтовка SR-25,heavy,4012,0.0,0,18.68,NOT_REVIEWED,NOT_APPROVED
75,13,Винтовка СВД,heavy,5513,0.0,1922,0.0,NOT_REVIEWED,NOT_APPROVED
75,24,Винтовка СВДС,heavy,3926,0.0,404,0.0,NOT_REVIEWED,NOT_APPROVED
75,23,Винтовка Т-5000,heavy,3088,0.0,46,0.0,NOT_REVIEWED,NOT_APPROVED
75,28,Винтовка СВ-98,heavy,4529,0.0,615,0.0,NOT_REVIEWED,NOT_APPROVED
75,36,Винтовка СВК,heavy,3077,0.0,182,0.0,NOT_REVIEWED,NOT_APPROVED
75,30,Винтовка ВСС «Винторез»,heavy,4704,0.0,32,0.0,NOT_REVIEWED,NOT_APPROVED
75,40,Винтовка ВСК-94,heavy,4269,0.0,0,4.47,NOT_REVIEWED,NOT_APPROVED
75,31,Винтовка СВ-338,heavy,3720,0.0,1312,0.0,NOT_REVIEWED,NOT_APPROVED
75,27,Винтовка ОРСИС T-5000M,heavy,4045,0.0,108,0.0,NOT_REVIEWED,NOT_APPROVED
75,70,Винтовка Sako TRG-42,heavy,4000,0.0,207,0.0,NOT_REVIEWED,NOT_APPROVED
75,76,Винтовка Blaser R93 Tactical 2,heavy,3795,0.0,1785,0.0,NOT_REVIEWED,NOT_APPROVED
75,39,Винтовка ORSIS T-5000 Sniper Pro,heavy,3825,0.0,1554,0.0,NOT_REVIEWED,NOT_APPROVED
75,60,Винтовка Accuracy International AXMC,heavy,3551,0.0,2342,0.0,NOT_REVIEWED,NOT_APPROVED
75,48,Винтовка Barrett M98B,heavy,2913,0.0,1567,0.0,NOT_REVIEWED,NOT_APPROVED
75,64,Винтовка ORSIS T-5000 Elite,heavy,4033,0.0,1952,0.0,NOT_REVIEWED,NOT_APPROVED
75,33,Винтовка «Выхлоп»,heavy,3501,0.0,51,0.0,NOT_REVIEWED,NOT_APPROVED
75,35,Винтовка ОСВ-96,heavy,3068,0.0,2028,0.0,NOT_REVIEWED,NOT_APPROVED
75,66,Винтовка Zastava M93 Black Arrow,heavy,4341,0.0,2128,0.0,NOT_REVIEWED,NOT_APPROVED
75,52,Винтовка АСВК «Корд»,heavy,3313,0.0,1277,0.0,NOT_REVIEWED,NOT_APPROVED
75,58,Винтовка Steyr HS .50,heavy,5108,0.0,2142,0.0,NOT_REVIEWED,NOT_APPROVED
75,49,Винтовка Barrett M82,heavy,2314,0.0,2009,0.0,NOT_REVIEWED,NOT_APPROVED
75,54,Винтовка McMillan TAC-50,heavy,4476,0.0,520,0.0,NOT_REVIEWED,NOT_APPROVED
75,72,Винтовка Desert Tech HTI,heavy,4147,0.0,34,0.0,NOT_REVIEWED,NOT_APPROVED
75,78,Винтовка Cheytac M200 Intervention,heavy,2697,0.0,433,0.0,NOT_REVIEWED,NOT_APPROVED
75,73,Прототип X-17,heavy,2989,0.0,263,0.0,NOT_REVIEWED,NOT_APPROVED
75,55,Гаусс-пушка,heavy,5896,0.0,884,0.0,NOT_REVIEWED,NOT_APPROVED
75,4,Обрез охотничьего ружья,heavy,7673,0.0,1971,0.0,NOT_REVIEWED,NOT_APPROVED
75,8,ПП «Кедр»,heavy,8579,0.0,0,12.17,NOT_REVIEWED,NOT_APPROVED
75,9,ПП-19 «Бизон»,heavy,6646,0.0,5894,0.0,NOT_REVIEWED,NOT_APPROVED
75,20,Дробовик Сайга-410,heavy,5123,0.0,158,0.0,NOT_REVIEWED,NOT_APPROVED
75,106,Дробовик Mossberg 500,heavy,5554,0.0,4877,0.0,NOT_REVIEWED,NOT_APPROVED
75,107,Дробовик Stoeger P3000,heavy,6057,0.0,4507,0.0,NOT_REVIEWED,NOT_APPROVED
75,108,Дробовик Remington 870,heavy,5688,0.0,3834,0.0,NOT_REVIEWED,NOT_APPROVED
75,109,Дробовик Winchester Model 1300,heavy,5741,0.0,4535,0.0,NOT_REVIEWED,NOT_APPROVED
75,110,Дробовик Ithaca 37,heavy,5710,0.0,4326,0.0,NOT_REVIEWED,NOT_APPROVED
75,111,Дробовик Browning BPS,heavy,5494,0.0,4408,0.0,NOT_REVIEWED,NOT_APPROVED
75,19,Дробовик СПАС-12,heavy,5277,0.0,960,0.0,NOT_REVIEWED,NOT_APPROVED
75,112,Дробовик Winchester SXP Defender,heavy,5113,0.0,343,0.0,NOT_REVIEWED,NOT_APPROVED
75,113,Дробовик Mossberg 590A1,heavy,5631,0.0,4345,0.0,NOT_REVIEWED,NOT_APPROVED
75,114,Дробовик Remington 870 MCS,heavy,4217,0.0,315,0.0,NOT_REVIEWED,NOT_APPROVED
75,32,Дробовик Сайга-12К,heavy,3522,0.0,0,15.13,NOT_REVIEWED,NOT_APPROVED
75,115,Дробовик Benelli Nova,heavy,5652,0.0,4099,0.0,NOT_REVIEWED,NOT_APPROVED
75,116,Дробовик TOZ-194,heavy,5366,0.0,2538,0.0,NOT_REVIEWED,NOT_APPROVED
75,44,Дробовик «Вепрь-12»,heavy,3955,0.0,82,0.0,NOT_REVIEWED,NOT_APPROVED
75,117,Дробовик Remington 1100,heavy,5591,0.0,4187,0.0,NOT_REVIEWED,NOT_APPROVED
75,62,Дробовик Kel-Tec KSG,heavy,4561,0.0,0,5.39,NOT_REVIEWED,NOT_APPROVED
75,118,Дробовик Beretta 1301 Tactical,heavy,4013,0.0,60,0.0,NOT_REVIEWED,NOT_APPROVED
75,50,Дробовик Benelli M4,heavy,4532,0.0,966,0.0,NOT_REVIEWED,NOT_APPROVED
75,119,Дробовик Fabarm STF/12,heavy,4770,0.0,232,0.0,NOT_REVIEWED,NOT_APPROVED
75,56,Дробовик AA-12,heavy,6183,0.0,148,0.0,NOT_REVIEWED,NOT_APPROVED
75,120,Дробовик Winchester SX4,heavy,5735,0.0,3527,0.0,NOT_REVIEWED,NOT_APPROVED
75,121,Дробовик Browning A5,heavy,5760,0.0,3646,0.0,NOT_REVIEWED,NOT_APPROVED
75,68,Дробовик Franchi SPAS-15,heavy,4908,0.0,1242,0.0,NOT_REVIEWED,NOT_APPROVED
75,122,Дробовик Remington 870 Magnum,heavy,6805,0.0,3837,0.0,NOT_REVIEWED,NOT_APPROVED
75,123,Дробовик Benelli Vinci,heavy,5958,0.0,4245,0.0,NOT_REVIEWED,NOT_APPROVED
75,74,Дробовик USAS-12,heavy,3819,0.0,2369,0.0,NOT_REVIEWED,NOT_APPROVED
75,124,Дробовик Ithaca Mag-10,heavy,3669,0.0,0,2.0,NOT_REVIEWED,NOT_APPROVED
75,125,Дробовик Remington SP-10,heavy,4839,0.0,0,7.0,NOT_REVIEWED,NOT_APPROVED
76,86,Beretta 21A Bobcat,pistol,7168,0.0,,,NOT_REVIEWED,NOT_APPROVED
76,2,Пистолет ПСМ,pistol,6795,0.0,,,NOT_REVIEWED,NOT_APPROVED
76,87,Walther PPK,pistol,7048,0.0,,,NOT_REVIEWED,NOT_APPROVED
76,1,Пистолет Макарова,pistol,6785,0.0,,,NOT_REVIEWED,NOT_APPROVED
76,3,Пистолет ИЖ-71,pistol,6607,0.0,,,NOT_REVIEWED,NOT_APPROVED
76,88,Glock 25,pistol,6606,0.0,,,NOT_REVIEWED,NOT_APPROVED
76,5,Пистолет ОЦ-33 «Пернач»,pistol,6729,0.0,,,NOT_REVIEWED,NOT_APPROVED
76,6,Револьвер Наган,pistol,5023,0.0,,,NOT_REVIEWED,NOT_APPROVED
76,89,Walther P99,pistol,6493,0.0,,,NOT_REVIEWED,NOT_APPROVED
76,90,CZ 75,pistol,6266,0.0,,,NOT_REVIEWED,NOT_APPROVED
76,91,Glock 17,pistol,6314,0.0,,,NOT_REVIEWED,NOT_APPROVED
76,92,Beretta 92FS,pistol,5867,0.0,,,NOT_REVIEWED,NOT_APPROVED
76,93,SIG Sauer P226,pistol,7071,0.0,,,NOT_REVIEWED,NOT_APPROVED
76,7,Пистолет ТТ,pistol,6595,0.0,,,NOT_REVIEWED,NOT_APPROVED
76,94,HK USP,pistol,6474,0.0,,,NOT_REVIEWED,NOT_APPROVED
76,95,Glock 22,pistol,6391,0.0,,,NOT_REVIEWED,NOT_APPROVED
76,96,SIG Sauer P229,pistol,7007,0.0,,,NOT_REVIEWED,NOT_APPROVED
76,97,Glock 20,pistol,6980,0.0,,,NOT_REVIEWED,NOT_APPROVED
76,98,Colt 1911,pistol,6405,0.0,,,NOT_REVIEWED,NOT_APPROVED
76,99,Glock 21,pistol,6499,0.0,,,NOT_REVIEWED,NOT_APPROVED
76,100,CZ 97B,pistol,6877,0.0,,,NOT_REVIEWED,NOT_APPROVED
76,101,HK Mark 23,pistol,5672,0.0,,,NOT_REVIEWED,NOT_APPROVED
76,102,Taurus Judge,pistol,5933,0.0,,,NOT_REVIEWED,NOT_APPROVED
76,103,Smith & Wesson Model 29,pistol,4220,0.0,,,NOT_REVIEWED,NOT_APPROVED
76,104,Taurus Raging Bull,pistol,4398,0.0,,,NOT_REVIEWED,NOT_APPROVED
76,105,Desert Eagle Mark XIX,pistol,7707,0.0,,,NOT_REVIEWED,NOT_APPROVED
76,11,Автомат АКС-74У,heavy,5797,0.0,16,0.0,NOT_REVIEWED,NOT_APPROVED
76,12,Автомат АК-74,heavy,5876,0.0,0,8.06,NOT_REVIEWED,NOT_APPROVED
76,37,Автомат АК-107,heavy,4003,0.0,0,31.0,NOT_REVIEWED,NOT_APPROVED
76,21,Автомат АК-12,heavy,5072,0.0,0,23.6,NOT_REVIEWED,NOT_APPROVED
76,26,Автомат АН-94 «Абакан»,heavy,4143,0.0,0,20.02,NOT_REVIEWED,NOT_APPROVED
76,17,Пулемёт РПК-74,heavy,3746,0.0,0,20.0,NOT_REVIEWED,NOT_APPROVED
76,38,Автомат ADAR 2-15,heavy,5376,0.0,0,32.0,NOT_REVIEWED,NOT_APPROVED
76,45,Автомат АК-19,heavy,4347,0.0,0,27.0,NOT_REVIEWED,NOT_APPROVED
76,57,Автомат HK416,heavy,4430,0.0,2050,0.0,NOT_REVIEWED,NOT_APPROVED
76,69,Автомат CZ Bren 2,heavy,4142,0.0,1552,0.0,NOT_REVIEWED,NOT_APPROVED
76,67,Пулемёт Minimi Mk3,heavy,3224,0.0,405,0.0,NOT_REVIEWED,NOT_APPROVED
76,43,Автомат ОЦ-14 «Гроза»,heavy,4690,0.0,0,40.0,NOT_REVIEWED,NOT_APPROVED
76,16,Карабин «Вепрь»,heavy,5558,0.0,0,14.0,NOT_REVIEWED,NOT_APPROVED
76,15,Автомат АК-103,heavy,4704,0.0,0,20.4,NOT_REVIEWED,NOT_APPROVED
76,25,Пулемёт РПД,heavy,3335,0.0,0,22.0,NOT_REVIEWED,NOT_APPROVED
76,18,Автомат АС «Вал»,heavy,4385,0.0,0,26.0,NOT_REVIEWED,NOT_APPROVED
76,10,Карабин Сайга-12,heavy,6131,0.0,0,9.0,NOT_REVIEWED,NOT_APPROVED
76,63,Автомат АК-308,heavy,4136,0.0,0,17.69,NOT_REVIEWED,NOT_APPROVED
76,51,Автомат ЛР-308,heavy,3822,0.0,0,50.29,NOT_REVIEWED,NOT_APPROVED
76,75,Автомат SCAR-H,heavy,4189,0.0,1410,0.0,NOT_REVIEWED,NOT_APPROVED
76,61,Пулемёт M60E6,heavy,3650,0.0,0,10.2,NOT_REVIEWED,NOT_APPROVED
76,59,Пулемёт M240,heavy,3548,0.0,0,25.0,NOT_REVIEWED,NOT_APPROVED
76,71,Пулемёт FN MAG,heavy,3011,0.0,0,24.0,NOT_REVIEWED,NOT_APPROVED
76,77,Пулемёт Negev NG7,heavy,3146,0.0,605,0.0,NOT_REVIEWED,NOT_APPROVED
76,22,Пулемёт ПКМ,heavy,2281,0.0,0,15.13,NOT_REVIEWED,NOT_APPROVED
76,29,Пулемёт «Печенег»,heavy,3600,0.0,0,21.0,NOT_REVIEWED,NOT_APPROVED
76,53,Пулемёт «Печенег-СП»,heavy,3837,0.0,0,20.88,NOT_REVIEWED,NOT_APPROVED
76,47,Автомат АК-АН «Абакан-100»,heavy,3336,0.0,161,0.0,NOT_REVIEWED,NOT_APPROVED
76,65,Пулемёт «Утёс-М»,heavy,4053,0.0,61,0.0,NOT_REVIEWED,NOT_APPROVED
76,14,Винтовка СКС,heavy,5723,0.0,851,0.0,NOT_REVIEWED,NOT_APPROVED
76,46,Винтовка SSG 08,heavy,3425,0.0,0,19.1,NOT_REVIEWED,NOT_APPROVED
76,42,Винтовка SR-25,heavy,3922,0.0,0,43.1,NOT_REVIEWED,NOT_APPROVED
76,13,Винтовка СВД,heavy,5286,0.0,230,0.0,NOT_REVIEWED,NOT_APPROVED
76,24,Винтовка СВДС,heavy,3762,0.0,0,12.37,NOT_REVIEWED,NOT_APPROVED
76,23,Винтовка Т-5000,heavy,3062,0.0,0,21.0,NOT_REVIEWED,NOT_APPROVED
76,28,Винтовка СВ-98,heavy,4387,0.0,0,4.0,NOT_REVIEWED,NOT_APPROVED
76,36,Винтовка СВК,heavy,3059,0.0,42,0.0,NOT_REVIEWED,NOT_APPROVED
76,30,Винтовка ВСС «Винторез»,heavy,4641,0.0,0,13.34,NOT_REVIEWED,NOT_APPROVED
76,40,Винтовка ВСК-94,heavy,4217,0.0,0,18.25,NOT_REVIEWED,NOT_APPROVED
76,31,Винтовка СВ-338,heavy,3606,0.0,49,0.0,NOT_REVIEWED,NOT_APPROVED
76,27,Винтовка ОРСИС T-5000M,heavy,3868,0.0,0,13.15,NOT_REVIEWED,NOT_APPROVED
76,70,Винтовка Sako TRG-42,heavy,3940,0.0,0,9.06,NOT_REVIEWED,NOT_APPROVED
76,76,Винтовка Blaser R93 Tactical 2,heavy,3702,0.0,765,0.0,NOT_REVIEWED,NOT_APPROVED
76,39,Винтовка ORSIS T-5000 Sniper Pro,heavy,3687,0.0,480,0.0,NOT_REVIEWED,NOT_APPROVED
76,60,Винтовка Accuracy International AXMC,heavy,3387,0.0,1057,0.0,NOT_REVIEWED,NOT_APPROVED
76,48,Винтовка Barrett M98B,heavy,2809,0.0,663,0.0,NOT_REVIEWED,NOT_APPROVED
76,64,Винтовка ORSIS T-5000 Elite,heavy,3911,0.0,1383,0.0,NOT_REVIEWED,NOT_APPROVED
76,33,Винтовка «Выхлоп»,heavy,3429,0.0,0,21.38,NOT_REVIEWED,NOT_APPROVED
76,35,Винтовка ОСВ-96,heavy,2998,0.0,1415,0.0,NOT_REVIEWED,NOT_APPROVED
76,66,Винтовка Zastava M93 Black Arrow,heavy,4154,0.0,886,0.0,NOT_REVIEWED,NOT_APPROVED
76,52,Винтовка АСВК «Корд»,heavy,3256,0.0,576,0.0,NOT_REVIEWED,NOT_APPROVED
76,58,Винтовка Steyr HS .50,heavy,4908,0.0,612,0.0,NOT_REVIEWED,NOT_APPROVED
76,49,Винтовка Barrett M82,heavy,2215,0.0,959,0.0,NOT_REVIEWED,NOT_APPROVED
76,54,Винтовка McMillan TAC-50,heavy,4340,0.0,776,0.0,NOT_REVIEWED,NOT_APPROVED
76,72,Винтовка Desert Tech HTI,heavy,4070,0.0,0,22.2,NOT_REVIEWED,NOT_APPROVED
76,78,Винтовка Cheytac M200 Intervention,heavy,2677,0.0,223,0.0,NOT_REVIEWED,NOT_APPROVED
76,73,Прототип X-17,heavy,2786,0.0,0,10.0,NOT_REVIEWED,NOT_APPROVED
76,55,Гаусс-пушка,heavy,5715,0.0,375,0.0,NOT_REVIEWED,NOT_APPROVED
76,4,Обрез охотничьего ружья,heavy,7446,0.0,388,0.0,NOT_REVIEWED,NOT_APPROVED
76,8,ПП «Кедр»,heavy,8352,0.0,0,14.87,NOT_REVIEWED,NOT_APPROVED
76,9,ПП-19 «Бизон»,heavy,6419,0.0,4027,0.0,NOT_REVIEWED,NOT_APPROVED
76,20,Дробовик Сайга-410,heavy,4938,0.0,0,16.16,NOT_REVIEWED,NOT_APPROVED
76,106,Дробовик Mossberg 500,heavy,5340,0.0,2975,0.0,NOT_REVIEWED,NOT_APPROVED
76,107,Дробовик Stoeger P3000,heavy,5816,0.0,2656,0.0,NOT_REVIEWED,NOT_APPROVED
76,108,Дробовик Remington 870,heavy,5461,0.0,1962,0.0,NOT_REVIEWED,NOT_APPROVED
76,109,Дробовик Winchester Model 1300,heavy,5514,0.0,2685,0.0,NOT_REVIEWED,NOT_APPROVED
76,110,Дробовик Ithaca 37,heavy,5504,0.0,2442,0.0,NOT_REVIEWED,NOT_APPROVED
76,111,Дробовик Browning BPS,heavy,5253,0.0,2579,0.0,NOT_REVIEWED,NOT_APPROVED
76,19,Дробовик СПАС-12,heavy,5184,0.0,5,0.0,NOT_REVIEWED,NOT_APPROVED
76,112,Дробовик Winchester SXP Defender,heavy,5016,0.0,0,16.0,NOT_REVIEWED,NOT_APPROVED
76,113,Дробовик Mossberg 590A1,heavy,5412,0.0,2452,0.0,NOT_REVIEWED,NOT_APPROVED
76,114,Дробовик Remington 870 MCS,heavy,4132,0.0,0,14.0,NOT_REVIEWED,NOT_APPROVED
76,32,Дробовик Сайга-12К,heavy,3444,0.0,0,38.0,NOT_REVIEWED,NOT_APPROVED
76,115,Дробовик Benelli Nova,heavy,5425,0.0,2277,0.0,NOT_REVIEWED,NOT_APPROVED
76,116,Дробовик TOZ-194,heavy,5139,0.0,803,0.0,NOT_REVIEWED,NOT_APPROVED
76,44,Дробовик «Вепрь-12»,heavy,3913,0.0,0,21.0,NOT_REVIEWED,NOT_APPROVED
76,117,Дробовик Remington 1100,heavy,5364,0.0,2363,0.0,NOT_REVIEWED,NOT_APPROVED
76,62,Дробовик Kel-Tec KSG,heavy,4443,0.0,0,28.0,NOT_REVIEWED,NOT_APPROVED
76,118,Дробовик Beretta 1301 Tactical,heavy,3892,0.0,0,22.0,NOT_REVIEWED,NOT_APPROVED
76,50,Дробовик Benelli M4,heavy,4391,0.0,0,6.0,NOT_REVIEWED,NOT_APPROVED
76,119,Дробовик Fabarm STF/12,heavy,4651,0.0,0,14.14,NOT_REVIEWED,NOT_APPROVED
76,56,Дробовик AA-12,heavy,6036,0.0,0,7.07,NOT_REVIEWED,NOT_APPROVED
76,120,Дробовик Winchester SX4,heavy,5508,0.0,1724,0.0,NOT_REVIEWED,NOT_APPROVED
76,121,Дробовик Browning A5,heavy,5533,0.0,1843,0.0,NOT_REVIEWED,NOT_APPROVED
76,68,Дробовик Franchi SPAS-15,heavy,4786,0.0,0,3.0,NOT_REVIEWED,NOT_APPROVED
76,122,Дробовик Remington 870 Magnum,heavy,6603,0.0,2027,0.0,NOT_REVIEWED,NOT_APPROVED
76,123,Дробовик Benelli Vinci,heavy,5731,0.0,2419,0.0,NOT_REVIEWED,NOT_APPROVED
76,74,Дробовик USAS-12,heavy,3746,0.0,2252,0.0,NOT_REVIEWED,NOT_APPROVED
76,124,Дробовик Ithaca Mag-10,heavy,3584,0.0,0,27.0,NOT_REVIEWED,NOT_APPROVED
76,125,Дробовик Remington SP-10,heavy,4751,0.0,0,30.0,NOT_REVIEWED,NOT_APPROVED
77,86,Beretta 21A Bobcat,pistol,7839,0.0,,,NOT_REVIEWED,NOT_APPROVED
77,2,Пистолет ПСМ,pistol,7250,0.0,,,NOT_REVIEWED,NOT_APPROVED
77,87,Walther PPK,pistol,7673,0.0,,,NOT_REVIEWED,NOT_APPROVED
77,1,Пистолет Макарова,pistol,7146,0.0,,,NOT_REVIEWED,NOT_APPROVED
77,3,Пистолет ИЖ-71,pistol,6624,0.0,,,NOT_REVIEWED,NOT_APPROVED
77,88,Glock 25,pistol,6864,0.0,,,NOT_REVIEWED,NOT_APPROVED
77,5,Пистолет ОЦ-33 «Пернач»,pistol,7208,0.0,,,NOT_REVIEWED,NOT_APPROVED
77,6,Револьвер Наган,pistol,5030,0.0,,,NOT_REVIEWED,NOT_APPROVED
77,89,Walther P99,pistol,6914,0.0,,,NOT_REVIEWED,NOT_APPROVED
77,90,CZ 75,pistol,6671,0.0,,,NOT_REVIEWED,NOT_APPROVED
77,91,Glock 17,pistol,6690,0.0,,,NOT_REVIEWED,NOT_APPROVED
77,92,Beretta 92FS,pistol,6500,0.0,,,NOT_REVIEWED,NOT_APPROVED
77,93,SIG Sauer P226,pistol,7754,0.0,,,NOT_REVIEWED,NOT_APPROVED
77,7,Пистолет ТТ,pistol,7259,0.0,,,NOT_REVIEWED,NOT_APPROVED
77,94,HK USP,pistol,7006,0.0,,,NOT_REVIEWED,NOT_APPROVED
77,95,Glock 22,pistol,6791,0.0,,,NOT_REVIEWED,NOT_APPROVED
77,96,SIG Sauer P229,pistol,7671,0.0,,,NOT_REVIEWED,NOT_APPROVED
77,97,Glock 20,pistol,7469,0.0,,,NOT_REVIEWED,NOT_APPROVED
77,98,Colt 1911,pistol,6985,0.0,,,NOT_REVIEWED,NOT_APPROVED
77,99,Glock 21,pistol,6933,0.0,,,NOT_REVIEWED,NOT_APPROVED
77,100,CZ 97B,pistol,7415,0.0,,,NOT_REVIEWED,NOT_APPROVED
77,101,HK Mark 23,pistol,6336,0.0,,,NOT_REVIEWED,NOT_APPROVED
77,102,Taurus Judge,pistol,6111,0.0,,,NOT_REVIEWED,NOT_APPROVED
77,103,Smith & Wesson Model 29,pistol,4383,0.0,,,NOT_REVIEWED,NOT_APPROVED
77,104,Taurus Raging Bull,pistol,4749,0.0,,,NOT_REVIEWED,NOT_APPROVED
77,105,Desert Eagle Mark XIX,pistol,8593,0.0,,,NOT_REVIEWED,NOT_APPROVED
77,11,Автомат АКС-74У,heavy,5979,0.0,250,0.0,NOT_REVIEWED,NOT_APPROVED
77,12,Автомат АК-74,heavy,6103,0.0,714,0.0,NOT_REVIEWED,NOT_APPROVED
77,37,Автомат АК-107,heavy,4110,0.0,0,14.04,NOT_REVIEWED,NOT_APPROVED
77,21,Автомат АК-12,heavy,5161,0.0,0,14.0,NOT_REVIEWED,NOT_APPROVED
77,26,Автомат АН-94 «Абакан»,heavy,4230,0.0,0,4.0,NOT_REVIEWED,NOT_APPROVED
77,17,Пулемёт РПК-74,heavy,3796,0.0,3,0.0,NOT_REVIEWED,NOT_APPROVED
77,38,Автомат ADAR 2-15,heavy,5510,0.0,0,5.83,NOT_REVIEWED,NOT_APPROVED
77,45,Автомат АК-19,heavy,4424,0.0,0,1.41,NOT_REVIEWED,NOT_APPROVED
77,57,Автомат HK416,heavy,4536,0.0,1458,0.0,NOT_REVIEWED,NOT_APPROVED
77,69,Автомат CZ Bren 2,heavy,4222,0.0,0,11.0,NOT_REVIEWED,NOT_APPROVED
77,67,Пулемёт Minimi Mk3,heavy,3250,0.0,1882,0.0,NOT_REVIEWED,NOT_APPROVED
77,43,Автомат ОЦ-14 «Гроза»,heavy,4768,0.0,0,28.79,NOT_REVIEWED,NOT_APPROVED
77,16,Карабин «Вепрь»,heavy,5720,0.0,47,0.0,NOT_REVIEWED,NOT_APPROVED
77,15,Автомат АК-103,heavy,4777,0.0,5,0.0,NOT_REVIEWED,NOT_APPROVED
77,25,Пулемёт РПД,heavy,3392,0.0,0,17.12,NOT_REVIEWED,NOT_APPROVED
77,18,Автомат АС «Вал»,heavy,4486,0.0,0,8.0,NOT_REVIEWED,NOT_APPROVED
77,10,Карабин Сайга-12,heavy,6356,0.0,832,0.0,NOT_REVIEWED,NOT_APPROVED
77,63,Автомат АК-308,heavy,4222,0.0,0,8.94,NOT_REVIEWED,NOT_APPROVED
77,51,Автомат ЛР-308,heavy,3905,0.0,0,25.0,NOT_REVIEWED,NOT_APPROVED
77,75,Автомат SCAR-H,heavy,4323,0.0,578,0.0,NOT_REVIEWED,NOT_APPROVED
77,61,Пулемёт M60E6,heavy,3705,0.0,1451,0.0,NOT_REVIEWED,NOT_APPROVED
77,59,Пулемёт M240,heavy,3572,0.0,0,8.94,NOT_REVIEWED,NOT_APPROVED
77,71,Пулемёт FN MAG,heavy,3067,0.0,291,0.0,NOT_REVIEWED,NOT_APPROVED
77,77,Пулемёт Negev NG7,heavy,3246,0.0,1941,0.0,NOT_REVIEWED,NOT_APPROVED
77,22,Пулемёт ПКМ,heavy,2352,0.0,0,8.54,NOT_REVIEWED,NOT_APPROVED
77,29,Пулемёт «Печенег»,heavy,3642,0.0,0,4.12,NOT_REVIEWED,NOT_APPROVED
77,53,Пулемёт «Печенег-СП»,heavy,3848,0.0,704,0.0,NOT_REVIEWED,NOT_APPROVED
77,47,Автомат АК-АН «Абакан-100»,heavy,3445,0.0,196,0.0,NOT_REVIEWED,NOT_APPROVED
77,65,Пулемёт «Утёс-М»,heavy,4274,0.0,1688,0.0,NOT_REVIEWED,NOT_APPROVED
77,14,Винтовка СКС,heavy,5950,0.0,2605,0.0,NOT_REVIEWED,NOT_APPROVED
77,46,Винтовка SSG 08,heavy,3459,0.0,429,0.0,NOT_REVIEWED,NOT_APPROVED
77,42,Винтовка SR-25,heavy,4012,0.0,0,17.12,NOT_REVIEWED,NOT_APPROVED
77,13,Винтовка СВД,heavy,5513,0.0,2054,0.0,NOT_REVIEWED,NOT_APPROVED
77,24,Винтовка СВДС,heavy,3921,0.0,562,0.0,NOT_REVIEWED,NOT_APPROVED
77,23,Винтовка Т-5000,heavy,3088,0.0,99,0.0,NOT_REVIEWED,NOT_APPROVED
77,28,Винтовка СВ-98,heavy,4517,0.0,700,0.0,NOT_REVIEWED,NOT_APPROVED
77,36,Винтовка СВК,heavy,3077,0.0,1724,0.0,NOT_REVIEWED,NOT_APPROVED
77,30,Винтовка ВСС «Винторез»,heavy,4692,0.0,75,0.0,NOT_REVIEWED,NOT_APPROVED
77,40,Винтовка ВСК-94,heavy,4284,0.0,0,8.54,NOT_REVIEWED,NOT_APPROVED
77,31,Винтовка СВ-338,heavy,3721,0.0,1991,0.0,NOT_REVIEWED,NOT_APPROVED
77,27,Винтовка ОРСИС T-5000M,heavy,4050,0.0,586,0.0,NOT_REVIEWED,NOT_APPROVED
77,70,Винтовка Sako TRG-42,heavy,3958,0.0,1165,0.0,NOT_REVIEWED,NOT_APPROVED
77,76,Винтовка Blaser R93 Tactical 2,heavy,3818,0.0,2049,0.0,NOT_REVIEWED,NOT_APPROVED
77,39,Винтовка ORSIS T-5000 Sniper Pro,heavy,3843,0.0,2079,0.0,NOT_REVIEWED,NOT_APPROVED
77,60,Винтовка Accuracy International AXMC,heavy,3550,0.0,2413,0.0,NOT_REVIEWED,NOT_APPROVED
77,48,Винтовка Barrett M98B,heavy,2907,0.0,1648,0.0,NOT_REVIEWED,NOT_APPROVED
77,64,Винтовка ORSIS T-5000 Elite,heavy,4011,0.0,397,0.0,NOT_REVIEWED,NOT_APPROVED
77,33,Винтовка «Выхлоп»,heavy,3501,0.0,192,0.0,NOT_REVIEWED,NOT_APPROVED
77,35,Винтовка ОСВ-96,heavy,3068,0.0,1062,0.0,NOT_REVIEWED,NOT_APPROVED
77,66,Винтовка Zastava M93 Black Arrow,heavy,4343,0.0,2052,0.0,NOT_REVIEWED,NOT_APPROVED
77,52,Винтовка АСВК «Корд»,heavy,3313,0.0,1927,0.0,NOT_REVIEWED,NOT_APPROVED
77,58,Винтовка Steyr HS .50,heavy,5108,0.0,2894,0.0,NOT_REVIEWED,NOT_APPROVED
77,49,Винтовка Barrett M82,heavy,2314,0.0,2269,0.0,NOT_REVIEWED,NOT_APPROVED
77,54,Винтовка McMillan TAC-50,heavy,4482,0.0,0,2.0,NOT_REVIEWED,NOT_APPROVED
77,72,Винтовка Desert Tech HTI,heavy,4150,0.0,40,0.0,NOT_REVIEWED,NOT_APPROVED
77,78,Винтовка Cheytac M200 Intervention,heavy,2692,0.0,1078,0.0,NOT_REVIEWED,NOT_APPROVED
77,73,Прототип X-17,heavy,2989,0.0,94,0.0,NOT_REVIEWED,NOT_APPROVED
77,55,Гаусс-пушка,heavy,5795,0.0,490,0.0,NOT_REVIEWED,NOT_APPROVED
77,4,Обрез охотничьего ружья,heavy,7673,0.0,1948,0.0,NOT_REVIEWED,NOT_APPROVED
77,8,ПП «Кедр»,heavy,8529,0.0,0,18.03,NOT_REVIEWED,NOT_APPROVED
77,9,ПП-19 «Бизон»,heavy,6646,0.0,5851,0.0,NOT_REVIEWED,NOT_APPROVED
77,20,Дробовик Сайга-410,heavy,5118,0.0,214,0.0,NOT_REVIEWED,NOT_APPROVED
77,106,Дробовик Mossberg 500,heavy,5567,0.0,5206,0.0,NOT_REVIEWED,NOT_APPROVED
77,107,Дробовик Stoeger P3000,heavy,6043,0.0,4899,0.0,NOT_REVIEWED,NOT_APPROVED
77,108,Дробовик Remington 870,heavy,5688,0.0,4259,0.0,NOT_REVIEWED,NOT_APPROVED
77,109,Дробовик Winchester Model 1300,heavy,5741,0.0,4839,0.0,NOT_REVIEWED,NOT_APPROVED
77,110,Дробовик Ithaca 37,heavy,5731,0.0,4732,0.0,NOT_REVIEWED,NOT_APPROVED
77,111,Дробовик Browning BPS,heavy,5480,0.0,4660,0.0,NOT_REVIEWED,NOT_APPROVED
77,19,Дробовик СПАС-12,heavy,5277,0.0,1527,0.0,NOT_REVIEWED,NOT_APPROVED
77,112,Дробовик Winchester SXP Defender,heavy,5113,0.0,523,0.0,NOT_REVIEWED,NOT_APPROVED
77,113,Дробовик Mossberg 590A1,heavy,5639,0.0,4808,0.0,NOT_REVIEWED,NOT_APPROVED
77,114,Дробовик Remington 870 MCS,heavy,4223,0.0,216,0.0,NOT_REVIEWED,NOT_APPROVED
77,32,Дробовик Сайга-12К,heavy,3522,0.0,0,16.12,NOT_REVIEWED,NOT_APPROVED
77,115,Дробовик Benelli Nova,heavy,5652,0.0,4367,0.0,NOT_REVIEWED,NOT_APPROVED
77,116,Дробовик TOZ-194,heavy,5366,0.0,2667,0.0,NOT_REVIEWED,NOT_APPROVED
77,44,Дробовик «Вепрь-12»,heavy,3955,0.0,43,0.0,NOT_REVIEWED,NOT_APPROVED
77,117,Дробовик Remington 1100,heavy,5591,0.0,4391,0.0,NOT_REVIEWED,NOT_APPROVED
77,62,Дробовик Kel-Tec KSG,heavy,4561,0.0,0,9.85,NOT_REVIEWED,NOT_APPROVED
77,118,Дробовик Beretta 1301 Tactical,heavy,4002,0.0,146,0.0,NOT_REVIEWED,NOT_APPROVED
77,50,Дробовик Benelli M4,heavy,4528,0.0,1458,0.0,NOT_REVIEWED,NOT_APPROVED
77,119,Дробовик Fabarm STF/12,heavy,4786,0.0,313,0.0,NOT_REVIEWED,NOT_APPROVED
77,56,Дробовик AA-12,heavy,6157,0.0,721,0.0,NOT_REVIEWED,NOT_APPROVED
77,120,Дробовик Winchester SX4,heavy,5735,0.0,3753,0.0,NOT_REVIEWED,NOT_APPROVED
77,121,Дробовик Browning A5,heavy,5760,0.0,3577,0.0,NOT_REVIEWED,NOT_APPROVED
77,68,Дробовик Franchi SPAS-15,heavy,4896,0.0,1649,0.0,NOT_REVIEWED,NOT_APPROVED
77,122,Дробовик Remington 870 Magnum,heavy,6830,0.0,4117,0.0,NOT_REVIEWED,NOT_APPROVED
77,123,Дробовик Benelli Vinci,heavy,5958,0.0,4531,0.0,NOT_REVIEWED,NOT_APPROVED
77,74,Дробовик USAS-12,heavy,3813,0.0,0,3.0,NOT_REVIEWED,NOT_APPROVED
77,124,Дробовик Ithaca Mag-10,heavy,3674,0.0,0,5.1,NOT_REVIEWED,NOT_APPROVED
77,125,Дробовик Remington SP-10,heavy,4839,0.0,0,7.07,NOT_REVIEWED,NOT_APPROVED
78,86,Beretta 21A Bobcat,pistol,7539,0.0,,,NOT_REVIEWED,NOT_APPROVED
78,2,Пистолет ПСМ,pistol,7121,0.0,,,NOT_REVIEWED,NOT_APPROVED
78,87,Walther PPK,pistol,7444,0.0,,,NOT_REVIEWED,NOT_APPROVED
78,1,Пистолет Макарова,pistol,7013,0.0,,,NOT_REVIEWED,NOT_APPROVED
78,3,Пистолет ИЖ-71,pistol,6595,0.0,,,NOT_REVIEWED,NOT_APPROVED
78,88,Glock 25,pistol,6821,0.0,,,NOT_REVIEWED,NOT_APPROVED
78,5,Пистолет ОЦ-33 «Пернач»,pistol,7056,0.0,,,NOT_REVIEWED,NOT_APPROVED
78,6,Револьвер Наган,pistol,4979,0.0,,,NOT_REVIEWED,NOT_APPROVED
78,89,Walther P99,pistol,6755,0.0,,,NOT_REVIEWED,NOT_APPROVED
78,90,CZ 75,pistol,6618,0.0,,,NOT_REVIEWED,NOT_APPROVED
78,91,Glock 17,pistol,6613,0.0,,,NOT_REVIEWED,NOT_APPROVED
78,92,Beretta 92FS,pistol,6231,0.0,,,NOT_REVIEWED,NOT_APPROVED
78,93,SIG Sauer P226,pistol,7447,0.0,,,NOT_REVIEWED,NOT_APPROVED
78,7,Пистолет ТТ,pistol,6974,0.0,,,NOT_REVIEWED,NOT_APPROVED
78,94,HK USP,pistol,6807,0.0,,,NOT_REVIEWED,NOT_APPROVED
78,95,Glock 22,pistol,6656,0.0,,,NOT_REVIEWED,NOT_APPROVED
78,96,SIG Sauer P229,pistol,7387,0.0,,,NOT_REVIEWED,NOT_APPROVED
78,97,Glock 20,pistol,7253,0.0,,,NOT_REVIEWED,NOT_APPROVED
78,98,Colt 1911,pistol,6782,0.0,,,NOT_REVIEWED,NOT_APPROVED
78,99,Glock 21,pistol,6823,0.0,,,NOT_REVIEWED,NOT_APPROVED
78,100,CZ 97B,pistol,7168,0.0,,,NOT_REVIEWED,NOT_APPROVED
78,101,HK Mark 23,pistol,6043,0.0,,,NOT_REVIEWED,NOT_APPROVED
78,102,Taurus Judge,pistol,6023,0.0,,,NOT_REVIEWED,NOT_APPROVED
78,103,Smith & Wesson Model 29,pistol,4177,0.0,,,NOT_REVIEWED,NOT_APPROVED
78,104,Taurus Raging Bull,pistol,4546,0.0,,,NOT_REVIEWED,NOT_APPROVED
78,105,Desert Eagle Mark XIX,pistol,8036,0.0,,,NOT_REVIEWED,NOT_APPROVED
78,11,Автомат АКС-74У,heavy,5979,0.0,3661,0.0,NOT_REVIEWED,NOT_APPROVED
78,12,Автомат АК-74,heavy,6103,0.0,3897,0.0,NOT_REVIEWED,NOT_APPROVED
78,37,Автомат АК-107,heavy,4110,0.0,1499,0.0,NOT_REVIEWED,NOT_APPROVED
78,21,Автомат АК-12,heavy,5161,0.0,1283,0.0,NOT_REVIEWED,NOT_APPROVED
78,26,Автомат АН-94 «Абакан»,heavy,4230,0.0,2332,0.0,NOT_REVIEWED,NOT_APPROVED
78,17,Пулемёт РПК-74,heavy,3796,0.0,2531,0.0,NOT_REVIEWED,NOT_APPROVED
78,38,Автомат ADAR 2-15,heavy,5510,0.0,2122,0.0,NOT_REVIEWED,NOT_APPROVED
78,45,Автомат АК-19,heavy,4424,0.0,2140,0.0,NOT_REVIEWED,NOT_APPROVED
78,57,Автомат HK416,heavy,4536,0.0,2125,0.0,NOT_REVIEWED,NOT_APPROVED
78,69,Автомат CZ Bren 2,heavy,4222,0.0,1729,0.0,NOT_REVIEWED,NOT_APPROVED
78,67,Пулемёт Minimi Mk3,heavy,3250,0.0,3493,0.0,NOT_REVIEWED,NOT_APPROVED
78,43,Автомат ОЦ-14 «Гроза»,heavy,4768,0.0,26,0.0,NOT_REVIEWED,NOT_APPROVED
78,16,Карабин «Вепрь»,heavy,5720,0.0,3053,0.0,NOT_REVIEWED,NOT_APPROVED
78,15,Автомат АК-103,heavy,4777,0.0,2756,0.0,NOT_REVIEWED,NOT_APPROVED
78,25,Пулемёт РПД,heavy,3392,0.0,722,0.0,NOT_REVIEWED,NOT_APPROVED
78,18,Автомат АС «Вал»,heavy,4486,0.0,2245,0.0,NOT_REVIEWED,NOT_APPROVED
78,10,Карабин Сайга-12,heavy,6356,0.0,4290,0.0,NOT_REVIEWED,NOT_APPROVED
78,63,Автомат АК-308,heavy,4222,0.0,1798,0.0,NOT_REVIEWED,NOT_APPROVED
78,51,Автомат ЛР-308,heavy,3905,0.0,398,0.0,NOT_REVIEWED,NOT_APPROVED
78,75,Автомат SCAR-H,heavy,4323,0.0,1042,0.0,NOT_REVIEWED,NOT_APPROVED
78,61,Пулемёт M60E6,heavy,3705,0.0,3473,0.0,NOT_REVIEWED,NOT_APPROVED
78,59,Пулемёт M240,heavy,3572,0.0,1826,0.0,NOT_REVIEWED,NOT_APPROVED
78,71,Пулемёт FN MAG,heavy,3067,0.0,2050,0.0,NOT_REVIEWED,NOT_APPROVED
78,77,Пулемёт Negev NG7,heavy,3246,0.0,2734,0.0,NOT_REVIEWED,NOT_APPROVED
78,22,Пулемёт ПКМ,heavy,2352,0.0,1121,0.0,NOT_REVIEWED,NOT_APPROVED
78,29,Пулемёт «Печенег»,heavy,3642,0.0,2518,0.0,NOT_REVIEWED,NOT_APPROVED
78,53,Пулемёт «Печенег-СП»,heavy,3848,0.0,1883,0.0,NOT_REVIEWED,NOT_APPROVED
78,47,Автомат АК-АН «Абакан-100»,heavy,3445,0.0,3369,0.0,NOT_REVIEWED,NOT_APPROVED
78,65,Пулемёт «Утёс-М»,heavy,4274,0.0,4063,0.0,NOT_REVIEWED,NOT_APPROVED
78,14,Винтовка СКС,heavy,5922,0.0,5455,0.0,NOT_REVIEWED,NOT_APPROVED
78,46,Винтовка SSG 08,heavy,3459,0.0,2708,0.0,NOT_REVIEWED,NOT_APPROVED
78,42,Винтовка SR-25,heavy,4012,0.0,792,0.0,NOT_REVIEWED,NOT_APPROVED
78,13,Винтовка СВД,heavy,5513,0.0,3830,0.0,NOT_REVIEWED,NOT_APPROVED
78,24,Винтовка СВДС,heavy,3921,0.0,3931,0.0,NOT_REVIEWED,NOT_APPROVED
78,23,Винтовка Т-5000,heavy,3088,0.0,2985,0.0,NOT_REVIEWED,NOT_APPROVED
78,28,Винтовка СВ-98,heavy,4517,0.0,3829,0.0,NOT_REVIEWED,NOT_APPROVED
78,36,Винтовка СВК,heavy,3077,0.0,3506,0.0,NOT_REVIEWED,NOT_APPROVED
78,30,Винтовка ВСС «Винторез»,heavy,4692,0.0,3240,0.0,NOT_REVIEWED,NOT_APPROVED
78,40,Винтовка ВСК-94,heavy,4284,0.0,560,0.0,NOT_REVIEWED,NOT_APPROVED
78,31,Винтовка СВ-338,heavy,3721,0.0,4506,0.0,NOT_REVIEWED,NOT_APPROVED
78,27,Винтовка ОРСИС T-5000M,heavy,4050,0.0,3788,0.0,NOT_REVIEWED,NOT_APPROVED
78,70,Винтовка Sako TRG-42,heavy,3958,0.0,3653,0.0,NOT_REVIEWED,NOT_APPROVED
78,76,Винтовка Blaser R93 Tactical 2,heavy,3818,0.0,4552,0.0,NOT_REVIEWED,NOT_APPROVED
78,39,Винтовка ORSIS T-5000 Sniper Pro,heavy,3843,0.0,3864,0.0,NOT_REVIEWED,NOT_APPROVED
78,60,Винтовка Accuracy International AXMC,heavy,3550,0.0,4560,0.0,NOT_REVIEWED,NOT_APPROVED
78,48,Винтовка Barrett M98B,heavy,2907,0.0,4236,0.0,NOT_REVIEWED,NOT_APPROVED
78,64,Винтовка ORSIS T-5000 Elite,heavy,4011,0.0,3443,0.0,NOT_REVIEWED,NOT_APPROVED
78,33,Винтовка «Выхлоп»,heavy,3501,0.0,3391,0.0,NOT_REVIEWED,NOT_APPROVED
78,35,Винтовка ОСВ-96,heavy,3068,0.0,2019,0.0,NOT_REVIEWED,NOT_APPROVED
78,66,Винтовка Zastava M93 Black Arrow,heavy,4343,0.0,4135,0.0,NOT_REVIEWED,NOT_APPROVED
78,52,Винтовка АСВК «Корд»,heavy,3313,0.0,3880,0.0,NOT_REVIEWED,NOT_APPROVED
78,58,Винтовка Steyr HS .50,heavy,5108,0.0,4613,0.0,NOT_REVIEWED,NOT_APPROVED
78,49,Винтовка Barrett M82,heavy,2314,0.0,3916,0.0,NOT_REVIEWED,NOT_APPROVED
78,54,Винтовка McMillan TAC-50,heavy,4482,0.0,2784,0.0,NOT_REVIEWED,NOT_APPROVED
78,72,Винтовка Desert Tech HTI,heavy,4150,0.0,3095,0.0,NOT_REVIEWED,NOT_APPROVED
78,78,Винтовка Cheytac M200 Intervention,heavy,2692,0.0,2606,0.0,NOT_REVIEWED,NOT_APPROVED
78,73,Прототип X-17,heavy,2861,0.0,2000,0.0,NOT_REVIEWED,NOT_APPROVED
78,55,Гаусс-пушка,heavy,5721,0.0,3734,0.0,NOT_REVIEWED,NOT_APPROVED
78,4,Обрез охотничьего ружья,heavy,7605,0.0,5335,0.0,NOT_REVIEWED,NOT_APPROVED
78,8,ПП «Кедр»,heavy,8579,0.0,684,0.0,NOT_REVIEWED,NOT_APPROVED
78,9,ПП-19 «Бизон»,heavy,6646,0.0,6644,0.0,NOT_REVIEWED,NOT_APPROVED
78,20,Дробовик Сайга-410,heavy,5118,0.0,3450,0.0,NOT_REVIEWED,NOT_APPROVED
78,106,Дробовик Mossberg 500,heavy,5534,0.0,4519,0.0,NOT_REVIEWED,NOT_APPROVED
78,107,Дробовик Stoeger P3000,heavy,6043,0.0,5058,0.0,NOT_REVIEWED,NOT_APPROVED
78,108,Дробовик Remington 870,heavy,5679,0.0,5766,0.0,NOT_REVIEWED,NOT_APPROVED
78,109,Дробовик Winchester Model 1300,heavy,5733,0.0,4519,0.0,NOT_REVIEWED,NOT_APPROVED
78,110,Дробовик Ithaca 37,heavy,5731,0.0,5058,0.0,NOT_REVIEWED,NOT_APPROVED
78,111,Дробовик Browning BPS,heavy,5480,0.0,4412,0.0,NOT_REVIEWED,NOT_APPROVED
78,19,Дробовик СПАС-12,heavy,5277,0.0,4913,0.0,NOT_REVIEWED,NOT_APPROVED
78,112,Дробовик Winchester SXP Defender,heavy,5113,0.0,3928,0.0,NOT_REVIEWED,NOT_APPROVED
78,113,Дробовик Mossberg 590A1,heavy,5639,0.0,5058,0.0,NOT_REVIEWED,NOT_APPROVED
78,114,Дробовик Remington 870 MCS,heavy,4223,0.0,3590,0.0,NOT_REVIEWED,NOT_APPROVED
78,32,Дробовик Сайга-12К,heavy,3522,0.0,1007,0.0,NOT_REVIEWED,NOT_APPROVED
78,115,Дробовик Benelli Nova,heavy,5652,0.0,4733,0.0,NOT_REVIEWED,NOT_APPROVED
78,116,Дробовик TOZ-194,heavy,5339,0.0,3237,0.0,NOT_REVIEWED,NOT_APPROVED
78,44,Дробовик «Вепрь-12»,heavy,3955,0.0,2523,0.0,NOT_REVIEWED,NOT_APPROVED
78,117,Дробовик Remington 1100,heavy,5589,0.0,4519,0.0,NOT_REVIEWED,NOT_APPROVED
78,62,Дробовик Kel-Tec KSG,heavy,4561,0.0,1291,0.0,NOT_REVIEWED,NOT_APPROVED
78,118,Дробовик Beretta 1301 Tactical,heavy,4002,0.0,3382,0.0,NOT_REVIEWED,NOT_APPROVED
78,50,Дробовик Benelli M4,heavy,4528,0.0,4876,0.0,NOT_REVIEWED,NOT_APPROVED
78,119,Дробовик Fabarm STF/12,heavy,4786,0.0,3682,0.0,NOT_REVIEWED,NOT_APPROVED
78,56,Дробовик AA-12,heavy,6088,0.0,2963,0.0,NOT_REVIEWED,NOT_APPROVED
78,120,Дробовик Winchester SX4,heavy,5735,0.0,5019,0.0,NOT_REVIEWED,NOT_APPROVED
78,121,Дробовик Browning A5,heavy,5760,0.0,4737,0.0,NOT_REVIEWED,NOT_APPROVED
78,68,Дробовик Franchi SPAS-15,heavy,4896,0.0,5017,0.0,NOT_REVIEWED,NOT_APPROVED
78,122,Дробовик Remington 870 Magnum,heavy,6830,0.0,5764,0.0,NOT_REVIEWED,NOT_APPROVED
78,123,Дробовик Benelli Vinci,heavy,5942,0.0,4436,0.0,NOT_REVIEWED,NOT_APPROVED
78,74,Дробовик USAS-12,heavy,3813,0.0,2355,0.0,NOT_REVIEWED,NOT_APPROVED
78,124,Дробовик Ithaca Mag-10,heavy,3674,0.0,2196,0.0,NOT_REVIEWED,NOT_APPROVED
78,125,Дробовик Remington SP-10,heavy,4839,0.0,2090,0.0,NOT_REVIEWED,NOT_APPROVED
79,86,Beretta 21A Bobcat,pistol,7393,0.0,,,NOT_REVIEWED,NOT_APPROVED
79,2,Пистолет ПСМ,pistol,7003,0.0,,,NOT_REVIEWED,NOT_APPROVED
79,87,Walther PPK,pistol,7277,0.0,,,NOT_REVIEWED,NOT_APPROVED
79,1,Пистолет Макарова,pistol,6919,0.0,,,NOT_REVIEWED,NOT_APPROVED
79,3,Пистолет ИЖ-71,pistol,6564,0.0,,,NOT_REVIEWED,NOT_APPROVED
79,88,Glock 25,pistol,6755,0.0,,,NOT_REVIEWED,NOT_APPROVED
79,5,Пистолет ОЦ-33 «Пернач»,pistol,6934,0.0,,,NOT_REVIEWED,NOT_APPROVED
79,6,Револьвер Наган,pistol,4941,0.0,,,NOT_REVIEWED,NOT_APPROVED
79,89,Walther P99,pistol,6646,0.0,,,NOT_REVIEWED,NOT_APPROVED
79,90,CZ 75,pistol,6487,0.0,,,NOT_REVIEWED,NOT_APPROVED
79,91,Glock 17,pistol,6516,0.0,,,NOT_REVIEWED,NOT_APPROVED
79,92,Beretta 92FS,pistol,6085,0.0,,,NOT_REVIEWED,NOT_APPROVED
79,93,SIG Sauer P226,pistol,7311,0.0,,,NOT_REVIEWED,NOT_APPROVED
79,7,Пистолет ТТ,pistol,6819,0.0,,,NOT_REVIEWED,NOT_APPROVED
79,94,HK USP,pistol,6679,0.0,,,NOT_REVIEWED,NOT_APPROVED
79,95,Glock 22,pistol,6569,0.0,,,NOT_REVIEWED,NOT_APPROVED
79,96,SIG Sauer P229,pistol,7221,0.0,,,NOT_REVIEWED,NOT_APPROVED
79,97,Glock 20,pistol,7168,0.0,,,NOT_REVIEWED,NOT_APPROVED
79,98,Colt 1911,pistol,6626,0.0,,,NOT_REVIEWED,NOT_APPROVED
79,99,Glock 21,pistol,6721,0.0,,,NOT_REVIEWED,NOT_APPROVED
79,100,CZ 97B,pistol,7062,0.0,,,NOT_REVIEWED,NOT_APPROVED
79,101,HK Mark 23,pistol,5897,0.0,,,NOT_REVIEWED,NOT_APPROVED
79,102,Taurus Judge,pistol,5998,0.0,,,NOT_REVIEWED,NOT_APPROVED
79,103,Smith & Wesson Model 29,pistol,4153,0.0,,,NOT_REVIEWED,NOT_APPROVED
79,104,Taurus Raging Bull,pistol,4486,0.0,,,NOT_REVIEWED,NOT_APPROVED
79,105,Desert Eagle Mark XIX,pistol,7996,0.0,,,NOT_REVIEWED,NOT_APPROVED
79,11,Автомат АКС-74У,heavy,5974,0.0,774,0.0,NOT_REVIEWED,NOT_APPROVED
79,12,Автомат АК-74,heavy,6135,0.0,0,8.25,NOT_REVIEWED,NOT_APPROVED
79,37,Автомат АК-107,heavy,4096,0.0,0,16.28,NOT_REVIEWED,NOT_APPROVED
79,21,Автомат АК-12,heavy,5150,0.0,0,4.12,NOT_REVIEWED,NOT_APPROVED
79,26,Автомат АН-94 «Абакан»,heavy,4276,0.0,0,18.6,NOT_REVIEWED,NOT_APPROVED
79,17,Пулемёт РПК-74,heavy,3788,0.0,0,20.0,NOT_REVIEWED,NOT_APPROVED
79,38,Автомат ADAR 2-15,heavy,5523,0.0,0,33.0,NOT_REVIEWED,NOT_APPROVED
79,45,Автомат АК-19,heavy,4428,0.0,0,28.0,NOT_REVIEWED,NOT_APPROVED
79,57,Автомат HK416,heavy,4530,0.0,1645,0.0,NOT_REVIEWED,NOT_APPROVED
79,69,Автомат CZ Bren 2,heavy,4222,0.0,1765,0.0,NOT_REVIEWED,NOT_APPROVED
79,67,Пулемёт Minimi Mk3,heavy,3247,0.0,0,1.0,NOT_REVIEWED,NOT_APPROVED
79,43,Автомат ОЦ-14 «Гроза»,heavy,4693,0.0,0,39.05,NOT_REVIEWED,NOT_APPROVED
79,16,Карабин «Вепрь»,heavy,5774,0.0,0,14.0,NOT_REVIEWED,NOT_APPROVED
79,15,Автомат АК-103,heavy,4777,0.0,0,10.63,NOT_REVIEWED,NOT_APPROVED
79,25,Пулемёт РПД,heavy,3476,0.0,0,3.0,NOT_REVIEWED,NOT_APPROVED
79,18,Автомат АС «Вал»,heavy,4524,0.0,0,25.0,NOT_REVIEWED,NOT_APPROVED
79,10,Карабин Сайга-12,heavy,6396,0.0,130,0.0,NOT_REVIEWED,NOT_APPROVED
79,63,Автомат АК-308,heavy,4215,0.0,0,1.0,NOT_REVIEWED,NOT_APPROVED
79,51,Автомат ЛР-308,heavy,3893,0.0,0,44.05,NOT_REVIEWED,NOT_APPROVED
79,75,Автомат SCAR-H,heavy,4265,0.0,1082,0.0,NOT_REVIEWED,NOT_APPROVED
79,61,Пулемёт M60E6,heavy,3702,0.0,0,17.0,NOT_REVIEWED,NOT_APPROVED
79,59,Пулемёт M240,heavy,3572,0.0,0,27.89,NOT_REVIEWED,NOT_APPROVED
79,71,Пулемёт FN MAG,heavy,3067,0.0,0,24.52,NOT_REVIEWED,NOT_APPROVED
79,77,Пулемёт Negev NG7,heavy,3252,0.0,654,0.0,NOT_REVIEWED,NOT_APPROVED
79,22,Пулемёт ПКМ,heavy,2309,0.0,172,0.0,NOT_REVIEWED,NOT_APPROVED
79,29,Пулемёт «Печенег»,heavy,3642,0.0,0,2.0,NOT_REVIEWED,NOT_APPROVED
79,53,Пулемёт «Печенег-СП»,heavy,3860,0.0,0,24.0,NOT_REVIEWED,NOT_APPROVED
79,47,Автомат АК-АН «Абакан-100»,heavy,3542,0.0,180,0.0,NOT_REVIEWED,NOT_APPROVED
79,65,Пулемёт «Утёс-М»,heavy,4250,0.0,0,6.0,NOT_REVIEWED,NOT_APPROVED
79,14,Винтовка СКС,heavy,5924,0.0,818,0.0,NOT_REVIEWED,NOT_APPROVED
79,46,Винтовка SSG 08,heavy,3381,0.0,0,30.0,NOT_REVIEWED,NOT_APPROVED
79,42,Винтовка SR-25,heavy,4012,0.0,0,44.91,NOT_REVIEWED,NOT_APPROVED
79,13,Винтовка СВД,heavy,5406,0.0,110,0.0,NOT_REVIEWED,NOT_APPROVED
79,24,Винтовка СВДС,heavy,3803,0.0,0,15.03,NOT_REVIEWED,NOT_APPROVED
79,23,Винтовка Т-5000,heavy,3088,0.0,0,22.0,NOT_REVIEWED,NOT_APPROVED
79,28,Винтовка СВ-98,heavy,4603,0.0,0,3.0,NOT_REVIEWED,NOT_APPROVED
79,36,Винтовка СВК,heavy,3077,0.0,0,14.32,NOT_REVIEWED,NOT_APPROVED
79,30,Винтовка ВСС «Винторез»,heavy,4810,0.0,0,13.93,NOT_REVIEWED,NOT_APPROVED
79,40,Винтовка ВСК-94,heavy,4269,0.0,0,19.0,NOT_REVIEWED,NOT_APPROVED
79,31,Винтовка СВ-338,heavy,3707,0.0,0,1.0,NOT_REVIEWED,NOT_APPROVED
79,27,Винтовка ОРСИС T-5000M,heavy,3922,0.0,0,22.0,NOT_REVIEWED,NOT_APPROVED
79,70,Винтовка Sako TRG-42,heavy,4059,0.0,0,15.0,NOT_REVIEWED,NOT_APPROVED
79,76,Винтовка Blaser R93 Tactical 2,heavy,3854,0.0,694,0.0,NOT_REVIEWED,NOT_APPROVED
79,39,Винтовка ORSIS T-5000 Sniper Pro,heavy,3812,0.0,331,0.0,NOT_REVIEWED,NOT_APPROVED
79,60,Винтовка Accuracy International AXMC,heavy,3538,0.0,1239,0.0,NOT_REVIEWED,NOT_APPROVED
79,48,Винтовка Barrett M98B,heavy,2900,0.0,427,0.0,NOT_REVIEWED,NOT_APPROVED
79,64,Винтовка ORSIS T-5000 Elite,heavy,4020,0.0,1588,0.0,NOT_REVIEWED,NOT_APPROVED
79,33,Винтовка «Выхлоп»,heavy,3501,0.0,0,22.0,NOT_REVIEWED,NOT_APPROVED
79,35,Винтовка ОСВ-96,heavy,3166,0.0,1559,0.0,NOT_REVIEWED,NOT_APPROVED
79,66,Винтовка Zastava M93 Black Arrow,heavy,4328,0.0,847,0.0,NOT_REVIEWED,NOT_APPROVED
79,52,Винтовка АСВК «Корд»,heavy,3313,0.0,272,0.0,NOT_REVIEWED,NOT_APPROVED
79,58,Винтовка Steyr HS .50,heavy,5095,0.0,446,0.0,NOT_REVIEWED,NOT_APPROVED
79,49,Винтовка Barrett M82,heavy,2352,0.0,748,0.0,NOT_REVIEWED,NOT_APPROVED
79,54,Винтовка McMillan TAC-50,heavy,4463,0.0,1977,0.0,NOT_REVIEWED,NOT_APPROVED
79,72,Винтовка Desert Tech HTI,heavy,4241,0.0,0,22.36,NOT_REVIEWED,NOT_APPROVED
79,78,Винтовка Cheytac M200 Intervention,heavy,2697,0.0,254,0.0,NOT_REVIEWED,NOT_APPROVED
79,73,Прототип X-17,heavy,2976,0.0,0,11.0,NOT_REVIEWED,NOT_APPROVED
79,55,Гаусс-пушка,heavy,5883,0.0,347,0.0,NOT_REVIEWED,NOT_APPROVED
79,4,Обрез охотничьего ружья,heavy,7660,0.0,427,0.0,NOT_REVIEWED,NOT_APPROVED
79,8,ПП «Кедр»,heavy,8566,0.0,141,0.0,NOT_REVIEWED,NOT_APPROVED
79,9,ПП-19 «Бизон»,heavy,6688,0.0,3963,0.0,NOT_REVIEWED,NOT_APPROVED
79,20,Дробовик Сайга-410,heavy,5187,0.0,0,16.16,NOT_REVIEWED,NOT_APPROVED
79,106,Дробовик Mossberg 500,heavy,5506,0.0,2317,0.0,NOT_REVIEWED,NOT_APPROVED
79,107,Дробовик Stoeger P3000,heavy,6005,0.0,2061,0.0,NOT_REVIEWED,NOT_APPROVED
79,108,Дробовик Remington 870,heavy,5733,0.0,1436,0.0,NOT_REVIEWED,NOT_APPROVED
79,109,Дробовик Winchester Model 1300,heavy,5728,0.0,2130,0.0,NOT_REVIEWED,NOT_APPROVED
79,110,Дробовик Ithaca 37,heavy,5659,0.0,1763,0.0,NOT_REVIEWED,NOT_APPROVED
79,111,Дробовик Browning BPS,heavy,5524,0.0,2303,0.0,NOT_REVIEWED,NOT_APPROVED
79,19,Дробовик СПАС-12,heavy,5277,0.0,0,1.0,NOT_REVIEWED,NOT_APPROVED
79,112,Дробовик Winchester SXP Defender,heavy,5113,0.0,0,16.0,NOT_REVIEWED,NOT_APPROVED
79,113,Дробовик Mossberg 590A1,heavy,5662,0.0,1963,0.0,NOT_REVIEWED,NOT_APPROVED
79,114,Дробовик Remington 870 MCS,heavy,4217,0.0,0,15.0,NOT_REVIEWED,NOT_APPROVED
79,32,Дробовик Сайга-12К,heavy,3522,0.0,0,25.94,NOT_REVIEWED,NOT_APPROVED
79,115,Дробовик Benelli Nova,heavy,5613,0.0,1744,0.0,NOT_REVIEWED,NOT_APPROVED
79,116,Дробовик TOZ-194,heavy,5319,0.0,657,0.0,NOT_REVIEWED,NOT_APPROVED
79,44,Дробовик «Вепрь-12»,heavy,3955,0.0,0,22.0,NOT_REVIEWED,NOT_APPROVED
79,117,Дробовик Remington 1100,heavy,5578,0.0,1963,0.0,NOT_REVIEWED,NOT_APPROVED
79,62,Дробовик Kel-Tec KSG,heavy,4558,0.0,0,29.07,NOT_REVIEWED,NOT_APPROVED
79,118,Дробовик Beretta 1301 Tactical,heavy,3951,0.0,0,24.0,NOT_REVIEWED,NOT_APPROVED
79,50,Дробовик Benelli M4,heavy,4527,0.0,0,7.0,NOT_REVIEWED,NOT_APPROVED
79,119,Дробовик Fabarm STF/12,heavy,4757,0.0,0,15.0,NOT_REVIEWED,NOT_APPROVED
79,56,Дробовик AA-12,heavy,6170,0.0,0,19.7,NOT_REVIEWED,NOT_APPROVED
79,120,Дробовик Winchester SX4,heavy,5680,0.0,1319,0.0,NOT_REVIEWED,NOT_APPROVED
79,121,Дробовик Browning A5,heavy,5747,0.0,1521,0.0,NOT_REVIEWED,NOT_APPROVED
79,68,Дробовик Franchi SPAS-15,heavy,4849,0.0,0,4.0,NOT_REVIEWED,NOT_APPROVED
79,122,Дробовик Remington 870 Magnum,heavy,6709,0.0,1561,0.0,NOT_REVIEWED,NOT_APPROVED
79,123,Дробовик Benelli Vinci,heavy,5945,0.0,2027,0.0,NOT_REVIEWED,NOT_APPROVED
79,74,Дробовик USAS-12,heavy,3774,0.0,2510,0.0,NOT_REVIEWED,NOT_APPROVED
79,124,Дробовик Ithaca Mag-10,heavy,3613,0.0,0,29.0,NOT_REVIEWED,NOT_APPROVED
79,125,Дробовик Remington SP-10,heavy,4884,0.0,0,30.0,NOT_REVIEWED,NOT_APPROVED
80,86,Beretta 21A Bobcat,pistol,7942,0.0,,,NOT_REVIEWED,NOT_APPROVED
80,2,Пистолет ПСМ,pistol,7341,0.0,,,NOT_REVIEWED,NOT_APPROVED
80,87,Walther PPK,pistol,7751,0.0,,,NOT_REVIEWED,NOT_APPROVED
80,1,Пистолет Макарова,pistol,7233,0.0,,,NOT_REVIEWED,NOT_APPROVED
80,3,Пистолет ИЖ-71,pistol,6786,0.0,,,NOT_REVIEWED,NOT_APPROVED
80,88,Glock 25,pistol,6997,0.0,,,NOT_REVIEWED,NOT_APPROVED
80,5,Пистолет ОЦ-33 «Пернач»,pistol,7298,0.0,,,NOT_REVIEWED,NOT_APPROVED
80,6,Револьвер Наган,pistol,5232,0.0,,,NOT_REVIEWED,NOT_APPROVED
80,89,Walther P99,pistol,7028,0.0,,,NOT_REVIEWED,NOT_APPROVED
80,90,CZ 75,pistol,6758,0.0,,,NOT_REVIEWED,NOT_APPROVED
80,91,Glock 17,pistol,6829,0.0,,,NOT_REVIEWED,NOT_APPROVED
80,92,Beretta 92FS,pistol,6603,0.0,,,NOT_REVIEWED,NOT_APPROVED
80,93,SIG Sauer P226,pistol,7877,0.0,,,NOT_REVIEWED,NOT_APPROVED
80,7,Пистолет ТТ,pistol,7352,0.0,,,NOT_REVIEWED,NOT_APPROVED
80,94,HK USP,pistol,7163,0.0,,,NOT_REVIEWED,NOT_APPROVED
80,95,Glock 22,pistol,6941,0.0,,,NOT_REVIEWED,NOT_APPROVED
80,96,SIG Sauer P229,pistol,7820,0.0,,,NOT_REVIEWED,NOT_APPROVED
80,97,Glock 20,pistol,7633,0.0,,,NOT_REVIEWED,NOT_APPROVED
80,98,Colt 1911,pistol,7069,0.0,,,NOT_REVIEWED,NOT_APPROVED
80,99,Glock 21,pistol,7107,0.0,,,NOT_REVIEWED,NOT_APPROVED
80,100,CZ 97B,pistol,7504,0.0,,,NOT_REVIEWED,NOT_APPROVED
80,101,HK Mark 23,pistol,6409,0.0,,,NOT_REVIEWED,NOT_APPROVED
80,102,Taurus Judge,pistol,6280,0.0,,,NOT_REVIEWED,NOT_APPROVED
80,103,Smith & Wesson Model 29,pistol,4485,0.0,,,NOT_REVIEWED,NOT_APPROVED
80,104,Taurus Raging Bull,pistol,4887,0.0,,,NOT_REVIEWED,NOT_APPROVED
80,105,Desert Eagle Mark XIX,pistol,8782,0.0,,,NOT_REVIEWED,NOT_APPROVED
80,11,Автомат АКС-74У,heavy,5833,0.0,3152,0.0,NOT_REVIEWED,NOT_APPROVED
80,12,Автомат АК-74,heavy,5983,0.0,3443,0.0,NOT_REVIEWED,NOT_APPROVED
80,37,Автомат АК-107,heavy,4110,0.0,1135,0.0,NOT_REVIEWED,NOT_APPROVED
80,21,Автомат АК-12,heavy,5161,0.0,946,0.0,NOT_REVIEWED,NOT_APPROVED
80,26,Автомат АН-94 «Абакан»,heavy,4230,0.0,1869,0.0,NOT_REVIEWED,NOT_APPROVED
80,17,Пулемёт РПК-74,heavy,3753,0.0,2100,0.0,NOT_REVIEWED,NOT_APPROVED
80,38,Автомат ADAR 2-15,heavy,5441,0.0,1767,0.0,NOT_REVIEWED,NOT_APPROVED
80,45,Автомат АК-19,heavy,4423,0.0,1724,0.0,NOT_REVIEWED,NOT_APPROVED
80,57,Автомат HK416,heavy,4536,0.0,2367,0.0,NOT_REVIEWED,NOT_APPROVED
80,69,Автомат CZ Bren 2,heavy,4218,0.0,1268,0.0,NOT_REVIEWED,NOT_APPROVED
80,67,Пулемёт Minimi Mk3,heavy,3250,0.0,3011,0.0,NOT_REVIEWED,NOT_APPROVED
80,43,Автомат ОЦ-14 «Гроза»,heavy,4768,0.0,7,0.0,NOT_REVIEWED,NOT_APPROVED
80,16,Карабин «Вепрь»,heavy,5633,0.0,2599,0.0,NOT_REVIEWED,NOT_APPROVED
80,15,Автомат АК-103,heavy,4739,0.0,2268,0.0,NOT_REVIEWED,NOT_APPROVED
80,25,Пулемёт РПД,heavy,3392,0.0,351,0.0,NOT_REVIEWED,NOT_APPROVED
80,18,Автомат АС «Вал»,heavy,4485,0.0,1839,0.0,NOT_REVIEWED,NOT_APPROVED
80,10,Карабин Сайга-12,heavy,6114,0.0,3706,0.0,NOT_REVIEWED,NOT_APPROVED
80,63,Автомат АК-308,heavy,4222,0.0,1447,0.0,NOT_REVIEWED,NOT_APPROVED
80,51,Автомат ЛР-308,heavy,3905,0.0,193,0.0,NOT_REVIEWED,NOT_APPROVED
80,75,Автомат SCAR-H,heavy,4317,0.0,1265,0.0,NOT_REVIEWED,NOT_APPROVED
80,61,Пулемёт M60E6,heavy,3694,0.0,2825,0.0,NOT_REVIEWED,NOT_APPROVED
80,59,Пулемёт M240,heavy,3569,0.0,1485,0.0,NOT_REVIEWED,NOT_APPROVED
80,71,Пулемёт FN MAG,heavy,3067,0.0,1563,0.0,NOT_REVIEWED,NOT_APPROVED
80,77,Пулемёт Negev NG7,heavy,3246,0.0,2366,0.0,NOT_REVIEWED,NOT_APPROVED
80,22,Пулемёт ПКМ,heavy,2352,0.0,766,0.0,NOT_REVIEWED,NOT_APPROVED
80,29,Пулемёт «Печенег»,heavy,3631,0.0,2068,0.0,NOT_REVIEWED,NOT_APPROVED
80,53,Пулемёт «Печенег-СП»,heavy,3837,0.0,1257,0.0,NOT_REVIEWED,NOT_APPROVED
80,47,Автомат АК-АН «Абакан-100»,heavy,3428,0.0,2682,0.0,NOT_REVIEWED,NOT_APPROVED
80,65,Пулемёт «Утёс-М»,heavy,4207,0.0,3422,0.0,NOT_REVIEWED,NOT_APPROVED
80,14,Винтовка СКС,heavy,5430,0.0,5211,0.0,NOT_REVIEWED,NOT_APPROVED
80,46,Винтовка SSG 08,heavy,3456,0.0,2198,0.0,NOT_REVIEWED,NOT_APPROVED
80,42,Винтовка SR-25,heavy,4012,0.0,490,0.0,NOT_REVIEWED,NOT_APPROVED
80,13,Винтовка СВД,heavy,5360,0.0,3758,0.0,NOT_REVIEWED,NOT_APPROVED
80,24,Винтовка СВДС,heavy,3855,0.0,3352,0.0,NOT_REVIEWED,NOT_APPROVED
80,23,Винтовка Т-5000,heavy,3070,0.0,2351,0.0,NOT_REVIEWED,NOT_APPROVED
80,28,Винтовка СВ-98,heavy,4452,0.0,3325,0.0,NOT_REVIEWED,NOT_APPROVED
80,36,Винтовка СВК,heavy,3077,0.0,2956,0.0,NOT_REVIEWED,NOT_APPROVED
80,30,Винтовка ВСС «Винторез»,heavy,4664,0.0,2643,0.0,NOT_REVIEWED,NOT_APPROVED
80,40,Винтовка ВСК-94,heavy,4273,0.0,671,0.0,NOT_REVIEWED,NOT_APPROVED
80,31,Винтовка СВ-338,heavy,3677,0.0,3874,0.0,NOT_REVIEWED,NOT_APPROVED
80,27,Винтовка ОРСИС T-5000M,heavy,3981,0.0,3147,0.0,NOT_REVIEWED,NOT_APPROVED
80,70,Винтовка Sako TRG-42,heavy,3931,0.0,2967,0.0,NOT_REVIEWED,NOT_APPROVED
80,76,Винтовка Blaser R93 Tactical 2,heavy,3779,0.0,4106,0.0,NOT_REVIEWED,NOT_APPROVED
80,39,Винтовка ORSIS T-5000 Sniper Pro,heavy,3797,0.0,3329,0.0,NOT_REVIEWED,NOT_APPROVED
80,60,Винтовка Accuracy International AXMC,heavy,3456,0.0,4415,0.0,NOT_REVIEWED,NOT_APPROVED
80,48,Винтовка Barrett M98B,heavy,2889,0.0,4082,0.0,NOT_REVIEWED,NOT_APPROVED
80,64,Винтовка ORSIS T-5000 Elite,heavy,3942,0.0,2983,0.0,NOT_REVIEWED,NOT_APPROVED
80,33,Винтовка «Выхлоп»,heavy,3490,0.0,2767,0.0,NOT_REVIEWED,NOT_APPROVED
80,35,Винтовка ОСВ-96,heavy,3067,0.0,1924,0.0,NOT_REVIEWED,NOT_APPROVED
80,66,Винтовка Zastava M93 Black Arrow,heavy,4253,0.0,3864,0.0,NOT_REVIEWED,NOT_APPROVED
80,52,Винтовка АСВК «Корд»,heavy,3307,0.0,3364,0.0,NOT_REVIEWED,NOT_APPROVED
80,58,Винтовка Steyr HS .50,heavy,4985,0.0,4414,0.0,NOT_REVIEWED,NOT_APPROVED
80,49,Винтовка Barrett M82,heavy,2302,0.0,3490,0.0,NOT_REVIEWED,NOT_APPROVED
80,54,Винтовка McMillan TAC-50,heavy,4434,0.0,2226,0.0,NOT_REVIEWED,NOT_APPROVED
80,72,Винтовка Desert Tech HTI,heavy,4150,0.0,2404,0.0,NOT_REVIEWED,NOT_APPROVED
80,78,Винтовка Cheytac M200 Intervention,heavy,2692,0.0,2162,0.0,NOT_REVIEWED,NOT_APPROVED
80,73,Прототип X-17,heavy,2561,0.0,1900,0.0,NOT_REVIEWED,NOT_APPROVED
80,55,Гаусс-пушка,heavy,5503,0.0,3320,0.0,NOT_REVIEWED,NOT_APPROVED
80,4,Обрез охотничьего ружья,heavy,6908,0.0,4847,0.0,NOT_REVIEWED,NOT_APPROVED
80,8,ПП «Кедр»,heavy,8085,0.0,439,0.0,NOT_REVIEWED,NOT_APPROVED
80,9,ПП-19 «Бизон»,heavy,6393,0.0,6287,0.0,NOT_REVIEWED,NOT_APPROVED
80,20,Дробовик Сайга-410,heavy,5061,0.0,2995,0.0,NOT_REVIEWED,NOT_APPROVED
80,106,Дробовик Mossberg 500,heavy,5225,0.0,4579,0.0,NOT_REVIEWED,NOT_APPROVED
80,107,Дробовик Stoeger P3000,heavy,5878,0.0,5078,0.0,NOT_REVIEWED,NOT_APPROVED
80,108,Дробовик Remington 870,heavy,5379,0.0,5711,0.0,NOT_REVIEWED,NOT_APPROVED
80,109,Дробовик Winchester Model 1300,heavy,5424,0.0,4579,0.0,NOT_REVIEWED,NOT_APPROVED
80,110,Дробовик Ithaca 37,heavy,5499,0.0,5078,0.0,NOT_REVIEWED,NOT_APPROVED
80,111,Дробовик Browning BPS,heavy,5234,0.0,4486,0.0,NOT_REVIEWED,NOT_APPROVED
80,19,Дробовик СПАС-12,heavy,5247,0.0,4269,0.0,NOT_REVIEWED,NOT_APPROVED
80,112,Дробовик Winchester SXP Defender,heavy,5113,0.0,3387,0.0,NOT_REVIEWED,NOT_APPROVED
80,113,Дробовик Mossberg 590A1,heavy,5336,0.0,5078,0.0,NOT_REVIEWED,NOT_APPROVED
80,114,Дробовик Remington 870 MCS,heavy,4223,0.0,3059,0.0,NOT_REVIEWED,NOT_APPROVED
80,32,Дробовик Сайга-12К,heavy,3522,0.0,686,0.0,NOT_REVIEWED,NOT_APPROVED
80,115,Дробовик Benelli Nova,heavy,5522,0.0,4769,0.0,NOT_REVIEWED,NOT_APPROVED
80,116,Дробовик TOZ-194,heavy,5073,0.0,3267,0.0,NOT_REVIEWED,NOT_APPROVED
80,44,Дробовик «Вепрь-12»,heavy,3952,0.0,2114,0.0,NOT_REVIEWED,NOT_APPROVED
80,117,Дробовик Remington 1100,heavy,5326,0.0,4576,0.0,NOT_REVIEWED,NOT_APPROVED
80,62,Дробовик Kel-Tec KSG,heavy,4561,0.0,926,0.0,NOT_REVIEWED,NOT_APPROVED
80,118,Дробовик Beretta 1301 Tactical,heavy,4002,0.0,2776,0.0,NOT_REVIEWED,NOT_APPROVED
80,50,Дробовик Benelli M4,heavy,4528,0.0,4237,0.0,NOT_REVIEWED,NOT_APPROVED
80,119,Дробовик Fabarm STF/12,heavy,4785,0.0,3168,0.0,NOT_REVIEWED,NOT_APPROVED
80,56,Дробовик AA-12,heavy,5944,0.0,2379,0.0,NOT_REVIEWED,NOT_APPROVED
80,120,Дробовик Winchester SX4,heavy,5454,0.0,4892,0.0,NOT_REVIEWED,NOT_APPROVED
80,121,Дробовик Browning A5,heavy,5569,0.0,4673,0.0,NOT_REVIEWED,NOT_APPROVED
80,68,Дробовик Franchi SPAS-15,heavy,4896,0.0,4438,0.0,NOT_REVIEWED,NOT_APPROVED
80,122,Дробовик Remington 870 Magnum,heavy,6749,0.0,5669,0.0,NOT_REVIEWED,NOT_APPROVED
80,123,Дробовик Benelli Vinci,heavy,5622,0.0,4516,0.0,NOT_REVIEWED,NOT_APPROVED
80,74,Дробовик USAS-12,heavy,3813,0.0,2049,0.0,NOT_REVIEWED,NOT_APPROVED
80,124,Дробовик Ithaca Mag-10,heavy,3674,0.0,1832,0.0,NOT_REVIEWED,NOT_APPROVED
80,125,Дробовик Remington SP-10,heavy,4839,0.0,1651,0.0,NOT_REVIEWED,NOT_APPROVED
81,86,Beretta 21A Bobcat,pistol,7821,0.0,,,NOT_REVIEWED,NOT_APPROVED
81,2,Пистолет ПСМ,pistol,7280,0.0,,,NOT_REVIEWED,NOT_APPROVED
81,87,Walther PPK,pistol,7669,0.0,,,NOT_REVIEWED,NOT_APPROVED
81,1,Пистолет Макарова,pistol,7172,0.0,,,NOT_REVIEWED,NOT_APPROVED
81,3,Пистолет ИЖ-71,pistol,6726,0.0,,,NOT_REVIEWED,NOT_APPROVED
81,88,Glock 25,pistol,6948,0.0,,,NOT_REVIEWED,NOT_APPROVED
81,5,Пистолет ОЦ-33 «Пернач»,pistol,7247,0.0,,,NOT_REVIEWED,NOT_APPROVED
81,6,Револьвер Наган,pistol,5152,0.0,,,NOT_REVIEWED,NOT_APPROVED
81,89,Walther P99,pistol,6965,0.0,,,NOT_REVIEWED,NOT_APPROVED
81,90,CZ 75,pistol,6734,0.0,,,NOT_REVIEWED,NOT_APPROVED
81,91,Glock 17,pistol,6769,0.0,,,NOT_REVIEWED,NOT_APPROVED
81,92,Beretta 92FS,pistol,6559,0.0,,,NOT_REVIEWED,NOT_APPROVED
81,93,SIG Sauer P226,pistol,7812,0.0,,,NOT_REVIEWED,NOT_APPROVED
81,7,Пистолет ТТ,pistol,7281,0.0,,,NOT_REVIEWED,NOT_APPROVED
81,94,HK USP,pistol,7128,0.0,,,NOT_REVIEWED,NOT_APPROVED
81,95,Glock 22,pistol,6894,0.0,,,NOT_REVIEWED,NOT_APPROVED
81,96,SIG Sauer P229,pistol,7782,0.0,,,NOT_REVIEWED,NOT_APPROVED
81,97,Glock 20,pistol,7568,0.0,,,NOT_REVIEWED,NOT_APPROVED
81,98,Colt 1911,pistol,7022,0.0,,,NOT_REVIEWED,NOT_APPROVED
81,99,Glock 21,pistol,7012,0.0,,,NOT_REVIEWED,NOT_APPROVED
81,100,CZ 97B,pistol,7456,0.0,,,NOT_REVIEWED,NOT_APPROVED
81,101,HK Mark 23,pistol,6370,0.0,,,NOT_REVIEWED,NOT_APPROVED
81,102,Taurus Judge,pistol,6233,0.0,,,NOT_REVIEWED,NOT_APPROVED
81,103,Smith & Wesson Model 29,pistol,4417,0.0,,,NOT_REVIEWED,NOT_APPROVED
81,104,Taurus Raging Bull,pistol,4806,0.0,,,NOT_REVIEWED,NOT_APPROVED
81,105,Desert Eagle Mark XIX,pistol,8464,0.0,,,NOT_REVIEWED,NOT_APPROVED
81,11,Автомат АКС-74У,heavy,5979,0.0,1153,0.0,NOT_REVIEWED,NOT_APPROVED
81,12,Автомат АК-74,heavy,6103,0.0,634,0.0,NOT_REVIEWED,NOT_APPROVED
81,37,Автомат АК-107,heavy,4110,0.0,0,7.0,NOT_REVIEWED,NOT_APPROVED
81,21,Автомат АК-12,heavy,5161,0.0,0,1.41,NOT_REVIEWED,NOT_APPROVED
81,26,Автомат АН-94 «Абакан»,heavy,4230,0.0,0,2.24,NOT_REVIEWED,NOT_APPROVED
81,17,Пулемёт РПК-74,heavy,3796,0.0,63,0.0,NOT_REVIEWED,NOT_APPROVED
81,38,Автомат ADAR 2-15,heavy,5510,0.0,0,5.0,NOT_REVIEWED,NOT_APPROVED
81,45,Автомат АК-19,heavy,4424,0.0,2,0.0,NOT_REVIEWED,NOT_APPROVED
81,57,Автомат HK416,heavy,4536,0.0,2117,0.0,NOT_REVIEWED,NOT_APPROVED
81,69,Автомат CZ Bren 2,heavy,4222,0.0,2194,0.0,NOT_REVIEWED,NOT_APPROVED
81,67,Пулемёт Minimi Mk3,heavy,3250,0.0,141,0.0,NOT_REVIEWED,NOT_APPROVED
81,43,Автомат ОЦ-14 «Гроза»,heavy,4768,0.0,0,16.0,NOT_REVIEWED,NOT_APPROVED
81,16,Карабин «Вепрь»,heavy,5720,0.0,269,0.0,NOT_REVIEWED,NOT_APPROVED
81,15,Автомат АК-103,heavy,4777,0.0,66,0.0,NOT_REVIEWED,NOT_APPROVED
81,25,Пулемёт РПД,heavy,3392,0.0,55,0.0,NOT_REVIEWED,NOT_APPROVED
81,18,Автомат АС «Вал»,heavy,4486,0.0,0,2.0,NOT_REVIEWED,NOT_APPROVED
81,10,Карабин Сайга-12,heavy,6356,0.0,787,0.0,NOT_REVIEWED,NOT_APPROVED
81,63,Автомат АК-308,heavy,4222,0.0,1,0.0,NOT_REVIEWED,NOT_APPROVED
81,51,Автомат ЛР-308,heavy,3905,0.0,0,24.0,NOT_REVIEWED,NOT_APPROVED
81,75,Автомат SCAR-H,heavy,4323,0.0,1627,0.0,NOT_REVIEWED,NOT_APPROVED
81,61,Пулемёт M60E6,heavy,3705,0.0,119,0.0,NOT_REVIEWED,NOT_APPROVED
81,59,Пулемёт M240,heavy,3572,0.0,0,3.0,NOT_REVIEWED,NOT_APPROVED
81,71,Пулемёт FN MAG,heavy,3067,0.0,0,5.0,NOT_REVIEWED,NOT_APPROVED
81,77,Пулемёт Negev NG7,heavy,3246,0.0,274,0.0,NOT_REVIEWED,NOT_APPROVED
81,22,Пулемёт ПКМ,heavy,2352,0.0,377,0.0,NOT_REVIEWED,NOT_APPROVED
81,29,Пулемёт «Печенег»,heavy,3642,0.0,141,0.0,NOT_REVIEWED,NOT_APPROVED
81,53,Пулемёт «Печенег-СП»,heavy,3848,0.0,0,1.0,NOT_REVIEWED,NOT_APPROVED
81,47,Автомат АК-АН «Абакан-100»,heavy,3445,0.0,513,0.0,NOT_REVIEWED,NOT_APPROVED
81,65,Пулемёт «Утёс-М»,heavy,4274,0.0,456,0.0,NOT_REVIEWED,NOT_APPROVED
81,14,Винтовка СКС,heavy,5950,0.0,2406,0.0,NOT_REVIEWED,NOT_APPROVED
81,46,Винтовка SSG 08,heavy,3459,0.0,0,1.0,NOT_REVIEWED,NOT_APPROVED
81,42,Винтовка SR-25,heavy,4012,0.0,0,21.63,NOT_REVIEWED,NOT_APPROVED
81,13,Винтовка СВД,heavy,5513,0.0,1688,0.0,NOT_REVIEWED,NOT_APPROVED
81,24,Винтовка СВДС,heavy,3921,0.0,358,0.0,NOT_REVIEWED,NOT_APPROVED
81,23,Винтовка Т-5000,heavy,3088,0.0,0,1.0,NOT_REVIEWED,NOT_APPROVED
81,28,Винтовка СВ-98,heavy,4517,0.0,651,0.0,NOT_REVIEWED,NOT_APPROVED
81,36,Винтовка СВК,heavy,3077,0.0,0,2.24,NOT_REVIEWED,NOT_APPROVED
81,30,Винтовка ВСС «Винторез»,heavy,4692,0.0,56,0.0,NOT_REVIEWED,NOT_APPROVED
81,40,Винтовка ВСК-94,heavy,4284,0.0,78,0.0,NOT_REVIEWED,NOT_APPROVED
81,31,Винтовка СВ-338,heavy,3721,0.0,733,0.0,NOT_REVIEWED,NOT_APPROVED
81,27,Винтовка ОРСИС T-5000M,heavy,4050,0.0,91,0.0,NOT_REVIEWED,NOT_APPROVED
81,70,Винтовка Sako TRG-42,heavy,3958,0.0,305,0.0,NOT_REVIEWED,NOT_APPROVED
81,76,Винтовка Blaser R93 Tactical 2,heavy,3818,0.0,1108,0.0,NOT_REVIEWED,NOT_APPROVED
81,39,Винтовка ORSIS T-5000 Sniper Pro,heavy,3843,0.0,430,0.0,NOT_REVIEWED,NOT_APPROVED
81,60,Винтовка Accuracy International AXMC,heavy,3550,0.0,1804,0.0,NOT_REVIEWED,NOT_APPROVED
81,48,Винтовка Barrett M98B,heavy,2907,0.0,1159,0.0,NOT_REVIEWED,NOT_APPROVED
81,64,Винтовка ORSIS T-5000 Elite,heavy,4011,0.0,2082,0.0,NOT_REVIEWED,NOT_APPROVED
81,33,Винтовка «Выхлоп»,heavy,3501,0.0,69,0.0,NOT_REVIEWED,NOT_APPROVED
81,35,Винтовка ОСВ-96,heavy,3068,0.0,1645,0.0,NOT_REVIEWED,NOT_APPROVED
81,66,Винтовка Zastava M93 Black Arrow,heavy,4343,0.0,1596,0.0,NOT_REVIEWED,NOT_APPROVED
81,52,Винтовка АСВК «Корд»,heavy,3313,0.0,24,0.0,NOT_REVIEWED,NOT_APPROVED
81,58,Винтовка Steyr HS .50,heavy,5108,0.0,1846,0.0,NOT_REVIEWED,NOT_APPROVED
81,49,Винтовка Barrett M82,heavy,2314,0.0,887,0.0,NOT_REVIEWED,NOT_APPROVED
81,54,Винтовка McMillan TAC-50,heavy,4482,0.0,1943,0.0,NOT_REVIEWED,NOT_APPROVED
81,72,Винтовка Desert Tech HTI,heavy,4150,0.0,51,0.0,NOT_REVIEWED,NOT_APPROVED
81,78,Винтовка Cheytac M200 Intervention,heavy,2692,0.0,838,0.0,NOT_REVIEWED,NOT_APPROVED
81,73,Прототип X-17,heavy,2989,0.0,429,0.0,NOT_REVIEWED,NOT_APPROVED
81,55,Гаусс-пушка,heavy,5896,0.0,1039,0.0,NOT_REVIEWED,NOT_APPROVED
81,4,Обрез охотничьего ружья,heavy,7673,0.0,1918,0.0,NOT_REVIEWED,NOT_APPROVED
81,8,ПП «Кедр»,heavy,8579,0.0,328,0.0,NOT_REVIEWED,NOT_APPROVED
81,9,ПП-19 «Бизон»,heavy,6646,0.0,5359,0.0,NOT_REVIEWED,NOT_APPROVED
81,20,Дробовик Сайга-410,heavy,5118,0.0,199,0.0,NOT_REVIEWED,NOT_APPROVED
81,106,Дробовик Mossberg 500,heavy,5567,0.0,4054,0.0,NOT_REVIEWED,NOT_APPROVED
81,107,Дробовик Stoeger P3000,heavy,6043,0.0,3867,0.0,NOT_REVIEWED,NOT_APPROVED
81,108,Дробовик Remington 870,heavy,5688,0.0,3029,0.0,NOT_REVIEWED,NOT_APPROVED
81,109,Дробовик Winchester Model 1300,heavy,5741,0.0,3828,0.0,NOT_REVIEWED,NOT_APPROVED
81,110,Дробовик Ithaca 37,heavy,5731,0.0,3562,0.0,NOT_REVIEWED,NOT_APPROVED
81,111,Дробовик Browning BPS,heavy,5480,0.0,3947,0.0,NOT_REVIEWED,NOT_APPROVED
81,19,Дробовик СПАС-12,heavy,5277,0.0,923,0.0,NOT_REVIEWED,NOT_APPROVED
81,112,Дробовик Winchester SXP Defender,heavy,5113,0.0,306,0.0,NOT_REVIEWED,NOT_APPROVED
81,113,Дробовик Mossberg 590A1,heavy,5639,0.0,3540,0.0,NOT_REVIEWED,NOT_APPROVED
81,114,Дробовик Remington 870 MCS,heavy,4223,0.0,322,0.0,NOT_REVIEWED,NOT_APPROVED
81,32,Дробовик Сайга-12К,heavy,3522,0.0,0,13.0,NOT_REVIEWED,NOT_APPROVED
81,115,Дробовик Benelli Nova,heavy,5652,0.0,3582,0.0,NOT_REVIEWED,NOT_APPROVED
81,116,Дробовик TOZ-194,heavy,5366,0.0,2357,0.0,NOT_REVIEWED,NOT_APPROVED
81,44,Дробовик «Вепрь-12»,heavy,3955,0.0,93,0.0,NOT_REVIEWED,NOT_APPROVED
81,117,Дробовик Remington 1100,heavy,5591,0.0,3717,0.0,NOT_REVIEWED,NOT_APPROVED
81,62,Дробовик Kel-Tec KSG,heavy,4561,0.0,0,1.0,NOT_REVIEWED,NOT_APPROVED
81,118,Дробовик Beretta 1301 Tactical,heavy,4002,0.0,79,0.0,NOT_REVIEWED,NOT_APPROVED
81,50,Дробовик Benelli M4,heavy,4528,0.0,729,0.0,NOT_REVIEWED,NOT_APPROVED
81,119,Дробовик Fabarm STF/12,heavy,4786,0.0,234,0.0,NOT_REVIEWED,NOT_APPROVED
81,56,Дробовик AA-12,heavy,6157,0.0,0,10.0,NOT_REVIEWED,NOT_APPROVED
81,120,Дробовик Winchester SX4,heavy,5735,0.0,3057,0.0,NOT_REVIEWED,NOT_APPROVED
81,121,Дробовик Browning A5,heavy,5760,0.0,3224,0.0,NOT_REVIEWED,NOT_APPROVED
81,68,Дробовик Franchi SPAS-15,heavy,4896,0.0,832,0.0,NOT_REVIEWED,NOT_APPROVED
81,122,Дробовик Remington 870 Magnum,heavy,6830,0.0,3314,0.0,NOT_REVIEWED,NOT_APPROVED
81,123,Дробовик Benelli Vinci,heavy,5958,0.0,3772,0.0,NOT_REVIEWED,NOT_APPROVED
81,74,Дробовик USAS-12,heavy,3813,0.0,2467,0.0,NOT_REVIEWED,NOT_APPROVED
81,124,Дробовик Ithaca Mag-10,heavy,3674,0.0,5,0.0,NOT_REVIEWED,NOT_APPROVED
81,125,Дробовик Remington SP-10,heavy,4839,0.0,0,5.0,NOT_REVIEWED,NOT_APPROVED
82,86,Beretta 21A Bobcat,pistol,7073,0.0,,,NOT_REVIEWED,NOT_APPROVED
82,2,Пистолет ПСМ,pistol,6668,0.0,,,NOT_REVIEWED,NOT_APPROVED
82,87,Walther PPK,pistol,6952,0.0,,,NOT_REVIEWED,NOT_APPROVED
82,1,Пистолет Макарова,pistol,6676,0.0,,,NOT_REVIEWED,NOT_APPROVED
82,3,Пистолет ИЖ-71,pistol,6479,0.0,,,NOT_REVIEWED,NOT_APPROVED
82,88,Glock 25,pistol,6449,0.0,,,NOT_REVIEWED,NOT_APPROVED
82,5,Пистолет ОЦ-33 «Пернач»,pistol,6627,0.0,,,NOT_REVIEWED,NOT_APPROVED
82,6,Револьвер Наган,pistol,4967,0.0,,,NOT_REVIEWED,NOT_APPROVED
82,89,Walther P99,pistol,6364,0.0,,,NOT_REVIEWED,NOT_APPROVED
82,90,CZ 75,pistol,6178,0.0,,,NOT_REVIEWED,NOT_APPROVED
82,91,Glock 17,pistol,6220,0.0,,,NOT_REVIEWED,NOT_APPROVED
82,92,Beretta 92FS,pistol,5849,0.0,,,NOT_REVIEWED,NOT_APPROVED
82,93,SIG Sauer P226,pistol,7038,0.0,,,NOT_REVIEWED,NOT_APPROVED
82,7,Пистолет ТТ,pistol,6593,0.0,,,NOT_REVIEWED,NOT_APPROVED
82,94,HK USP,pistol,6430,0.0,,,NOT_REVIEWED,NOT_APPROVED
82,95,Glock 22,pistol,6332,0.0,,,NOT_REVIEWED,NOT_APPROVED
82,96,SIG Sauer P229,pistol,7001,0.0,,,NOT_REVIEWED,NOT_APPROVED
82,97,Glock 20,pistol,6931,0.0,,,NOT_REVIEWED,NOT_APPROVED
82,98,Colt 1911,pistol,6406,0.0,,,NOT_REVIEWED,NOT_APPROVED
82,99,Glock 21,pistol,6426,0.0,,,NOT_REVIEWED,NOT_APPROVED
82,100,CZ 97B,pistol,6792,0.0,,,NOT_REVIEWED,NOT_APPROVED
82,101,HK Mark 23,pistol,5633,0.0,,,NOT_REVIEWED,NOT_APPROVED
82,102,Taurus Judge,pistol,5876,0.0,,,NOT_REVIEWED,NOT_APPROVED
82,103,Smith & Wesson Model 29,pistol,4221,0.0,,,NOT_REVIEWED,NOT_APPROVED
82,104,Taurus Raging Bull,pistol,4478,0.0,,,NOT_REVIEWED,NOT_APPROVED
82,105,Desert Eagle Mark XIX,pistol,7715,0.0,,,NOT_REVIEWED,NOT_APPROVED
82,11,Автомат АКС-74У,heavy,5947,0.0,1869,0.0,NOT_REVIEWED,NOT_APPROVED
82,12,Автомат АК-74,heavy,6023,0.0,1883,0.0,NOT_REVIEWED,NOT_APPROVED
82,37,Автомат АК-107,heavy,4100,0.0,15,0.0,NOT_REVIEWED,NOT_APPROVED
82,21,Автомат АК-12,heavy,5161,0.0,1,0.0,NOT_REVIEWED,NOT_APPROVED
82,26,Автомат АН-94 «Абакан»,heavy,4223,0.0,266,0.0,NOT_REVIEWED,NOT_APPROVED
82,17,Пулемёт РПК-74,heavy,3792,0.0,529,0.0,NOT_REVIEWED,NOT_APPROVED
82,38,Автомат ADAR 2-15,heavy,5486,0.0,26,0.0,NOT_REVIEWED,NOT_APPROVED
82,45,Автомат АК-19,heavy,4424,0.0,142,0.0,NOT_REVIEWED,NOT_APPROVED
82,57,Автомат HK416,heavy,4534,0.0,2135,0.0,NOT_REVIEWED,NOT_APPROVED
82,69,Автомат CZ Bren 2,heavy,4218,0.0,2133,0.0,NOT_REVIEWED,NOT_APPROVED
82,67,Пулемёт Minimi Mk3,heavy,3243,0.0,880,0.0,NOT_REVIEWED,NOT_APPROVED
82,43,Автомат ОЦ-14 «Гроза»,heavy,4764,0.0,0,8.06,NOT_REVIEWED,NOT_APPROVED
82,16,Карабин «Вепрь»,heavy,5680,0.0,1199,0.0,NOT_REVIEWED,NOT_APPROVED
82,15,Автомат АК-103,heavy,4773,0.0,609,0.0,NOT_REVIEWED,NOT_APPROVED
82,25,Пулемёт РПД,heavy,3389,0.0,193,0.0,NOT_REVIEWED,NOT_APPROVED
82,18,Автомат АС «Вал»,heavy,4476,0.0,207,0.0,NOT_REVIEWED,NOT_APPROVED
82,10,Карабин Сайга-12,heavy,6287,0.0,1903,0.0,NOT_REVIEWED,NOT_APPROVED
82,63,Автомат АК-308,heavy,4218,0.0,54,0.0,NOT_REVIEWED,NOT_APPROVED
82,51,Автомат ЛР-308,heavy,3905,0.0,0,17.0,NOT_REVIEWED,NOT_APPROVED
82,75,Автомат SCAR-H,heavy,4321,0.0,1799,0.0,NOT_REVIEWED,NOT_APPROVED
82,61,Пулемёт M60E6,heavy,3706,0.0,857,0.0,NOT_REVIEWED,NOT_APPROVED
82,59,Пулемёт M240,heavy,3568,0.0,152,0.0,NOT_REVIEWED,NOT_APPROVED
82,71,Пулемёт FN MAG,heavy,3065,0.0,142,0.0,NOT_REVIEWED,NOT_APPROVED
82,77,Пулемёт Negev NG7,heavy,3252,0.0,217,0.0,NOT_REVIEWED,NOT_APPROVED
82,22,Пулемёт ПКМ,heavy,2352,0.0,631,0.0,NOT_REVIEWED,NOT_APPROVED
82,29,Пулемёт «Печенег»,heavy,3638,0.0,840,0.0,NOT_REVIEWED,NOT_APPROVED
82,53,Пулемёт «Печенег-СП»,heavy,3856,0.0,136,0.0,NOT_REVIEWED,NOT_APPROVED
82,47,Автомат АК-АН «Абакан-100»,heavy,3441,0.0,1079,0.0,NOT_REVIEWED,NOT_APPROVED
82,65,Пулемёт «Утёс-М»,heavy,4256,0.0,1606,0.0,NOT_REVIEWED,NOT_APPROVED
82,14,Винтовка СКС,heavy,5934,0.0,3859,0.0,NOT_REVIEWED,NOT_APPROVED
82,46,Винтовка SSG 08,heavy,3461,0.0,124,0.0,NOT_REVIEWED,NOT_APPROVED
82,42,Винтовка SR-25,heavy,4011,0.0,0,16.0,NOT_REVIEWED,NOT_APPROVED
82,13,Винтовка СВД,heavy,5506,0.0,3058,0.0,NOT_REVIEWED,NOT_APPROVED
82,24,Винтовка СВДС,heavy,3922,0.0,1393,0.0,NOT_REVIEWED,NOT_APPROVED
82,23,Винтовка Т-5000,heavy,3084,0.0,84,0.0,NOT_REVIEWED,NOT_APPROVED
82,28,Винтовка СВ-98,heavy,4525,0.0,1562,0.0,NOT_REVIEWED,NOT_APPROVED
82,36,Винтовка СВК,heavy,3073,0.0,162,0.0,NOT_REVIEWED,NOT_APPROVED
82,30,Винтовка ВСС «Винторез»,heavy,4700,0.0,602,0.0,NOT_REVIEWED,NOT_APPROVED
82,40,Винтовка ВСК-94,heavy,4265,0.0,544,0.0,NOT_REVIEWED,NOT_APPROVED
82,31,Винтовка СВ-338,heavy,3716,0.0,888,0.0,NOT_REVIEWED,NOT_APPROVED
82,27,Винтовка ОРСИС T-5000M,heavy,4041,0.0,621,0.0,NOT_REVIEWED,NOT_APPROVED
82,70,Винтовка Sako TRG-42,heavy,3996,0.0,1156,0.0,NOT_REVIEWED,NOT_APPROVED
82,76,Винтовка Blaser R93 Tactical 2,heavy,3792,0.0,1859,0.0,NOT_REVIEWED,NOT_APPROVED
82,39,Винтовка ORSIS T-5000 Sniper Pro,heavy,3821,0.0,497,0.0,NOT_REVIEWED,NOT_APPROVED
82,60,Винтовка Accuracy International AXMC,heavy,3547,0.0,2611,0.0,NOT_REVIEWED,NOT_APPROVED
82,48,Винтовка Barrett M98B,heavy,2911,0.0,1537,0.0,NOT_REVIEWED,NOT_APPROVED
82,64,Винтовка ORSIS T-5000 Elite,heavy,4033,0.0,2680,0.0,NOT_REVIEWED,NOT_APPROVED
82,33,Винтовка «Выхлоп»,heavy,3497,0.0,458,0.0,NOT_REVIEWED,NOT_APPROVED
82,35,Винтовка ОСВ-96,heavy,3061,0.0,1685,0.0,NOT_REVIEWED,NOT_APPROVED
82,66,Винтовка Zastava M93 Black Arrow,heavy,4336,0.0,2564,0.0,NOT_REVIEWED,NOT_APPROVED
82,52,Винтовка АСВК «Корд»,heavy,3313,0.0,288,0.0,NOT_REVIEWED,NOT_APPROVED
82,58,Винтовка Steyr HS .50,heavy,5102,0.0,3326,0.0,NOT_REVIEWED,NOT_APPROVED
82,49,Винтовка Barrett M82,heavy,2312,0.0,844,0.0,NOT_REVIEWED,NOT_APPROVED
82,54,Винтовка McMillan TAC-50,heavy,4476,0.0,2177,0.0,NOT_REVIEWED,NOT_APPROVED
82,72,Винтовка Desert Tech HTI,heavy,4143,0.0,152,0.0,NOT_REVIEWED,NOT_APPROVED
82,78,Винтовка Cheytac M200 Intervention,heavy,2693,0.0,1565,0.0,NOT_REVIEWED,NOT_APPROVED
82,73,Прототип X-17,heavy,2982,0.0,1385,0.0,NOT_REVIEWED,NOT_APPROVED
82,55,Гаусс-пушка,heavy,5868,0.0,2469,0.0,NOT_REVIEWED,NOT_APPROVED
82,4,Обрез охотничьего ружья,heavy,7637,0.0,3387,0.0,NOT_REVIEWED,NOT_APPROVED
82,8,ПП «Кедр»,heavy,8469,0.0,771,0.0,NOT_REVIEWED,NOT_APPROVED
82,9,ПП-19 «Бизон»,heavy,6570,0.0,6233,0.0,NOT_REVIEWED,NOT_APPROVED
82,20,Дробовик Сайга-410,heavy,5119,0.0,1064,0.0,NOT_REVIEWED,NOT_APPROVED
82,106,Дробовик Mossberg 500,heavy,5551,0.0,5186,0.0,NOT_REVIEWED,NOT_APPROVED
82,107,Дробовик Stoeger P3000,heavy,6054,0.0,5060,0.0,NOT_REVIEWED,NOT_APPROVED
82,108,Дробовик Remington 870,heavy,5685,0.0,4322,0.0,NOT_REVIEWED,NOT_APPROVED
82,109,Дробовик Winchester Model 1300,heavy,5738,0.0,5030,0.0,NOT_REVIEWED,NOT_APPROVED
82,110,Дробовик Ithaca 37,heavy,5707,0.0,4812,0.0,NOT_REVIEWED,NOT_APPROVED
82,111,Дробовик Browning BPS,heavy,5491,0.0,5166,0.0,NOT_REVIEWED,NOT_APPROVED
82,19,Дробовик СПАС-12,heavy,5236,0.0,2023,0.0,NOT_REVIEWED,NOT_APPROVED
82,112,Дробовик Winchester SXP Defender,heavy,5108,0.0,953,0.0,NOT_REVIEWED,NOT_APPROVED
82,113,Дробовик Mossberg 590A1,heavy,5628,0.0,4786,0.0,NOT_REVIEWED,NOT_APPROVED
82,114,Дробовик Remington 870 MCS,heavy,4210,0.0,1147,0.0,NOT_REVIEWED,NOT_APPROVED
82,32,Дробовик Сайга-12К,heavy,3515,0.0,0,5.0,NOT_REVIEWED,NOT_APPROVED
82,115,Дробовик Benelli Nova,heavy,5649,0.0,4889,0.0,NOT_REVIEWED,NOT_APPROVED
82,116,Дробовик TOZ-194,heavy,5363,0.0,3758,0.0,NOT_REVIEWED,NOT_APPROVED
82,44,Дробовик «Вепрь-12»,heavy,3951,0.0,561,0.0,NOT_REVIEWED,NOT_APPROVED
82,117,Дробовик Remington 1100,heavy,5588,0.0,4975,0.0,NOT_REVIEWED,NOT_APPROVED
82,62,Дробовик Kel-Tec KSG,heavy,4554,0.0,55,0.0,NOT_REVIEWED,NOT_APPROVED
82,118,Дробовик Beretta 1301 Tactical,heavy,4009,0.0,534,0.0,NOT_REVIEWED,NOT_APPROVED
82,50,Дробовик Benelli M4,heavy,4531,0.0,1705,0.0,NOT_REVIEWED,NOT_APPROVED
82,119,Дробовик Fabarm STF/12,heavy,4767,0.0,979,0.0,NOT_REVIEWED,NOT_APPROVED
82,56,Дробовик AA-12,heavy,6113,0.0,0,1.0,NOT_REVIEWED,NOT_APPROVED
82,120,Дробовик Winchester SX4,heavy,5732,0.0,4407,0.0,NOT_REVIEWED,NOT_APPROVED
82,121,Дробовик Browning A5,heavy,5757,0.0,4596,0.0,NOT_REVIEWED,NOT_APPROVED
82,68,Дробовик Franchi SPAS-15,heavy,4904,0.0,1493,0.0,NOT_REVIEWED,NOT_APPROVED
82,122,Дробовик Remington 870 Magnum,heavy,6802,0.0,4637,0.0,NOT_REVIEWED,NOT_APPROVED
82,123,Дробовик Benelli Vinci,heavy,5955,0.0,5039,0.0,NOT_REVIEWED,NOT_APPROVED
82,74,Дробовик USAS-12,heavy,3815,0.0,2702,0.0,NOT_REVIEWED,NOT_APPROVED
82,124,Дробовик Ithaca Mag-10,heavy,3665,0.0,173,0.0,NOT_REVIEWED,NOT_APPROVED
82,125,Дробовик Remington SP-10,heavy,4837,0.0,32,0.0,NOT_REVIEWED,NOT_APPROVED
83,86,Beretta 21A Bobcat,pistol,7598,0.0,,,NOT_REVIEWED,NOT_APPROVED
83,2,Пистолет ПСМ,pistol,7128,0.0,,,NOT_REVIEWED,NOT_APPROVED
83,87,Walther PPK,pistol,7411,0.0,,,NOT_REVIEWED,NOT_APPROVED
83,1,Пистолет Макарова,pistol,7037,0.0,,,NOT_REVIEWED,NOT_APPROVED
83,3,Пистолет ИЖ-71,pistol,6714,0.0,,,NOT_REVIEWED,NOT_APPROVED
83,88,Glock 25,pistol,6823,0.0,,,NOT_REVIEWED,NOT_APPROVED
83,5,Пистолет ОЦ-33 «Пернач»,pistol,7091,0.0,,,NOT_REVIEWED,NOT_APPROVED
83,6,Револьвер Наган,pistol,5117,0.0,,,NOT_REVIEWED,NOT_APPROVED
83,89,Walther P99,pistol,6787,0.0,,,NOT_REVIEWED,NOT_APPROVED
83,90,CZ 75,pistol,6587,0.0,,,NOT_REVIEWED,NOT_APPROVED
83,91,Glock 17,pistol,6592,0.0,,,NOT_REVIEWED,NOT_APPROVED
83,92,Beretta 92FS,pistol,6332,0.0,,,NOT_REVIEWED,NOT_APPROVED
83,93,SIG Sauer P226,pistol,7455,0.0,,,NOT_REVIEWED,NOT_APPROVED
83,7,Пистолет ТТ,pistol,7053,0.0,,,NOT_REVIEWED,NOT_APPROVED
83,94,HK USP,pistol,6926,0.0,,,NOT_REVIEWED,NOT_APPROVED
83,95,Glock 22,pistol,6715,0.0,,,NOT_REVIEWED,NOT_APPROVED
83,96,SIG Sauer P229,pistol,7482,0.0,,,NOT_REVIEWED,NOT_APPROVED
83,97,Glock 20,pistol,7365,0.0,,,NOT_REVIEWED,NOT_APPROVED
83,98,Colt 1911,pistol,6910,0.0,,,NOT_REVIEWED,NOT_APPROVED
83,99,Glock 21,pistol,6831,0.0,,,NOT_REVIEWED,NOT_APPROVED
83,100,CZ 97B,pistol,7242,0.0,,,NOT_REVIEWED,NOT_APPROVED
83,101,HK Mark 23,pistol,6150,0.0,,,NOT_REVIEWED,NOT_APPROVED
83,102,Taurus Judge,pistol,6187,0.0,,,NOT_REVIEWED,NOT_APPROVED
83,103,Smith & Wesson Model 29,pistol,4342,0.0,,,NOT_REVIEWED,NOT_APPROVED
83,104,Taurus Raging Bull,pistol,4731,0.0,,,NOT_REVIEWED,NOT_APPROVED
83,105,Desert Eagle Mark XIX,pistol,8132,0.0,,,NOT_REVIEWED,NOT_APPROVED
83,11,Автомат АКС-74У,heavy,5979,0.0,1523,0.0,NOT_REVIEWED,NOT_APPROVED
83,12,Автомат АК-74,heavy,6103,0.0,1988,0.0,NOT_REVIEWED,NOT_APPROVED
83,37,Автомат АК-107,heavy,4110,0.0,120,0.0,NOT_REVIEWED,NOT_APPROVED
83,21,Автомат АК-12,heavy,5161,0.0,171,0.0,NOT_REVIEWED,NOT_APPROVED
83,26,Автомат АН-94 «Абакан»,heavy,4230,0.0,535,0.0,NOT_REVIEWED,NOT_APPROVED
83,17,Пулемёт РПК-74,heavy,3796,0.0,798,0.0,NOT_REVIEWED,NOT_APPROVED
83,38,Автомат ADAR 2-15,heavy,5510,0.0,455,0.0,NOT_REVIEWED,NOT_APPROVED
83,45,Автомат АК-19,heavy,4424,0.0,542,0.0,NOT_REVIEWED,NOT_APPROVED
83,57,Автомат HK416,heavy,4536,0.0,2465,0.0,NOT_REVIEWED,NOT_APPROVED
83,69,Автомат CZ Bren 2,heavy,4222,0.0,411,0.0,NOT_REVIEWED,NOT_APPROVED
83,67,Пулемёт Minimi Mk3,heavy,3250,0.0,1946,0.0,NOT_REVIEWED,NOT_APPROVED
83,43,Автомат ОЦ-14 «Гроза»,heavy,4768,0.0,0,18.03,NOT_REVIEWED,NOT_APPROVED
83,16,Карабин «Вепрь»,heavy,5720,0.0,1096,0.0,NOT_REVIEWED,NOT_APPROVED
83,15,Автомат АК-103,heavy,4777,0.0,818,0.0,NOT_REVIEWED,NOT_APPROVED
83,25,Пулемёт РПД,heavy,3392,0.0,31,0.0,NOT_REVIEWED,NOT_APPROVED
83,18,Автомат АС «Вал»,heavy,4486,0.0,389,0.0,NOT_REVIEWED,NOT_APPROVED
83,10,Карабин Сайга-12,heavy,6356,0.0,2001,0.0,NOT_REVIEWED,NOT_APPROVED
83,63,Автомат АК-308,heavy,4222,0.0,128,0.0,NOT_REVIEWED,NOT_APPROVED
83,51,Автомат ЛР-308,heavy,3905,0.0,0,2.0,NOT_REVIEWED,NOT_APPROVED
83,75,Автомат SCAR-H,heavy,4323,0.0,1853,0.0,NOT_REVIEWED,NOT_APPROVED
83,61,Пулемёт M60E6,heavy,3705,0.0,1053,0.0,NOT_REVIEWED,NOT_APPROVED
83,59,Пулемёт M240,heavy,3572,0.0,244,0.0,NOT_REVIEWED,NOT_APPROVED
83,71,Пулемёт FN MAG,heavy,3067,0.0,319,0.0,NOT_REVIEWED,NOT_APPROVED
83,77,Пулемёт Negev NG7,heavy,3246,0.0,1668,0.0,NOT_REVIEWED,NOT_APPROVED
83,22,Пулемёт ПКМ,heavy,2352,0.0,205,0.0,NOT_REVIEWED,NOT_APPROVED
83,29,Пулемёт «Печенег»,heavy,3642,0.0,634,0.0,NOT_REVIEWED,NOT_APPROVED
83,53,Пулемёт «Печенег-СП»,heavy,3848,0.0,218,0.0,NOT_REVIEWED,NOT_APPROVED
83,47,Автомат АК-АН «Абакан-100»,heavy,3445,0.0,1091,0.0,NOT_REVIEWED,NOT_APPROVED
83,65,Пулемёт «Утёс-М»,heavy,4274,0.0,1897,0.0,NOT_REVIEWED,NOT_APPROVED
83,14,Винтовка СКС,heavy,5950,0.0,3879,0.0,NOT_REVIEWED,NOT_APPROVED
83,46,Винтовка SSG 08,heavy,3459,0.0,902,0.0,NOT_REVIEWED,NOT_APPROVED
83,42,Винтовка SR-25,heavy,4012,0.0,66,0.0,NOT_REVIEWED,NOT_APPROVED
83,13,Винтовка СВД,heavy,5513,0.0,2936,0.0,NOT_REVIEWED,NOT_APPROVED
83,24,Винтовка СВДС,heavy,3921,0.0,1743,0.0,NOT_REVIEWED,NOT_APPROVED
83,23,Винтовка Т-5000,heavy,3088,0.0,941,0.0,NOT_REVIEWED,NOT_APPROVED
83,28,Винтовка СВ-98,heavy,4517,0.0,1577,0.0,NOT_REVIEWED,NOT_APPROVED
83,36,Винтовка СВК,heavy,3077,0.0,1409,0.0,NOT_REVIEWED,NOT_APPROVED
83,30,Винтовка ВСС «Винторез»,heavy,4692,0.0,1043,0.0,NOT_REVIEWED,NOT_APPROVED
83,40,Винтовка ВСК-94,heavy,4284,0.0,64,0.0,NOT_REVIEWED,NOT_APPROVED
83,31,Винтовка СВ-338,heavy,3721,0.0,2210,0.0,NOT_REVIEWED,NOT_APPROVED
83,27,Винтовка ОРСИС T-5000M,heavy,4050,0.0,1469,0.0,NOT_REVIEWED,NOT_APPROVED
83,70,Винтовка Sako TRG-42,heavy,3958,0.0,1233,0.0,NOT_REVIEWED,NOT_APPROVED
83,76,Винтовка Blaser R93 Tactical 2,heavy,3818,0.0,2636,0.0,NOT_REVIEWED,NOT_APPROVED
83,39,Винтовка ORSIS T-5000 Sniper Pro,heavy,3843,0.0,2146,0.0,NOT_REVIEWED,NOT_APPROVED
83,60,Винтовка Accuracy International AXMC,heavy,3550,0.0,3185,0.0,NOT_REVIEWED,NOT_APPROVED
83,48,Винтовка Barrett M98B,heavy,2907,0.0,2554,0.0,NOT_REVIEWED,NOT_APPROVED
83,64,Винтовка ORSIS T-5000 Elite,heavy,4011,0.0,1679,0.0,NOT_REVIEWED,NOT_APPROVED
83,33,Винтовка «Выхлоп»,heavy,3501,0.0,1133,0.0,NOT_REVIEWED,NOT_APPROVED
83,35,Винтовка ОСВ-96,heavy,3068,0.0,1271,0.0,NOT_REVIEWED,NOT_APPROVED
83,66,Винтовка Zastava M93 Black Arrow,heavy,4343,0.0,2568,0.0,NOT_REVIEWED,NOT_APPROVED
83,52,Винтовка АСВК «Корд»,heavy,3313,0.0,2263,0.0,NOT_REVIEWED,NOT_APPROVED
83,58,Винтовка Steyr HS .50,heavy,5108,0.0,3463,0.0,NOT_REVIEWED,NOT_APPROVED
83,49,Винтовка Barrett M82,heavy,2314,0.0,2381,0.0,NOT_REVIEWED,NOT_APPROVED
83,54,Винтовка McMillan TAC-50,heavy,4482,0.0,715,0.0,NOT_REVIEWED,NOT_APPROVED
83,72,Винтовка Desert Tech HTI,heavy,4150,0.0,979,0.0,NOT_REVIEWED,NOT_APPROVED
83,78,Винтовка Cheytac M200 Intervention,heavy,2692,0.0,950,0.0,NOT_REVIEWED,NOT_APPROVED
83,73,Прототип X-17,heavy,2989,0.0,725,0.0,NOT_REVIEWED,NOT_APPROVED
83,55,Гаусс-пушка,heavy,5896,0.0,1903,0.0,NOT_REVIEWED,NOT_APPROVED
83,4,Обрез охотничьего ружья,heavy,7673,0.0,3195,0.0,NOT_REVIEWED,NOT_APPROVED
83,8,ПП «Кедр»,heavy,8579,0.0,0,5.0,NOT_REVIEWED,NOT_APPROVED
83,9,ПП-19 «Бизон»,heavy,6646,0.0,6269,0.0,NOT_REVIEWED,NOT_APPROVED
83,20,Дробовик Сайга-410,heavy,5118,0.0,1333,0.0,NOT_REVIEWED,NOT_APPROVED
83,106,Дробовик Mossberg 500,heavy,5567,0.0,5265,0.0,NOT_REVIEWED,NOT_APPROVED
83,107,Дробовик Stoeger P3000,heavy,6043,0.0,5227,0.0,NOT_REVIEWED,NOT_APPROVED
83,108,Дробовик Remington 870,heavy,5688,0.0,4937,0.0,NOT_REVIEWED,NOT_APPROVED
83,109,Дробовик Winchester Model 1300,heavy,5741,0.0,4988,0.0,NOT_REVIEWED,NOT_APPROVED
83,110,Дробовик Ithaca 37,heavy,5731,0.0,5100,0.0,NOT_REVIEWED,NOT_APPROVED
83,111,Дробовик Browning BPS,heavy,5480,0.0,4850,0.0,NOT_REVIEWED,NOT_APPROVED
83,19,Дробовик СПАС-12,heavy,5277,0.0,2437,0.0,NOT_REVIEWED,NOT_APPROVED
83,112,Дробовик Winchester SXP Defender,heavy,5113,0.0,1657,0.0,NOT_REVIEWED,NOT_APPROVED
83,113,Дробовик Mossberg 590A1,heavy,5639,0.0,5155,0.0,NOT_REVIEWED,NOT_APPROVED
83,114,Дробовик Remington 870 MCS,heavy,4223,0.0,1382,0.0,NOT_REVIEWED,NOT_APPROVED
83,32,Дробовик Сайга-12К,heavy,3522,0.0,66,0.0,NOT_REVIEWED,NOT_APPROVED
83,115,Дробовик Benelli Nova,heavy,5652,0.0,4745,0.0,NOT_REVIEWED,NOT_APPROVED
83,116,Дробовик TOZ-194,heavy,5366,0.0,3106,0.0,NOT_REVIEWED,NOT_APPROVED
83,44,Дробовик «Вепрь-12»,heavy,3955,0.0,772,0.0,NOT_REVIEWED,NOT_APPROVED
83,117,Дробовик Remington 1100,heavy,5591,0.0,4734,0.0,NOT_REVIEWED,NOT_APPROVED
83,62,Дробовик Kel-Tec KSG,heavy,4561,0.0,84,0.0,NOT_REVIEWED,NOT_APPROVED
83,118,Дробовик Beretta 1301 Tactical,heavy,4002,0.0,1141,0.0,NOT_REVIEWED,NOT_APPROVED
83,50,Дробовик Benelli M4,heavy,4528,0.0,2355,0.0,NOT_REVIEWED,NOT_APPROVED
83,119,Дробовик Fabarm STF/12,heavy,4786,0.0,1490,0.0,NOT_REVIEWED,NOT_APPROVED
83,56,Дробовик AA-12,heavy,6157,0.0,1070,0.0,NOT_REVIEWED,NOT_APPROVED
83,120,Дробовик Winchester SX4,heavy,5735,0.0,4419,0.0,NOT_REVIEWED,NOT_APPROVED
83,121,Дробовик Browning A5,heavy,5760,0.0,4435,0.0,NOT_REVIEWED,NOT_APPROVED
83,68,Дробовик Franchi SPAS-15,heavy,4896,0.0,2665,0.0,NOT_REVIEWED,NOT_APPROVED
83,122,Дробовик Remington 870 Magnum,heavy,6830,0.0,4861,0.0,NOT_REVIEWED,NOT_APPROVED
83,123,Дробовик Benelli Vinci,heavy,5958,0.0,4729,0.0,NOT_REVIEWED,NOT_APPROVED
83,74,Дробовик USAS-12,heavy,3813,0.0,1323,0.0,NOT_REVIEWED,NOT_APPROVED
83,124,Дробовик Ithaca Mag-10,heavy,3674,0.0,370,0.0,NOT_REVIEWED,NOT_APPROVED
83,125,Дробовик Remington SP-10,heavy,4839,0.0,357,0.0,NOT_REVIEWED,NOT_APPROVED
84,86,Beretta 21A Bobcat,pistol,7605,0.0,,,NOT_REVIEWED,NOT_APPROVED
84,2,Пистолет ПСМ,pistol,7126,0.0,,,NOT_REVIEWED,NOT_APPROVED
84,87,Walther PPK,pistol,7445,0.0,,,NOT_REVIEWED,NOT_APPROVED
84,1,Пистолет Макарова,pistol,7057,0.0,,,NOT_REVIEWED,NOT_APPROVED
84,3,Пистолет ИЖ-71,pistol,6640,0.0,,,NOT_REVIEWED,NOT_APPROVED
84,88,Glock 25,pistol,6817,0.0,,,NOT_REVIEWED,NOT_APPROVED
84,5,Пистолет ОЦ-33 «Пернач»,pistol,7093,0.0,,,NOT_REVIEWED,NOT_APPROVED
84,6,Револьвер Наган,pistol,5064,0.0,,,NOT_REVIEWED,NOT_APPROVED
84,89,Walther P99,pistol,6790,0.0,,,NOT_REVIEWED,NOT_APPROVED
84,90,CZ 75,pistol,6633,0.0,,,NOT_REVIEWED,NOT_APPROVED
84,91,Glock 17,pistol,6662,0.0,,,NOT_REVIEWED,NOT_APPROVED
84,92,Beretta 92FS,pistol,6363,0.0,,,NOT_REVIEWED,NOT_APPROVED
84,93,SIG Sauer P226,pistol,7566,0.0,,,NOT_REVIEWED,NOT_APPROVED
84,7,Пистолет ТТ,pistol,7111,0.0,,,NOT_REVIEWED,NOT_APPROVED
84,94,HK USP,pistol,6975,0.0,,,NOT_REVIEWED,NOT_APPROVED
84,95,Glock 22,pistol,6775,0.0,,,NOT_REVIEWED,NOT_APPROVED
84,96,SIG Sauer P229,pistol,7548,0.0,,,NOT_REVIEWED,NOT_APPROVED
84,97,Glock 20,pistol,7407,0.0,,,NOT_REVIEWED,NOT_APPROVED
84,98,Colt 1911,pistol,6937,0.0,,,NOT_REVIEWED,NOT_APPROVED
84,99,Glock 21,pistol,6898,0.0,,,NOT_REVIEWED,NOT_APPROVED
84,100,CZ 97B,pistol,7266,0.0,,,NOT_REVIEWED,NOT_APPROVED
84,101,HK Mark 23,pistol,6190,0.0,,,NOT_REVIEWED,NOT_APPROVED
84,102,Taurus Judge,pistol,6143,0.0,,,NOT_REVIEWED,NOT_APPROVED
84,103,Smith & Wesson Model 29,pistol,4355,0.0,,,NOT_REVIEWED,NOT_APPROVED
84,104,Taurus Raging Bull,pistol,4738,0.0,,,NOT_REVIEWED,NOT_APPROVED
84,105,Desert Eagle Mark XIX,pistol,8171,0.0,,,NOT_REVIEWED,NOT_APPROVED
84,11,Автомат АКС-74У,heavy,5822,0.0,4902,0.0,NOT_REVIEWED,NOT_APPROVED
84,12,Автомат АК-74,heavy,5927,0.0,3405,0.0,NOT_REVIEWED,NOT_APPROVED
84,37,Автомат АК-107,heavy,4023,0.0,927,0.0,NOT_REVIEWED,NOT_APPROVED
84,21,Автомат АК-12,heavy,5089,0.0,2174,0.0,NOT_REVIEWED,NOT_APPROVED
84,26,Автомат АН-94 «Абакан»,heavy,4173,0.0,1866,0.0,NOT_REVIEWED,NOT_APPROVED
84,17,Пулемёт РПК-74,heavy,3768,0.0,1805,0.0,NOT_REVIEWED,NOT_APPROVED
84,38,Автомат ADAR 2-15,heavy,5383,0.0,722,0.0,NOT_REVIEWED,NOT_APPROVED
84,45,Автомат АК-19,heavy,4369,0.0,1368,0.0,NOT_REVIEWED,NOT_APPROVED
84,57,Автомат HK416,heavy,4465,0.0,414,0.0,NOT_REVIEWED,NOT_APPROVED
84,69,Автомат CZ Bren 2,heavy,4149,0.0,1800,0.0,NOT_REVIEWED,NOT_APPROVED
84,67,Пулемёт Minimi Mk3,heavy,3245,0.0,1966,0.0,NOT_REVIEWED,NOT_APPROVED
84,43,Автомат ОЦ-14 «Гроза»,heavy,4724,0.0,1155,0.0,NOT_REVIEWED,NOT_APPROVED
84,16,Карабин «Вепрь»,heavy,5569,0.0,2544,0.0,NOT_REVIEWED,NOT_APPROVED
84,15,Автомат АК-103,heavy,4709,0.0,2261,0.0,NOT_REVIEWED,NOT_APPROVED
84,25,Пулемёт РПД,heavy,3383,0.0,3203,0.0,NOT_REVIEWED,NOT_APPROVED
84,18,Автомат АС «Вал»,heavy,4403,0.0,2067,0.0,NOT_REVIEWED,NOT_APPROVED
84,10,Карабин Сайга-12,heavy,6179,0.0,4840,0.0,NOT_REVIEWED,NOT_APPROVED
84,63,Автомат АК-308,heavy,4153,0.0,1726,0.0,NOT_REVIEWED,NOT_APPROVED
84,51,Автомат ЛР-308,heavy,3848,0.0,609,0.0,NOT_REVIEWED,NOT_APPROVED
84,75,Автомат SCAR-H,heavy,4227,0.0,1171,0.0,NOT_REVIEWED,NOT_APPROVED
84,61,Пулемёт M60E6,heavy,3677,0.0,2399,0.0,NOT_REVIEWED,NOT_APPROVED
84,59,Пулемёт M240,heavy,3570,0.0,1490,0.0,NOT_REVIEWED,NOT_APPROVED
84,71,Пулемёт FN MAG,heavy,3021,0.0,1139,0.0,NOT_REVIEWED,NOT_APPROVED
84,77,Пулемёт Negev NG7,heavy,3130,0.0,575,0.0,NOT_REVIEWED,NOT_APPROVED
84,22,Пулемёт ПКМ,heavy,2264,0.0,4035,0.0,NOT_REVIEWED,NOT_APPROVED
84,29,Пулемёт «Печенег»,heavy,3615,0.0,4412,0.0,NOT_REVIEWED,NOT_APPROVED
84,53,Пулемёт «Печенег-СП»,heavy,3848,0.0,1458,0.0,NOT_REVIEWED,NOT_APPROVED
84,47,Автомат АК-АН «Абакан-100»,heavy,3359,0.0,2071,0.0,NOT_REVIEWED,NOT_APPROVED
84,65,Пулемёт «Утёс-М»,heavy,4098,0.0,3972,0.0,NOT_REVIEWED,NOT_APPROVED
84,14,Винтовка СКС,heavy,5774,0.0,5608,0.0,NOT_REVIEWED,NOT_APPROVED
84,46,Винтовка SSG 08,heavy,3449,0.0,1321,0.0,NOT_REVIEWED,NOT_APPROVED
84,42,Винтовка SR-25,heavy,3939,0.0,528,0.0,NOT_REVIEWED,NOT_APPROVED
84,13,Винтовка СВД,heavy,5337,0.0,4308,0.0,NOT_REVIEWED,NOT_APPROVED
84,24,Винтовка СВДС,heavy,3768,0.0,3291,0.0,NOT_REVIEWED,NOT_APPROVED
84,23,Винтовка Т-5000,heavy,3084,0.0,1154,0.0,NOT_REVIEWED,NOT_APPROVED
84,28,Винтовка СВ-98,heavy,4423,0.0,2259,0.0,NOT_REVIEWED,NOT_APPROVED
84,36,Винтовка СВК,heavy,3077,0.0,1268,0.0,NOT_REVIEWED,NOT_APPROVED
84,30,Винтовка ВСС «Винторез»,heavy,4655,0.0,1840,0.0,NOT_REVIEWED,NOT_APPROVED
84,40,Винтовка ВСК-94,heavy,4222,0.0,1668,0.0,NOT_REVIEWED,NOT_APPROVED
84,31,Винтовка СВ-338,heavy,3623,0.0,1048,0.0,NOT_REVIEWED,NOT_APPROVED
84,27,Винтовка ОРСИС T-5000M,heavy,3876,0.0,1647,0.0,NOT_REVIEWED,NOT_APPROVED
84,70,Винтовка Sako TRG-42,heavy,3955,0.0,1942,0.0,NOT_REVIEWED,NOT_APPROVED
84,76,Винтовка Blaser R93 Tactical 2,heavy,3733,0.0,2502,0.0,NOT_REVIEWED,NOT_APPROVED
84,39,Винтовка ORSIS T-5000 Sniper Pro,heavy,3693,0.0,1240,0.0,NOT_REVIEWED,NOT_APPROVED
84,60,Винтовка Accuracy International AXMC,heavy,3393,0.0,3078,0.0,NOT_REVIEWED,NOT_APPROVED
84,48,Винтовка Barrett M98B,heavy,2834,0.0,949,0.0,NOT_REVIEWED,NOT_APPROVED
84,64,Винтовка ORSIS T-5000 Elite,heavy,3935,0.0,2811,0.0,NOT_REVIEWED,NOT_APPROVED
84,33,Винтовка «Выхлоп»,heavy,3433,0.0,1552,0.0,NOT_REVIEWED,NOT_APPROVED
84,35,Винтовка ОСВ-96,heavy,3027,0.0,510,0.0,NOT_REVIEWED,NOT_APPROVED
84,66,Винтовка Zastava M93 Black Arrow,heavy,4167,0.0,3234,0.0,NOT_REVIEWED,NOT_APPROVED
84,52,Винтовка АСВК «Корд»,heavy,3271,0.0,2581,0.0,NOT_REVIEWED,NOT_APPROVED
84,58,Винтовка Steyr HS .50,heavy,4932,0.0,4078,0.0,NOT_REVIEWED,NOT_APPROVED
84,49,Винтовка Barrett M82,heavy,2248,0.0,1070,0.0,NOT_REVIEWED,NOT_APPROVED
84,54,Винтовка McMillan TAC-50,heavy,4371,0.0,2527,0.0,NOT_REVIEWED,NOT_APPROVED
84,72,Винтовка Desert Tech HTI,heavy,4092,0.0,945,0.0,NOT_REVIEWED,NOT_APPROVED
84,78,Винтовка Cheytac M200 Intervention,heavy,2692,0.0,2676,0.0,NOT_REVIEWED,NOT_APPROVED
84,73,Прототип X-17,heavy,2813,0.0,2406,0.0,NOT_REVIEWED,NOT_APPROVED
84,55,Гаусс-пушка,heavy,5674,0.0,3514,0.0,NOT_REVIEWED,NOT_APPROVED
84,4,Обрез охотничьего ружья,heavy,7414,0.0,4495,0.0,NOT_REVIEWED,NOT_APPROVED
84,8,ПП «Кедр»,heavy,8322,0.0,4552,0.0,NOT_REVIEWED,NOT_APPROVED
84,9,ПП-19 «Бизон»,heavy,6469,0.0,6256,0.0,NOT_REVIEWED,NOT_APPROVED
84,20,Дробовик Сайга-410,heavy,4969,0.0,2797,0.0,NOT_REVIEWED,NOT_APPROVED
84,106,Дробовик Mossberg 500,heavy,5391,0.0,4624,0.0,NOT_REVIEWED,NOT_APPROVED
84,107,Дробовик Stoeger P3000,heavy,5867,0.0,4877,0.0,NOT_REVIEWED,NOT_APPROVED
84,108,Дробовик Remington 870,heavy,5512,0.0,4235,0.0,NOT_REVIEWED,NOT_APPROVED
84,109,Дробовик Winchester Model 1300,heavy,5565,0.0,4575,0.0,NOT_REVIEWED,NOT_APPROVED
84,110,Дробовик Ithaca 37,heavy,5555,0.0,4708,0.0,NOT_REVIEWED,NOT_APPROVED
84,111,Дробовик Browning BPS,heavy,5304,0.0,4641,0.0,NOT_REVIEWED,NOT_APPROVED
84,19,Дробовик СПАС-12,heavy,5190,0.0,2526,0.0,NOT_REVIEWED,NOT_APPROVED
84,112,Дробовик Winchester SXP Defender,heavy,5038,0.0,1290,0.0,NOT_REVIEWED,NOT_APPROVED
84,113,Дробовик Mossberg 590A1,heavy,5463,0.0,4473,0.0,NOT_REVIEWED,NOT_APPROVED
84,114,Дробовик Remington 870 MCS,heavy,4170,0.0,1474,0.0,NOT_REVIEWED,NOT_APPROVED
84,32,Дробовик Сайга-12К,heavy,3471,0.0,858,0.0,NOT_REVIEWED,NOT_APPROVED
84,115,Дробовик Benelli Nova,heavy,5476,0.0,4728,0.0,NOT_REVIEWED,NOT_APPROVED
84,116,Дробовик TOZ-194,heavy,5190,0.0,4002,0.0,NOT_REVIEWED,NOT_APPROVED
84,44,Дробовик «Вепрь-12»,heavy,3931,0.0,1774,0.0,NOT_REVIEWED,NOT_APPROVED
84,117,Дробовик Remington 1100,heavy,5415,0.0,4526,0.0,NOT_REVIEWED,NOT_APPROVED
84,62,Дробовик Kel-Tec KSG,heavy,4462,0.0,309,0.0,NOT_REVIEWED,NOT_APPROVED
84,118,Дробовик Beretta 1301 Tactical,heavy,3930,0.0,1138,0.0,NOT_REVIEWED,NOT_APPROVED
84,50,Дробовик Benelli M4,heavy,4416,0.0,2022,0.0,NOT_REVIEWED,NOT_APPROVED
84,119,Дробовик Fabarm STF/12,heavy,4681,0.0,1488,0.0,NOT_REVIEWED,NOT_APPROVED
84,56,Дробовик AA-12,heavy,6072,0.0,2212,0.0,NOT_REVIEWED,NOT_APPROVED
84,120,Дробовик Winchester SX4,heavy,5559,0.0,4435,0.0,NOT_REVIEWED,NOT_APPROVED
84,121,Дробовик Browning A5,heavy,5584,0.0,4572,0.0,NOT_REVIEWED,NOT_APPROVED
84,68,Дробовик Franchi SPAS-15,heavy,4810,0.0,2385,0.0,NOT_REVIEWED,NOT_APPROVED
84,122,Дробовик Remington 870 Magnum,heavy,6654,0.0,4555,0.0,NOT_REVIEWED,NOT_APPROVED
84,123,Дробовик Benelli Vinci,heavy,5782,0.0,4784,0.0,NOT_REVIEWED,NOT_APPROVED
84,74,Дробовик USAS-12,heavy,3734,0.0,4013,0.0,NOT_REVIEWED,NOT_APPROVED
84,124,Дробовик Ithaca Mag-10,heavy,3573,0.0,1332,0.0,NOT_REVIEWED,NOT_APPROVED
84,125,Дробовик Remington SP-10,heavy,4782,0.0,1740,0.0,NOT_REVIEWED,NOT_APPROVED
85,86,Beretta 21A Bobcat,pistol,7476,0.0,,,NOT_REVIEWED,NOT_APPROVED
85,2,Пистолет ПСМ,pistol,7073,0.0,,,NOT_REVIEWED,NOT_APPROVED
85,87,Walther PPK,pistol,7375,0.0,,,NOT_REVIEWED,NOT_APPROVED
85,1,Пистолет Макарова,pistol,6987,0.0,,,NOT_REVIEWED,NOT_APPROVED
85,3,Пистолет ИЖ-71,pistol,6676,0.0,,,NOT_REVIEWED,NOT_APPROVED
85,88,Glock 25,pistol,6820,0.0,,,NOT_REVIEWED,NOT_APPROVED
85,5,Пистолет ОЦ-33 «Пернач»,pistol,7004,0.0,,,NOT_REVIEWED,NOT_APPROVED
85,6,Револьвер Наган,pistol,5047,0.0,,,NOT_REVIEWED,NOT_APPROVED
85,89,Walther P99,pistol,6725,0.0,,,NOT_REVIEWED,NOT_APPROVED
85,90,CZ 75,pistol,6531,0.0,,,NOT_REVIEWED,NOT_APPROVED
85,91,Glock 17,pistol,6566,0.0,,,NOT_REVIEWED,NOT_APPROVED
85,92,Beretta 92FS,pistol,6159,0.0,,,NOT_REVIEWED,NOT_APPROVED
85,93,SIG Sauer P226,pistol,7405,0.0,,,NOT_REVIEWED,NOT_APPROVED
85,7,Пистолет ТТ,pistol,6901,0.0,,,NOT_REVIEWED,NOT_APPROVED
85,94,HK USP,pistol,6775,0.0,,,NOT_REVIEWED,NOT_APPROVED
85,95,Glock 22,pistol,6632,0.0,,,NOT_REVIEWED,NOT_APPROVED
85,96,SIG Sauer P229,pistol,7332,0.0,,,NOT_REVIEWED,NOT_APPROVED
85,97,Glock 20,pistol,7242,0.0,,,NOT_REVIEWED,NOT_APPROVED
85,98,Colt 1911,pistol,6721,0.0,,,NOT_REVIEWED,NOT_APPROVED
85,99,Glock 21,pistol,6775,0.0,,,NOT_REVIEWED,NOT_APPROVED
85,100,CZ 97B,pistol,7145,0.0,,,NOT_REVIEWED,NOT_APPROVED
85,101,HK Mark 23,pistol,5991,0.0,,,NOT_REVIEWED,NOT_APPROVED
85,102,Taurus Judge,pistol,6083,0.0,,,NOT_REVIEWED,NOT_APPROVED
85,103,Smith & Wesson Model 29,pistol,4267,0.0,,,NOT_REVIEWED,NOT_APPROVED
85,104,Taurus Raging Bull,pistol,4575,0.0,,,NOT_REVIEWED,NOT_APPROVED
85,105,Desert Eagle Mark XIX,pistol,8121,0.0,,,NOT_REVIEWED,NOT_APPROVED
85,11,Автомат АКС-74У,heavy,5411,0.0,2623,0.0,NOT_REVIEWED,NOT_APPROVED
85,12,Автомат АК-74,heavy,5678,0.0,2372,0.0,NOT_REVIEWED,NOT_APPROVED
85,37,Автомат АК-107,heavy,3975,0.0,213,0.0,NOT_REVIEWED,NOT_APPROVED
85,21,Автомат АК-12,heavy,4808,0.0,25,0.0,NOT_REVIEWED,NOT_APPROVED
85,26,Автомат АН-94 «Абакан»,heavy,4282,0.0,781,0.0,NOT_REVIEWED,NOT_APPROVED
85,17,Пулемёт РПК-74,heavy,3780,0.0,984,0.0,NOT_REVIEWED,NOT_APPROVED
85,38,Автомат ADAR 2-15,heavy,5144,0.0,182,0.0,NOT_REVIEWED,NOT_APPROVED
85,45,Автомат АК-19,heavy,4369,0.0,494,0.0,NOT_REVIEWED,NOT_APPROVED
85,57,Автомат HK416,heavy,4492,0.0,1810,0.0,NOT_REVIEWED,NOT_APPROVED
85,69,Автомат CZ Bren 2,heavy,4209,0.0,1776,0.0,NOT_REVIEWED,NOT_APPROVED
85,67,Пулемёт Minimi Mk3,heavy,3247,0.0,1368,0.0,NOT_REVIEWED,NOT_APPROVED
85,43,Автомат ОЦ-14 «Гроза»,heavy,4367,0.0,0,1.41,NOT_REVIEWED,NOT_APPROVED
85,16,Карабин «Вепрь»,heavy,5316,0.0,1822,0.0,NOT_REVIEWED,NOT_APPROVED
85,15,Автомат АК-103,heavy,4312,0.0,1158,0.0,NOT_REVIEWED,NOT_APPROVED
85,25,Пулемёт РПД,heavy,3476,0.0,544,0.0,NOT_REVIEWED,NOT_APPROVED
85,18,Автомат АС «Вал»,heavy,4200,0.0,629,0.0,NOT_REVIEWED,NOT_APPROVED
85,10,Карабин Сайга-12,heavy,5840,0.0,2706,0.0,NOT_REVIEWED,NOT_APPROVED
85,63,Автомат АК-308,heavy,4203,0.0,299,0.0,NOT_REVIEWED,NOT_APPROVED
85,51,Автомат ЛР-308,heavy,3905,0.0,0,10.0,NOT_REVIEWED,NOT_APPROVED
85,75,Автомат SCAR-H,heavy,4269,0.0,1539,0.0,NOT_REVIEWED,NOT_APPROVED
85,61,Пулемёт M60E6,heavy,3695,0.0,1330,0.0,NOT_REVIEWED,NOT_APPROVED
85,59,Пулемёт M240,heavy,3572,0.0,424,0.0,NOT_REVIEWED,NOT_APPROVED
85,71,Пулемёт FN MAG,heavy,3067,0.0,525,0.0,NOT_REVIEWED,NOT_APPROVED
85,77,Пулемёт Negev NG7,heavy,3252,0.0,406,0.0,NOT_REVIEWED,NOT_APPROVED
85,22,Пулемёт ПКМ,heavy,2309,0.0,1179,0.0,NOT_REVIEWED,NOT_APPROVED
85,29,Пулемёт «Печенег»,heavy,3642,0.0,1752,0.0,NOT_REVIEWED,NOT_APPROVED
85,53,Пулемёт «Печенег-СП»,heavy,3860,0.0,338,0.0,NOT_REVIEWED,NOT_APPROVED
85,47,Автомат АК-АН «Абакан-100»,heavy,3555,0.0,1477,0.0,NOT_REVIEWED,NOT_APPROVED
85,65,Пулемёт «Утёс-М»,heavy,4263,0.0,2252,0.0,NOT_REVIEWED,NOT_APPROVED
85,14,Винтовка СКС,heavy,5937,0.0,4347,0.0,NOT_REVIEWED,NOT_APPROVED
85,46,Винтовка SSG 08,heavy,3381,0.0,302,0.0,NOT_REVIEWED,NOT_APPROVED
85,42,Винтовка SR-25,heavy,4012,0.0,0,9.0,NOT_REVIEWED,NOT_APPROVED
85,13,Винтовка СВД,heavy,5408,0.0,3425,0.0,NOT_REVIEWED,NOT_APPROVED
85,24,Винтовка СВДС,heavy,3816,0.0,1741,0.0,NOT_REVIEWED,NOT_APPROVED
85,23,Винтовка Т-5000,heavy,3088,0.0,301,0.0,NOT_REVIEWED,NOT_APPROVED
85,28,Винтовка СВ-98,heavy,4616,0.0,1850,0.0,NOT_REVIEWED,NOT_APPROVED
85,36,Винтовка СВК,heavy,3077,0.0,511,0.0,NOT_REVIEWED,NOT_APPROVED
85,30,Винтовка ВСС «Винторез»,heavy,4798,0.0,1198,0.0,NOT_REVIEWED,NOT_APPROVED
85,40,Винтовка ВСК-94,heavy,4269,0.0,874,0.0,NOT_REVIEWED,NOT_APPROVED
85,31,Винтовка СВ-338,heavy,3720,0.0,701,0.0,NOT_REVIEWED,NOT_APPROVED
85,27,Винтовка ОРСИС T-5000M,heavy,3934,0.0,940,0.0,NOT_REVIEWED,NOT_APPROVED
85,70,Винтовка Sako TRG-42,heavy,4063,0.0,1604,0.0,NOT_REVIEWED,NOT_APPROVED
85,76,Винтовка Blaser R93 Tactical 2,heavy,3867,0.0,1965,0.0,NOT_REVIEWED,NOT_APPROVED
85,39,Винтовка ORSIS T-5000 Sniper Pro,heavy,3825,0.0,639,0.0,NOT_REVIEWED,NOT_APPROVED
85,60,Винтовка Accuracy International AXMC,heavy,3551,0.0,2438,0.0,NOT_REVIEWED,NOT_APPROVED
85,48,Винтовка Barrett M98B,heavy,2913,0.0,1441,0.0,NOT_REVIEWED,NOT_APPROVED
85,64,Винтовка ORSIS T-5000 Elite,heavy,4033,0.0,2926,0.0,NOT_REVIEWED,NOT_APPROVED
85,33,Винтовка «Выхлоп»,heavy,3501,0.0,895,0.0,NOT_REVIEWED,NOT_APPROVED
85,35,Винтовка ОСВ-96,heavy,3178,0.0,1523,0.0,NOT_REVIEWED,NOT_APPROVED
85,66,Винтовка Zastava M93 Black Arrow,heavy,4341,0.0,2586,0.0,NOT_REVIEWED,NOT_APPROVED
85,52,Винтовка АСВК «Корд»,heavy,3313,0.0,656,0.0,NOT_REVIEWED,NOT_APPROVED
85,58,Винтовка Steyr HS .50,heavy,5108,0.0,3878,0.0,NOT_REVIEWED,NOT_APPROVED
85,49,Винтовка Barrett M82,heavy,2365,0.0,641,0.0,NOT_REVIEWED,NOT_APPROVED
85,54,Винтовка McMillan TAC-50,heavy,4388,0.0,2347,0.0,NOT_REVIEWED,NOT_APPROVED
85,72,Винтовка Desert Tech HTI,heavy,4241,0.0,291,0.0,NOT_REVIEWED,NOT_APPROVED
85,78,Винтовка Cheytac M200 Intervention,heavy,2697,0.0,2037,0.0,NOT_REVIEWED,NOT_APPROVED
85,73,Прототип X-17,heavy,2989,0.0,1835,0.0,NOT_REVIEWED,NOT_APPROVED
85,55,Гаусс-пушка,heavy,5567,0.0,3265,0.0,NOT_REVIEWED,NOT_APPROVED
85,4,Обрез охотничьего ружья,heavy,7673,0.0,3922,0.0,NOT_REVIEWED,NOT_APPROVED
85,8,ПП «Кедр»,heavy,7866,0.0,1662,0.0,NOT_REVIEWED,NOT_APPROVED
85,9,ПП-19 «Бизон»,heavy,6158,0.0,5894,0.0,NOT_REVIEWED,NOT_APPROVED
85,20,Дробовик Сайга-410,heavy,4706,0.0,1617,0.0,NOT_REVIEWED,NOT_APPROVED
85,106,Дробовик Mossberg 500,heavy,5519,0.0,4953,0.0,NOT_REVIEWED,NOT_APPROVED
85,107,Дробовик Stoeger P3000,heavy,6018,0.0,4965,0.0,NOT_REVIEWED,NOT_APPROVED
85,108,Дробовик Remington 870,heavy,5746,0.0,4487,0.0,NOT_REVIEWED,NOT_APPROVED
85,109,Дробовик Winchester Model 1300,heavy,5741,0.0,4919,0.0,NOT_REVIEWED,NOT_APPROVED
85,110,Дробовик Ithaca 37,heavy,5672,0.0,4753,0.0,NOT_REVIEWED,NOT_APPROVED
85,111,Дробовик Browning BPS,heavy,5537,0.0,5092,0.0,NOT_REVIEWED,NOT_APPROVED
85,19,Дробовик СПАС-12,heavy,4833,0.0,2358,0.0,NOT_REVIEWED,NOT_APPROVED
85,112,Дробовик Winchester SXP Defender,heavy,4936,0.0,1048,0.0,NOT_REVIEWED,NOT_APPROVED
85,113,Дробовик Mossberg 590A1,heavy,5675,0.0,4817,0.0,NOT_REVIEWED,NOT_APPROVED
85,114,Дробовик Remington 870 MCS,heavy,4217,0.0,1413,0.0,NOT_REVIEWED,NOT_APPROVED
85,32,Дробовик Сайга-12К,heavy,3522,0.0,21,0.0,NOT_REVIEWED,NOT_APPROVED
85,115,Дробовик Benelli Nova,heavy,5626,0.0,4883,0.0,NOT_REVIEWED,NOT_APPROVED
85,116,Дробовик TOZ-194,heavy,5332,0.0,3947,0.0,NOT_REVIEWED,NOT_APPROVED
85,44,Дробовик «Вепрь-12»,heavy,3955,0.0,938,0.0,NOT_REVIEWED,NOT_APPROVED
85,117,Дробовик Remington 1100,heavy,5591,0.0,4897,0.0,NOT_REVIEWED,NOT_APPROVED
85,62,Дробовик Kel-Tec KSG,heavy,4561,0.0,200,0.0,NOT_REVIEWED,NOT_APPROVED
85,118,Дробовик Beretta 1301 Tactical,heavy,3958,0.0,757,0.0,NOT_REVIEWED,NOT_APPROVED
85,50,Дробовик Benelli M4,heavy,4487,0.0,1899,0.0,NOT_REVIEWED,NOT_APPROVED
85,119,Дробовик Fabarm STF/12,heavy,4589,0.0,1310,0.0,NOT_REVIEWED,NOT_APPROVED
85,56,Дробовик AA-12,heavy,5749,0.0,68,0.0,NOT_REVIEWED,NOT_APPROVED
85,120,Дробовик Winchester SX4,heavy,5693,0.0,4512,0.0,NOT_REVIEWED,NOT_APPROVED
85,121,Дробовик Browning A5,heavy,5760,0.0,4765,0.0,NOT_REVIEWED,NOT_APPROVED
85,68,Дробовик Franchi SPAS-15,heavy,4765,0.0,1487,0.0,NOT_REVIEWED,NOT_APPROVED
85,122,Дробовик Remington 870 Magnum,heavy,6722,0.0,4694,0.0,NOT_REVIEWED,NOT_APPROVED
85,123,Дробовик Benelli Vinci,heavy,5958,0.0,5026,0.0,NOT_REVIEWED,NOT_APPROVED
85,74,Дробовик USAS-12,heavy,3774,0.0,2553,0.0,NOT_REVIEWED,NOT_APPROVED
85,124,Дробовик Ithaca Mag-10,heavy,3613,0.0,377,0.0,NOT_REVIEWED,NOT_APPROVED
85,125,Дробовик Remington SP-10,heavy,4808,0.0,230,0.0,NOT_REVIEWED,NOT_APPROVED
86,86,Beretta 21A Bobcat,pistol,7296,0.0,,,NOT_REVIEWED,NOT_APPROVED
86,2,Пистолет ПСМ,pistol,6923,0.0,,,NOT_REVIEWED,NOT_APPROVED
86,87,Walther PPK,pistol,7184,0.0,,,NOT_REVIEWED,NOT_APPROVED
86,1,Пистолет Макарова,pistol,6854,0.0,,,NOT_REVIEWED,NOT_APPROVED
86,3,Пистолет ИЖ-71,pistol,6504,0.0,,,NOT_REVIEWED,NOT_APPROVED
86,88,Glock 25,pistol,6674,0.0,,,NOT_REVIEWED,NOT_APPROVED
86,5,Пистолет ОЦ-33 «Пернач»,pistol,6858,0.0,,,NOT_REVIEWED,NOT_APPROVED
86,6,Револьвер Наган,pistol,4884,0.0,,,NOT_REVIEWED,NOT_APPROVED
86,89,Walther P99,pistol,6564,0.0,,,NOT_REVIEWED,NOT_APPROVED
86,90,CZ 75,pistol,6430,0.0,,,NOT_REVIEWED,NOT_APPROVED
86,91,Glock 17,pistol,6466,0.0,,,NOT_REVIEWED,NOT_APPROVED
86,92,Beretta 92FS,pistol,6016,0.0,,,NOT_REVIEWED,NOT_APPROVED
86,93,SIG Sauer P226,pistol,7201,0.0,,,NOT_REVIEWED,NOT_APPROVED
86,7,Пистолет ТТ,pistol,6737,0.0,,,NOT_REVIEWED,NOT_APPROVED
86,94,HK USP,pistol,6573,0.0,,,NOT_REVIEWED,NOT_APPROVED
86,95,Glock 22,pistol,6499,0.0,,,NOT_REVIEWED,NOT_APPROVED
86,96,SIG Sauer P229,pistol,7107,0.0,,,NOT_REVIEWED,NOT_APPROVED
86,97,Glock 20,pistol,7070,0.0,,,NOT_REVIEWED,NOT_APPROVED
86,98,Colt 1911,pistol,6524,0.0,,,NOT_REVIEWED,NOT_APPROVED
86,99,Glock 21,pistol,6669,0.0,,,NOT_REVIEWED,NOT_APPROVED
86,100,CZ 97B,pistol,6965,0.0,,,NOT_REVIEWED,NOT_APPROVED
86,101,HK Mark 23,pistol,5785,0.0,,,NOT_REVIEWED,NOT_APPROVED
86,102,Taurus Judge,pistol,5917,0.0,,,NOT_REVIEWED,NOT_APPROVED
86,103,Smith & Wesson Model 29,pistol,4096,0.0,,,NOT_REVIEWED,NOT_APPROVED
86,104,Taurus Raging Bull,pistol,4419,0.0,,,NOT_REVIEWED,NOT_APPROVED
86,105,Desert Eagle Mark XIX,pistol,7880,0.0,,,NOT_REVIEWED,NOT_APPROVED
86,11,Автомат АКС-74У,heavy,5987,0.0,1406,0.0,NOT_REVIEWED,NOT_APPROVED
86,12,Автомат АК-74,heavy,6148,0.0,2071,0.0,NOT_REVIEWED,NOT_APPROVED
86,37,Автомат АК-107,heavy,4103,0.0,0,1.0,NOT_REVIEWED,NOT_APPROVED
86,21,Автомат АК-12,heavy,5161,0.0,12,0.0,NOT_REVIEWED,NOT_APPROVED
86,26,Автомат АН-94 «Абакан»,heavy,4287,0.0,374,0.0,NOT_REVIEWED,NOT_APPROVED
86,17,Пулемёт РПК-74,heavy,3796,0.0,591,0.0,NOT_REVIEWED,NOT_APPROVED
86,38,Автомат ADAR 2-15,heavy,5532,0.0,221,0.0,NOT_REVIEWED,NOT_APPROVED
86,45,Автомат АК-19,heavy,4428,0.0,354,0.0,NOT_REVIEWED,NOT_APPROVED
86,57,Автомат HK416,heavy,4536,0.0,2126,0.0,NOT_REVIEWED,NOT_APPROVED
86,69,Автомат CZ Bren 2,heavy,4222,0.0,310,0.0,NOT_REVIEWED,NOT_APPROVED
86,67,Пулемёт Minimi Mk3,heavy,3247,0.0,1545,0.0,NOT_REVIEWED,NOT_APPROVED
86,43,Автомат ОЦ-14 «Гроза»,heavy,4705,0.0,0,16.76,NOT_REVIEWED,NOT_APPROVED
86,16,Карабин «Вепрь»,heavy,5787,0.0,1106,0.0,NOT_REVIEWED,NOT_APPROVED
86,15,Автомат АК-103,heavy,4777,0.0,668,0.0,NOT_REVIEWED,NOT_APPROVED
86,25,Пулемёт РПД,heavy,3476,0.0,0,1.0,NOT_REVIEWED,NOT_APPROVED
86,18,Автомат АС «Вал»,heavy,4531,0.0,219,0.0,NOT_REVIEWED,NOT_APPROVED
86,10,Карабин Сайга-12,heavy,6409,0.0,2013,0.0,NOT_REVIEWED,NOT_APPROVED
86,63,Автомат АК-308,heavy,4222,0.0,60,0.0,NOT_REVIEWED,NOT_APPROVED
86,51,Автомат ЛР-308,heavy,3905,0.0,0,10.0,NOT_REVIEWED,NOT_APPROVED
86,75,Автомат SCAR-H,heavy,4269,0.0,1702,0.0,NOT_REVIEWED,NOT_APPROVED
86,61,Пулемёт M60E6,heavy,3710,0.0,872,0.0,NOT_REVIEWED,NOT_APPROVED
86,59,Пулемёт M240,heavy,3572,0.0,52,0.0,NOT_REVIEWED,NOT_APPROVED
86,71,Пулемёт FN MAG,heavy,3067,0.0,78,0.0,NOT_REVIEWED,NOT_APPROVED
86,77,Пулемёт Negev NG7,heavy,3252,0.0,1463,0.0,NOT_REVIEWED,NOT_APPROVED
86,22,Пулемёт ПКМ,heavy,2309,0.0,41,0.0,NOT_REVIEWED,NOT_APPROVED
86,29,Пулемёт «Печенег»,heavy,3642,0.0,432,0.0,NOT_REVIEWED,NOT_APPROVED
86,53,Пулемёт «Печенег-СП»,heavy,3860,0.0,24,0.0,NOT_REVIEWED,NOT_APPROVED
86,47,Автомат АК-АН «Абакан-100»,heavy,3555,0.0,1148,0.0,NOT_REVIEWED,NOT_APPROVED
86,65,Пулемёт «Утёс-М»,heavy,4263,0.0,1522,0.0,NOT_REVIEWED,NOT_APPROVED
86,14,Винтовка СКС,heavy,5895,0.0,3817,0.0,NOT_REVIEWED,NOT_APPROVED
86,46,Винтовка SSG 08,heavy,3381,0.0,530,0.0,NOT_REVIEWED,NOT_APPROVED
86,42,Винтовка SR-25,heavy,4012,0.0,0,3.0,NOT_REVIEWED,NOT_APPROVED
86,13,Винтовка СВД,heavy,5419,0.0,3058,0.0,NOT_REVIEWED,NOT_APPROVED
86,24,Винтовка СВДС,heavy,3816,0.0,1532,0.0,NOT_REVIEWED,NOT_APPROVED
86,23,Винтовка Т-5000,heavy,3088,0.0,725,0.0,NOT_REVIEWED,NOT_APPROVED
86,28,Винтовка СВ-98,heavy,4616,0.0,1827,0.0,NOT_REVIEWED,NOT_APPROVED
86,36,Винтовка СВК,heavy,3077,0.0,883,0.0,NOT_REVIEWED,NOT_APPROVED
86,30,Винтовка ВСС «Винторез»,heavy,4814,0.0,943,0.0,NOT_REVIEWED,NOT_APPROVED
86,40,Винтовка ВСК-94,heavy,4269,0.0,91,0.0,NOT_REVIEWED,NOT_APPROVED
86,31,Винтовка СВ-338,heavy,3720,0.0,2161,0.0,NOT_REVIEWED,NOT_APPROVED
86,27,Винтовка ОРСИС T-5000M,heavy,3935,0.0,1137,0.0,NOT_REVIEWED,NOT_APPROVED
86,70,Винтовка Sako TRG-42,heavy,4063,0.0,1260,0.0,NOT_REVIEWED,NOT_APPROVED
86,76,Винтовка Blaser R93 Tactical 2,heavy,3867,0.0,2565,0.0,NOT_REVIEWED,NOT_APPROVED
86,39,Винтовка ORSIS T-5000 Sniper Pro,heavy,3825,0.0,1888,0.0,NOT_REVIEWED,NOT_APPROVED
86,60,Винтовка Accuracy International AXMC,heavy,3551,0.0,2955,0.0,NOT_REVIEWED,NOT_APPROVED
86,48,Винтовка Barrett M98B,heavy,2913,0.0,2288,0.0,NOT_REVIEWED,NOT_APPROVED
86,64,Винтовка ORSIS T-5000 Elite,heavy,4033,0.0,1773,0.0,NOT_REVIEWED,NOT_APPROVED
86,33,Винтовка «Выхлоп»,heavy,3501,0.0,934,0.0,NOT_REVIEWED,NOT_APPROVED
86,35,Винтовка ОСВ-96,heavy,3178,0.0,1384,0.0,NOT_REVIEWED,NOT_APPROVED
86,66,Винтовка Zastava M93 Black Arrow,heavy,4341,0.0,2470,0.0,NOT_REVIEWED,NOT_APPROVED
86,52,Винтовка АСВК «Корд»,heavy,3313,0.0,1751,0.0,NOT_REVIEWED,NOT_APPROVED
86,58,Винтовка Steyr HS .50,heavy,5108,0.0,3331,0.0,NOT_REVIEWED,NOT_APPROVED
86,49,Винтовка Barrett M82,heavy,2365,0.0,2095,0.0,NOT_REVIEWED,NOT_APPROVED
86,54,Винтовка McMillan TAC-50,heavy,4476,0.0,487,0.0,NOT_REVIEWED,NOT_APPROVED
86,72,Винтовка Desert Tech HTI,heavy,4241,0.0,828,0.0,NOT_REVIEWED,NOT_APPROVED
86,78,Винтовка Cheytac M200 Intervention,heavy,2697,0.0,764,0.0,NOT_REVIEWED,NOT_APPROVED
86,73,Прототип X-17,heavy,2861,0.0,746,0.0,NOT_REVIEWED,NOT_APPROVED
86,55,Гаусс-пушка,heavy,5746,0.0,1803,0.0,NOT_REVIEWED,NOT_APPROVED
86,4,Обрез охотничьего ружья,heavy,7585,0.0,3208,0.0,NOT_REVIEWED,NOT_APPROVED
86,8,ПП «Кедр»,heavy,8579,0.0,0,5.0,NOT_REVIEWED,NOT_APPROVED
86,9,ПП-19 «Бизон»,heavy,6701,0.0,5457,0.0,NOT_REVIEWED,NOT_APPROVED
86,20,Дробовик Сайга-410,heavy,5200,0.0,1296,0.0,NOT_REVIEWED,NOT_APPROVED
86,106,Дробовик Mossberg 500,heavy,5519,0.0,5187,0.0,NOT_REVIEWED,NOT_APPROVED
86,107,Дробовик Stoeger P3000,heavy,6018,0.0,5154,0.0,NOT_REVIEWED,NOT_APPROVED
86,108,Дробовик Remington 870,heavy,5746,0.0,4882,0.0,NOT_REVIEWED,NOT_APPROVED
86,109,Дробовик Winchester Model 1300,heavy,5741,0.0,4979,0.0,NOT_REVIEWED,NOT_APPROVED
86,110,Дробовик Ithaca 37,heavy,5672,0.0,5040,0.0,NOT_REVIEWED,NOT_APPROVED
86,111,Дробовик Browning BPS,heavy,5537,0.0,4858,0.0,NOT_REVIEWED,NOT_APPROVED
86,19,Дробовик СПАС-12,heavy,5277,0.0,2362,0.0,NOT_REVIEWED,NOT_APPROVED
86,112,Дробовик Winchester SXP Defender,heavy,5113,0.0,1528,0.0,NOT_REVIEWED,NOT_APPROVED
86,113,Дробовик Mossberg 590A1,heavy,5675,0.0,5175,0.0,NOT_REVIEWED,NOT_APPROVED
86,114,Дробовик Remington 870 MCS,heavy,4217,0.0,1291,0.0,NOT_REVIEWED,NOT_APPROVED
86,32,Дробовик Сайга-12К,heavy,3522,0.0,0,3.61,NOT_REVIEWED,NOT_APPROVED
86,115,Дробовик Benelli Nova,heavy,5626,0.0,4762,0.0,NOT_REVIEWED,NOT_APPROVED
86,116,Дробовик TOZ-194,heavy,5332,0.0,3262,0.0,NOT_REVIEWED,NOT_APPROVED
86,44,Дробовик «Вепрь-12»,heavy,3955,0.0,657,0.0,NOT_REVIEWED,NOT_APPROVED
86,117,Дробовик Remington 1100,heavy,5591,0.0,4762,0.0,NOT_REVIEWED,NOT_APPROVED
86,62,Дробовик Kel-Tec KSG,heavy,4561,0.0,56,0.0,NOT_REVIEWED,NOT_APPROVED
86,118,Дробовик Beretta 1301 Tactical,heavy,3958,0.0,866,0.0,NOT_REVIEWED,NOT_APPROVED
86,50,Дробовик Benelli M4,heavy,4532,0.0,2322,0.0,NOT_REVIEWED,NOT_APPROVED
86,119,Дробовик Fabarm STF/12,heavy,4770,0.0,1364,0.0,NOT_REVIEWED,NOT_APPROVED
86,56,Дробовик AA-12,heavy,6170,0.0,731,0.0,NOT_REVIEWED,NOT_APPROVED
86,120,Дробовик Winchester SX4,heavy,5693,0.0,4415,0.0,NOT_REVIEWED,NOT_APPROVED
86,121,Дробовик Browning A5,heavy,5760,0.0,4540,0.0,NOT_REVIEWED,NOT_APPROVED
86,68,Дробовик Franchi SPAS-15,heavy,4855,0.0,2544,0.0,NOT_REVIEWED,NOT_APPROVED
86,122,Дробовик Remington 870 Magnum,heavy,6722,0.0,4675,0.0,NOT_REVIEWED,NOT_APPROVED
86,123,Дробовик Benelli Vinci,heavy,5958,0.0,4739,0.0,NOT_REVIEWED,NOT_APPROVED
86,74,Дробовик USAS-12,heavy,3774,0.0,1063,0.0,NOT_REVIEWED,NOT_APPROVED
86,124,Дробовик Ithaca Mag-10,heavy,3613,0.0,167,0.0,NOT_REVIEWED,NOT_APPROVED
86,125,Дробовик Remington SP-10,heavy,4897,0.0,168,0.0,NOT_REVIEWED,NOT_APPROVED
87,86,Beretta 21A Bobcat,pistol,7272,0.0,,,NOT_REVIEWED,NOT_APPROVED
87,2,Пистолет ПСМ,pistol,6857,0.0,,,NOT_REVIEWED,NOT_APPROVED
87,87,Walther PPK,pistol,7169,0.0,,,NOT_REVIEWED,NOT_APPROVED
87,1,Пистолет Макарова,pistol,6770,0.0,,,NOT_REVIEWED,NOT_APPROVED
87,3,Пистолет ИЖ-71,pistol,6391,0.0,,,NOT_REVIEWED,NOT_APPROVED
87,88,Glock 25,pistol,6554,0.0,,,NOT_REVIEWED,NOT_APPROVED
87,5,Пистолет ОЦ-33 «Пернач»,pistol,6808,0.0,,,NOT_REVIEWED,NOT_APPROVED
87,6,Револьвер Наган,pistol,4797,0.0,,,NOT_REVIEWED,NOT_APPROVED
87,89,Walther P99,pistol,6490,0.0,,,NOT_REVIEWED,NOT_APPROVED
87,90,CZ 75,pistol,6340,0.0,,,NOT_REVIEWED,NOT_APPROVED
87,91,Glock 17,pistol,6343,0.0,,,NOT_REVIEWED,NOT_APPROVED
87,92,Beretta 92FS,pistol,5991,0.0,,,NOT_REVIEWED,NOT_APPROVED
87,93,SIG Sauer P226,pistol,7184,0.0,,,NOT_REVIEWED,NOT_APPROVED
87,7,Пистолет ТТ,pistol,6774,0.0,,,NOT_REVIEWED,NOT_APPROVED
87,94,HK USP,pistol,6562,0.0,,,NOT_REVIEWED,NOT_APPROVED
87,95,Glock 22,pistol,6383,0.0,,,NOT_REVIEWED,NOT_APPROVED
87,96,SIG Sauer P229,pistol,7148,0.0,,,NOT_REVIEWED,NOT_APPROVED
87,97,Glock 20,pistol,6993,0.0,,,NOT_REVIEWED,NOT_APPROVED
87,98,Colt 1911,pistol,6576,0.0,,,NOT_REVIEWED,NOT_APPROVED
87,99,Glock 21,pistol,6533,0.0,,,NOT_REVIEWED,NOT_APPROVED
87,100,CZ 97B,pistol,6906,0.0,,,NOT_REVIEWED,NOT_APPROVED
87,101,HK Mark 23,pistol,5789,0.0,,,NOT_REVIEWED,NOT_APPROVED
87,102,Taurus Judge,pistol,5815,0.0,,,NOT_REVIEWED,NOT_APPROVED
87,103,Smith & Wesson Model 29,pistol,4043,0.0,,,NOT_REVIEWED,NOT_APPROVED
87,104,Taurus Raging Bull,pistol,4390,0.0,,,NOT_REVIEWED,NOT_APPROVED
87,105,Desert Eagle Mark XIX,pistol,7926,0.0,,,NOT_REVIEWED,NOT_APPROVED
87,11,Автомат АКС-74У,heavy,5334,0.0,2095,0.0,NOT_REVIEWED,NOT_APPROVED
87,12,Автомат АК-74,heavy,5489,0.0,92,0.0,NOT_REVIEWED,NOT_APPROVED
87,37,Автомат АК-107,heavy,3728,0.0,6,0.0,NOT_REVIEWED,NOT_APPROVED
87,21,Автомат АК-12,heavy,4488,0.0,344,0.0,NOT_REVIEWED,NOT_APPROVED
87,26,Автомат АН-94 «Абакан»,heavy,4072,0.0,27,0.0,NOT_REVIEWED,NOT_APPROVED
87,17,Пулемёт РПК-74,heavy,3518,0.0,0,7.07,NOT_REVIEWED,NOT_APPROVED
87,38,Автомат ADAR 2-15,heavy,4862,0.0,0,15.52,NOT_REVIEWED,NOT_APPROVED
87,45,Автомат АК-19,heavy,3964,0.0,0,4.12,NOT_REVIEWED,NOT_APPROVED
87,57,Автомат HK416,heavy,4258,0.0,1605,0.0,NOT_REVIEWED,NOT_APPROVED
87,69,Автомат CZ Bren 2,heavy,3896,0.0,1859,0.0,NOT_REVIEWED,NOT_APPROVED
87,67,Пулемёт Minimi Mk3,heavy,3250,0.0,0,1.41,NOT_REVIEWED,NOT_APPROVED
87,43,Автомат ОЦ-14 «Гроза»,heavy,4151,0.0,0,19.21,NOT_REVIEWED,NOT_APPROVED
87,16,Карабин «Вепрь»,heavy,5093,0.0,0,2.0,NOT_REVIEWED,NOT_APPROVED
87,15,Автомат АК-103,heavy,4064,0.0,96,0.0,NOT_REVIEWED,NOT_APPROVED
87,25,Пулемёт РПД,heavy,3392,0.0,1242,0.0,NOT_REVIEWED,NOT_APPROVED
87,18,Автомат АС «Вал»,heavy,3931,0.0,0,1.0,NOT_REVIEWED,NOT_APPROVED
87,10,Карабин Сайга-12,heavy,5691,0.0,1345,0.0,NOT_REVIEWED,NOT_APPROVED
87,63,Автомат АК-308,heavy,3877,0.0,224,0.0,NOT_REVIEWED,NOT_APPROVED
87,51,Автомат ЛР-308,heavy,3900,0.0,0,18.0,NOT_REVIEWED,NOT_APPROVED
87,75,Автомат SCAR-H,heavy,4117,0.0,1511,0.0,NOT_REVIEWED,NOT_APPROVED
87,61,Пулемёт M60E6,heavy,3487,0.0,0,1.0,NOT_REVIEWED,NOT_APPROVED
87,59,Пулемёт M240,heavy,3486,0.0,0,13.0,NOT_REVIEWED,NOT_APPROVED
87,71,Пулемёт FN MAG,heavy,3067,0.0,0,14.32,NOT_REVIEWED,NOT_APPROVED
87,77,Пулемёт Negev NG7,heavy,3246,0.0,0,10.0,NOT_REVIEWED,NOT_APPROVED
87,22,Пулемёт ПКМ,heavy,2352,0.0,1648,0.0,NOT_REVIEWED,NOT_APPROVED
87,29,Пулемёт «Печенег»,heavy,3499,0.0,1322,0.0,NOT_REVIEWED,NOT_APPROVED
87,53,Пулемёт «Печенег-СП»,heavy,3802,0.0,0,13.89,NOT_REVIEWED,NOT_APPROVED
87,47,Автомат АК-АН «Абакан-100»,heavy,3445,0.0,233,0.0,NOT_REVIEWED,NOT_APPROVED
87,65,Пулемёт «Утёс-М»,heavy,4083,0.0,62,0.0,NOT_REVIEWED,NOT_APPROVED
87,14,Винтовка СКС,heavy,5856,0.0,2008,0.0,NOT_REVIEWED,NOT_APPROVED
87,46,Винтовка SSG 08,heavy,3459,0.0,0,13.0,NOT_REVIEWED,NOT_APPROVED
87,42,Винтовка SR-25,heavy,3932,0.0,0,21.1,NOT_REVIEWED,NOT_APPROVED
87,13,Винтовка СВД,heavy,5236,0.0,1073,0.0,NOT_REVIEWED,NOT_APPROVED
87,24,Винтовка СВДС,heavy,3779,0.0,2,0.0,NOT_REVIEWED,NOT_APPROVED
87,23,Винтовка Т-5000,heavy,3088,0.0,0,14.0,NOT_REVIEWED,NOT_APPROVED
87,28,Винтовка СВ-98,heavy,4390,0.0,22,0.0,NOT_REVIEWED,NOT_APPROVED
87,36,Винтовка СВК,heavy,3077,0.0,0,11.0,NOT_REVIEWED,NOT_APPROVED
87,30,Винтовка ВСС «Винторез»,heavy,4326,0.0,0,8.0,NOT_REVIEWED,NOT_APPROVED
87,40,Винтовка ВСК-94,heavy,3981,0.0,0,3.16,NOT_REVIEWED,NOT_APPROVED
87,31,Винтовка СВ-338,heavy,3616,0.0,178,0.0,NOT_REVIEWED,NOT_APPROVED
87,27,Винтовка ОРСИС T-5000M,heavy,3802,0.0,0,6.0,NOT_REVIEWED,NOT_APPROVED
87,70,Винтовка Sako TRG-42,heavy,3958,0.0,0,1.0,NOT_REVIEWED,NOT_APPROVED
87,76,Винтовка Blaser R93 Tactical 2,heavy,3818,0.0,37,0.0,NOT_REVIEWED,NOT_APPROVED
87,39,Винтовка ORSIS T-5000 Sniper Pro,heavy,3805,0.0,0,8.0,NOT_REVIEWED,NOT_APPROVED
87,60,Винтовка Accuracy International AXMC,heavy,3550,0.0,434,0.0,NOT_REVIEWED,NOT_APPROVED
87,48,Винтовка Barrett M98B,heavy,2907,0.0,770,0.0,NOT_REVIEWED,NOT_APPROVED
87,64,Винтовка ORSIS T-5000 Elite,heavy,4011,0.0,1407,0.0,NOT_REVIEWED,NOT_APPROVED
87,33,Винтовка «Выхлоп»,heavy,3432,0.0,0,8.0,NOT_REVIEWED,NOT_APPROVED
87,35,Винтовка ОСВ-96,heavy,3068,0.0,1173,0.0,NOT_REVIEWED,NOT_APPROVED
87,66,Винтовка Zastava M93 Black Arrow,heavy,4256,0.0,263,0.0,NOT_REVIEWED,NOT_APPROVED
87,52,Винтовка АСВК «Корд»,heavy,3311,0.0,0,5.0,NOT_REVIEWED,NOT_APPROVED
87,58,Винтовка Steyr HS .50,heavy,5077,0.0,1464,0.0,NOT_REVIEWED,NOT_APPROVED
87,49,Винтовка Barrett M82,heavy,2314,0.0,27,0.0,NOT_REVIEWED,NOT_APPROVED
87,54,Винтовка McMillan TAC-50,heavy,4039,0.0,1712,0.0,NOT_REVIEWED,NOT_APPROVED
87,72,Винтовка Desert Tech HTI,heavy,4047,0.0,0,10.77,NOT_REVIEWED,NOT_APPROVED
87,78,Винтовка Cheytac M200 Intervention,heavy,2692,0.0,788,0.0,NOT_REVIEWED,NOT_APPROVED
87,73,Прототип X-17,heavy,2989,0.0,87,0.0,NOT_REVIEWED,NOT_APPROVED
87,55,Гаусс-пушка,heavy,5406,0.0,909,0.0,NOT_REVIEWED,NOT_APPROVED
87,4,Обрез охотничьего ружья,heavy,7581,0.0,1485,0.0,NOT_REVIEWED,NOT_APPROVED
87,8,ПП «Кедр»,heavy,7824,0.0,1578,0.0,NOT_REVIEWED,NOT_APPROVED
87,9,ПП-19 «Бизон»,heavy,5963,0.0,4715,0.0,NOT_REVIEWED,NOT_APPROVED
87,20,Дробовик Сайга-410,heavy,4489,0.0,0,3.0,NOT_REVIEWED,NOT_APPROVED
87,106,Дробовик Mossberg 500,heavy,5317,0.0,3136,0.0,NOT_REVIEWED,NOT_APPROVED
87,107,Дробовик Stoeger P3000,heavy,5737,0.0,2966,0.0,NOT_REVIEWED,NOT_APPROVED
87,108,Дробовик Remington 870,heavy,5518,0.0,2104,0.0,NOT_REVIEWED,NOT_APPROVED
87,109,Дробовик Winchester Model 1300,heavy,5550,0.0,2969,0.0,NOT_REVIEWED,NOT_APPROVED
87,110,Дробовик Ithaca 37,heavy,5636,0.0,2684,0.0,NOT_REVIEWED,NOT_APPROVED
87,111,Дробовик Browning BPS,heavy,5447,0.0,3127,0.0,NOT_REVIEWED,NOT_APPROVED
87,19,Дробовик СПАС-12,heavy,4586,0.0,247,0.0,NOT_REVIEWED,NOT_APPROVED
87,112,Дробовик Winchester SXP Defender,heavy,4579,0.0,0,1.0,NOT_REVIEWED,NOT_APPROVED
87,113,Дробовик Mossberg 590A1,heavy,5519,0.0,2631,0.0,NOT_REVIEWED,NOT_APPROVED
87,114,Дробовик Remington 870 MCS,heavy,4047,0.0,4,0.0,NOT_REVIEWED,NOT_APPROVED
87,32,Дробовик Сайга-12К,heavy,3357,0.0,0,1.41,NOT_REVIEWED,NOT_APPROVED
87,115,Дробовик Benelli Nova,heavy,5551,0.0,2823,0.0,NOT_REVIEWED,NOT_APPROVED
87,116,Дробовик TOZ-194,heavy,5199,0.0,1897,0.0,NOT_REVIEWED,NOT_APPROVED
87,44,Дробовик «Вепрь-12»,heavy,3695,0.0,0,5.0,NOT_REVIEWED,NOT_APPROVED
87,117,Дробовик Remington 1100,heavy,5464,0.0,2856,0.0,NOT_REVIEWED,NOT_APPROVED
87,62,Дробовик Kel-Tec KSG,heavy,4302,0.0,0,15.81,NOT_REVIEWED,NOT_APPROVED
87,118,Дробовик Beretta 1301 Tactical,heavy,3937,0.0,0,7.0,NOT_REVIEWED,NOT_APPROVED
87,50,Дробовик Benelli M4,heavy,4138,0.0,140,0.0,NOT_REVIEWED,NOT_APPROVED
87,119,Дробовик Fabarm STF/12,heavy,4248,0.0,7,0.0,NOT_REVIEWED,NOT_APPROVED
87,56,Дробовик AA-12,heavy,5461,0.0,0,5.0,NOT_REVIEWED,NOT_APPROVED
87,120,Дробовик Winchester SX4,heavy,5728,0.0,2268,0.0,NOT_REVIEWED,NOT_APPROVED
87,121,Дробовик Browning A5,heavy,5595,0.0,2533,0.0,NOT_REVIEWED,NOT_APPROVED
87,68,Дробовик Franchi SPAS-15,heavy,4482,0.0,429,0.0,NOT_REVIEWED,NOT_APPROVED
87,122,Дробовик Remington 870 Magnum,heavy,6674,0.0,2462,0.0,NOT_REVIEWED,NOT_APPROVED
87,123,Дробовик Benelli Vinci,heavy,5714,0.0,3012,0.0,NOT_REVIEWED,NOT_APPROVED
87,74,Дробовик USAS-12,heavy,3775,0.0,2270,0.0,NOT_REVIEWED,NOT_APPROVED
87,124,Дробовик Ithaca Mag-10,heavy,3674,0.0,0,12.0,NOT_REVIEWED,NOT_APPROVED
87,125,Дробовик Remington SP-10,heavy,4401,0.0,0,6.0,NOT_REVIEWED,NOT_APPROVED
88,86,Beretta 21A Bobcat,pistol,7119,0.0,,,NOT_REVIEWED,NOT_APPROVED
88,2,Пистолет ПСМ,pistol,6725,0.0,,,NOT_REVIEWED,NOT_APPROVED
88,87,Walther PPK,pistol,6985,0.0,,,NOT_REVIEWED,NOT_APPROVED
88,1,Пистолет Макарова,pistol,6664,0.0,,,NOT_REVIEWED,NOT_APPROVED
88,3,Пистолет ИЖ-71,pistol,6383,0.0,,,NOT_REVIEWED,NOT_APPROVED
88,88,Glock 25,pistol,6497,0.0,,,NOT_REVIEWED,NOT_APPROVED
88,5,Пистолет ОЦ-33 «Пернач»,pistol,6666,0.0,,,NOT_REVIEWED,NOT_APPROVED
88,6,Револьвер Наган,pistol,4823,0.0,,,NOT_REVIEWED,NOT_APPROVED
88,89,Walther P99,pistol,6375,0.0,,,NOT_REVIEWED,NOT_APPROVED
88,90,CZ 75,pistol,6249,0.0,,,NOT_REVIEWED,NOT_APPROVED
88,91,Glock 17,pistol,6281,0.0,,,NOT_REVIEWED,NOT_APPROVED
88,92,Beretta 92FS,pistol,5844,0.0,,,NOT_REVIEWED,NOT_APPROVED
88,93,SIG Sauer P226,pistol,6982,0.0,,,NOT_REVIEWED,NOT_APPROVED
88,7,Пистолет ТТ,pistol,6597,0.0,,,NOT_REVIEWED,NOT_APPROVED
88,94,HK USP,pistol,6372,0.0,,,NOT_REVIEWED,NOT_APPROVED
88,95,Glock 22,pistol,6285,0.0,,,NOT_REVIEWED,NOT_APPROVED
88,96,SIG Sauer P229,pistol,6947,0.0,,,NOT_REVIEWED,NOT_APPROVED
88,97,Glock 20,pistol,6866,0.0,,,NOT_REVIEWED,NOT_APPROVED
88,98,Colt 1911,pistol,6400,0.0,,,NOT_REVIEWED,NOT_APPROVED
88,99,Glock 21,pistol,6459,0.0,,,NOT_REVIEWED,NOT_APPROVED
88,100,CZ 97B,pistol,6788,0.0,,,NOT_REVIEWED,NOT_APPROVED
88,101,HK Mark 23,pistol,5599,0.0,,,NOT_REVIEWED,NOT_APPROVED
88,102,Taurus Judge,pistol,5786,0.0,,,NOT_REVIEWED,NOT_APPROVED
88,103,Smith & Wesson Model 29,pistol,4017,0.0,,,NOT_REVIEWED,NOT_APPROVED
88,104,Taurus Raging Bull,pistol,4355,0.0,,,NOT_REVIEWED,NOT_APPROVED
88,105,Desert Eagle Mark XIX,pistol,7783,0.0,,,NOT_REVIEWED,NOT_APPROVED
88,11,Автомат АКС-74У,heavy,5979,0.0,1411,0.0,NOT_REVIEWED,NOT_APPROVED
88,12,Автомат АК-74,heavy,6166,0.0,1916,0.0,NOT_REVIEWED,NOT_APPROVED
88,37,Автомат АК-107,heavy,4110,0.0,0,4.47,NOT_REVIEWED,NOT_APPROVED
88,21,Автомат АК-12,heavy,5161,0.0,0,8.25,NOT_REVIEWED,NOT_APPROVED
88,26,Автомат АН-94 «Абакан»,heavy,4287,0.0,142,0.0,NOT_REVIEWED,NOT_APPROVED
88,17,Пулемёт РПК-74,heavy,3796,0.0,381,0.0,NOT_REVIEWED,NOT_APPROVED
88,38,Автомат ADAR 2-15,heavy,5510,0.0,0,1.0,NOT_REVIEWED,NOT_APPROVED
88,45,Автомат АК-19,heavy,4424,0.0,56,0.0,NOT_REVIEWED,NOT_APPROVED
88,57,Автомат HK416,heavy,4536,0.0,2421,0.0,NOT_REVIEWED,NOT_APPROVED
88,69,Автомат CZ Bren 2,heavy,4222,0.0,2254,0.0,NOT_REVIEWED,NOT_APPROVED
88,67,Пулемёт Minimi Mk3,heavy,3250,0.0,716,0.0,NOT_REVIEWED,NOT_APPROVED
88,43,Автомат ОЦ-14 «Гроза»,heavy,4705,0.0,0,15.0,NOT_REVIEWED,NOT_APPROVED
88,16,Карабин «Вепрь»,heavy,5787,0.0,1174,0.0,NOT_REVIEWED,NOT_APPROVED
88,15,Автомат АК-103,heavy,4777,0.0,454,0.0,NOT_REVIEWED,NOT_APPROVED
88,25,Пулемёт РПД,heavy,3476,0.0,0,3.0,NOT_REVIEWED,NOT_APPROVED
88,18,Автомат АС «Вал»,heavy,4540,0.0,64,0.0,NOT_REVIEWED,NOT_APPROVED
88,10,Карабин Сайга-12,heavy,6409,0.0,1799,0.0,NOT_REVIEWED,NOT_APPROVED
88,63,Автомат АК-308,heavy,4222,0.0,11,0.0,NOT_REVIEWED,NOT_APPROVED
88,51,Автомат ЛР-308,heavy,3905,0.0,0,20.0,NOT_REVIEWED,NOT_APPROVED
88,75,Автомат SCAR-H,heavy,4269,0.0,2081,0.0,NOT_REVIEWED,NOT_APPROVED
88,61,Пулемёт M60E6,heavy,3705,0.0,696,0.0,NOT_REVIEWED,NOT_APPROVED
88,59,Пулемёт M240,heavy,3572,0.0,30,0.0,NOT_REVIEWED,NOT_APPROVED
88,71,Пулемёт FN MAG,heavy,3067,0.0,0,1.0,NOT_REVIEWED,NOT_APPROVED
88,77,Пулемёт Negev NG7,heavy,3246,0.0,395,0.0,NOT_REVIEWED,NOT_APPROVED
88,22,Пулемёт ПКМ,heavy,2309,0.0,107,0.0,NOT_REVIEWED,NOT_APPROVED
88,29,Пулемёт «Печенег»,heavy,3642,0.0,444,0.0,NOT_REVIEWED,NOT_APPROVED
88,53,Пулемёт «Печенег-СП»,heavy,3848,0.0,19,0.0,NOT_REVIEWED,NOT_APPROVED
88,47,Автомат АК-АН «Абакан-100»,heavy,3555,0.0,1133,0.0,NOT_REVIEWED,NOT_APPROVED
88,65,Пулемёт «Утёс-М»,heavy,4274,0.0,1494,0.0,NOT_REVIEWED,NOT_APPROVED
88,14,Винтовка СКС,heavy,5950,0.0,3900,0.0,NOT_REVIEWED,NOT_APPROVED
88,46,Винтовка SSG 08,heavy,3376,0.0,35,0.0,NOT_REVIEWED,NOT_APPROVED
88,42,Винтовка SR-25,heavy,4012,0.0,0,18.38,NOT_REVIEWED,NOT_APPROVED
88,13,Винтовка СВД,heavy,5419,0.0,3015,0.0,NOT_REVIEWED,NOT_APPROVED
88,24,Винтовка СВДС,heavy,3811,0.0,1187,0.0,NOT_REVIEWED,NOT_APPROVED
88,23,Винтовка Т-5000,heavy,3088,0.0,75,0.0,NOT_REVIEWED,NOT_APPROVED
88,28,Винтовка СВ-98,heavy,4604,0.0,1695,0.0,NOT_REVIEWED,NOT_APPROVED
88,36,Винтовка СВК,heavy,3077,0.0,73,0.0,NOT_REVIEWED,NOT_APPROVED
88,30,Винтовка ВСС «Винторез»,heavy,4802,0.0,574,0.0,NOT_REVIEWED,NOT_APPROVED
88,40,Винтовка ВСК-94,heavy,4284,0.0,408,0.0,NOT_REVIEWED,NOT_APPROVED
88,31,Винтовка СВ-338,heavy,3721,0.0,1048,0.0,NOT_REVIEWED,NOT_APPROVED
88,27,Винтовка ОРСИС T-5000M,heavy,3940,0.0,410,0.0,NOT_REVIEWED,NOT_APPROVED
88,70,Винтовка Sako TRG-42,heavy,4021,0.0,1179,0.0,NOT_REVIEWED,NOT_APPROVED
88,76,Винтовка Blaser R93 Tactical 2,heavy,3890,0.0,2096,0.0,NOT_REVIEWED,NOT_APPROVED
88,39,Винтовка ORSIS T-5000 Sniper Pro,heavy,3843,0.0,659,0.0,NOT_REVIEWED,NOT_APPROVED
88,60,Винтовка Accuracy International AXMC,heavy,3550,0.0,2739,0.0,NOT_REVIEWED,NOT_APPROVED
88,48,Винтовка Barrett M98B,heavy,2907,0.0,1738,0.0,NOT_REVIEWED,NOT_APPROVED
88,64,Винтовка ORSIS T-5000 Elite,heavy,4011,0.0,2869,0.0,NOT_REVIEWED,NOT_APPROVED
88,33,Винтовка «Выхлоп»,heavy,3501,0.0,360,0.0,NOT_REVIEWED,NOT_APPROVED
88,35,Винтовка ОСВ-96,heavy,3178,0.0,1944,0.0,NOT_REVIEWED,NOT_APPROVED
88,66,Винтовка Zastava M93 Black Arrow,heavy,4343,0.0,2734,0.0,NOT_REVIEWED,NOT_APPROVED
88,52,Винтовка АСВК «Корд»,heavy,3313,0.0,186,0.0,NOT_REVIEWED,NOT_APPROVED
88,58,Винтовка Steyr HS .50,heavy,5108,0.0,3314,0.0,NOT_REVIEWED,NOT_APPROVED
88,49,Винтовка Barrett M82,heavy,2365,0.0,1199,0.0,NOT_REVIEWED,NOT_APPROVED
88,54,Винтовка McMillan TAC-50,heavy,4482,0.0,2125,0.0,NOT_REVIEWED,NOT_APPROVED
88,72,Винтовка Desert Tech HTI,heavy,4243,0.0,247,0.0,NOT_REVIEWED,NOT_APPROVED
88,78,Винтовка Cheytac M200 Intervention,heavy,2692,0.0,1577,0.0,NOT_REVIEWED,NOT_APPROVED
88,73,Прототип X-17,heavy,2989,0.0,1342,0.0,NOT_REVIEWED,NOT_APPROVED
88,55,Гаусс-пушка,heavy,5896,0.0,2379,0.0,NOT_REVIEWED,NOT_APPROVED
88,4,Обрез охотничьего ружья,heavy,7673,0.0,3390,0.0,NOT_REVIEWED,NOT_APPROVED
88,8,ПП «Кедр»,heavy,8579,0.0,161,0.0,NOT_REVIEWED,NOT_APPROVED
88,9,ПП-19 «Бизон»,heavy,6701,0.0,6489,0.0,NOT_REVIEWED,NOT_APPROVED
88,20,Дробовик Сайга-410,heavy,5195,0.0,1021,0.0,NOT_REVIEWED,NOT_APPROVED
88,106,Дробовик Mossberg 500,heavy,5533,0.0,5354,0.0,NOT_REVIEWED,NOT_APPROVED
88,107,Дробовик Stoeger P3000,heavy,6003,0.0,5187,0.0,NOT_REVIEWED,NOT_APPROVED
88,108,Дробовик Remington 870,heavy,5746,0.0,4607,0.0,NOT_REVIEWED,NOT_APPROVED
88,109,Дробовик Winchester Model 1300,heavy,5741,0.0,5242,0.0,NOT_REVIEWED,NOT_APPROVED
88,110,Дробовик Ithaca 37,heavy,5694,0.0,4902,0.0,NOT_REVIEWED,NOT_APPROVED
88,111,Дробовик Browning BPS,heavy,5524,0.0,5407,0.0,NOT_REVIEWED,NOT_APPROVED
88,19,Дробовик СПАС-12,heavy,5277,0.0,2083,0.0,NOT_REVIEWED,NOT_APPROVED
88,112,Дробовик Winchester SXP Defender,heavy,5113,0.0,937,0.0,NOT_REVIEWED,NOT_APPROVED
88,113,Дробовик Mossberg 590A1,heavy,5682,0.0,5049,0.0,NOT_REVIEWED,NOT_APPROVED
88,114,Дробовик Remington 870 MCS,heavy,4223,0.0,1100,0.0,NOT_REVIEWED,NOT_APPROVED
88,32,Дробовик Сайга-12К,heavy,3522,0.0,0,9.0,NOT_REVIEWED,NOT_APPROVED
88,115,Дробовик Benelli Nova,heavy,5626,0.0,4933,0.0,NOT_REVIEWED,NOT_APPROVED
88,116,Дробовик TOZ-194,heavy,5332,0.0,3734,0.0,NOT_REVIEWED,NOT_APPROVED
88,44,Дробовик «Вепрь-12»,heavy,3955,0.0,464,0.0,NOT_REVIEWED,NOT_APPROVED
88,117,Дробовик Remington 1100,heavy,5591,0.0,5145,0.0,NOT_REVIEWED,NOT_APPROVED
88,62,Дробовик Kel-Tec KSG,heavy,4561,0.0,48,0.0,NOT_REVIEWED,NOT_APPROVED
88,118,Дробовик Beretta 1301 Tactical,heavy,3947,0.0,336,0.0,NOT_REVIEWED,NOT_APPROVED
88,50,Дробовик Benelli M4,heavy,4528,0.0,1727,0.0,NOT_REVIEWED,NOT_APPROVED
88,119,Дробовик Fabarm STF/12,heavy,4786,0.0,905,0.0,NOT_REVIEWED,NOT_APPROVED
88,56,Дробовик AA-12,heavy,6157,0.0,0,5.83,NOT_REVIEWED,NOT_APPROVED
88,120,Дробовик Winchester SX4,heavy,5693,0.0,4455,0.0,NOT_REVIEWED,NOT_APPROVED
88,121,Дробовик Browning A5,heavy,5760,0.0,4683,0.0,NOT_REVIEWED,NOT_APPROVED
88,68,Дробовик Franchi SPAS-15,heavy,4843,0.0,1621,0.0,NOT_REVIEWED,NOT_APPROVED
88,122,Дробовик Remington 870 Magnum,heavy,6748,0.0,4701,0.0,NOT_REVIEWED,NOT_APPROVED
88,123,Дробовик Benelli Vinci,heavy,5958,0.0,5185,0.0,NOT_REVIEWED,NOT_APPROVED
88,74,Дробовик USAS-12,heavy,3768,0.0,2832,0.0,NOT_REVIEWED,NOT_APPROVED
88,124,Дробовик Ithaca Mag-10,heavy,3618,0.0,51,0.0,NOT_REVIEWED,NOT_APPROVED
88,125,Дробовик Remington SP-10,heavy,4897,0.0,2,0.0,NOT_REVIEWED,NOT_APPROVED
89,86,Beretta 21A Bobcat,pistol,7338,0.0,,,NOT_REVIEWED,NOT_APPROVED
89,2,Пистолет ПСМ,pistol,6906,0.0,,,NOT_REVIEWED,NOT_APPROVED
89,87,Walther PPK,pistol,7190,0.0,,,NOT_REVIEWED,NOT_APPROVED
89,1,Пистолет Макарова,pistol,6870,0.0,,,NOT_REVIEWED,NOT_APPROVED
89,3,Пистолет ИЖ-71,pistol,6652,0.0,,,NOT_REVIEWED,NOT_APPROVED
89,88,Glock 25,pistol,6660,0.0,,,NOT_REVIEWED,NOT_APPROVED
89,5,Пистолет ОЦ-33 «Пернач»,pistol,6845,0.0,,,NOT_REVIEWED,NOT_APPROVED
89,6,Револьвер Наган,pistol,5071,0.0,,,NOT_REVIEWED,NOT_APPROVED
89,89,Walther P99,pistol,6561,0.0,,,NOT_REVIEWED,NOT_APPROVED
89,90,CZ 75,pistol,6364,0.0,,,NOT_REVIEWED,NOT_APPROVED
89,91,Glock 17,pistol,6408,0.0,,,NOT_REVIEWED,NOT_APPROVED
89,92,Beretta 92FS,pistol,6069,0.0,,,NOT_REVIEWED,NOT_APPROVED
89,93,SIG Sauer P226,pistol,7242,0.0,,,NOT_REVIEWED,NOT_APPROVED
89,7,Пистолет ТТ,pistol,6829,0.0,,,NOT_REVIEWED,NOT_APPROVED
89,94,HK USP,pistol,6618,0.0,,,NOT_REVIEWED,NOT_APPROVED
89,95,Glock 22,pistol,6468,0.0,,,NOT_REVIEWED,NOT_APPROVED
89,96,SIG Sauer P229,pistol,7202,0.0,,,NOT_REVIEWED,NOT_APPROVED
89,97,Glock 20,pistol,7098,0.0,,,NOT_REVIEWED,NOT_APPROVED
89,98,Colt 1911,pistol,6642,0.0,,,NOT_REVIEWED,NOT_APPROVED
89,99,Glock 21,pistol,6588,0.0,,,NOT_REVIEWED,NOT_APPROVED
89,100,CZ 97B,pistol,7002,0.0,,,NOT_REVIEWED,NOT_APPROVED
89,101,HK Mark 23,pistol,5842,0.0,,,NOT_REVIEWED,NOT_APPROVED
89,102,Taurus Judge,pistol,6066,0.0,,,NOT_REVIEWED,NOT_APPROVED
89,103,Smith & Wesson Model 29,pistol,4273,0.0,,,NOT_REVIEWED,NOT_APPROVED
89,104,Taurus Raging Bull,pistol,4595,0.0,,,NOT_REVIEWED,NOT_APPROVED
89,105,Desert Eagle Mark XIX,pistol,8000,0.0,,,NOT_REVIEWED,NOT_APPROVED
89,11,Автомат АКС-74У,heavy,5979,0.0,1975,0.0,NOT_REVIEWED,NOT_APPROVED
89,12,Автомат АК-74,heavy,6103,0.0,2535,0.0,NOT_REVIEWED,NOT_APPROVED
89,37,Автомат АК-107,heavy,4110,0.0,341,0.0,NOT_REVIEWED,NOT_APPROVED
89,21,Автомат АК-12,heavy,5161,0.0,183,0.0,NOT_REVIEWED,NOT_APPROVED
89,26,Автомат АН-94 «Абакан»,heavy,4230,0.0,1242,0.0,NOT_REVIEWED,NOT_APPROVED
89,17,Пулемёт РПК-74,heavy,3796,0.0,1708,0.0,NOT_REVIEWED,NOT_APPROVED
89,38,Автомат ADAR 2-15,heavy,5510,0.0,978,0.0,NOT_REVIEWED,NOT_APPROVED
89,45,Автомат АК-19,heavy,4424,0.0,776,0.0,NOT_REVIEWED,NOT_APPROVED
89,57,Автомат HK416,heavy,4536,0.0,86,0.0,NOT_REVIEWED,NOT_APPROVED
89,69,Автомат CZ Bren 2,heavy,4222,0.0,498,0.0,NOT_REVIEWED,NOT_APPROVED
89,67,Пулемёт Minimi Mk3,heavy,3250,0.0,2215,0.0,NOT_REVIEWED,NOT_APPROVED
89,43,Автомат ОЦ-14 «Гроза»,heavy,4768,0.0,0,35.9,NOT_REVIEWED,NOT_APPROVED
89,16,Карабин «Вепрь»,heavy,5720,0.0,1444,0.0,NOT_REVIEWED,NOT_APPROVED
89,15,Автомат АК-103,heavy,4777,0.0,1428,0.0,NOT_REVIEWED,NOT_APPROVED
89,25,Пулемёт РПД,heavy,3392,0.0,39,0.0,NOT_REVIEWED,NOT_APPROVED
89,18,Автомат АС «Вал»,heavy,4486,0.0,1110,0.0,NOT_REVIEWED,NOT_APPROVED
89,10,Карабин Сайга-12,heavy,6356,0.0,3088,0.0,NOT_REVIEWED,NOT_APPROVED
89,63,Автомат АК-308,heavy,4222,0.0,359,0.0,NOT_REVIEWED,NOT_APPROVED
89,51,Автомат ЛР-308,heavy,3905,0.0,0,4.0,NOT_REVIEWED,NOT_APPROVED
89,75,Автомат SCAR-H,heavy,4323,0.0,0,3.0,NOT_REVIEWED,NOT_APPROVED
89,61,Пулемёт M60E6,heavy,3705,0.0,2666,0.0,NOT_REVIEWED,NOT_APPROVED
89,59,Пулемёт M240,heavy,3572,0.0,825,0.0,NOT_REVIEWED,NOT_APPROVED
89,71,Пулемёт FN MAG,heavy,3067,0.0,1802,0.0,NOT_REVIEWED,NOT_APPROVED
89,77,Пулемёт Negev NG7,heavy,3246,0.0,1459,0.0,NOT_REVIEWED,NOT_APPROVED
89,22,Пулемёт ПКМ,heavy,2352,0.0,234,0.0,NOT_REVIEWED,NOT_APPROVED
89,29,Пулемёт «Печенег»,heavy,3642,0.0,1294,0.0,NOT_REVIEWED,NOT_APPROVED
89,53,Пулемёт «Печенег-СП»,heavy,3848,0.0,1631,0.0,NOT_REVIEWED,NOT_APPROVED
89,47,Автомат АК-АН «Абакан-100»,heavy,3445,0.0,2154,0.0,NOT_REVIEWED,NOT_APPROVED
89,65,Пулемёт «Утёс-М»,heavy,4274,0.0,2547,0.0,NOT_REVIEWED,NOT_APPROVED
89,14,Винтовка СКС,heavy,5897,0.0,4358,0.0,NOT_REVIEWED,NOT_APPROVED
89,46,Винтовка SSG 08,heavy,3459,0.0,1715,0.0,NOT_REVIEWED,NOT_APPROVED
89,42,Винтовка SR-25,heavy,4012,0.0,146,0.0,NOT_REVIEWED,NOT_APPROVED
89,13,Винтовка СВД,heavy,5513,0.0,2792,0.0,NOT_REVIEWED,NOT_APPROVED
89,24,Винтовка СВДС,heavy,3921,0.0,2638,0.0,NOT_REVIEWED,NOT_APPROVED
89,23,Винтовка Т-5000,heavy,3088,0.0,1590,0.0,NOT_REVIEWED,NOT_APPROVED
89,28,Винтовка СВ-98,heavy,4517,0.0,1524,0.0,NOT_REVIEWED,NOT_APPROVED
89,36,Винтовка СВК,heavy,3077,0.0,2220,0.0,NOT_REVIEWED,NOT_APPROVED
89,30,Винтовка ВСС «Винторез»,heavy,4692,0.0,2132,0.0,NOT_REVIEWED,NOT_APPROVED
89,40,Винтовка ВСК-94,heavy,4284,0.0,53,0.0,NOT_REVIEWED,NOT_APPROVED
89,31,Винтовка СВ-338,heavy,3721,0.0,2824,0.0,NOT_REVIEWED,NOT_APPROVED
89,27,Винтовка ОРСИС T-5000M,heavy,4050,0.0,2792,0.0,NOT_REVIEWED,NOT_APPROVED
89,70,Винтовка Sako TRG-42,heavy,3958,0.0,1859,0.0,NOT_REVIEWED,NOT_APPROVED
89,76,Винтовка Blaser R93 Tactical 2,heavy,3818,0.0,2234,0.0,NOT_REVIEWED,NOT_APPROVED
89,39,Винтовка ORSIS T-5000 Sniper Pro,heavy,3843,0.0,2014,0.0,NOT_REVIEWED,NOT_APPROVED
89,60,Винтовка Accuracy International AXMC,heavy,3550,0.0,2360,0.0,NOT_REVIEWED,NOT_APPROVED
89,48,Винтовка Barrett M98B,heavy,2907,0.0,2134,0.0,NOT_REVIEWED,NOT_APPROVED
89,64,Винтовка ORSIS T-5000 Elite,heavy,4011,0.0,1684,0.0,NOT_REVIEWED,NOT_APPROVED
89,33,Винтовка «Выхлоп»,heavy,3501,0.0,2358,0.0,NOT_REVIEWED,NOT_APPROVED
89,35,Винтовка ОСВ-96,heavy,3068,0.0,71,0.0,NOT_REVIEWED,NOT_APPROVED
89,66,Винтовка Zastava M93 Black Arrow,heavy,4343,0.0,1678,0.0,NOT_REVIEWED,NOT_APPROVED
89,52,Винтовка АСВК «Корд»,heavy,3313,0.0,2875,0.0,NOT_REVIEWED,NOT_APPROVED
89,58,Винтовка Steyr HS .50,heavy,5108,0.0,3952,0.0,NOT_REVIEWED,NOT_APPROVED
89,49,Винтовка Barrett M82,heavy,2314,0.0,1464,0.0,NOT_REVIEWED,NOT_APPROVED
89,54,Винтовка McMillan TAC-50,heavy,4482,0.0,1092,0.0,NOT_REVIEWED,NOT_APPROVED
89,72,Винтовка Desert Tech HTI,heavy,4150,0.0,1561,0.0,NOT_REVIEWED,NOT_APPROVED
89,78,Винтовка Cheytac M200 Intervention,heavy,2692,0.0,1620,0.0,NOT_REVIEWED,NOT_APPROVED
89,73,Прототип X-17,heavy,2785,0.0,203,0.0,NOT_REVIEWED,NOT_APPROVED
89,55,Гаусс-пушка,heavy,5752,0.0,2517,0.0,NOT_REVIEWED,NOT_APPROVED
89,4,Обрез охотничьего ружья,heavy,7535,0.0,3716,0.0,NOT_REVIEWED,NOT_APPROVED
89,8,ПП «Кедр»,heavy,8579,0.0,0,7.81,NOT_REVIEWED,NOT_APPROVED
89,9,ПП-19 «Бизон»,heavy,6646,0.0,4500,0.0,NOT_REVIEWED,NOT_APPROVED
89,20,Дробовик Сайга-410,heavy,5118,0.0,1746,0.0,NOT_REVIEWED,NOT_APPROVED
89,106,Дробовик Mossberg 500,heavy,5523,0.0,4238,0.0,NOT_REVIEWED,NOT_APPROVED
89,107,Дробовик Stoeger P3000,heavy,6043,0.0,4754,0.0,NOT_REVIEWED,NOT_APPROVED
89,108,Дробовик Remington 870,heavy,5664,0.0,5390,0.0,NOT_REVIEWED,NOT_APPROVED
89,109,Дробовик Winchester Model 1300,heavy,5721,0.0,4238,0.0,NOT_REVIEWED,NOT_APPROVED
89,110,Дробовик Ithaca 37,heavy,5729,0.0,4722,0.0,NOT_REVIEWED,NOT_APPROVED
89,111,Дробовик Browning BPS,heavy,5475,0.0,4068,0.0,NOT_REVIEWED,NOT_APPROVED
89,19,Дробовик СПАС-12,heavy,5277,0.0,3798,0.0,NOT_REVIEWED,NOT_APPROVED
89,112,Дробовик Winchester SXP Defender,heavy,5113,0.0,2839,0.0,NOT_REVIEWED,NOT_APPROVED
89,113,Дробовик Mossberg 590A1,heavy,5636,0.0,4754,0.0,NOT_REVIEWED,NOT_APPROVED
89,114,Дробовик Remington 870 MCS,heavy,4223,0.0,2143,0.0,NOT_REVIEWED,NOT_APPROVED
89,32,Дробовик Сайга-12К,heavy,3522,0.0,32,0.0,NOT_REVIEWED,NOT_APPROVED
89,115,Дробовик Benelli Nova,heavy,5652,0.0,4444,0.0,NOT_REVIEWED,NOT_APPROVED
89,116,Дробовик TOZ-194,heavy,5318,0.0,2815,0.0,NOT_REVIEWED,NOT_APPROVED
89,44,Дробовик «Вепрь-12»,heavy,3955,0.0,1120,0.0,NOT_REVIEWED,NOT_APPROVED
89,117,Дробовик Remington 1100,heavy,5584,0.0,4129,0.0,NOT_REVIEWED,NOT_APPROVED
89,62,Дробовик Kel-Tec KSG,heavy,4561,0.0,1,0.0,NOT_REVIEWED,NOT_APPROVED
89,118,Дробовик Beretta 1301 Tactical,heavy,4002,0.0,2101,0.0,NOT_REVIEWED,NOT_APPROVED
89,50,Дробовик Benelli M4,heavy,4528,0.0,3235,0.0,NOT_REVIEWED,NOT_APPROVED
89,119,Дробовик Fabarm STF/12,heavy,4786,0.0,2129,0.0,NOT_REVIEWED,NOT_APPROVED
89,56,Дробовик AA-12,heavy,6050,0.0,1612,0.0,NOT_REVIEWED,NOT_APPROVED
89,120,Дробовик Winchester SX4,heavy,5735,0.0,4497,0.0,NOT_REVIEWED,NOT_APPROVED
89,121,Дробовик Browning A5,heavy,5760,0.0,3933,0.0,NOT_REVIEWED,NOT_APPROVED
89,68,Дробовик Franchi SPAS-15,heavy,4896,0.0,3862,0.0,NOT_REVIEWED,NOT_APPROVED
89,122,Дробовик Remington 870 Magnum,heavy,6830,0.0,5332,0.0,NOT_REVIEWED,NOT_APPROVED
89,123,Дробовик Benelli Vinci,heavy,5927,0.0,4081,0.0,NOT_REVIEWED,NOT_APPROVED
89,74,Дробовик USAS-12,heavy,3813,0.0,1184,0.0,NOT_REVIEWED,NOT_APPROVED
89,124,Дробовик Ithaca Mag-10,heavy,3674,0.0,780,0.0,NOT_REVIEWED,NOT_APPROVED
89,125,Дробовик Remington SP-10,heavy,4839,0.0,745,0.0,NOT_REVIEWED,NOT_APPROVED
90,86,Beretta 21A Bobcat,pistol,6977,0.0,,,NOT_REVIEWED,NOT_APPROVED
90,2,Пистолет ПСМ,pistol,6603,0.0,,,NOT_REVIEWED,NOT_APPROVED
90,87,Walther PPK,pistol,6848,0.0,,,NOT_REVIEWED,NOT_APPROVED
90,1,Пистолет Макарова,pistol,6537,0.0,,,NOT_REVIEWED,NOT_APPROVED
90,3,Пистолет ИЖ-71,pistol,6164,0.0,,,NOT_REVIEWED,NOT_APPROVED
90,88,Glock 25,pistol,6345,0.0,,,NOT_REVIEWED,NOT_APPROVED
90,5,Пистолет ОЦ-33 «Пернач»,pistol,6549,0.0,,,NOT_REVIEWED,NOT_APPROVED
90,6,Револьвер Наган,pistol,4561,0.0,,,NOT_REVIEWED,NOT_APPROVED
90,89,Walther P99,pistol,6268,0.0,,,NOT_REVIEWED,NOT_APPROVED
90,90,CZ 75,pistol,6165,0.0,,,NOT_REVIEWED,NOT_APPROVED
90,91,Glock 17,pistol,6175,0.0,,,NOT_REVIEWED,NOT_APPROVED
90,92,Beretta 92FS,pistol,5727,0.0,,,NOT_REVIEWED,NOT_APPROVED
90,93,SIG Sauer P226,pistol,6895,0.0,,,NOT_REVIEWED,NOT_APPROVED
90,7,Пистолет ТТ,pistol,6407,0.0,,,NOT_REVIEWED,NOT_APPROVED
90,94,HK USP,pistol,6267,0.0,,,NOT_REVIEWED,NOT_APPROVED
90,95,Glock 22,pistol,6201,0.0,,,NOT_REVIEWED,NOT_APPROVED
90,96,SIG Sauer P229,pistol,6775,0.0,,,NOT_REVIEWED,NOT_APPROVED
90,97,Glock 20,pistol,6743,0.0,,,NOT_REVIEWED,NOT_APPROVED
90,98,Colt 1911,pistol,6185,0.0,,,NOT_REVIEWED,NOT_APPROVED
90,99,Glock 21,pistol,6378,0.0,,,NOT_REVIEWED,NOT_APPROVED
90,100,CZ 97B,pistol,6679,0.0,,,NOT_REVIEWED,NOT_APPROVED
90,101,HK Mark 23,pistol,5494,0.0,,,NOT_REVIEWED,NOT_APPROVED
90,102,Taurus Judge,pistol,5586,0.0,,,NOT_REVIEWED,NOT_APPROVED
90,103,Smith & Wesson Model 29,pistol,3809,0.0,,,NOT_REVIEWED,NOT_APPROVED
90,104,Taurus Raging Bull,pistol,4073,0.0,,,NOT_REVIEWED,NOT_APPROVED
90,105,Desert Eagle Mark XIX,pistol,7454,0.0,,,NOT_REVIEWED,NOT_APPROVED
90,11,Автомат АКС-74У,heavy,5950,0.0,847,0.0,NOT_REVIEWED,NOT_APPROVED
90,12,Автомат АК-74,heavy,6052,0.0,0,2.0,NOT_REVIEWED,NOT_APPROVED
90,37,Автомат АК-107,heavy,4105,0.0,0,15.81,NOT_REVIEWED,NOT_APPROVED
90,21,Автомат АК-12,heavy,5156,0.0,0,2.83,NOT_REVIEWED,NOT_APPROVED
90,26,Автомат АН-94 «Абакан»,heavy,4227,0.0,0,16.97,NOT_REVIEWED,NOT_APPROVED
90,17,Пулемёт РПК-74,heavy,3791,0.0,0,16.49,NOT_REVIEWED,NOT_APPROVED
90,38,Автомат ADAR 2-15,heavy,5496,0.0,0,23.0,NOT_REVIEWED,NOT_APPROVED
90,45,Автомат АК-19,heavy,4420,0.0,0,18.0,NOT_REVIEWED,NOT_APPROVED
90,57,Автомат HK416,heavy,4527,0.0,2174,0.0,NOT_REVIEWED,NOT_APPROVED
90,69,Автомат CZ Bren 2,heavy,4219,0.0,1813,0.0,NOT_REVIEWED,NOT_APPROVED
90,67,Пулемёт Minimi Mk3,heavy,3246,0.0,0,1.0,NOT_REVIEWED,NOT_APPROVED
90,43,Автомат ОЦ-14 «Гроза»,heavy,4762,0.0,0,34.0,NOT_REVIEWED,NOT_APPROVED
90,16,Карабин «Вепрь»,heavy,5685,0.0,0,9.0,NOT_REVIEWED,NOT_APPROVED
90,15,Автомат АК-103,heavy,4773,0.0,0,9.22,NOT_REVIEWED,NOT_APPROVED
90,25,Пулемёт РПД,heavy,3382,0.0,0,3.0,NOT_REVIEWED,NOT_APPROVED
90,18,Автомат АС «Вал»,heavy,4481,0.0,0,19.42,NOT_REVIEWED,NOT_APPROVED
90,10,Карабин Сайга-12,heavy,6285,0.0,154,0.0,NOT_REVIEWED,NOT_APPROVED
90,63,Автомат АК-308,heavy,4217,0.0,4,0.0,NOT_REVIEWED,NOT_APPROVED
90,51,Автомат ЛР-308,heavy,3899,0.0,0,42.0,NOT_REVIEWED,NOT_APPROVED
90,75,Автомат SCAR-H,heavy,4314,0.0,1506,0.0,NOT_REVIEWED,NOT_APPROVED
90,61,Пулемёт M60E6,heavy,3703,0.0,0,9.43,NOT_REVIEWED,NOT_APPROVED
90,59,Пулемёт M240,heavy,3566,0.0,0,16.28,NOT_REVIEWED,NOT_APPROVED
90,71,Пулемёт FN MAG,heavy,3067,0.0,0,21.84,NOT_REVIEWED,NOT_APPROVED
90,77,Пулемёт Negev NG7,heavy,3246,0.0,447,0.0,NOT_REVIEWED,NOT_APPROVED
90,22,Пулемёт ПКМ,heavy,2352,0.0,179,0.0,NOT_REVIEWED,NOT_APPROVED
90,29,Пулемёт «Печенег»,heavy,3640,0.0,0,2.0,NOT_REVIEWED,NOT_APPROVED
90,53,Пулемёт «Печенег-СП»,heavy,3842,0.0,0,23.0,NOT_REVIEWED,NOT_APPROVED
90,47,Автомат АК-АН «Абакан-100»,heavy,3441,0.0,180,0.0,NOT_REVIEWED,NOT_APPROVED
90,65,Пулемёт «Утёс-М»,heavy,4264,0.0,0,5.0,NOT_REVIEWED,NOT_APPROVED
90,14,Винтовка СКС,heavy,5857,0.0,1386,0.0,NOT_REVIEWED,NOT_APPROVED
90,46,Винтовка SSG 08,heavy,3457,0.0,0,19.0,NOT_REVIEWED,NOT_APPROVED
90,42,Винтовка SR-25,heavy,4003,0.0,0,41.0,NOT_REVIEWED,NOT_APPROVED
90,13,Винтовка СВД,heavy,5480,0.0,587,0.0,NOT_REVIEWED,NOT_APPROVED
90,24,Винтовка СВДС,heavy,3913,0.0,0,6.0,NOT_REVIEWED,NOT_APPROVED
90,23,Винтовка Т-5000,heavy,3086,0.0,0,17.69,NOT_REVIEWED,NOT_APPROVED
90,28,Винтовка СВ-98,heavy,4497,0.0,75,0.0,NOT_REVIEWED,NOT_APPROVED
90,36,Винтовка СВК,heavy,3072,0.0,0,15.03,NOT_REVIEWED,NOT_APPROVED
90,30,Винтовка ВСС «Винторез»,heavy,4688,0.0,0,13.0,NOT_REVIEWED,NOT_APPROVED
90,40,Винтовка ВСК-94,heavy,4282,0.0,0,13.0,NOT_REVIEWED,NOT_APPROVED
90,31,Винтовка СВ-338,heavy,3717,0.0,234,0.0,NOT_REVIEWED,NOT_APPROVED
90,27,Винтовка ОРСИС T-5000M,heavy,4023,0.0,0,13.0,NOT_REVIEWED,NOT_APPROVED
90,70,Винтовка Sako TRG-42,heavy,3953,0.0,0,7.0,NOT_REVIEWED,NOT_APPROVED
90,76,Винтовка Blaser R93 Tactical 2,heavy,3812,0.0,708,0.0,NOT_REVIEWED,NOT_APPROVED
90,39,Винтовка ORSIS T-5000 Sniper Pro,heavy,3838,0.0,261,0.0,NOT_REVIEWED,NOT_APPROVED
90,60,Винтовка Accuracy International AXMC,heavy,3532,0.0,1318,0.0,NOT_REVIEWED,NOT_APPROVED
90,48,Винтовка Barrett M98B,heavy,2904,0.0,750,0.0,NOT_REVIEWED,NOT_APPROVED
90,64,Винтовка ORSIS T-5000 Elite,heavy,4003,0.0,1498,0.0,NOT_REVIEWED,NOT_APPROVED
90,33,Винтовка «Выхлоп»,heavy,3500,0.0,0,14.0,NOT_REVIEWED,NOT_APPROVED
90,35,Винтовка ОСВ-96,heavy,3056,0.0,1627,0.0,NOT_REVIEWED,NOT_APPROVED
90,66,Винтовка Zastava M93 Black Arrow,heavy,4302,0.0,864,0.0,NOT_REVIEWED,NOT_APPROVED
90,52,Винтовка АСВК «Корд»,heavy,3310,0.0,129,0.0,NOT_REVIEWED,NOT_APPROVED
90,58,Винтовка Steyr HS .50,heavy,5072,0.0,957,0.0,NOT_REVIEWED,NOT_APPROVED
90,49,Винтовка Barrett M82,heavy,2305,0.0,711,0.0,NOT_REVIEWED,NOT_APPROVED
90,54,Винтовка McMillan TAC-50,heavy,4471,0.0,2069,0.0,NOT_REVIEWED,NOT_APPROVED
90,72,Винтовка Desert Tech HTI,heavy,4140,0.0,0,13.0,NOT_REVIEWED,NOT_APPROVED
90,78,Винтовка Cheytac M200 Intervention,heavy,2688,0.0,368,0.0,NOT_REVIEWED,NOT_APPROVED
90,73,Прототип X-17,heavy,2960,0.0,0,3.0,NOT_REVIEWED,NOT_APPROVED
90,55,Гаусс-пушка,heavy,5887,0.0,510,0.0,NOT_REVIEWED,NOT_APPROVED
90,4,Обрез охотничьего ружья,heavy,7531,0.0,860,0.0,NOT_REVIEWED,NOT_APPROVED
90,8,ПП «Кедр»,heavy,8494,0.0,152,0.0,NOT_REVIEWED,NOT_APPROVED
90,9,ПП-19 «Бизон»,heavy,6552,0.0,4587,0.0,NOT_REVIEWED,NOT_APPROVED
90,20,Дробовик Сайга-410,heavy,5099,0.0,0,10.0,NOT_REVIEWED,NOT_APPROVED
90,106,Дробовик Mossberg 500,heavy,5421,0.0,3198,0.0,NOT_REVIEWED,NOT_APPROVED
90,107,Дробовик Stoeger P3000,heavy,5971,0.0,2977,0.0,NOT_REVIEWED,NOT_APPROVED
90,108,Дробовик Remington 870,heavy,5541,0.0,2126,0.0,NOT_REVIEWED,NOT_APPROVED
90,109,Дробовик Winchester Model 1300,heavy,5596,0.0,2935,0.0,NOT_REVIEWED,NOT_APPROVED
90,110,Дробовик Ithaca 37,heavy,5623,0.0,2669,0.0,NOT_REVIEWED,NOT_APPROVED
90,111,Дробовик Browning BPS,heavy,5389,0.0,3006,0.0,NOT_REVIEWED,NOT_APPROVED
90,19,Дробовик СПАС-12,heavy,5273,0.0,23,0.0,NOT_REVIEWED,NOT_APPROVED
90,112,Дробовик Winchester SXP Defender,heavy,5102,0.0,0,7.0,NOT_REVIEWED,NOT_APPROVED
90,113,Дробовик Mossberg 590A1,heavy,5511,0.0,2649,0.0,NOT_REVIEWED,NOT_APPROVED
90,114,Дробовик Remington 870 MCS,heavy,4217,0.0,0,5.1,NOT_REVIEWED,NOT_APPROVED
90,32,Дробовик Сайга-12К,heavy,3517,0.0,0,25.0,NOT_REVIEWED,NOT_APPROVED
90,115,Дробовик Benelli Nova,heavy,5606,0.0,2650,0.0,NOT_REVIEWED,NOT_APPROVED
90,116,Дробовик TOZ-194,heavy,5313,0.0,1327,0.0,NOT_REVIEWED,NOT_APPROVED
90,44,Дробовик «Вепрь-12»,heavy,3951,0.0,0,12.0,NOT_REVIEWED,NOT_APPROVED
90,117,Дробовик Remington 1100,heavy,5493,0.0,2781,0.0,NOT_REVIEWED,NOT_APPROVED
90,62,Дробовик Kel-Tec KSG,heavy,4555,0.0,0,19.0,NOT_REVIEWED,NOT_APPROVED
90,118,Дробовик Beretta 1301 Tactical,heavy,3991,0.0,0,13.0,NOT_REVIEWED,NOT_APPROVED
90,50,Дробовик Benelli M4,heavy,4521,0.0,36,0.0,NOT_REVIEWED,NOT_APPROVED
90,119,Дробовик Fabarm STF/12,heavy,4777,0.0,0,8.94,NOT_REVIEWED,NOT_APPROVED
90,56,Дробовик AA-12,heavy,6145,0.0,0,19.7,NOT_REVIEWED,NOT_APPROVED
90,120,Дробовик Winchester SX4,heavy,5619,0.0,2113,0.0,NOT_REVIEWED,NOT_APPROVED
90,121,Дробовик Browning A5,heavy,5642,0.0,2260,0.0,NOT_REVIEWED,NOT_APPROVED
90,68,Дробовик Franchi SPAS-15,heavy,4888,0.0,81,0.0,NOT_REVIEWED,NOT_APPROVED
90,122,Дробовик Remington 870 Magnum,heavy,6767,0.0,2395,0.0,NOT_REVIEWED,NOT_APPROVED
90,123,Дробовик Benelli Vinci,heavy,5821,0.0,2841,0.0,NOT_REVIEWED,NOT_APPROVED
90,74,Дробовик USAS-12,heavy,3813,0.0,2330,0.0,NOT_REVIEWED,NOT_APPROVED
90,124,Дробовик Ithaca Mag-10,heavy,3674,0.0,0,18.0,NOT_REVIEWED,NOT_APPROVED
90,125,Дробовик Remington SP-10,heavy,4830,0.0,0,22.14,NOT_REVIEWED,NOT_APPROVED
91,86,Beretta 21A Bobcat,pistol,7257,0.0,,,NOT_REVIEWED,NOT_APPROVED
91,2,Пистолет ПСМ,pistol,6900,0.0,,,NOT_REVIEWED,NOT_APPROVED
91,87,Walther PPK,pistol,7146,0.0,,,NOT_REVIEWED,NOT_APPROVED
91,1,Пистолет Макарова,pistol,6836,0.0,,,NOT_REVIEWED,NOT_APPROVED
91,3,Пистолет ИЖ-71,pistol,6564,0.0,,,NOT_REVIEWED,NOT_APPROVED
91,88,Glock 25,pistol,6683,0.0,,,NOT_REVIEWED,NOT_APPROVED
91,5,Пистолет ОЦ-33 «Пернач»,pistol,6830,0.0,,,NOT_REVIEWED,NOT_APPROVED
91,6,Револьвер Наган,pistol,4959,0.0,,,NOT_REVIEWED,NOT_APPROVED
91,89,Walther P99,pistol,6554,0.0,,,NOT_REVIEWED,NOT_APPROVED
91,90,CZ 75,pistol,6417,0.0,,,NOT_REVIEWED,NOT_APPROVED
91,91,Glock 17,pistol,6454,0.0,,,NOT_REVIEWED,NOT_APPROVED
91,92,Beretta 92FS,pistol,5979,0.0,,,NOT_REVIEWED,NOT_APPROVED
91,93,SIG Sauer P226,pistol,7183,0.0,,,NOT_REVIEWED,NOT_APPROVED
91,7,Пистолет ТТ,pistol,6696,0.0,,,NOT_REVIEWED,NOT_APPROVED
91,94,HK USP,pistol,6554,0.0,,,NOT_REVIEWED,NOT_APPROVED
91,95,Glock 22,pistol,6496,0.0,,,NOT_REVIEWED,NOT_APPROVED
91,96,SIG Sauer P229,pistol,7082,0.0,,,NOT_REVIEWED,NOT_APPROVED
91,97,Glock 20,pistol,7065,0.0,,,NOT_REVIEWED,NOT_APPROVED
91,98,Colt 1911,pistol,6491,0.0,,,NOT_REVIEWED,NOT_APPROVED
91,99,Glock 21,pistol,6646,0.0,,,NOT_REVIEWED,NOT_APPROVED
91,100,CZ 97B,pistol,6955,0.0,,,NOT_REVIEWED,NOT_APPROVED
91,101,HK Mark 23,pistol,5767,0.0,,,NOT_REVIEWED,NOT_APPROVED
91,102,Taurus Judge,pistol,5946,0.0,,,NOT_REVIEWED,NOT_APPROVED
91,103,Smith & Wesson Model 29,pistol,4130,0.0,,,NOT_REVIEWED,NOT_APPROVED
91,104,Taurus Raging Bull,pistol,4438,0.0,,,NOT_REVIEWED,NOT_APPROVED
91,105,Desert Eagle Mark XIX,pistol,7779,0.0,,,NOT_REVIEWED,NOT_APPROVED
91,11,Автомат АКС-74У,heavy,5929,0.0,3857,0.0,NOT_REVIEWED,NOT_APPROVED
91,12,Автомат АК-74,heavy,6058,0.0,4054,0.0,NOT_REVIEWED,NOT_APPROVED
91,37,Автомат АК-107,heavy,4073,0.0,3541,0.0,NOT_REVIEWED,NOT_APPROVED
91,21,Автомат АК-12,heavy,5135,0.0,4198,0.0,NOT_REVIEWED,NOT_APPROVED
91,26,Автомат АН-94 «Абакан»,heavy,4286,0.0,3970,0.0,NOT_REVIEWED,NOT_APPROVED
91,17,Пулемёт РПК-74,heavy,3776,0.0,2516,0.0,NOT_REVIEWED,NOT_APPROVED
91,38,Автомат ADAR 2-15,heavy,5503,0.0,3771,0.0,NOT_REVIEWED,NOT_APPROVED
91,45,Автомат АК-19,heavy,4400,0.0,4004,0.0,NOT_REVIEWED,NOT_APPROVED
91,57,Автомат HK416,heavy,4499,0.0,3972,0.0,NOT_REVIEWED,NOT_APPROVED
91,69,Автомат CZ Bren 2,heavy,4190,0.0,3726,0.0,NOT_REVIEWED,NOT_APPROVED
91,67,Пулемёт Minimi Mk3,heavy,3220,0.0,3866,0.0,NOT_REVIEWED,NOT_APPROVED
91,43,Автомат ОЦ-14 «Гроза»,heavy,4692,0.0,2543,0.0,NOT_REVIEWED,NOT_APPROVED
91,16,Карабин «Вепрь»,heavy,5704,0.0,4049,0.0,NOT_REVIEWED,NOT_APPROVED
91,15,Автомат АК-103,heavy,4744,0.0,4174,0.0,NOT_REVIEWED,NOT_APPROVED
91,25,Пулемёт РПД,heavy,3461,0.0,6385,0.0,NOT_REVIEWED,NOT_APPROVED
91,18,Автомат АС «Вал»,heavy,4497,0.0,4086,0.0,NOT_REVIEWED,NOT_APPROVED
91,10,Карабин Сайга-12,heavy,6326,0.0,4700,0.0,NOT_REVIEWED,NOT_APPROVED
91,63,Автомат АК-308,heavy,4195,0.0,4151,0.0,NOT_REVIEWED,NOT_APPROVED
91,51,Автомат ЛР-308,heavy,3883,0.0,4079,0.0,NOT_REVIEWED,NOT_APPROVED
91,75,Автомат SCAR-H,heavy,4218,0.0,4155,0.0,NOT_REVIEWED,NOT_APPROVED
91,61,Пулемёт M60E6,heavy,3679,0.0,4196,0.0,NOT_REVIEWED,NOT_APPROVED
91,59,Пулемёт M240,heavy,3528,0.0,2953,0.0,NOT_REVIEWED,NOT_APPROVED
91,71,Пулемёт FN MAG,heavy,3067,0.0,3547,0.0,NOT_REVIEWED,NOT_APPROVED
91,77,Пулемёт Negev NG7,heavy,3252,0.0,2989,0.0,NOT_REVIEWED,NOT_APPROVED
91,22,Пулемёт ПКМ,heavy,2309,0.0,6521,0.0,NOT_REVIEWED,NOT_APPROVED
91,29,Пулемёт «Печенег»,heavy,3613,0.0,6477,0.0,NOT_REVIEWED,NOT_APPROVED
91,53,Пулемёт «Печенег-СП»,heavy,3823,0.0,3642,0.0,NOT_REVIEWED,NOT_APPROVED
91,47,Автомат АК-АН «Абакан-100»,heavy,3529,0.0,1879,0.0,NOT_REVIEWED,NOT_APPROVED
91,65,Пулемёт «Утёс-М»,heavy,4230,0.0,5040,0.0,NOT_REVIEWED,NOT_APPROVED
91,14,Винтовка СКС,heavy,5749,0.0,3331,0.0,NOT_REVIEWED,NOT_APPROVED
91,46,Винтовка SSG 08,heavy,3353,0.0,107,0.0,NOT_REVIEWED,NOT_APPROVED
91,42,Винтовка SR-25,heavy,4005,0.0,3970,0.0,NOT_REVIEWED,NOT_APPROVED
91,13,Винтовка СВД,heavy,5364,0.0,4124,0.0,NOT_REVIEWED,NOT_APPROVED
91,24,Винтовка СВДС,heavy,3799,0.0,3238,0.0,NOT_REVIEWED,NOT_APPROVED
91,23,Винтовка Т-5000,heavy,3073,0.0,1194,0.0,NOT_REVIEWED,NOT_APPROVED
91,28,Винтовка СВ-98,heavy,4575,0.0,720,0.0,NOT_REVIEWED,NOT_APPROVED
91,36,Винтовка СВК,heavy,3047,0.0,1757,0.0,NOT_REVIEWED,NOT_APPROVED
91,30,Винтовка ВСС «Винторез»,heavy,4796,0.0,2366,0.0,NOT_REVIEWED,NOT_APPROVED
91,40,Винтовка ВСК-94,heavy,4238,0.0,2029,0.0,NOT_REVIEWED,NOT_APPROVED
91,31,Винтовка СВ-338,heavy,3705,0.0,1358,0.0,NOT_REVIEWED,NOT_APPROVED
91,27,Винтовка ОРСИС T-5000M,heavy,3907,0.0,1153,0.0,NOT_REVIEWED,NOT_APPROVED
91,70,Винтовка Sako TRG-42,heavy,4025,0.0,85,0.0,NOT_REVIEWED,NOT_APPROVED
91,76,Винтовка Blaser R93 Tactical 2,heavy,3824,0.0,507,0.0,NOT_REVIEWED,NOT_APPROVED
91,39,Винтовка ORSIS T-5000 Sniper Pro,heavy,3809,0.0,451,0.0,NOT_REVIEWED,NOT_APPROVED
91,60,Винтовка Accuracy International AXMC,heavy,3519,0.0,2382,0.0,NOT_REVIEWED,NOT_APPROVED
91,48,Винтовка Barrett M98B,heavy,2897,0.0,1257,0.0,NOT_REVIEWED,NOT_APPROVED
91,64,Винтовка ORSIS T-5000 Elite,heavy,4005,0.0,829,0.0,NOT_REVIEWED,NOT_APPROVED
91,33,Винтовка «Выхлоп»,heavy,3475,0.0,1501,0.0,NOT_REVIEWED,NOT_APPROVED
91,35,Винтовка ОСВ-96,heavy,3141,0.0,580,0.0,NOT_REVIEWED,NOT_APPROVED
91,66,Винтовка Zastava M93 Black Arrow,heavy,4287,0.0,130,0.0,NOT_REVIEWED,NOT_APPROVED
91,52,Винтовка АСВК «Корд»,heavy,3274,0.0,1608,0.0,NOT_REVIEWED,NOT_APPROVED
91,58,Винтовка Steyr HS .50,heavy,5063,0.0,738,0.0,NOT_REVIEWED,NOT_APPROVED
91,49,Винтовка Barrett M82,heavy,2342,0.0,2089,0.0,NOT_REVIEWED,NOT_APPROVED
91,54,Винтовка McMillan TAC-50,heavy,4411,0.0,3136,0.0,NOT_REVIEWED,NOT_APPROVED
91,72,Винтовка Desert Tech HTI,heavy,4205,0.0,2854,0.0,NOT_REVIEWED,NOT_APPROVED
91,78,Винтовка Cheytac M200 Intervention,heavy,2666,0.0,904,0.0,NOT_REVIEWED,NOT_APPROVED
91,73,Прототип X-17,heavy,2921,0.0,2795,0.0,NOT_REVIEWED,NOT_APPROVED
91,55,Гаусс-пушка,heavy,5884,0.0,344,0.0,NOT_REVIEWED,NOT_APPROVED
91,4,Обрез охотничьего ружья,heavy,7472,0.0,1866,0.0,NOT_REVIEWED,NOT_APPROVED
91,8,ПП «Кедр»,heavy,8397,0.0,4106,0.0,NOT_REVIEWED,NOT_APPROVED
91,9,ПП-19 «Бизон»,heavy,6568,0.0,3780,0.0,NOT_REVIEWED,NOT_APPROVED
91,20,Дробовик Сайга-410,heavy,5134,0.0,3975,0.0,NOT_REVIEWED,NOT_APPROVED
91,106,Дробовик Mossberg 500,heavy,5344,0.0,1427,0.0,NOT_REVIEWED,NOT_APPROVED
91,107,Дробовик Stoeger P3000,heavy,5897,0.0,1258,0.0,NOT_REVIEWED,NOT_APPROVED
91,108,Дробовик Remington 870,heavy,5580,0.0,586,0.0,NOT_REVIEWED,NOT_APPROVED
91,109,Дробовик Winchester Model 1300,heavy,5555,0.0,1385,0.0,NOT_REVIEWED,NOT_APPROVED
91,110,Дробовик Ithaca 37,heavy,5520,0.0,1109,0.0,NOT_REVIEWED,NOT_APPROVED
91,111,Дробовик Browning BPS,heavy,5381,0.0,1476,0.0,NOT_REVIEWED,NOT_APPROVED
91,19,Дробовик СПАС-12,heavy,5248,0.0,0,6.0,NOT_REVIEWED,NOT_APPROVED
91,112,Дробовик Winchester SXP Defender,heavy,5090,0.0,0,20.1,NOT_REVIEWED,NOT_APPROVED
91,113,Дробовик Mossberg 590A1,heavy,5507,0.0,832,0.0,NOT_REVIEWED,NOT_APPROVED
91,114,Дробовик Remington 870 MCS,heavy,4216,0.0,0,13.6,NOT_REVIEWED,NOT_APPROVED
91,32,Дробовик Сайга-12К,heavy,3522,0.0,4320,0.0,NOT_REVIEWED,NOT_APPROVED
91,115,Дробовик Benelli Nova,heavy,5512,0.0,1324,0.0,NOT_REVIEWED,NOT_APPROVED
91,116,Дробовик TOZ-194,heavy,5212,0.0,903,0.0,NOT_REVIEWED,NOT_APPROVED
91,44,Дробовик «Вепрь-12»,heavy,3928,0.0,4176,0.0,NOT_REVIEWED,NOT_APPROVED
91,117,Дробовик Remington 1100,heavy,5455,0.0,983,0.0,NOT_REVIEWED,NOT_APPROVED
91,62,Дробовик Kel-Tec KSG,heavy,4560,0.0,0,30.0,NOT_REVIEWED,NOT_APPROVED
91,118,Дробовик Beretta 1301 Tactical,heavy,3951,0.0,0,21.0,NOT_REVIEWED,NOT_APPROVED
91,50,Дробовик Benelli M4,heavy,4507,0.0,0,11.0,NOT_REVIEWED,NOT_APPROVED
91,119,Дробовик Fabarm STF/12,heavy,4730,0.0,0,12.65,NOT_REVIEWED,NOT_APPROVED
91,56,Дробовик AA-12,heavy,6153,0.0,5130,0.0,NOT_REVIEWED,NOT_APPROVED
91,120,Дробовик Winchester SX4,heavy,5523,0.0,583,0.0,NOT_REVIEWED,NOT_APPROVED
91,121,Дробовик Browning A5,heavy,5596,0.0,972,0.0,NOT_REVIEWED,NOT_APPROVED
91,68,Дробовик Franchi SPAS-15,heavy,4824,0.0,3958,0.0,NOT_REVIEWED,NOT_APPROVED
91,122,Дробовик Remington 870 Magnum,heavy,6587,0.0,533,0.0,NOT_REVIEWED,NOT_APPROVED
91,123,Дробовик Benelli Vinci,heavy,5801,0.0,1431,0.0,NOT_REVIEWED,NOT_APPROVED
91,74,Дробовик USAS-12,heavy,3774,0.0,5646,0.0,NOT_REVIEWED,NOT_APPROVED
91,124,Дробовик Ithaca Mag-10,heavy,3613,0.0,4098,0.0,NOT_REVIEWED,NOT_APPROVED
91,125,Дробовик Remington SP-10,heavy,4868,0.0,4407,0.0,NOT_REVIEWED,NOT_APPROVED
92,86,Beretta 21A Bobcat,pistol,7492,0.0,,,NOT_REVIEWED,NOT_APPROVED
92,2,Пистолет ПСМ,pistol,7069,0.0,,,NOT_REVIEWED,NOT_APPROVED
92,87,Walther PPK,pistol,7375,0.0,,,NOT_REVIEWED,NOT_APPROVED
92,1,Пистолет Макарова,pistol,6995,0.0,,,NOT_REVIEWED,NOT_APPROVED
92,3,Пистолет ИЖ-71,pistol,6643,0.0,,,NOT_REVIEWED,NOT_APPROVED
92,88,Glock 25,pistol,6802,0.0,,,NOT_REVIEWED,NOT_APPROVED
92,5,Пистолет ОЦ-33 «Пернач»,pistol,7027,0.0,,,NOT_REVIEWED,NOT_APPROVED
92,6,Револьвер Наган,pistol,5062,0.0,,,NOT_REVIEWED,NOT_APPROVED
92,89,Walther P99,pistol,6707,0.0,,,NOT_REVIEWED,NOT_APPROVED
92,90,CZ 75,pistol,6572,0.0,,,NOT_REVIEWED,NOT_APPROVED
92,91,Glock 17,pistol,6590,0.0,,,NOT_REVIEWED,NOT_APPROVED
92,92,Beretta 92FS,pistol,6240,0.0,,,NOT_REVIEWED,NOT_APPROVED
92,93,SIG Sauer P226,pistol,7383,0.0,,,NOT_REVIEWED,NOT_APPROVED
92,7,Пистолет ТТ,pistol,7009,0.0,,,NOT_REVIEWED,NOT_APPROVED
92,94,HK USP,pistol,6765,0.0,,,NOT_REVIEWED,NOT_APPROVED
92,95,Glock 22,pistol,6610,0.0,,,NOT_REVIEWED,NOT_APPROVED
92,96,SIG Sauer P229,pistol,7358,0.0,,,NOT_REVIEWED,NOT_APPROVED
92,97,Glock 20,pistol,7200,0.0,,,NOT_REVIEWED,NOT_APPROVED
92,98,Colt 1911,pistol,6797,0.0,,,NOT_REVIEWED,NOT_APPROVED
92,99,Glock 21,pistol,6779,0.0,,,NOT_REVIEWED,NOT_APPROVED
92,100,CZ 97B,pistol,7137,0.0,,,NOT_REVIEWED,NOT_APPROVED
92,101,HK Mark 23,pistol,5993,0.0,,,NOT_REVIEWED,NOT_APPROVED
92,102,Taurus Judge,pistol,6056,0.0,,,NOT_REVIEWED,NOT_APPROVED
92,103,Smith & Wesson Model 29,pistol,4298,0.0,,,NOT_REVIEWED,NOT_APPROVED
92,104,Taurus Raging Bull,pistol,4632,0.0,,,NOT_REVIEWED,NOT_APPROVED
92,105,Desert Eagle Mark XIX,pistol,8227,0.0,,,NOT_REVIEWED,NOT_APPROVED
92,11,Автомат АКС-74У,heavy,5979,0.0,299,0.0,NOT_REVIEWED,NOT_APPROVED
92,12,Автомат АК-74,heavy,6166,0.0,784,0.0,NOT_REVIEWED,NOT_APPROVED
92,37,Автомат АК-107,heavy,4110,0.0,0,11.4,NOT_REVIEWED,NOT_APPROVED
92,21,Автомат АК-12,heavy,5161,0.0,0,16.03,NOT_REVIEWED,NOT_APPROVED
92,26,Автомат АН-94 «Абакан»,heavy,4287,0.0,0,6.0,NOT_REVIEWED,NOT_APPROVED
92,17,Пулемёт РПК-74,heavy,3796,0.0,0,2.0,NOT_REVIEWED,NOT_APPROVED
92,38,Автомат ADAR 2-15,heavy,5510,0.0,0,8.0,NOT_REVIEWED,NOT_APPROVED
92,45,Автомат АК-19,heavy,4424,0.0,0,4.0,NOT_REVIEWED,NOT_APPROVED
92,57,Автомат HK416,heavy,4536,0.0,0,2.0,NOT_REVIEWED,NOT_APPROVED
92,69,Автомат CZ Bren 2,heavy,4222,0.0,0,12.17,NOT_REVIEWED,NOT_APPROVED
92,67,Пулемёт Minimi Mk3,heavy,3250,0.0,1799,0.0,NOT_REVIEWED,NOT_APPROVED
92,43,Автомат ОЦ-14 «Гроза»,heavy,4705,0.0,0,29.0,NOT_REVIEWED,NOT_APPROVED
92,16,Карабин «Вепрь»,heavy,5787,0.0,184,0.0,NOT_REVIEWED,NOT_APPROVED
92,15,Автомат АК-103,heavy,4777,0.0,19,0.0,NOT_REVIEWED,NOT_APPROVED
92,25,Пулемёт РПД,heavy,3476,0.0,0,19.0,NOT_REVIEWED,NOT_APPROVED
92,18,Автомат АС «Вал»,heavy,4540,0.0,0,7.0,NOT_REVIEWED,NOT_APPROVED
92,10,Карабин Сайга-12,heavy,6409,0.0,1076,0.0,NOT_REVIEWED,NOT_APPROVED
92,63,Автомат АК-308,heavy,4222,0.0,0,7.0,NOT_REVIEWED,NOT_APPROVED
92,51,Автомат ЛР-308,heavy,3905,0.0,0,28.0,NOT_REVIEWED,NOT_APPROVED
92,75,Автомат SCAR-H,heavy,4269,0.0,0,10.0,NOT_REVIEWED,NOT_APPROVED
92,61,Пулемёт M60E6,heavy,3705,0.0,1403,0.0,NOT_REVIEWED,NOT_APPROVED
92,59,Пулемёт M240,heavy,3572,0.0,0,1.0,NOT_REVIEWED,NOT_APPROVED
92,71,Пулемёт FN MAG,heavy,3067,0.0,867,0.0,NOT_REVIEWED,NOT_APPROVED
92,77,Пулемёт Negev NG7,heavy,3246,0.0,1813,0.0,NOT_REVIEWED,NOT_APPROVED
92,22,Пулемёт ПКМ,heavy,2309,0.0,0,12.0,NOT_REVIEWED,NOT_APPROVED
92,29,Пулемёт «Печенег»,heavy,3642,0.0,20,0.0,NOT_REVIEWED,NOT_APPROVED
92,53,Пулемёт «Печенег-СП»,heavy,3848,0.0,1058,0.0,NOT_REVIEWED,NOT_APPROVED
92,47,Автомат АК-АН «Абакан-100»,heavy,3555,0.0,134,0.0,NOT_REVIEWED,NOT_APPROVED
92,65,Пулемёт «Утёс-М»,heavy,4274,0.0,1513,0.0,NOT_REVIEWED,NOT_APPROVED
92,14,Винтовка СКС,heavy,5950,0.0,2552,0.0,NOT_REVIEWED,NOT_APPROVED
92,46,Винтовка SSG 08,heavy,3376,0.0,441,0.0,NOT_REVIEWED,NOT_APPROVED
92,42,Винтовка SR-25,heavy,4012,0.0,0,20.0,NOT_REVIEWED,NOT_APPROVED
92,13,Винтовка СВД,heavy,5419,0.0,2049,0.0,NOT_REVIEWED,NOT_APPROVED
92,24,Винтовка СВДС,heavy,3811,0.0,547,0.0,NOT_REVIEWED,NOT_APPROVED
92,23,Винтовка Т-5000,heavy,3088,0.0,93,0.0,NOT_REVIEWED,NOT_APPROVED
92,28,Винтовка СВ-98,heavy,4604,0.0,730,0.0,NOT_REVIEWED,NOT_APPROVED
92,36,Винтовка СВК,heavy,3077,0.0,1616,0.0,NOT_REVIEWED,NOT_APPROVED
92,30,Винтовка ВСС «Винторез»,heavy,4802,0.0,122,0.0,NOT_REVIEWED,NOT_APPROVED
92,40,Винтовка ВСК-94,heavy,4284,0.0,0,17.03,NOT_REVIEWED,NOT_APPROVED
92,31,Винтовка СВ-338,heavy,3721,0.0,2061,0.0,NOT_REVIEWED,NOT_APPROVED
92,27,Винтовка ОРСИС T-5000M,heavy,3940,0.0,585,0.0,NOT_REVIEWED,NOT_APPROVED
92,70,Винтовка Sako TRG-42,heavy,4021,0.0,1264,0.0,NOT_REVIEWED,NOT_APPROVED
92,76,Винтовка Blaser R93 Tactical 2,heavy,3890,0.0,1865,0.0,NOT_REVIEWED,NOT_APPROVED
92,39,Винтовка ORSIS T-5000 Sniper Pro,heavy,3843,0.0,2011,0.0,NOT_REVIEWED,NOT_APPROVED
92,60,Винтовка Accuracy International AXMC,heavy,3550,0.0,1266,0.0,NOT_REVIEWED,NOT_APPROVED
92,48,Винтовка Barrett M98B,heavy,2907,0.0,1060,0.0,NOT_REVIEWED,NOT_APPROVED
92,64,Винтовка ORSIS T-5000 Elite,heavy,4011,0.0,456,0.0,NOT_REVIEWED,NOT_APPROVED
92,33,Винтовка «Выхлоп»,heavy,3501,0.0,172,0.0,NOT_REVIEWED,NOT_APPROVED
92,35,Винтовка ОСВ-96,heavy,3178,0.0,516,0.0,NOT_REVIEWED,NOT_APPROVED
92,66,Винтовка Zastava M93 Black Arrow,heavy,4343,0.0,1475,0.0,NOT_REVIEWED,NOT_APPROVED
92,52,Винтовка АСВК «Корд»,heavy,3313,0.0,1811,0.0,NOT_REVIEWED,NOT_APPROVED
92,58,Винтовка Steyr HS .50,heavy,5108,0.0,2531,0.0,NOT_REVIEWED,NOT_APPROVED
92,49,Винтовка Barrett M82,heavy,2365,0.0,1970,0.0,NOT_REVIEWED,NOT_APPROVED
92,54,Винтовка McMillan TAC-50,heavy,4482,0.0,0,4.0,NOT_REVIEWED,NOT_APPROVED
92,72,Винтовка Desert Tech HTI,heavy,4243,0.0,76,0.0,NOT_REVIEWED,NOT_APPROVED
92,78,Винтовка Cheytac M200 Intervention,heavy,2692,0.0,1057,0.0,NOT_REVIEWED,NOT_APPROVED
92,73,Прототип X-17,heavy,2989,0.0,48,0.0,NOT_REVIEWED,NOT_APPROVED
92,55,Гаусс-пушка,heavy,5896,0.0,390,0.0,NOT_REVIEWED,NOT_APPROVED
92,4,Обрез охотничьего ружья,heavy,7673,0.0,1776,0.0,NOT_REVIEWED,NOT_APPROVED
92,8,ПП «Кедр»,heavy,8579,0.0,0,12.04,NOT_REVIEWED,NOT_APPROVED
92,9,ПП-19 «Бизон»,heavy,6701,0.0,4559,0.0,NOT_REVIEWED,NOT_APPROVED
92,20,Дробовик Сайга-410,heavy,5195,0.0,319,0.0,NOT_REVIEWED,NOT_APPROVED
92,106,Дробовик Mossberg 500,heavy,5533,0.0,5004,0.0,NOT_REVIEWED,NOT_APPROVED
92,107,Дробовик Stoeger P3000,heavy,6003,0.0,4764,0.0,NOT_REVIEWED,NOT_APPROVED
92,108,Дробовик Remington 870,heavy,5746,0.0,4420,0.0,NOT_REVIEWED,NOT_APPROVED
92,109,Дробовик Winchester Model 1300,heavy,5741,0.0,4798,0.0,NOT_REVIEWED,NOT_APPROVED
92,110,Дробовик Ithaca 37,heavy,5694,0.0,4599,0.0,NOT_REVIEWED,NOT_APPROVED
92,111,Дробовик Browning BPS,heavy,5524,0.0,4610,0.0,NOT_REVIEWED,NOT_APPROVED
92,19,Дробовик СПАС-12,heavy,5277,0.0,1721,0.0,NOT_REVIEWED,NOT_APPROVED
92,112,Дробовик Winchester SXP Defender,heavy,5113,0.0,731,0.0,NOT_REVIEWED,NOT_APPROVED
92,113,Дробовик Mossberg 590A1,heavy,5682,0.0,4843,0.0,NOT_REVIEWED,NOT_APPROVED
92,114,Дробовик Remington 870 MCS,heavy,4223,0.0,274,0.0,NOT_REVIEWED,NOT_APPROVED
92,32,Дробовик Сайга-12К,heavy,3522,0.0,0,16.49,NOT_REVIEWED,NOT_APPROVED
92,115,Дробовик Benelli Nova,heavy,5626,0.0,4322,0.0,NOT_REVIEWED,NOT_APPROVED
92,116,Дробовик TOZ-194,heavy,5332,0.0,2595,0.0,NOT_REVIEWED,NOT_APPROVED
92,44,Дробовик «Вепрь-12»,heavy,3955,0.0,99,0.0,NOT_REVIEWED,NOT_APPROVED
92,117,Дробовик Remington 1100,heavy,5591,0.0,4230,0.0,NOT_REVIEWED,NOT_APPROVED
92,62,Дробовик Kel-Tec KSG,heavy,4561,0.0,0,5.0,NOT_REVIEWED,NOT_APPROVED
92,118,Дробовик Beretta 1301 Tactical,heavy,3947,0.0,68,0.0,NOT_REVIEWED,NOT_APPROVED
92,50,Дробовик Benelli M4,heavy,4528,0.0,1290,0.0,NOT_REVIEWED,NOT_APPROVED
92,119,Дробовик Fabarm STF/12,heavy,4786,0.0,358,0.0,NOT_REVIEWED,NOT_APPROVED
92,56,Дробовик AA-12,heavy,6157,0.0,596,0.0,NOT_REVIEWED,NOT_APPROVED
92,120,Дробовик Winchester SX4,heavy,5693,0.0,3633,0.0,NOT_REVIEWED,NOT_APPROVED
92,121,Дробовик Browning A5,heavy,5760,0.0,3308,0.0,NOT_REVIEWED,NOT_APPROVED
92,68,Дробовик Franchi SPAS-15,heavy,4843,0.0,1733,0.0,NOT_REVIEWED,NOT_APPROVED
92,122,Дробовик Remington 870 Magnum,heavy,6748,0.0,4106,0.0,NOT_REVIEWED,NOT_APPROVED
92,123,Дробовик Benelli Vinci,heavy,5958,0.0,4481,0.0,NOT_REVIEWED,NOT_APPROVED
92,74,Дробовик USAS-12,heavy,3768,0.0,0,10.0,NOT_REVIEWED,NOT_APPROVED
92,124,Дробовик Ithaca Mag-10,heavy,3618,0.0,0,5.0,NOT_REVIEWED,NOT_APPROVED
92,125,Дробовик Remington SP-10,heavy,4897,0.0,0,8.0,NOT_REVIEWED,NOT_APPROVED
93,86,Beretta 21A Bobcat,pistol,7797,0.0,,,NOT_REVIEWED,NOT_APPROVED
93,2,Пистолет ПСМ,pistol,7156,0.0,,,NOT_REVIEWED,NOT_APPROVED
93,87,Walther PPK,pistol,7451,0.0,,,NOT_REVIEWED,NOT_APPROVED
93,1,Пистолет Макарова,pistol,6963,0.0,,,NOT_REVIEWED,NOT_APPROVED
93,3,Пистолет ИЖ-71,pistol,6703,0.0,,,NOT_REVIEWED,NOT_APPROVED
93,88,Glock 25,pistol,6941,0.0,,,NOT_REVIEWED,NOT_APPROVED
93,5,Пистолет ОЦ-33 «Пернач»,pistol,7173,0.0,,,NOT_REVIEWED,NOT_APPROVED
93,6,Револьвер Наган,pistol,5196,0.0,,,NOT_REVIEWED,NOT_APPROVED
93,89,Walther P99,pistol,6858,0.0,,,NOT_REVIEWED,NOT_APPROVED
93,90,CZ 75,pistol,6638,0.0,,,NOT_REVIEWED,NOT_APPROVED
93,91,Glock 17,pistol,6704,0.0,,,NOT_REVIEWED,NOT_APPROVED
93,92,Beretta 92FS,pistol,6532,0.0,,,NOT_REVIEWED,NOT_APPROVED
93,93,SIG Sauer P226,pistol,7421,0.0,,,NOT_REVIEWED,NOT_APPROVED
93,7,Пистолет ТТ,pistol,7089,0.0,,,NOT_REVIEWED,NOT_APPROVED
93,94,HK USP,pistol,6955,0.0,,,NOT_REVIEWED,NOT_APPROVED
93,95,Glock 22,pistol,6814,0.0,,,NOT_REVIEWED,NOT_APPROVED
93,96,SIG Sauer P229,pistol,7516,0.0,,,NOT_REVIEWED,NOT_APPROVED
93,97,Glock 20,pistol,7484,0.0,,,NOT_REVIEWED,NOT_APPROVED
93,98,Colt 1911,pistol,6900,0.0,,,NOT_REVIEWED,NOT_APPROVED
93,99,Glock 21,pistol,6979,0.0,,,NOT_REVIEWED,NOT_APPROVED
93,100,CZ 97B,pistol,7335,0.0,,,NOT_REVIEWED,NOT_APPROVED
93,101,HK Mark 23,pistol,6339,0.0,,,NOT_REVIEWED,NOT_APPROVED
93,102,Taurus Judge,pistol,6249,0.0,,,NOT_REVIEWED,NOT_APPROVED
93,103,Smith & Wesson Model 29,pistol,4438,0.0,,,NOT_REVIEWED,NOT_APPROVED
93,104,Taurus Raging Bull,pistol,4806,0.0,,,NOT_REVIEWED,NOT_APPROVED
93,105,Desert Eagle Mark XIX,pistol,8000,0.0,,,NOT_REVIEWED,NOT_APPROVED
93,11,Автомат АКС-74У,heavy,5979,0.0,1741,0.0,NOT_REVIEWED,NOT_APPROVED
93,12,Автомат АК-74,heavy,6103,0.0,2330,0.0,NOT_REVIEWED,NOT_APPROVED
93,37,Автомат АК-107,heavy,4110,0.0,136,0.0,NOT_REVIEWED,NOT_APPROVED
93,21,Автомат АК-12,heavy,5161,0.0,174,0.0,NOT_REVIEWED,NOT_APPROVED
93,26,Автомат АН-94 «Абакан»,heavy,4230,0.0,714,0.0,NOT_REVIEWED,NOT_APPROVED
93,17,Пулемёт РПК-74,heavy,3796,0.0,954,0.0,NOT_REVIEWED,NOT_APPROVED
93,38,Автомат ADAR 2-15,heavy,5510,0.0,605,0.0,NOT_REVIEWED,NOT_APPROVED
93,45,Автомат АК-19,heavy,4424,0.0,853,0.0,NOT_REVIEWED,NOT_APPROVED
93,57,Автомат HK416,heavy,4536,0.0,2747,0.0,NOT_REVIEWED,NOT_APPROVED
93,69,Автомат CZ Bren 2,heavy,4222,0.0,1474,0.0,NOT_REVIEWED,NOT_APPROVED
93,67,Пулемёт Minimi Mk3,heavy,3250,0.0,1976,0.0,NOT_REVIEWED,NOT_APPROVED
93,43,Автомат ОЦ-14 «Гроза»,heavy,4768,0.0,0,14.14,NOT_REVIEWED,NOT_APPROVED
93,16,Карабин «Вепрь»,heavy,5720,0.0,1486,0.0,NOT_REVIEWED,NOT_APPROVED
93,15,Автомат АК-103,heavy,4777,0.0,1131,0.0,NOT_REVIEWED,NOT_APPROVED
93,25,Пулемёт РПД,heavy,3392,0.0,1,0.0,NOT_REVIEWED,NOT_APPROVED
93,18,Автомат АС «Вал»,heavy,4486,0.0,548,0.0,NOT_REVIEWED,NOT_APPROVED
93,10,Карабин Сайга-12,heavy,6356,0.0,2242,0.0,NOT_REVIEWED,NOT_APPROVED
93,63,Автомат АК-308,heavy,4222,0.0,486,0.0,NOT_REVIEWED,NOT_APPROVED
93,51,Автомат ЛР-308,heavy,3905,0.0,0,3.0,NOT_REVIEWED,NOT_APPROVED
93,75,Автомат SCAR-H,heavy,4323,0.0,2123,0.0,NOT_REVIEWED,NOT_APPROVED
93,61,Пулемёт M60E6,heavy,3705,0.0,1017,0.0,NOT_REVIEWED,NOT_APPROVED
93,59,Пулемёт M240,heavy,3572,0.0,340,0.0,NOT_REVIEWED,NOT_APPROVED
93,71,Пулемёт FN MAG,heavy,3067,0.0,485,0.0,NOT_REVIEWED,NOT_APPROVED
93,77,Пулемёт Negev NG7,heavy,3246,0.0,1957,0.0,NOT_REVIEWED,NOT_APPROVED
93,22,Пулемёт ПКМ,heavy,2352,0.0,110,0.0,NOT_REVIEWED,NOT_APPROVED
93,29,Пулемёт «Печенег»,heavy,3642,0.0,928,0.0,NOT_REVIEWED,NOT_APPROVED
93,53,Пулемёт «Печенег-СП»,heavy,3848,0.0,286,0.0,NOT_REVIEWED,NOT_APPROVED
93,47,Автомат АК-АН «Абакан-100»,heavy,3445,0.0,1713,0.0,NOT_REVIEWED,NOT_APPROVED
93,65,Пулемёт «Утёс-М»,heavy,4274,0.0,1833,0.0,NOT_REVIEWED,NOT_APPROVED
93,14,Винтовка СКС,heavy,5950,0.0,4368,0.0,NOT_REVIEWED,NOT_APPROVED
93,46,Винтовка SSG 08,heavy,3459,0.0,830,0.0,NOT_REVIEWED,NOT_APPROVED
93,42,Винтовка SR-25,heavy,4012,0.0,43,0.0,NOT_REVIEWED,NOT_APPROVED
93,13,Винтовка СВД,heavy,5513,0.0,3445,0.0,NOT_REVIEWED,NOT_APPROVED
93,24,Винтовка СВДС,heavy,3921,0.0,1921,0.0,NOT_REVIEWED,NOT_APPROVED
93,23,Винтовка Т-5000,heavy,3088,0.0,1025,0.0,NOT_REVIEWED,NOT_APPROVED
93,28,Винтовка СВ-98,heavy,4517,0.0,1937,0.0,NOT_REVIEWED,NOT_APPROVED
93,36,Винтовка СВК,heavy,3077,0.0,1119,0.0,NOT_REVIEWED,NOT_APPROVED
93,30,Винтовка ВСС «Винторез»,heavy,4692,0.0,1187,0.0,NOT_REVIEWED,NOT_APPROVED
93,40,Винтовка ВСК-94,heavy,4284,0.0,118,0.0,NOT_REVIEWED,NOT_APPROVED
93,31,Винтовка СВ-338,heavy,3721,0.0,2506,0.0,NOT_REVIEWED,NOT_APPROVED
93,27,Винтовка ОРСИС T-5000M,heavy,4050,0.0,1456,0.0,NOT_REVIEWED,NOT_APPROVED
93,70,Винтовка Sako TRG-42,heavy,3958,0.0,1482,0.0,NOT_REVIEWED,NOT_APPROVED
93,76,Винтовка Blaser R93 Tactical 2,heavy,3818,0.0,2972,0.0,NOT_REVIEWED,NOT_APPROVED
93,39,Винтовка ORSIS T-5000 Sniper Pro,heavy,3843,0.0,2424,0.0,NOT_REVIEWED,NOT_APPROVED
93,60,Винтовка Accuracy International AXMC,heavy,3550,0.0,3544,0.0,NOT_REVIEWED,NOT_APPROVED
93,48,Винтовка Barrett M98B,heavy,2907,0.0,2773,0.0,NOT_REVIEWED,NOT_APPROVED
93,64,Винтовка ORSIS T-5000 Elite,heavy,4011,0.0,3015,0.0,NOT_REVIEWED,NOT_APPROVED
93,33,Винтовка «Выхлоп»,heavy,3501,0.0,1242,0.0,NOT_REVIEWED,NOT_APPROVED
93,35,Винтовка ОСВ-96,heavy,3068,0.0,2311,0.0,NOT_REVIEWED,NOT_APPROVED
93,66,Винтовка Zastava M93 Black Arrow,heavy,4343,0.0,3254,0.0,NOT_REVIEWED,NOT_APPROVED
93,52,Винтовка АСВК «Корд»,heavy,3313,0.0,2164,0.0,NOT_REVIEWED,NOT_APPROVED
93,58,Винтовка Steyr HS .50,heavy,5108,0.0,3783,0.0,NOT_REVIEWED,NOT_APPROVED
93,49,Винтовка Barrett M82,heavy,2314,0.0,2644,0.0,NOT_REVIEWED,NOT_APPROVED
93,54,Винтовка McMillan TAC-50,heavy,4482,0.0,1013,0.0,NOT_REVIEWED,NOT_APPROVED
93,72,Винтовка Desert Tech HTI,heavy,4150,0.0,1102,0.0,NOT_REVIEWED,NOT_APPROVED
93,78,Винтовка Cheytac M200 Intervention,heavy,2692,0.0,1025,0.0,NOT_REVIEWED,NOT_APPROVED
93,73,Прототип X-17,heavy,2989,0.0,1294,0.0,NOT_REVIEWED,NOT_APPROVED
93,55,Гаусс-пушка,heavy,5896,0.0,2433,0.0,NOT_REVIEWED,NOT_APPROVED
93,4,Обрез охотничьего ружья,heavy,7673,0.0,3719,0.0,NOT_REVIEWED,NOT_APPROVED
93,8,ПП «Кедр»,heavy,8579,0.0,40,0.0,NOT_REVIEWED,NOT_APPROVED
93,9,ПП-19 «Бизон»,heavy,6646,0.0,7034,0.0,NOT_REVIEWED,NOT_APPROVED
93,20,Дробовик Сайга-410,heavy,5118,0.0,1514,0.0,NOT_REVIEWED,NOT_APPROVED
93,106,Дробовик Mossberg 500,heavy,5567,0.0,5749,0.0,NOT_REVIEWED,NOT_APPROVED
93,107,Дробовик Stoeger P3000,heavy,6043,0.0,5719,0.0,NOT_REVIEWED,NOT_APPROVED
93,108,Дробовик Remington 870,heavy,5688,0.0,5435,0.0,NOT_REVIEWED,NOT_APPROVED
93,109,Дробовик Winchester Model 1300,heavy,5741,0.0,5431,0.0,NOT_REVIEWED,NOT_APPROVED
93,110,Дробовик Ithaca 37,heavy,5731,0.0,5566,0.0,NOT_REVIEWED,NOT_APPROVED
93,111,Дробовик Browning BPS,heavy,5480,0.0,5268,0.0,NOT_REVIEWED,NOT_APPROVED
93,19,Дробовик СПАС-12,heavy,5277,0.0,2686,0.0,NOT_REVIEWED,NOT_APPROVED
93,112,Дробовик Winchester SXP Defender,heavy,5113,0.0,1818,0.0,NOT_REVIEWED,NOT_APPROVED
93,113,Дробовик Mossberg 590A1,heavy,5639,0.0,5577,0.0,NOT_REVIEWED,NOT_APPROVED
93,114,Дробовик Remington 870 MCS,heavy,4223,0.0,1671,0.0,NOT_REVIEWED,NOT_APPROVED
93,32,Дробовик Сайга-12К,heavy,3522,0.0,133,0.0,NOT_REVIEWED,NOT_APPROVED
93,115,Дробовик Benelli Nova,heavy,5652,0.0,5177,0.0,NOT_REVIEWED,NOT_APPROVED
93,116,Дробовик TOZ-194,heavy,5366,0.0,3461,0.0,NOT_REVIEWED,NOT_APPROVED
93,44,Дробовик «Вепрь-12»,heavy,3955,0.0,1196,0.0,NOT_REVIEWED,NOT_APPROVED
93,117,Дробовик Remington 1100,heavy,5591,0.0,5137,0.0,NOT_REVIEWED,NOT_APPROVED
93,62,Дробовик Kel-Tec KSG,heavy,4561,0.0,362,0.0,NOT_REVIEWED,NOT_APPROVED
93,118,Дробовик Beretta 1301 Tactical,heavy,4002,0.0,1272,0.0,NOT_REVIEWED,NOT_APPROVED
93,50,Дробовик Benelli M4,heavy,4528,0.0,2585,0.0,NOT_REVIEWED,NOT_APPROVED
93,119,Дробовик Fabarm STF/12,heavy,4786,0.0,1671,0.0,NOT_REVIEWED,NOT_APPROVED
93,56,Дробовик AA-12,heavy,6157,0.0,783,0.0,NOT_REVIEWED,NOT_APPROVED
93,120,Дробовик Winchester SX4,heavy,5735,0.0,4904,0.0,NOT_REVIEWED,NOT_APPROVED
93,121,Дробовик Browning A5,heavy,5760,0.0,4867,0.0,NOT_REVIEWED,NOT_APPROVED
93,68,Дробовик Franchi SPAS-15,heavy,4896,0.0,2914,0.0,NOT_REVIEWED,NOT_APPROVED
93,122,Дробовик Remington 870 Magnum,heavy,6830,0.0,5400,0.0,NOT_REVIEWED,NOT_APPROVED
93,123,Дробовик Benelli Vinci,heavy,5958,0.0,5134,0.0,NOT_REVIEWED,NOT_APPROVED
93,74,Дробовик USAS-12,heavy,3813,0.0,2670,0.0,NOT_REVIEWED,NOT_APPROVED
93,124,Дробовик Ithaca Mag-10,heavy,3674,0.0,695,0.0,NOT_REVIEWED,NOT_APPROVED
93,125,Дробовик Remington SP-10,heavy,4839,0.0,529,0.0,NOT_REVIEWED,NOT_APPROVED
94,86,Beretta 21A Bobcat,pistol,7331,0.0,,,NOT_REVIEWED,NOT_APPROVED
94,2,Пистолет ПСМ,pistol,6937,0.0,,,NOT_REVIEWED,NOT_APPROVED
94,87,Walther PPK,pistol,7208,0.0,,,NOT_REVIEWED,NOT_APPROVED
94,1,Пистолет Макарова,pistol,6854,0.0,,,NOT_REVIEWED,NOT_APPROVED
94,3,Пистолет ИЖ-71,pistol,6467,0.0,,,NOT_REVIEWED,NOT_APPROVED
94,88,Glock 25,pistol,6674,0.0,,,NOT_REVIEWED,NOT_APPROVED
94,5,Пистолет ОЦ-33 «Пернач»,pistol,6868,0.0,,,NOT_REVIEWED,NOT_APPROVED
94,6,Револьвер Наган,pistol,4839,0.0,,,NOT_REVIEWED,NOT_APPROVED
94,89,Walther P99,pistol,6572,0.0,,,NOT_REVIEWED,NOT_APPROVED
94,90,CZ 75,pistol,6445,0.0,,,NOT_REVIEWED,NOT_APPROVED
94,91,Glock 17,pistol,6479,0.0,,,NOT_REVIEWED,NOT_APPROVED
94,92,Beretta 92FS,pistol,6035,0.0,,,NOT_REVIEWED,NOT_APPROVED
94,93,SIG Sauer P226,pistol,7247,0.0,,,NOT_REVIEWED,NOT_APPROVED
94,7,Пистолет ТТ,pistol,6764,0.0,,,NOT_REVIEWED,NOT_APPROVED
94,94,HK USP,pistol,6606,0.0,,,NOT_REVIEWED,NOT_APPROVED
94,95,Glock 22,pistol,6519,0.0,,,NOT_REVIEWED,NOT_APPROVED
94,96,SIG Sauer P229,pistol,7149,0.0,,,NOT_REVIEWED,NOT_APPROVED
94,97,Glock 20,pistol,7095,0.0,,,NOT_REVIEWED,NOT_APPROVED
94,98,Colt 1911,pistol,6558,0.0,,,NOT_REVIEWED,NOT_APPROVED
94,99,Glock 21,pistol,6688,0.0,,,NOT_REVIEWED,NOT_APPROVED
94,100,CZ 97B,pistol,6985,0.0,,,NOT_REVIEWED,NOT_APPROVED
94,101,HK Mark 23,pistol,5829,0.0,,,NOT_REVIEWED,NOT_APPROVED
94,102,Taurus Judge,pistol,5915,0.0,,,NOT_REVIEWED,NOT_APPROVED
94,103,Smith & Wesson Model 29,pistol,4068,0.0,,,NOT_REVIEWED,NOT_APPROVED
94,104,Taurus Raging Bull,pistol,4414,0.0,,,NOT_REVIEWED,NOT_APPROVED
94,105,Desert Eagle Mark XIX,pistol,7920,0.0,,,NOT_REVIEWED,NOT_APPROVED
94,11,Автомат АКС-74У,heavy,5693,0.0,5027,0.0,NOT_REVIEWED,NOT_APPROVED
94,12,Автомат АК-74,heavy,5895,0.0,5467,0.0,NOT_REVIEWED,NOT_APPROVED
94,37,Автомат АК-107,heavy,3858,0.0,3962,0.0,NOT_REVIEWED,NOT_APPROVED
94,21,Автомат АК-12,heavy,4943,0.0,3414,0.0,NOT_REVIEWED,NOT_APPROVED
94,26,Автомат АН-94 «Абакан»,heavy,3978,0.0,4551,0.0,NOT_REVIEWED,NOT_APPROVED
94,17,Пулемёт РПК-74,heavy,3690,0.0,4606,0.0,NOT_REVIEWED,NOT_APPROVED
94,38,Автомат ADAR 2-15,heavy,5354,0.0,3767,0.0,NOT_REVIEWED,NOT_APPROVED
94,45,Автомат АК-19,heavy,4307,0.0,4277,0.0,NOT_REVIEWED,NOT_APPROVED
94,57,Автомат HK416,heavy,4352,0.0,3313,0.0,NOT_REVIEWED,NOT_APPROVED
94,69,Автомат CZ Bren 2,heavy,4125,0.0,4335,0.0,NOT_REVIEWED,NOT_APPROVED
94,67,Пулемёт Minimi Mk3,heavy,3234,0.0,5076,0.0,NOT_REVIEWED,NOT_APPROVED
94,43,Автомат ОЦ-14 «Гроза»,heavy,4567,0.0,2365,0.0,NOT_REVIEWED,NOT_APPROVED
94,16,Карабин «Вепрь»,heavy,5509,0.0,5276,0.0,NOT_REVIEWED,NOT_APPROVED
94,15,Автомат АК-103,heavy,4612,0.0,4894,0.0,NOT_REVIEWED,NOT_APPROVED
94,25,Пулемёт РПД,heavy,3282,0.0,3098,0.0,NOT_REVIEWED,NOT_APPROVED
94,18,Автомат АС «Вал»,heavy,4262,0.0,4383,0.0,NOT_REVIEWED,NOT_APPROVED
94,10,Карабин Сайга-12,heavy,6081,0.0,5420,0.0,NOT_REVIEWED,NOT_APPROVED
94,63,Автомат АК-308,heavy,4070,0.0,3987,0.0,NOT_REVIEWED,NOT_APPROVED
94,51,Автомат ЛР-308,heavy,3804,0.0,2045,0.0,NOT_REVIEWED,NOT_APPROVED
94,75,Автомат SCAR-H,heavy,4199,0.0,3693,0.0,NOT_REVIEWED,NOT_APPROVED
94,61,Пулемёт M60E6,heavy,3552,0.0,4955,0.0,NOT_REVIEWED,NOT_APPROVED
94,59,Пулемёт M240,heavy,3409,0.0,4198,0.0,NOT_REVIEWED,NOT_APPROVED
94,71,Пулемёт FN MAG,heavy,3033,0.0,4361,0.0,NOT_REVIEWED,NOT_APPROVED
94,77,Пулемёт Negev NG7,heavy,3179,0.0,4117,0.0,NOT_REVIEWED,NOT_APPROVED
94,22,Пулемёт ПКМ,heavy,2352,0.0,3542,0.0,NOT_REVIEWED,NOT_APPROVED
94,29,Пулемёт «Печенег»,heavy,3469,0.0,4786,0.0,NOT_REVIEWED,NOT_APPROVED
94,53,Пулемёт «Печенег-СП»,heavy,3691,0.0,4253,0.0,NOT_REVIEWED,NOT_APPROVED
94,47,Автомат АК-АН «Абакан-100»,heavy,3354,0.0,3428,0.0,NOT_REVIEWED,NOT_APPROVED
94,65,Пулемёт «Утёс-М»,heavy,4201,0.0,5395,0.0,NOT_REVIEWED,NOT_APPROVED
94,14,Винтовка СКС,heavy,5950,0.0,3438,0.0,NOT_REVIEWED,NOT_APPROVED
94,46,Винтовка SSG 08,heavy,3427,0.0,3969,0.0,NOT_REVIEWED,NOT_APPROVED
94,42,Винтовка SR-25,heavy,3881,0.0,2053,0.0,NOT_REVIEWED,NOT_APPROVED
94,13,Винтовка СВД,heavy,5345,0.0,2553,0.0,NOT_REVIEWED,NOT_APPROVED
94,24,Винтовка СВДС,heavy,3806,0.0,4205,0.0,NOT_REVIEWED,NOT_APPROVED
94,23,Винтовка Т-5000,heavy,3058,0.0,3958,0.0,NOT_REVIEWED,NOT_APPROVED
94,28,Винтовка СВ-98,heavy,4450,0.0,4408,0.0,NOT_REVIEWED,NOT_APPROVED
94,36,Винтовка СВК,heavy,3036,0.0,4082,0.0,NOT_REVIEWED,NOT_APPROVED
94,30,Винтовка ВСС «Винторез»,heavy,4486,0.0,4204,0.0,NOT_REVIEWED,NOT_APPROVED
94,40,Винтовка ВСК-94,heavy,4076,0.0,4685,0.0,NOT_REVIEWED,NOT_APPROVED
94,31,Винтовка СВ-338,heavy,3624,0.0,4086,0.0,NOT_REVIEWED,NOT_APPROVED
94,27,Винтовка ОРСИС T-5000M,heavy,4007,0.0,4160,0.0,NOT_REVIEWED,NOT_APPROVED
94,70,Винтовка Sako TRG-42,heavy,3880,0.0,4576,0.0,NOT_REVIEWED,NOT_APPROVED
94,76,Винтовка Blaser R93 Tactical 2,heavy,3818,0.0,4551,0.0,NOT_REVIEWED,NOT_APPROVED
94,39,Винтовка ORSIS T-5000 Sniper Pro,heavy,3764,0.0,3517,0.0,NOT_REVIEWED,NOT_APPROVED
94,60,Винтовка Accuracy International AXMC,heavy,3539,0.0,4540,0.0,NOT_REVIEWED,NOT_APPROVED
94,48,Винтовка Barrett M98B,heavy,2881,0.0,3754,0.0,NOT_REVIEWED,NOT_APPROVED
94,64,Винтовка ORSIS T-5000 Elite,heavy,3964,0.0,4135,0.0,NOT_REVIEWED,NOT_APPROVED
94,33,Винтовка «Выхлоп»,heavy,3334,0.0,3637,0.0,NOT_REVIEWED,NOT_APPROVED
94,35,Винтовка ОСВ-96,heavy,3018,0.0,3539,0.0,NOT_REVIEWED,NOT_APPROVED
94,66,Винтовка Zastava M93 Black Arrow,heavy,4225,0.0,4167,0.0,NOT_REVIEWED,NOT_APPROVED
94,52,Винтовка АСВК «Корд»,heavy,3238,0.0,2879,0.0,NOT_REVIEWED,NOT_APPROVED
94,58,Винтовка Steyr HS .50,heavy,4932,0.0,3508,0.0,NOT_REVIEWED,NOT_APPROVED
94,49,Винтовка Barrett M82,heavy,2314,0.0,4014,0.0,NOT_REVIEWED,NOT_APPROVED
94,54,Винтовка McMillan TAC-50,heavy,4286,0.0,4951,0.0,NOT_REVIEWED,NOT_APPROVED
94,72,Винтовка Desert Tech HTI,heavy,3945,0.0,3693,0.0,NOT_REVIEWED,NOT_APPROVED
94,78,Винтовка Cheytac M200 Intervention,heavy,2692,0.0,4286,0.0,NOT_REVIEWED,NOT_APPROVED
94,73,Прототип X-17,heavy,2977,0.0,4938,0.0,NOT_REVIEWED,NOT_APPROVED
94,55,Гаусс-пушка,heavy,5561,0.0,5473,0.0,NOT_REVIEWED,NOT_APPROVED
94,4,Обрез охотничьего ружья,heavy,7673,0.0,5473,0.0,NOT_REVIEWED,NOT_APPROVED
94,8,ПП «Кедр»,heavy,8207,0.0,4673,0.0,NOT_REVIEWED,NOT_APPROVED
94,9,ПП-19 «Бизон»,heavy,6388,0.0,5435,0.0,NOT_REVIEWED,NOT_APPROVED
94,20,Дробовик Сайга-410,heavy,4902,0.0,5168,0.0,NOT_REVIEWED,NOT_APPROVED
94,106,Дробовик Mossberg 500,heavy,5566,0.0,1706,0.0,NOT_REVIEWED,NOT_APPROVED
94,107,Дробовик Stoeger P3000,heavy,6027,0.0,2202,0.0,NOT_REVIEWED,NOT_APPROVED
94,108,Дробовик Remington 870,heavy,5688,0.0,2830,0.0,NOT_REVIEWED,NOT_APPROVED
94,109,Дробовик Winchester Model 1300,heavy,5741,0.0,1706,0.0,NOT_REVIEWED,NOT_APPROVED
94,110,Дробовик Ithaca 37,heavy,5728,0.0,2161,0.0,NOT_REVIEWED,NOT_APPROVED
94,111,Дробовик Browning BPS,heavy,5480,0.0,1617,0.0,NOT_REVIEWED,NOT_APPROVED
94,19,Дробовик СПАС-12,heavy,5122,0.0,5405,0.0,NOT_REVIEWED,NOT_APPROVED
94,112,Дробовик Winchester SXP Defender,heavy,5029,0.0,4639,0.0,NOT_REVIEWED,NOT_APPROVED
94,113,Дробовик Mossberg 590A1,heavy,5639,0.0,2189,0.0,NOT_REVIEWED,NOT_APPROVED
94,114,Дробовик Remington 870 MCS,heavy,4144,0.0,4977,0.0,NOT_REVIEWED,NOT_APPROVED
94,32,Дробовик Сайга-12К,heavy,3363,0.0,3330,0.0,NOT_REVIEWED,NOT_APPROVED
94,115,Дробовик Benelli Nova,heavy,5626,0.0,1911,0.0,NOT_REVIEWED,NOT_APPROVED
94,116,Дробовик TOZ-194,heavy,5366,0.0,1489,0.0,NOT_REVIEWED,NOT_APPROVED
94,44,Дробовик «Вепрь-12»,heavy,3818,0.0,4652,0.0,NOT_REVIEWED,NOT_APPROVED
94,117,Дробовик Remington 1100,heavy,5591,0.0,1766,0.0,NOT_REVIEWED,NOT_APPROVED
94,62,Дробовик Kel-Tec KSG,heavy,4344,0.0,3536,0.0,NOT_REVIEWED,NOT_APPROVED
94,118,Дробовик Beretta 1301 Tactical,heavy,3875,0.0,4574,0.0,NOT_REVIEWED,NOT_APPROVED
94,50,Дробовик Benelli M4,heavy,4421,0.0,5083,0.0,NOT_REVIEWED,NOT_APPROVED
94,119,Дробовик Fabarm STF/12,heavy,4579,0.0,4913,0.0,NOT_REVIEWED,NOT_APPROVED
94,56,Дробовик AA-12,heavy,5988,0.0,3704,0.0,NOT_REVIEWED,NOT_APPROVED
94,120,Дробовик Winchester SX4,heavy,5715,0.0,2271,0.0,NOT_REVIEWED,NOT_APPROVED
94,121,Дробовик Browning A5,heavy,5760,0.0,1976,0.0,NOT_REVIEWED,NOT_APPROVED
94,68,Дробовик Franchi SPAS-15,heavy,4633,0.0,4590,0.0,NOT_REVIEWED,NOT_APPROVED
94,122,Дробовик Remington 870 Magnum,heavy,6650,0.0,2889,0.0,NOT_REVIEWED,NOT_APPROVED
94,123,Дробовик Benelli Vinci,heavy,5937,0.0,1730,0.0,NOT_REVIEWED,NOT_APPROVED
94,74,Дробовик USAS-12,heavy,3749,0.0,4983,0.0,NOT_REVIEWED,NOT_APPROVED
94,124,Дробовик Ithaca Mag-10,heavy,3641,0.0,4224,0.0,NOT_REVIEWED,NOT_APPROVED
94,125,Дробовик Remington SP-10,heavy,4712,0.0,3802,0.0,NOT_REVIEWED,NOT_APPROVED
95,86,Beretta 21A Bobcat,pistol,7763,0.0,,,NOT_REVIEWED,NOT_APPROVED
95,2,Пистолет ПСМ,pistol,7253,0.0,,,NOT_REVIEWED,NOT_APPROVED
95,87,Walther PPK,pistol,7648,0.0,,,NOT_REVIEWED,NOT_APPROVED
95,1,Пистолет Макарова,pistol,7164,0.0,,,NOT_REVIEWED,NOT_APPROVED
95,3,Пистолет ИЖ-71,pistol,6824,0.0,,,NOT_REVIEWED,NOT_APPROVED
95,88,Glock 25,pistol,6916,0.0,,,NOT_REVIEWED,NOT_APPROVED
95,5,Пистолет ОЦ-33 «Пернач»,pistol,7202,0.0,,,NOT_REVIEWED,NOT_APPROVED
95,6,Револьвер Наган,pistol,5263,0.0,,,NOT_REVIEWED,NOT_APPROVED
95,89,Walther P99,pistol,6921,0.0,,,NOT_REVIEWED,NOT_APPROVED
95,90,CZ 75,pistol,6718,0.0,,,NOT_REVIEWED,NOT_APPROVED
95,91,Glock 17,pistol,6706,0.0,,,NOT_REVIEWED,NOT_APPROVED
95,92,Beretta 92FS,pistol,6477,0.0,,,NOT_REVIEWED,NOT_APPROVED
95,93,SIG Sauer P226,pistol,7736,0.0,,,NOT_REVIEWED,NOT_APPROVED
95,7,Пистолет ТТ,pistol,7240,0.0,,,NOT_REVIEWED,NOT_APPROVED
95,94,HK USP,pistol,7080,0.0,,,NOT_REVIEWED,NOT_APPROVED
95,95,Glock 22,pistol,6837,0.0,,,NOT_REVIEWED,NOT_APPROVED
95,96,SIG Sauer P229,pistol,7728,0.0,,,NOT_REVIEWED,NOT_APPROVED
95,97,Glock 20,pistol,7510,0.0,,,NOT_REVIEWED,NOT_APPROVED
95,98,Colt 1911,pistol,7033,0.0,,,NOT_REVIEWED,NOT_APPROVED
95,99,Glock 21,pistol,6950,0.0,,,NOT_REVIEWED,NOT_APPROVED
95,100,CZ 97B,pistol,7404,0.0,,,NOT_REVIEWED,NOT_APPROVED
95,101,HK Mark 23,pistol,6315,0.0,,,NOT_REVIEWED,NOT_APPROVED
95,102,Taurus Judge,pistol,6289,0.0,,,NOT_REVIEWED,NOT_APPROVED
95,103,Smith & Wesson Model 29,pistol,4439,0.0,,,NOT_REVIEWED,NOT_APPROVED
95,104,Taurus Raging Bull,pistol,4826,0.0,,,NOT_REVIEWED,NOT_APPROVED
95,105,Desert Eagle Mark XIX,pistol,8617,0.0,,,NOT_REVIEWED,NOT_APPROVED
95,11,Автомат АКС-74У,heavy,5987,0.0,2606,0.0,NOT_REVIEWED,NOT_APPROVED
95,12,Автомат АК-74,heavy,6085,0.0,2759,0.0,NOT_REVIEWED,NOT_APPROVED
95,37,Автомат АК-107,heavy,4103,0.0,360,0.0,NOT_REVIEWED,NOT_APPROVED
95,21,Автомат АК-12,heavy,5161,0.0,45,0.0,NOT_REVIEWED,NOT_APPROVED
95,26,Автомат АН-94 «Абакан»,heavy,4230,0.0,1042,0.0,NOT_REVIEWED,NOT_APPROVED
95,17,Пулемёт РПК-74,heavy,3796,0.0,1423,0.0,NOT_REVIEWED,NOT_APPROVED
95,38,Автомат ADAR 2-15,heavy,5532,0.0,313,0.0,NOT_REVIEWED,NOT_APPROVED
95,45,Автомат АК-19,heavy,4428,0.0,845,0.0,NOT_REVIEWED,NOT_APPROVED
95,57,Автомат HK416,heavy,4536,0.0,1548,0.0,NOT_REVIEWED,NOT_APPROVED
95,69,Автомат CZ Bren 2,heavy,4222,0.0,1916,0.0,NOT_REVIEWED,NOT_APPROVED
95,67,Пулемёт Minimi Mk3,heavy,3247,0.0,1802,0.0,NOT_REVIEWED,NOT_APPROVED
95,43,Автомат ОЦ-14 «Гроза»,heavy,4768,0.0,0,1.0,NOT_REVIEWED,NOT_APPROVED
95,16,Карабин «Вепрь»,heavy,5720,0.0,2152,0.0,NOT_REVIEWED,NOT_APPROVED
95,15,Автомат АК-103,heavy,4777,0.0,1556,0.0,NOT_REVIEWED,NOT_APPROVED
95,25,Пулемёт РПД,heavy,3392,0.0,166,0.0,NOT_REVIEWED,NOT_APPROVED
95,18,Автомат АС «Вал»,heavy,4477,0.0,884,0.0,NOT_REVIEWED,NOT_APPROVED
95,10,Карабин Сайга-12,heavy,6356,0.0,2716,0.0,NOT_REVIEWED,NOT_APPROVED
95,63,Автомат АК-308,heavy,4222,0.0,502,0.0,NOT_REVIEWED,NOT_APPROVED
95,51,Автомат ЛР-308,heavy,3905,0.0,0,11.0,NOT_REVIEWED,NOT_APPROVED
95,75,Автомат SCAR-H,heavy,4323,0.0,1449,0.0,NOT_REVIEWED,NOT_APPROVED
95,61,Пулемёт M60E6,heavy,3710,0.0,1776,0.0,NOT_REVIEWED,NOT_APPROVED
95,59,Пулемёт M240,heavy,3572,0.0,732,0.0,NOT_REVIEWED,NOT_APPROVED
95,71,Пулемёт FN MAG,heavy,3067,0.0,814,0.0,NOT_REVIEWED,NOT_APPROVED
95,77,Пулемёт Negev NG7,heavy,3252,0.0,573,0.0,NOT_REVIEWED,NOT_APPROVED
95,22,Пулемёт ПКМ,heavy,2352,0.0,688,0.0,NOT_REVIEWED,NOT_APPROVED
95,29,Пулемёт «Печенег»,heavy,3642,0.0,1748,0.0,NOT_REVIEWED,NOT_APPROVED
95,53,Пулемёт «Печенег-СП»,heavy,3860,0.0,672,0.0,NOT_REVIEWED,NOT_APPROVED
95,47,Автомат АК-АН «Абакан-100»,heavy,3445,0.0,1968,0.0,NOT_REVIEWED,NOT_APPROVED
95,65,Пулемёт «Утёс-М»,heavy,4263,0.0,2721,0.0,NOT_REVIEWED,NOT_APPROVED
95,14,Винтовка СКС,heavy,5937,0.0,4428,0.0,NOT_REVIEWED,NOT_APPROVED
95,46,Винтовка SSG 08,heavy,3465,0.0,713,0.0,NOT_REVIEWED,NOT_APPROVED
95,42,Винтовка SR-25,heavy,4012,0.0,0,10.0,NOT_REVIEWED,NOT_APPROVED
95,13,Винтовка СВД,heavy,5513,0.0,3760,0.0,NOT_REVIEWED,NOT_APPROVED
95,24,Винтовка СВДС,heavy,3926,0.0,2292,0.0,NOT_REVIEWED,NOT_APPROVED
95,23,Винтовка Т-5000,heavy,3088,0.0,602,0.0,NOT_REVIEWED,NOT_APPROVED
95,28,Винтовка СВ-98,heavy,4529,0.0,2241,0.0,NOT_REVIEWED,NOT_APPROVED
95,36,Винтовка СВК,heavy,3077,0.0,805,0.0,NOT_REVIEWED,NOT_APPROVED
95,30,Винтовка ВСС «Винторез»,heavy,4704,0.0,1508,0.0,NOT_REVIEWED,NOT_APPROVED
95,40,Винтовка ВСК-94,heavy,4269,0.0,1232,0.0,NOT_REVIEWED,NOT_APPROVED
95,31,Винтовка СВ-338,heavy,3720,0.0,1032,0.0,NOT_REVIEWED,NOT_APPROVED
95,27,Винтовка ОРСИС T-5000M,heavy,4045,0.0,1496,0.0,NOT_REVIEWED,NOT_APPROVED
95,70,Винтовка Sako TRG-42,heavy,4000,0.0,2030,0.0,NOT_REVIEWED,NOT_APPROVED
95,76,Винтовка Blaser R93 Tactical 2,heavy,3795,0.0,2298,0.0,NOT_REVIEWED,NOT_APPROVED
95,39,Винтовка ORSIS T-5000 Sniper Pro,heavy,3825,0.0,996,0.0,NOT_REVIEWED,NOT_APPROVED
95,60,Винтовка Accuracy International AXMC,heavy,3551,0.0,2735,0.0,NOT_REVIEWED,NOT_APPROVED
95,48,Винтовка Barrett M98B,heavy,2913,0.0,1403,0.0,NOT_REVIEWED,NOT_APPROVED
95,64,Винтовка ORSIS T-5000 Elite,heavy,4033,0.0,3281,0.0,NOT_REVIEWED,NOT_APPROVED
95,33,Винтовка «Выхлоп»,heavy,3501,0.0,1317,0.0,NOT_REVIEWED,NOT_APPROVED
95,35,Винтовка ОСВ-96,heavy,3068,0.0,1528,0.0,NOT_REVIEWED,NOT_APPROVED
95,66,Винтовка Zastava M93 Black Arrow,heavy,4341,0.0,2988,0.0,NOT_REVIEWED,NOT_APPROVED
95,52,Винтовка АСВК «Корд»,heavy,3313,0.0,1050,0.0,NOT_REVIEWED,NOT_APPROVED
95,58,Винтовка Steyr HS .50,heavy,5108,0.0,4082,0.0,NOT_REVIEWED,NOT_APPROVED
95,49,Винтовка Barrett M82,heavy,2314,0.0,935,0.0,NOT_REVIEWED,NOT_APPROVED
95,54,Винтовка McMillan TAC-50,heavy,4476,0.0,2526,0.0,NOT_REVIEWED,NOT_APPROVED
95,72,Винтовка Desert Tech HTI,heavy,4147,0.0,450,0.0,NOT_REVIEWED,NOT_APPROVED
95,78,Винтовка Cheytac M200 Intervention,heavy,2697,0.0,2153,0.0,NOT_REVIEWED,NOT_APPROVED
95,73,Прототип X-17,heavy,2989,0.0,2109,0.0,NOT_REVIEWED,NOT_APPROVED
95,55,Гаусс-пушка,heavy,5896,0.0,3602,0.0,NOT_REVIEWED,NOT_APPROVED
95,4,Обрез охотничьего ружья,heavy,7673,0.0,4146,0.0,NOT_REVIEWED,NOT_APPROVED
95,8,ПП «Кедр»,heavy,8579,0.0,1439,0.0,NOT_REVIEWED,NOT_APPROVED
95,9,ПП-19 «Бизон»,heavy,6646,0.0,5110,0.0,NOT_REVIEWED,NOT_APPROVED
95,20,Дробовик Сайга-410,heavy,5123,0.0,1992,0.0,NOT_REVIEWED,NOT_APPROVED
95,106,Дробовик Mossberg 500,heavy,5554,0.0,4518,0.0,NOT_REVIEWED,NOT_APPROVED
95,107,Дробовик Stoeger P3000,heavy,6057,0.0,4754,0.0,NOT_REVIEWED,NOT_APPROVED
95,108,Дробовик Remington 870,heavy,5688,0.0,4343,0.0,NOT_REVIEWED,NOT_APPROVED
95,109,Дробовик Winchester Model 1300,heavy,5741,0.0,4517,0.0,NOT_REVIEWED,NOT_APPROVED
95,110,Дробовик Ithaca 37,heavy,5710,0.0,4545,0.0,NOT_REVIEWED,NOT_APPROVED
95,111,Дробовик Browning BPS,heavy,5494,0.0,4640,0.0,NOT_REVIEWED,NOT_APPROVED
95,19,Дробовик СПАС-12,heavy,5277,0.0,2857,0.0,NOT_REVIEWED,NOT_APPROVED
95,112,Дробовик Winchester SXP Defender,heavy,5113,0.0,1635,0.0,NOT_REVIEWED,NOT_APPROVED
95,113,Дробовик Mossberg 590A1,heavy,5631,0.0,4522,0.0,NOT_REVIEWED,NOT_APPROVED
95,114,Дробовик Remington 870 MCS,heavy,4217,0.0,1975,0.0,NOT_REVIEWED,NOT_APPROVED
95,32,Дробовик Сайга-12К,heavy,3522,0.0,41,0.0,NOT_REVIEWED,NOT_APPROVED
95,115,Дробовик Benelli Nova,heavy,5652,0.0,4661,0.0,NOT_REVIEWED,NOT_APPROVED
95,116,Дробовик TOZ-194,heavy,5366,0.0,3827,0.0,NOT_REVIEWED,NOT_APPROVED
95,44,Дробовик «Вепрь-12»,heavy,3955,0.0,1403,0.0,NOT_REVIEWED,NOT_APPROVED
95,117,Дробовик Remington 1100,heavy,5591,0.0,4603,0.0,NOT_REVIEWED,NOT_APPROVED
95,62,Дробовик Kel-Tec KSG,heavy,4561,0.0,339,0.0,NOT_REVIEWED,NOT_APPROVED
95,118,Дробовик Beretta 1301 Tactical,heavy,4013,0.0,1338,0.0,NOT_REVIEWED,NOT_APPROVED
95,50,Дробовик Benelli M4,heavy,4532,0.0,2416,0.0,NOT_REVIEWED,NOT_APPROVED
95,119,Дробовик Fabarm STF/12,heavy,4770,0.0,1837,0.0,NOT_REVIEWED,NOT_APPROVED
95,56,Дробовик AA-12,heavy,6183,0.0,149,0.0,NOT_REVIEWED,NOT_APPROVED
95,120,Дробовик Winchester SX4,heavy,5735,0.0,4525,0.0,NOT_REVIEWED,NOT_APPROVED
95,121,Дробовик Browning A5,heavy,5760,0.0,4596,0.0,NOT_REVIEWED,NOT_APPROVED
95,68,Дробовик Franchi SPAS-15,heavy,4908,0.0,2082,0.0,NOT_REVIEWED,NOT_APPROVED
95,122,Дробовик Remington 870 Magnum,heavy,6805,0.0,4706,0.0,NOT_REVIEWED,NOT_APPROVED
95,123,Дробовик Benelli Vinci,heavy,5958,0.0,4679,0.0,NOT_REVIEWED,NOT_APPROVED
95,74,Дробовик USAS-12,heavy,3819,0.0,2843,0.0,NOT_REVIEWED,NOT_APPROVED
95,124,Дробовик Ithaca Mag-10,heavy,3669,0.0,833,0.0,NOT_REVIEWED,NOT_APPROVED
95,125,Дробовик Remington SP-10,heavy,4839,0.0,343,0.0,NOT_REVIEWED,NOT_APPROVED
96,86,Beretta 21A Bobcat,pistol,7658,0.0,,,NOT_REVIEWED,NOT_APPROVED
96,2,Пистолет ПСМ,pistol,7171,0.0,,,NOT_REVIEWED,NOT_APPROVED
96,87,Walther PPK,pistol,7507,0.0,,,NOT_REVIEWED,NOT_APPROVED
96,1,Пистолет Макарова,pistol,7085,0.0,,,NOT_REVIEWED,NOT_APPROVED
96,3,Пистолет ИЖ-71,pistol,6677,0.0,,,NOT_REVIEWED,NOT_APPROVED
96,88,Glock 25,pistol,6858,0.0,,,NOT_REVIEWED,NOT_APPROVED
96,5,Пистолет ОЦ-33 «Пернач»,pistol,7133,0.0,,,NOT_REVIEWED,NOT_APPROVED
96,6,Револьвер Наган,pistol,5100,0.0,,,NOT_REVIEWED,NOT_APPROVED
96,89,Walther P99,pistol,6842,0.0,,,NOT_REVIEWED,NOT_APPROVED
96,90,CZ 75,pistol,6659,0.0,,,NOT_REVIEWED,NOT_APPROVED
96,91,Glock 17,pistol,6694,0.0,,,NOT_REVIEWED,NOT_APPROVED
96,92,Beretta 92FS,pistol,6414,0.0,,,NOT_REVIEWED,NOT_APPROVED
96,93,SIG Sauer P226,pistol,7655,0.0,,,NOT_REVIEWED,NOT_APPROVED
96,7,Пистолет ТТ,pistol,7172,0.0,,,NOT_REVIEWED,NOT_APPROVED
96,94,HK USP,pistol,7037,0.0,,,NOT_REVIEWED,NOT_APPROVED
96,95,Glock 22,pistol,6807,0.0,,,NOT_REVIEWED,NOT_APPROVED
96,96,SIG Sauer P229,pistol,7635,0.0,,,NOT_REVIEWED,NOT_APPROVED
96,97,Glock 20,pistol,7456,0.0,,,NOT_REVIEWED,NOT_APPROVED
96,98,Colt 1911,pistol,6954,0.0,,,NOT_REVIEWED,NOT_APPROVED
96,99,Glock 21,pistol,6928,0.0,,,NOT_REVIEWED,NOT_APPROVED
96,100,CZ 97B,pistol,7323,0.0,,,NOT_REVIEWED,NOT_APPROVED
96,101,HK Mark 23,pistol,6242,0.0,,,NOT_REVIEWED,NOT_APPROVED
96,102,Taurus Judge,pistol,6169,0.0,,,NOT_REVIEWED,NOT_APPROVED
96,103,Smith & Wesson Model 29,pistol,4360,0.0,,,NOT_REVIEWED,NOT_APPROVED
96,104,Taurus Raging Bull,pistol,4727,0.0,,,NOT_REVIEWED,NOT_APPROVED
96,105,Desert Eagle Mark XIX,pistol,8263,0.0,,,NOT_REVIEWED,NOT_APPROVED
96,11,Автомат АКС-74У,heavy,5534,0.0,4791,0.0,NOT_REVIEWED,NOT_APPROVED
96,12,Автомат АК-74,heavy,5720,0.0,4587,0.0,NOT_REVIEWED,NOT_APPROVED
96,37,Автомат АК-107,heavy,3955,0.0,2712,0.0,NOT_REVIEWED,NOT_APPROVED
96,21,Автомат АК-12,heavy,5047,0.0,4059,0.0,NOT_REVIEWED,NOT_APPROVED
96,26,Автомат АН-94 «Абакан»,heavy,4161,0.0,3510,0.0,NOT_REVIEWED,NOT_APPROVED
96,17,Пулемёт РПК-74,heavy,3690,0.0,1799,0.0,NOT_REVIEWED,NOT_APPROVED
96,38,Автомат ADAR 2-15,heavy,5230,0.0,2806,0.0,NOT_REVIEWED,NOT_APPROVED
96,45,Автомат АК-19,heavy,4301,0.0,3157,0.0,NOT_REVIEWED,NOT_APPROVED
96,57,Автомат HK416,heavy,4359,0.0,2926,0.0,NOT_REVIEWED,NOT_APPROVED
96,69,Автомат CZ Bren 2,heavy,4059,0.0,2747,0.0,NOT_REVIEWED,NOT_APPROVED
96,67,Пулемёт Minimi Mk3,heavy,3181,0.0,3338,0.0,NOT_REVIEWED,NOT_APPROVED
96,43,Автомат ОЦ-14 «Гроза»,heavy,4681,0.0,2726,0.0,NOT_REVIEWED,NOT_APPROVED
96,16,Карабин «Вепрь»,heavy,5356,0.0,3809,0.0,NOT_REVIEWED,NOT_APPROVED
96,15,Автомат АК-103,heavy,4617,0.0,3928,0.0,NOT_REVIEWED,NOT_APPROVED
96,25,Пулемёт РПД,heavy,3321,0.0,5399,0.0,NOT_REVIEWED,NOT_APPROVED
96,18,Автомат АС «Вал»,heavy,4314,0.0,3625,0.0,NOT_REVIEWED,NOT_APPROVED
96,10,Карабин Сайга-12,heavy,5874,0.0,5312,0.0,NOT_REVIEWED,NOT_APPROVED
96,63,Автомат АК-308,heavy,4086,0.0,3605,0.0,NOT_REVIEWED,NOT_APPROVED
96,51,Автомат ЛР-308,heavy,3786,0.0,3105,0.0,NOT_REVIEWED,NOT_APPROVED
96,75,Автомат SCAR-H,heavy,4076,0.0,3280,0.0,NOT_REVIEWED,NOT_APPROVED
96,61,Пулемёт M60E6,heavy,3582,0.0,3636,0.0,NOT_REVIEWED,NOT_APPROVED
96,59,Пулемёт M240,heavy,3474,0.0,2322,0.0,NOT_REVIEWED,NOT_APPROVED
96,71,Пулемёт FN MAG,heavy,3009,0.0,2699,0.0,NOT_REVIEWED,NOT_APPROVED
96,77,Пулемёт Negev NG7,heavy,3138,0.0,2092,0.0,NOT_REVIEWED,NOT_APPROVED
96,22,Пулемёт ПКМ,heavy,2275,0.0,5926,0.0,NOT_REVIEWED,NOT_APPROVED
96,29,Пулемёт «Печенег»,heavy,3532,0.0,5854,0.0,NOT_REVIEWED,NOT_APPROVED
96,53,Пулемёт «Печенег-СП»,heavy,3759,0.0,2731,0.0,NOT_REVIEWED,NOT_APPROVED
96,47,Автомат АК-АН «Абакан-100»,heavy,3301,0.0,1528,0.0,NOT_REVIEWED,NOT_APPROVED
96,65,Пулемёт «Утёс-М»,heavy,3886,0.0,5090,0.0,NOT_REVIEWED,NOT_APPROVED
96,14,Винтовка СКС,heavy,5326,0.0,5358,0.0,NOT_REVIEWED,NOT_APPROVED
96,46,Винтовка SSG 08,heavy,3382,0.0,636,0.0,NOT_REVIEWED,NOT_APPROVED
96,42,Винтовка SR-25,heavy,3883,0.0,3013,0.0,NOT_REVIEWED,NOT_APPROVED
96,13,Винтовка СВД,heavy,5068,0.0,5075,0.0,NOT_REVIEWED,NOT_APPROVED
96,24,Винтовка СВДС,heavy,3645,0.0,4352,0.0,NOT_REVIEWED,NOT_APPROVED
96,23,Винтовка Т-5000,heavy,3028,0.0,1225,0.0,NOT_REVIEWED,NOT_APPROVED
96,28,Винтовка СВ-98,heavy,4313,0.0,1340,0.0,NOT_REVIEWED,NOT_APPROVED
96,36,Винтовка СВК,heavy,3000,0.0,1584,0.0,NOT_REVIEWED,NOT_APPROVED
96,30,Винтовка ВСС «Винторез»,heavy,4586,0.0,2148,0.0,NOT_REVIEWED,NOT_APPROVED
96,40,Винтовка ВСК-94,heavy,4128,0.0,2068,0.0,NOT_REVIEWED,NOT_APPROVED
96,31,Винтовка СВ-338,heavy,3571,0.0,1157,0.0,NOT_REVIEWED,NOT_APPROVED
96,27,Винтовка ОРСИС T-5000M,heavy,3820,0.0,1107,0.0,NOT_REVIEWED,NOT_APPROVED
96,70,Винтовка Sako TRG-42,heavy,3844,0.0,654,0.0,NOT_REVIEWED,NOT_APPROVED
96,76,Винтовка Blaser R93 Tactical 2,heavy,3641,0.0,1712,0.0,NOT_REVIEWED,NOT_APPROVED
96,39,Винтовка ORSIS T-5000 Sniper Pro,heavy,3589,0.0,575,0.0,NOT_REVIEWED,NOT_APPROVED
96,60,Винтовка Accuracy International AXMC,heavy,3271,0.0,3524,0.0,NOT_REVIEWED,NOT_APPROVED
96,48,Винтовка Barrett M98B,heavy,2787,0.0,1221,0.0,NOT_REVIEWED,NOT_APPROVED
96,64,Винтовка ORSIS T-5000 Elite,heavy,3849,0.0,1617,0.0,NOT_REVIEWED,NOT_APPROVED
96,33,Винтовка «Выхлоп»,heavy,3356,0.0,1308,0.0,NOT_REVIEWED,NOT_APPROVED
96,35,Винтовка ОСВ-96,heavy,2950,0.0,473,0.0,NOT_REVIEWED,NOT_APPROVED
96,66,Винтовка Zastava M93 Black Arrow,heavy,4071,0.0,1625,0.0,NOT_REVIEWED,NOT_APPROVED
96,52,Винтовка АСВК «Корд»,heavy,3181,0.0,2404,0.0,NOT_REVIEWED,NOT_APPROVED
96,58,Винтовка Steyr HS .50,heavy,4734,0.0,2677,0.0,NOT_REVIEWED,NOT_APPROVED
96,49,Винтовка Barrett M82,heavy,2199,0.0,1604,0.0,NOT_REVIEWED,NOT_APPROVED
96,54,Винтовка McMillan TAC-50,heavy,4214,0.0,3049,0.0,NOT_REVIEWED,NOT_APPROVED
96,72,Винтовка Desert Tech HTI,heavy,4000,0.0,2406,0.0,NOT_REVIEWED,NOT_APPROVED
96,78,Винтовка Cheytac M200 Intervention,heavy,2627,0.0,2151,0.0,NOT_REVIEWED,NOT_APPROVED
96,73,Прототип X-17,heavy,2711,0.0,3527,0.0,NOT_REVIEWED,NOT_APPROVED
96,55,Гаусс-пушка,heavy,5584,0.0,1767,0.0,NOT_REVIEWED,NOT_APPROVED
96,4,Обрез охотничьего ружья,heavy,7035,0.0,3779,0.0,NOT_REVIEWED,NOT_APPROVED
96,8,ПП «Кедр»,heavy,7934,0.0,4668,0.0,NOT_REVIEWED,NOT_APPROVED
96,9,ПП-19 «Бизон»,heavy,6126,0.0,5416,0.0,NOT_REVIEWED,NOT_APPROVED
96,20,Дробовик Сайга-410,heavy,4847,0.0,4228,0.0,NOT_REVIEWED,NOT_APPROVED
96,106,Дробовик Mossberg 500,heavy,4970,0.0,3633,0.0,NOT_REVIEWED,NOT_APPROVED
96,107,Дробовик Stoeger P3000,heavy,5508,0.0,3355,0.0,NOT_REVIEWED,NOT_APPROVED
96,108,Дробовик Remington 870,heavy,5125,0.0,2621,0.0,NOT_REVIEWED,NOT_APPROVED
96,109,Дробовик Winchester Model 1300,heavy,5147,0.0,3514,0.0,NOT_REVIEWED,NOT_APPROVED
96,110,Дробовик Ithaca 37,heavy,5183,0.0,3358,0.0,NOT_REVIEWED,NOT_APPROVED
96,111,Дробовик Browning BPS,heavy,4927,0.0,3505,0.0,NOT_REVIEWED,NOT_APPROVED
96,19,Дробовик СПАС-12,heavy,5061,0.0,850,0.0,NOT_REVIEWED,NOT_APPROVED
96,112,Дробовик Winchester SXP Defender,heavy,4953,0.0,48,0.0,NOT_REVIEWED,NOT_APPROVED
96,113,Дробовик Mossberg 590A1,heavy,5067,0.0,2907,0.0,NOT_REVIEWED,NOT_APPROVED
96,114,Дробовик Remington 870 MCS,heavy,4133,0.0,305,0.0,NOT_REVIEWED,NOT_APPROVED
96,32,Дробовик Сайга-12К,heavy,3421,0.0,3274,0.0,NOT_REVIEWED,NOT_APPROVED
96,115,Дробовик Benelli Nova,heavy,5134,0.0,3440,0.0,NOT_REVIEWED,NOT_APPROVED
96,116,Дробовик TOZ-194,heavy,4797,0.0,3146,0.0,NOT_REVIEWED,NOT_APPROVED
96,44,Дробовик «Вепрь-12»,heavy,3872,0.0,3281,0.0,NOT_REVIEWED,NOT_APPROVED
96,117,Дробовик Remington 1100,heavy,5040,0.0,3151,0.0,NOT_REVIEWED,NOT_APPROVED
96,62,Дробовик Kel-Tec KSG,heavy,4430,0.0,0,7.0,NOT_REVIEWED,NOT_APPROVED
96,118,Дробовик Beretta 1301 Tactical,heavy,3865,0.0,114,0.0,NOT_REVIEWED,NOT_APPROVED
96,50,Дробовик Benelli M4,heavy,4372,0.0,557,0.0,NOT_REVIEWED,NOT_APPROVED
96,119,Дробовик Fabarm STF/12,heavy,4567,0.0,286,0.0,NOT_REVIEWED,NOT_APPROVED
96,56,Дробовик AA-12,heavy,5976,0.0,4235,0.0,NOT_REVIEWED,NOT_APPROVED
96,120,Дробовик Winchester SX4,heavy,5158,0.0,2823,0.0,NOT_REVIEWED,NOT_APPROVED
96,121,Дробовик Browning A5,heavy,5237,0.0,3146,0.0,NOT_REVIEWED,NOT_APPROVED
96,68,Дробовик Franchi SPAS-15,heavy,4727,0.0,3773,0.0,NOT_REVIEWED,NOT_APPROVED
96,122,Дробовик Remington 870 Magnum,heavy,6378,0.0,2761,0.0,NOT_REVIEWED,NOT_APPROVED
96,123,Дробовик Benelli Vinci,heavy,5365,0.0,3557,0.0,NOT_REVIEWED,NOT_APPROVED
96,74,Дробовик USAS-12,heavy,3751,0.0,4889,0.0,NOT_REVIEWED,NOT_APPROVED
96,124,Дробовик Ithaca Mag-10,heavy,3592,0.0,3121,0.0,NOT_REVIEWED,NOT_APPROVED
96,125,Дробовик Remington SP-10,heavy,4720,0.0,3750,0.0,NOT_REVIEWED,NOT_APPROVED
