armor,weapon,name,pose,primary_overlap_pixels,primary_gap_pixels,support_overlap_pixels,support_gap_pixels,anatomy_status,acceptance
1,21,Автомат АК-12,heavy,4861,0.0,0,1.0,NOT_REVIEWED,NOT_APPROVED
1,43,Автомат ОЦ-14 «Гроза»,heavy,4487,0.0,0,32.02,NOT_REVIEWED,NOT_APPROVED
1,25,Пулемёт РПД,heavy,3479,0.0,0,4.12,NOT_REVIEWED,NOT_APPROVED
1,51,Автомат ЛР-308,heavy,3832,0.0,0,10.0,NOT_REVIEWED,NOT_APPROVED
1,75,Автомат SCAR-H,heavy,4145,0.0,0,8.94,NOT_REVIEWED,NOT_APPROVED
1,42,Винтовка SR-25,heavy,3930,0.0,0,2.0,NOT_REVIEWED,NOT_APPROVED
1,40,Винтовка ВСК-94,heavy,4297,0.0,0,5.0,NOT_REVIEWED,NOT_APPROVED
1,8,ПП «Кедр»,heavy,7237,0.0,0,18.25,NOT_REVIEWED,NOT_APPROVED
1,32,Дробовик Сайга-12К,heavy,3470,0.0,0,7.07,NOT_REVIEWED,NOT_APPROVED
1,62,Дробовик Kel-Tec KSG,heavy,4503,0.0,0,9.22,NOT_REVIEWED,NOT_APPROVED
2,37,Автомат АК-107,heavy,4110,0.0,0,1.41,NOT_REVIEWED,NOT_APPROVED
2,21,Автомат АК-12,heavy,5161,0.0,0,6.32,NOT_REVIEWED,NOT_APPROVED
2,57,Автомат HK416,heavy,4536,0.0,0,2.0,NOT_REVIEWED,NOT_APPROVED
2,43,Автомат ОЦ-14 «Гроза»,heavy,4768,0.0,0,45.45,NOT_REVIEWED,NOT_APPROVED
2,25,Пулемёт РПД,heavy,3392,0.0,0,9.85,NOT_REVIEWED,NOT_APPROVED
2,51,Автомат ЛР-308,heavy,3905,0.0,0,10.0,NOT_REVIEWED,NOT_APPROVED
2,75,Автомат SCAR-H,heavy,4323,0.0,0,17.0,NOT_REVIEWED,NOT_APPROVED
2,22,Пулемёт ПКМ,heavy,2352,0.0,0,1.0,NOT_REVIEWED,NOT_APPROVED
2,42,Винтовка SR-25,heavy,4012,0.0,0,2.0,NOT_REVIEWED,NOT_APPROVED
2,40,Винтовка ВСК-94,heavy,4284,0.0,0,5.0,NOT_REVIEWED,NOT_APPROVED
2,73,Прототип X-17,heavy,2723,0.0,0,9.22,NOT_REVIEWED,NOT_APPROVED
2,8,ПП «Кедр»,heavy,8579,0.0,0,30.08,NOT_REVIEWED,NOT_APPROVED
2,32,Дробовик Сайга-12К,heavy,3522,0.0,0,13.42,NOT_REVIEWED,NOT_APPROVED
2,62,Дробовик Kel-Tec KSG,heavy,4561,0.0,0,15.23,NOT_REVIEWED,NOT_APPROVED
3,37,Автомат АК-107,heavy,4110,0.0,0,5.0,NOT_REVIEWED,NOT_APPROVED
3,21,Автомат АК-12,heavy,5161,0.0,0,10.2,NOT_REVIEWED,NOT_APPROVED
3,57,Автомат HK416,heavy,4536,0.0,0,6.0,NOT_REVIEWED,NOT_APPROVED
3,69,Автомат CZ Bren 2,heavy,4222,0.0,0,1.0,NOT_REVIEWED,NOT_APPROVED
3,43,Автомат ОЦ-14 «Гроза»,heavy,4768,0.0,0,46.62,NOT_REVIEWED,NOT_APPROVED
3,25,Пулемёт РПД,heavy,3392,0.0,0,13.6,NOT_REVIEWED,NOT_APPROVED
3,63,Автомат АК-308,heavy,4222,0.0,0,3.61,NOT_REVIEWED,NOT_APPROVED
3,51,Автомат ЛР-308,heavy,3905,0.0,0,14.0,NOT_REVIEWED,NOT_APPROVED
3,75,Автомат SCAR-H,heavy,4323,0.0,0,15.0,NOT_REVIEWED,NOT_APPROVED
3,22,Пулемёт ПКМ,heavy,2352,0.0,0,6.0,NOT_REVIEWED,NOT_APPROVED
3,42,Винтовка SR-25,heavy,4012,0.0,0,6.0,NOT_REVIEWED,NOT_APPROVED
3,40,Винтовка ВСК-94,heavy,4284,0.0,0,9.0,NOT_REVIEWED,NOT_APPROVED
3,73,Прототип X-17,heavy,2972,0.0,0,10.3,NOT_REVIEWED,NOT_APPROVED
3,8,ПП «Кедр»,heavy,8579,0.0,0,32.56,NOT_REVIEWED,NOT_APPROVED
3,32,Дробовик Сайга-12К,heavy,3522,0.0,0,17.46,NOT_REVIEWED,NOT_APPROVED
3,62,Дробовик Kel-Tec KSG,heavy,4561,0.0,0,19.92,NOT_REVIEWED,NOT_APPROVED
3,124,Дробовик Ithaca Mag-10,heavy,3674,0.0,0,2.0,NOT_REVIEWED,NOT_APPROVED
3,125,Дробовик Remington SP-10,heavy,4839,0.0,0,2.0,NOT_REVIEWED,NOT_APPROVED
4,37,Автомат АК-107,heavy,4110,0.0,0,9.0,NOT_REVIEWED,NOT_APPROVED
4,21,Автомат АК-12,heavy,5161,0.0,0,12.08,NOT_REVIEWED,NOT_APPROVED
4,26,Автомат АН-94 «Абакан»,heavy,4287,0.0,0,1.41,NOT_REVIEWED,NOT_APPROVED
4,38,Автомат ADAR 2-15,heavy,5510,0.0,0,2.0,NOT_REVIEWED,NOT_APPROVED
4,45,Автомат АК-19,heavy,4424,0.0,0,2.0,NOT_REVIEWED,NOT_APPROVED
4,69,Автомат CZ Bren 2,heavy,4222,0.0,0,5.83,NOT_REVIEWED,NOT_APPROVED
4,43,Автомат ОЦ-14 «Гроза»,heavy,4705,0.0,0,48.55,NOT_REVIEWED,NOT_APPROVED
4,25,Пулемёт РПД,heavy,3476,0.0,0,14.76,NOT_REVIEWED,NOT_APPROVED
4,18,Автомат АС «Вал»,heavy,4540,0.0,0,2.0,NOT_REVIEWED,NOT_APPROVED
4,63,Автомат АК-308,heavy,4222,0.0,0,8.94,NOT_REVIEWED,NOT_APPROVED
4,51,Автомат ЛР-308,heavy,3905,0.0,0,20.0,NOT_REVIEWED,NOT_APPROVED
4,59,Пулемёт M240,heavy,3572,0.0,0,8.0,NOT_REVIEWED,NOT_APPROVED
4,22,Пулемёт ПКМ,heavy,2309,0.0,0,9.85,NOT_REVIEWED,NOT_APPROVED
4,29,Пулемёт «Печенег»,heavy,3642,0.0,0,4.0,NOT_REVIEWED,NOT_APPROVED
4,42,Винтовка SR-25,heavy,4012,0.0,0,13.0,NOT_REVIEWED,NOT_APPROVED
4,40,Винтовка ВСК-94,heavy,4284,0.0,0,15.0,NOT_REVIEWED,NOT_APPROVED
4,73,Прототип X-17,heavy,2989,0.0,0,10.05,NOT_REVIEWED,NOT_APPROVED
4,8,ПП «Кедр»,heavy,8579,0.0,0,25.94,NOT_REVIEWED,NOT_APPROVED
4,32,Дробовик Сайга-12К,heavy,3522,0.0,0,16.0,NOT_REVIEWED,NOT_APPROVED
4,62,Дробовик Kel-Tec KSG,heavy,4561,0.0,0,14.87,NOT_REVIEWED,NOT_APPROVED
4,124,Дробовик Ithaca Mag-10,heavy,3618,0.0,0,8.54,NOT_REVIEWED,NOT_APPROVED
4,125,Дробовик Remington SP-10,heavy,4897,0.0,0,4.0,NOT_REVIEWED,NOT_APPROVED
5,37,Автомат АК-107,heavy,4042,0.0,0,1.41,NOT_REVIEWED,NOT_APPROVED
5,21,Автомат АК-12,heavy,5119,0.0,0,9.0,NOT_REVIEWED,NOT_APPROVED
5,38,Автомат ADAR 2-15,heavy,5510,0.0,0,2.0,NOT_REVIEWED,NOT_APPROVED
5,43,Автомат ОЦ-14 «Гроза»,heavy,4743,0.0,0,10.0,NOT_REVIEWED,NOT_APPROVED
5,25,Пулемёт РПД,heavy,3392,0.0,0,10.0,NOT_REVIEWED,NOT_APPROVED
5,51,Автомат ЛР-308,heavy,3905,0.0,0,21.0,NOT_REVIEWED,NOT_APPROVED
5,22,Пулемёт ПКМ,heavy,2352,0.0,0,3.0,NOT_REVIEWED,NOT_APPROVED
5,42,Винтовка SR-25,heavy,4012,0.0,0,13.04,NOT_REVIEWED,NOT_APPROVED
5,32,Дробовик Сайга-12К,heavy,3522,0.0,0,7.0,NOT_REVIEWED,NOT_APPROVED
5,56,Дробовик AA-12,heavy,6157,0.0,0,4.0,NOT_REVIEWED,NOT_APPROVED
5,125,Дробовик Remington SP-10,heavy,4839,0.0,0,1.0,NOT_REVIEWED,NOT_APPROVED
6,43,Автомат ОЦ-14 «Гроза»,heavy,4742,0.0,0,38.47,NOT_REVIEWED,NOT_APPROVED
6,8,ПП «Кедр»,heavy,8104,0.0,0,5.39,NOT_REVIEWED,NOT_APPROVED
7,12,Автомат АК-74,heavy,6103,0.0,0,7.0,NOT_REVIEWED,NOT_APPROVED
7,37,Автомат АК-107,heavy,4110,0.0,0,26.0,NOT_REVIEWED,NOT_APPROVED
7,21,Автомат АК-12,heavy,5161,0.0,0,26.02,NOT_REVIEWED,NOT_APPROVED
7,26,Автомат АН-94 «Абакан»,heavy,4230,0.0,0,13.0,NOT_REVIEWED,NOT_APPROVED
7,17,Пулемёт РПК-74,heavy,3796,0.0,0,11.0,NOT_REVIEWED,NOT_APPROVED
7,38,Автомат ADAR 2-15,heavy,5510,0.0,0,17.0,NOT_REVIEWED,NOT_APPROVED
7,45,Автомат АК-19,heavy,4424,0.0,0,21.02,NOT_REVIEWED,NOT_APPROVED
7,57,Автомат HK416,heavy,4536,0.0,0,24.0,NOT_REVIEWED,NOT_APPROVED
7,69,Автомат CZ Bren 2,heavy,4222,0.0,0,21.0,NOT_REVIEWED,NOT_APPROVED
7,43,Автомат ОЦ-14 «Гроза»,heavy,4768,0.0,0,72.14,NOT_REVIEWED,NOT_APPROVED
7,16,Карабин «Вепрь»,heavy,5720,0.0,0,18.0,NOT_REVIEWED,NOT_APPROVED
7,15,Автомат АК-103,heavy,4777,0.0,0,16.0,NOT_REVIEWED,NOT_APPROVED
7,25,Пулемёт РПД,heavy,3392,0.0,0,12.17,NOT_REVIEWED,NOT_APPROVED
7,18,Автомат АС «Вал»,heavy,4486,0.0,0,20.0,NOT_REVIEWED,NOT_APPROVED
7,63,Автомат АК-308,heavy,4222,0.0,0,25.0,NOT_REVIEWED,NOT_APPROVED
7,51,Автомат ЛР-308,heavy,3905,0.0,0,37.0,NOT_REVIEWED,NOT_APPROVED
7,75,Автомат SCAR-H,heavy,4323,0.0,0,33.0,NOT_REVIEWED,NOT_APPROVED
7,22,Пулемёт ПКМ,heavy,2352,0.0,0,12.17,NOT_REVIEWED,NOT_APPROVED
7,29,Пулемёт «Печенег»,heavy,3642,0.0,0,10.0,NOT_REVIEWED,NOT_APPROVED
7,42,Винтовка SR-25,heavy,4012,0.0,0,29.0,NOT_REVIEWED,NOT_APPROVED
7,24,Винтовка СВДС,heavy,3921,0.0,0,4.12,NOT_REVIEWED,NOT_APPROVED
7,23,Винтовка Т-5000,heavy,3088,0.0,0,8.6,NOT_REVIEWED,NOT_APPROVED
7,28,Винтовка СВ-98,heavy,4517,0.0,0,4.0,NOT_REVIEWED,NOT_APPROVED
7,30,Винтовка ВСС «Винторез»,heavy,4692,0.0,0,10.0,NOT_REVIEWED,NOT_APPROVED
7,40,Винтовка ВСК-94,heavy,4284,0.0,0,32.0,NOT_REVIEWED,NOT_APPROVED
7,60,Винтовка Accuracy International AXMC,heavy,3550,0.0,0,2.0,NOT_REVIEWED,NOT_APPROVED
7,64,Винтовка ORSIS T-5000 Elite,heavy,4011,0.0,0,11.18,NOT_REVIEWED,NOT_APPROVED
7,33,Винтовка «Выхлоп»,heavy,3501,0.0,0,7.0,NOT_REVIEWED,NOT_APPROVED
7,54,Винтовка McMillan TAC-50,heavy,4482,0.0,0,14.0,NOT_REVIEWED,NOT_APPROVED
7,72,Винтовка Desert Tech HTI,heavy,4150,0.0,0,10.0,NOT_REVIEWED,NOT_APPROVED
7,73,Прототип X-17,heavy,2989,0.0,0,33.24,NOT_REVIEWED,NOT_APPROVED
7,8,ПП «Кедр»,heavy,8579,0.0,0,51.92,NOT_REVIEWED,NOT_APPROVED
7,20,Дробовик Сайга-410,heavy,5118,0.0,0,7.28,NOT_REVIEWED,NOT_APPROVED
7,114,Дробовик Remington 870 MCS,heavy,4223,0.0,0,8.0,NOT_REVIEWED,NOT_APPROVED
7,32,Дробовик Сайга-12К,heavy,3522,0.0,0,33.14,NOT_REVIEWED,NOT_APPROVED
7,44,Дробовик «Вепрь-12»,heavy,3955,0.0,0,14.0,NOT_REVIEWED,NOT_APPROVED
7,62,Дробовик Kel-Tec KSG,heavy,4561,0.0,0,36.72,NOT_REVIEWED,NOT_APPROVED
7,118,Дробовик Beretta 1301 Tactical,heavy,4002,0.0,0,8.0,NOT_REVIEWED,NOT_APPROVED
7,119,Дробовик Fabarm STF/12,heavy,4786,0.0,0,5.0,NOT_REVIEWED,NOT_APPROVED
7,74,Дробовик USAS-12,heavy,3813,0.0,0,18.0,NOT_REVIEWED,NOT_APPROVED
7,124,Дробовик Ithaca Mag-10,heavy,3674,0.0,0,24.35,NOT_REVIEWED,NOT_APPROVED
7,125,Дробовик Remington SP-10,heavy,4839,0.0,0,22.0,NOT_REVIEWED,NOT_APPROVED
8,12,Автомат АК-74,heavy,6103,0.0,0,16.0,NOT_REVIEWED,NOT_APPROVED
8,37,Автомат АК-107,heavy,4110,0.0,0,36.0,NOT_REVIEWED,NOT_APPROVED
8,21,Автомат АК-12,heavy,5161,0.0,0,44.0,NOT_REVIEWED,NOT_APPROVED
8,26,Автомат АН-94 «Абакан»,heavy,4230,0.0,0,24.0,NOT_REVIEWED,NOT_APPROVED
8,38,Автомат ADAR 2-15,heavy,5510,0.0,0,29.0,NOT_REVIEWED,NOT_APPROVED
8,45,Автомат АК-19,heavy,4424,0.0,0,32.0,NOT_REVIEWED,NOT_APPROVED
8,57,Автомат HK416,heavy,4536,0.0,0,43.86,NOT_REVIEWED,NOT_APPROVED
8,69,Автомат CZ Bren 2,heavy,4222,0.0,0,37.58,NOT_REVIEWED,NOT_APPROVED
8,43,Автомат ОЦ-14 «Гроза»,heavy,4768,0.0,0,114.34,NOT_REVIEWED,NOT_APPROVED
8,16,Карабин «Вепрь»,heavy,5720,0.0,0,25.32,NOT_REVIEWED,NOT_APPROVED
8,15,Автомат АК-103,heavy,4777,0.0,0,27.0,NOT_REVIEWED,NOT_APPROVED
8,18,Автомат АС «Вал»,heavy,4486,0.0,0,31.0,NOT_REVIEWED,NOT_APPROVED
8,10,Карабин Сайга-12,heavy,6356,0.0,0,12.0,NOT_REVIEWED,NOT_APPROVED
8,63,Автомат АК-308,heavy,4222,0.0,0,36.0,NOT_REVIEWED,NOT_APPROVED
8,51,Автомат ЛР-308,heavy,3905,0.0,0,48.0,NOT_REVIEWED,NOT_APPROVED
8,75,Автомат SCAR-H,heavy,4323,0.0,0,62.0,NOT_REVIEWED,NOT_APPROVED
8,29,Пулемёт «Печенег»,heavy,3642,0.0,0,21.21,NOT_REVIEWED,NOT_APPROVED
8,47,Автомат АК-АН «Абакан-100»,heavy,3445,0.0,0,21.0,NOT_REVIEWED,NOT_APPROVED
8,14,Винтовка СКС,heavy,5950,0.0,0,3.0,NOT_REVIEWED,NOT_APPROVED
8,46,Винтовка SSG 08,heavy,3459,0.0,0,9.0,NOT_REVIEWED,NOT_APPROVED
8,42,Винтовка SR-25,heavy,4012,0.0,0,40.0,NOT_REVIEWED,NOT_APPROVED
8,13,Винтовка СВД,heavy,5513,0.0,0,4.0,NOT_REVIEWED,NOT_APPROVED
8,24,Винтовка СВДС,heavy,3921,0.0,0,11.7,NOT_REVIEWED,NOT_APPROVED
8,23,Винтовка Т-5000,heavy,3088,0.0,0,24.7,NOT_REVIEWED,NOT_APPROVED
8,28,Винтовка СВ-98,heavy,4517,0.0,0,26.08,NOT_REVIEWED,NOT_APPROVED
8,30,Винтовка ВСС «Винторез»,heavy,4692,0.0,0,21.0,NOT_REVIEWED,NOT_APPROVED
8,40,Винтовка ВСК-94,heavy,4284,0.0,0,42.0,NOT_REVIEWED,NOT_APPROVED
8,27,Винтовка ОРСИС T-5000M,heavy,4050,0.0,0,14.0,NOT_REVIEWED,NOT_APPROVED
8,60,Винтовка Accuracy International AXMC,heavy,3550,0.0,0,27.0,NOT_REVIEWED,NOT_APPROVED
8,48,Винтовка Barrett M98B,heavy,2907,0.0,0,15.26,NOT_REVIEWED,NOT_APPROVED
8,64,Винтовка ORSIS T-5000 Elite,heavy,4011,0.0,0,33.0,NOT_REVIEWED,NOT_APPROVED
8,33,Винтовка «Выхлоп»,heavy,3501,0.0,0,19.0,NOT_REVIEWED,NOT_APPROVED
8,35,Винтовка ОСВ-96,heavy,3068,0.0,0,1.0,NOT_REVIEWED,NOT_APPROVED
8,54,Винтовка McMillan TAC-50,heavy,4482,0.0,0,34.67,NOT_REVIEWED,NOT_APPROVED
8,72,Винтовка Desert Tech HTI,heavy,4150,0.0,0,24.6,NOT_REVIEWED,NOT_APPROVED
8,73,Прототип X-17,heavy,2989,0.0,0,56.86,NOT_REVIEWED,NOT_APPROVED
8,55,Гаусс-пушка,heavy,5896,0.0,0,11.0,NOT_REVIEWED,NOT_APPROVED
8,4,Обрез охотничьего ружья,heavy,7673,0.0,0,10.2,NOT_REVIEWED,NOT_APPROVED
8,8,ПП «Кедр»,heavy,8579,0.0,0,72.53,NOT_REVIEWED,NOT_APPROVED
8,20,Дробовик Сайга-410,heavy,5118,0.0,0,32.76,NOT_REVIEWED,NOT_APPROVED
8,19,Дробовик СПАС-12,heavy,5277,0.0,0,6.0,NOT_REVIEWED,NOT_APPROVED
8,112,Дробовик Winchester SXP Defender,heavy,5113,0.0,0,5.0,NOT_REVIEWED,NOT_APPROVED
8,114,Дробовик Remington 870 MCS,heavy,4223,0.0,0,21.0,NOT_REVIEWED,NOT_APPROVED
8,32,Дробовик Сайга-12К,heavy,3522,0.0,0,55.0,NOT_REVIEWED,NOT_APPROVED
8,44,Дробовик «Вепрь-12»,heavy,3955,0.0,0,25.0,NOT_REVIEWED,NOT_APPROVED
8,62,Дробовик Kel-Tec KSG,heavy,4561,0.0,0,69.34,NOT_REVIEWED,NOT_APPROVED
8,118,Дробовик Beretta 1301 Tactical,heavy,4002,0.0,0,26.0,NOT_REVIEWED,NOT_APPROVED
8,50,Дробовик Benelli M4,heavy,4528,0.0,0,19.1,NOT_REVIEWED,NOT_APPROVED
8,119,Дробовик Fabarm STF/12,heavy,4786,0.0,0,29.0,NOT_REVIEWED,NOT_APPROVED
8,56,Дробовик AA-12,heavy,6157,0.0,0,29.0,NOT_REVIEWED,NOT_APPROVED
8,121,Дробовик Browning A5,heavy,5760,0.0,0,2.83,NOT_REVIEWED,NOT_APPROVED
8,68,Дробовик Franchi SPAS-15,heavy,4896,0.0,0,3.0,NOT_REVIEWED,NOT_APPROVED
8,74,Дробовик USAS-12,heavy,3813,0.0,0,30.0,NOT_REVIEWED,NOT_APPROVED
8,124,Дробовик Ithaca Mag-10,heavy,3674,0.0,0,34.0,NOT_REVIEWED,NOT_APPROVED
8,125,Дробовик Remington SP-10,heavy,4839,0.0,0,38.0,NOT_REVIEWED,NOT_APPROVED
9,43,Автомат ОЦ-14 «Гроза»,heavy,4705,0.0,0,59.62,NOT_REVIEWED,NOT_APPROVED
9,25,Пулемёт РПД,heavy,3476,0.0,0,1.0,NOT_REVIEWED,NOT_APPROVED
9,51,Автомат ЛР-308,heavy,3905,0.0,0,2.0,NOT_REVIEWED,NOT_APPROVED
9,75,Автомат SCAR-H,heavy,4269,0.0,0,9.85,NOT_REVIEWED,NOT_APPROVED
9,8,ПП «Кедр»,heavy,8579,0.0,0,24.0,NOT_REVIEWED,NOT_APPROVED
9,32,Дробовик Сайга-12К,heavy,3522,0.0,0,5.39,NOT_REVIEWED,NOT_APPROVED
9,62,Дробовик Kel-Tec KSG,heavy,4561,0.0,0,14.21,NOT_REVIEWED,NOT_APPROVED
10,12,Автомат АК-74,heavy,6085,0.0,0,33.73,NOT_REVIEWED,NOT_APPROVED
10,37,Автомат АК-107,heavy,4103,0.0,0,62.0,NOT_REVIEWED,NOT_APPROVED
10,21,Автомат АК-12,heavy,5161,0.0,0,62.0,NOT_REVIEWED,NOT_APPROVED
10,26,Автомат АН-94 «Абакан»,heavy,4230,0.0,0,49.82,NOT_REVIEWED,NOT_APPROVED
10,17,Пулемёт РПК-74,heavy,3796,0.0,0,24.08,NOT_REVIEWED,NOT_APPROVED
10,38,Автомат ADAR 2-15,heavy,5532,0.0,0,53.0,NOT_REVIEWED,NOT_APPROVED
10,45,Автомат АК-19,heavy,4428,0.0,0,49.0,NOT_REVIEWED,NOT_APPROVED
10,57,Автомат HK416,heavy,4536,0.0,0,24.0,NOT_REVIEWED,NOT_APPROVED
10,69,Автомат CZ Bren 2,heavy,4222,0.0,0,57.22,NOT_REVIEWED,NOT_APPROVED
10,43,Автомат ОЦ-14 «Гроза»,heavy,4768,0.0,0,83.63,NOT_REVIEWED,NOT_APPROVED
10,16,Карабин «Вепрь»,heavy,5720,0.0,0,42.58,NOT_REVIEWED,NOT_APPROVED
10,15,Автомат АК-103,heavy,4777,0.0,0,46.0,NOT_REVIEWED,NOT_APPROVED
10,25,Пулемёт РПД,heavy,3392,0.0,0,3.61,NOT_REVIEWED,NOT_APPROVED
10,18,Автомат АС «Вал»,heavy,4477,0.0,0,55.66,NOT_REVIEWED,NOT_APPROVED
10,10,Карабин Сайга-12,heavy,6356,0.0,0,35.0,NOT_REVIEWED,NOT_APPROVED
10,63,Автомат АК-308,heavy,4222,0.0,0,54.13,NOT_REVIEWED,NOT_APPROVED
10,51,Автомат ЛР-308,heavy,3905,0.0,0,73.0,NOT_REVIEWED,NOT_APPROVED
10,75,Автомат SCAR-H,heavy,4323,0.0,0,33.0,NOT_REVIEWED,NOT_APPROVED
10,22,Пулемёт ПКМ,heavy,2352,0.0,0,4.0,NOT_REVIEWED,NOT_APPROVED
10,29,Пулемёт «Печенег»,heavy,3642,0.0,0,46.0,NOT_REVIEWED,NOT_APPROVED
10,47,Автомат АК-АН «Абакан-100»,heavy,3445,0.0,0,35.0,NOT_REVIEWED,NOT_APPROVED
10,14,Винтовка СКС,heavy,5937,0.0,0,16.03,NOT_REVIEWED,NOT_APPROVED
10,46,Винтовка SSG 08,heavy,3465,0.0,0,31.0,NOT_REVIEWED,NOT_APPROVED
10,42,Винтовка SR-25,heavy,4012,0.0,0,65.0,NOT_REVIEWED,NOT_APPROVED
10,13,Винтовка СВД,heavy,5513,0.0,0,20.02,NOT_REVIEWED,NOT_APPROVED
10,24,Винтовка СВДС,heavy,3926,0.0,0,37.0,NOT_REVIEWED,NOT_APPROVED
10,23,Винтовка Т-5000,heavy,3088,0.0,0,43.0,NOT_REVIEWED,NOT_APPROVED
10,28,Винтовка СВ-98,heavy,4529,0.0,0,29.53,NOT_REVIEWED,NOT_APPROVED
10,30,Винтовка ВСС «Винторез»,heavy,4704,0.0,0,45.0,NOT_REVIEWED,NOT_APPROVED
10,40,Винтовка ВСК-94,heavy,4269,0.0,0,68.0,NOT_REVIEWED,NOT_APPROVED
10,31,Винтовка СВ-338,heavy,3720,0.0,0,22.0,NOT_REVIEWED,NOT_APPROVED
10,27,Винтовка ОРСИС T-5000M,heavy,4045,0.0,0,30.0,NOT_REVIEWED,NOT_APPROVED
10,60,Винтовка Accuracy International AXMC,heavy,3551,0.0,0,10.0,NOT_REVIEWED,NOT_APPROVED
10,48,Винтовка Barrett M98B,heavy,2913,0.0,0,31.0,NOT_REVIEWED,NOT_APPROVED
10,64,Винтовка ORSIS T-5000 Elite,heavy,4033,0.0,0,36.0,NOT_REVIEWED,NOT_APPROVED
10,33,Винтовка «Выхлоп»,heavy,3501,0.0,0,43.0,NOT_REVIEWED,NOT_APPROVED
10,54,Винтовка McMillan TAC-50,heavy,4476,0.0,0,50.0,NOT_REVIEWED,NOT_APPROVED
10,72,Винтовка Desert Tech HTI,heavy,4147,0.0,0,46.0,NOT_REVIEWED,NOT_APPROVED
10,73,Прототип X-17,heavy,2989,0.0,0,47.38,NOT_REVIEWED,NOT_APPROVED
10,55,Гаусс-пушка,heavy,5896,0.0,0,35.0,NOT_REVIEWED,NOT_APPROVED
10,4,Обрез охотничьего ружья,heavy,7673,0.0,0,24.52,NOT_REVIEWED,NOT_APPROVED
10,8,ПП «Кедр»,heavy,8579,0.0,0,66.19,NOT_REVIEWED,NOT_APPROVED
10,20,Дробовик Сайга-410,heavy,5123,0.0,0,42.0,NOT_REVIEWED,NOT_APPROVED
10,108,Дробовик Remington 870,heavy,5688,0.0,0,1.0,NOT_REVIEWED,NOT_APPROVED
10,19,Дробовик СПАС-12,heavy,5277,0.0,0,26.0,NOT_REVIEWED,NOT_APPROVED
10,112,Дробовик Winchester SXP Defender,heavy,5113,0.0,0,30.0,NOT_REVIEWED,NOT_APPROVED
10,114,Дробовик Remington 870 MCS,heavy,4217,0.0,0,38.08,NOT_REVIEWED,NOT_APPROVED
10,32,Дробовик Сайга-12К,heavy,3522,0.0,0,63.0,NOT_REVIEWED,NOT_APPROVED
10,116,Дробовик TOZ-194,heavy,5366,0.0,0,19.0,NOT_REVIEWED,NOT_APPROVED
10,44,Дробовик «Вепрь-12»,heavy,3955,0.0,0,43.0,NOT_REVIEWED,NOT_APPROVED
10,62,Дробовик Kel-Tec KSG,heavy,4561,0.0,0,55.46,NOT_REVIEWED,NOT_APPROVED
10,118,Дробовик Beretta 1301 Tactical,heavy,4013,0.0,0,44.0,NOT_REVIEWED,NOT_APPROVED
10,50,Дробовик Benelli M4,heavy,4532,0.0,0,29.0,NOT_REVIEWED,NOT_APPROVED
10,119,Дробовик Fabarm STF/12,heavy,4770,0.0,0,40.0,NOT_REVIEWED,NOT_APPROVED
10,56,Дробовик AA-12,heavy,6183,0.0,0,23.0,NOT_REVIEWED,NOT_APPROVED
10,120,Дробовик Winchester SX4,heavy,5735,0.0,0,6.0,NOT_REVIEWED,NOT_APPROVED
10,121,Дробовик Browning A5,heavy,5760,0.0,0,5.39,NOT_REVIEWED,NOT_APPROVED
10,68,Дробовик Franchi SPAS-15,heavy,4908,0.0,0,25.0,NOT_REVIEWED,NOT_APPROVED
10,122,Дробовик Remington 870 Magnum,heavy,6805,0.0,0,3.0,NOT_REVIEWED,NOT_APPROVED
10,74,Дробовик USAS-12,heavy,3819,0.0,0,43.0,NOT_REVIEWED,NOT_APPROVED
10,124,Дробовик Ithaca Mag-10,heavy,3669,0.0,0,50.45,NOT_REVIEWED,NOT_APPROVED
10,125,Дробовик Remington SP-10,heavy,4839,0.0,0,54.0,NOT_REVIEWED,NOT_APPROVED
11,37,Автомат АК-107,heavy,4110,0.0,0,5.0,NOT_REVIEWED,NOT_APPROVED
11,21,Автомат АК-12,heavy,5161,0.0,0,6.0,NOT_REVIEWED,NOT_APPROVED
11,69,Автомат CZ Bren 2,heavy,4222,0.0,0,2.0,NOT_REVIEWED,NOT_APPROVED
11,43,Автомат ОЦ-14 «Гроза»,heavy,4768,0.0,0,38.9,NOT_REVIEWED,NOT_APPROVED
11,25,Пулемёт РПД,heavy,3392,0.0,0,9.0,NOT_REVIEWED,NOT_APPROVED
11,63,Автомат АК-308,heavy,4222,0.0,0,4.12,NOT_REVIEWED,NOT_APPROVED
11,51,Автомат ЛР-308,heavy,3905,0.0,0,16.0,NOT_REVIEWED,NOT_APPROVED
11,75,Автомат SCAR-H,heavy,4323,0.0,0,9.0,NOT_REVIEWED,NOT_APPROVED
11,59,Пулемёт M240,heavy,3572,0.0,0,2.0,NOT_REVIEWED,NOT_APPROVED
11,42,Винтовка SR-25,heavy,4012,0.0,0,9.0,NOT_REVIEWED,NOT_APPROVED
11,40,Винтовка ВСК-94,heavy,4284,0.0,0,11.0,NOT_REVIEWED,NOT_APPROVED
11,73,Прототип X-17,heavy,2989,0.0,0,2.83,NOT_REVIEWED,NOT_APPROVED
11,8,ПП «Кедр»,heavy,8511,0.0,0,20.25,NOT_REVIEWED,NOT_APPROVED
11,32,Дробовик Сайга-12К,heavy,3522,0.0,0,11.0,NOT_REVIEWED,NOT_APPROVED
11,62,Дробовик Kel-Tec KSG,heavy,4561,0.0,0,9.43,NOT_REVIEWED,NOT_APPROVED
11,124,Дробовик Ithaca Mag-10,heavy,3674,0.0,0,1.41,NOT_REVIEWED,NOT_APPROVED
11,125,Дробовик Remington SP-10,heavy,4839,0.0,0,1.0,NOT_REVIEWED,NOT_APPROVED
12,37,Автомат АК-107,heavy,4110,0.0,0,19.0,NOT_REVIEWED,NOT_APPROVED
12,21,Автомат АК-12,heavy,5161,0.0,0,19.0,NOT_REVIEWED,NOT_APPROVED
12,26,Автомат АН-94 «Абакан»,heavy,4230,0.0,0,8.54,NOT_REVIEWED,NOT_APPROVED
12,17,Пулемёт РПК-74,heavy,3796,0.0,0,4.0,NOT_REVIEWED,NOT_APPROVED
12,38,Автомат ADAR 2-15,heavy,5510,0.0,0,10.0,NOT_REVIEWED,NOT_APPROVED
12,45,Автомат АК-19,heavy,4424,0.0,0,6.08,NOT_REVIEWED,NOT_APPROVED
12,57,Автомат HK416,heavy,4536,0.0,0,4.0,NOT_REVIEWED,NOT_APPROVED
12,69,Автомат CZ Bren 2,heavy,4222,0.0,0,16.0,NOT_REVIEWED,NOT_APPROVED
12,43,Автомат ОЦ-14 «Гроза»,heavy,4768,0.0,0,51.62,NOT_REVIEWED,NOT_APPROVED
12,16,Карабин «Вепрь»,heavy,5720,0.0,0,4.12,NOT_REVIEWED,NOT_APPROVED
12,15,Автомат АК-103,heavy,4777,0.0,0,4.47,NOT_REVIEWED,NOT_APPROVED
12,25,Пулемёт РПД,heavy,3392,0.0,0,22.0,NOT_REVIEWED,NOT_APPROVED
12,18,Автомат АС «Вал»,heavy,4486,0.0,0,13.0,NOT_REVIEWED,NOT_APPROVED
12,63,Автомат АК-308,heavy,4222,0.0,0,15.23,NOT_REVIEWED,NOT_APPROVED
12,51,Автомат ЛР-308,heavy,3905,0.0,0,30.0,NOT_REVIEWED,NOT_APPROVED
12,75,Автомат SCAR-H,heavy,4323,0.0,0,13.0,NOT_REVIEWED,NOT_APPROVED
12,22,Пулемёт ПКМ,heavy,2352,0.0,0,13.0,NOT_REVIEWED,NOT_APPROVED
12,29,Пулемёт «Печенег»,heavy,3642,0.0,0,3.0,NOT_REVIEWED,NOT_APPROVED
12,42,Винтовка SR-25,heavy,4012,0.0,0,22.0,NOT_REVIEWED,NOT_APPROVED
12,30,Винтовка ВСС «Винторез»,heavy,4692,0.0,0,2.0,NOT_REVIEWED,NOT_APPROVED
12,40,Винтовка ВСК-94,heavy,4284,0.0,0,25.0,NOT_REVIEWED,NOT_APPROVED
12,54,Винтовка McMillan TAC-50,heavy,4482,0.0,0,7.0,NOT_REVIEWED,NOT_APPROVED
12,72,Винтовка Desert Tech HTI,heavy,4150,0.0,0,3.0,NOT_REVIEWED,NOT_APPROVED
12,73,Прототип X-17,heavy,2989,0.0,0,15.56,NOT_REVIEWED,NOT_APPROVED
12,8,ПП «Кедр»,heavy,8455,0.0,0,32.2,NOT_REVIEWED,NOT_APPROVED
12,114,Дробовик Remington 870 MCS,heavy,4223,0.0,0,1.0,NOT_REVIEWED,NOT_APPROVED
12,32,Дробовик Сайга-12К,heavy,3522,0.0,0,21.1,NOT_REVIEWED,NOT_APPROVED
12,44,Дробовик «Вепрь-12»,heavy,3955,0.0,0,2.0,NOT_REVIEWED,NOT_APPROVED
12,62,Дробовик Kel-Tec KSG,heavy,4561,0.0,0,21.1,NOT_REVIEWED,NOT_APPROVED
12,118,Дробовик Beretta 1301 Tactical,heavy,4002,0.0,0,1.0,NOT_REVIEWED,NOT_APPROVED
12,74,Дробовик USAS-12,heavy,3813,0.0,0,11.7,NOT_REVIEWED,NOT_APPROVED
12,124,Дробовик Ithaca Mag-10,heavy,3674,0.0,0,12.53,NOT_REVIEWED,NOT_APPROVED
12,125,Дробовик Remington SP-10,heavy,4839,0.0,0,11.7,NOT_REVIEWED,NOT_APPROVED
13,11,Автомат АКС-74У,heavy,5979,0.0,0,28.0,NOT_REVIEWED,NOT_APPROVED
13,12,Автомат АК-74,heavy,6103,0.0,0,21.0,NOT_REVIEWED,NOT_APPROVED
13,37,Автомат АК-107,heavy,4110,0.0,0,44.15,NOT_REVIEWED,NOT_APPROVED
13,21,Автомат АК-12,heavy,5161,0.0,0,49.04,NOT_REVIEWED,NOT_APPROVED
13,26,Автомат АН-94 «Абакан»,heavy,4230,0.0,0,40.0,NOT_REVIEWED,NOT_APPROVED
13,17,Пулемёт РПК-74,heavy,3796,0.0,0,36.0,NOT_REVIEWED,NOT_APPROVED
13,38,Автомат ADAR 2-15,heavy,5510,0.0,0,42.0,NOT_REVIEWED,NOT_APPROVED
13,45,Автомат АК-19,heavy,4424,0.0,0,37.0,NOT_REVIEWED,NOT_APPROVED
13,69,Автомат CZ Bren 2,heavy,4222,0.0,0,34.0,NOT_REVIEWED,NOT_APPROVED
13,43,Автомат ОЦ-14 «Гроза»,heavy,4768,0.0,0,55.9,NOT_REVIEWED,NOT_APPROVED
13,16,Карабин «Вепрь»,heavy,5720,0.0,0,28.0,NOT_REVIEWED,NOT_APPROVED
13,15,Автомат АК-103,heavy,4777,0.0,0,33.0,NOT_REVIEWED,NOT_APPROVED
13,25,Пулемёт РПД,heavy,3392,0.0,0,33.24,NOT_REVIEWED,NOT_APPROVED
13,18,Автомат АС «Вал»,heavy,4486,0.0,0,38.33,NOT_REVIEWED,NOT_APPROVED
13,10,Карабин Сайга-12,heavy,6356,0.0,0,22.0,NOT_REVIEWED,NOT_APPROVED
13,63,Автомат АК-308,heavy,4222,0.0,0,40.01,NOT_REVIEWED,NOT_APPROVED
13,51,Автомат ЛР-308,heavy,3905,0.0,0,61.0,NOT_REVIEWED,NOT_APPROVED
13,75,Автомат SCAR-H,heavy,4323,0.0,0,5.0,NOT_REVIEWED,NOT_APPROVED
13,22,Пулемёт ПКМ,heavy,2352,0.0,0,33.54,NOT_REVIEWED,NOT_APPROVED
13,29,Пулемёт «Печенег»,heavy,3642,0.0,0,32.0,NOT_REVIEWED,NOT_APPROVED
13,47,Автомат АК-АН «Абакан-100»,heavy,3445,0.0,0,23.54,NOT_REVIEWED,NOT_APPROVED
13,14,Винтовка СКС,heavy,5950,0.0,0,2.0,NOT_REVIEWED,NOT_APPROVED
13,46,Винтовка SSG 08,heavy,3459,0.0,0,21.19,NOT_REVIEWED,NOT_APPROVED
13,42,Винтовка SR-25,heavy,4012,0.0,0,53.0,NOT_REVIEWED,NOT_APPROVED
13,13,Винтовка СВД,heavy,5513,0.0,0,7.0,NOT_REVIEWED,NOT_APPROVED
13,24,Винтовка СВДС,heavy,3921,0.0,0,25.0,NOT_REVIEWED,NOT_APPROVED
13,23,Винтовка Т-5000,heavy,3088,0.0,0,31.0,NOT_REVIEWED,NOT_APPROVED
13,28,Винтовка СВ-98,heavy,4517,0.0,0,12.0,NOT_REVIEWED,NOT_APPROVED
13,30,Винтовка ВСС «Винторез»,heavy,4692,0.0,0,33.0,NOT_REVIEWED,NOT_APPROVED
13,40,Винтовка ВСК-94,heavy,4284,0.0,0,36.4,NOT_REVIEWED,NOT_APPROVED
13,31,Винтовка СВ-338,heavy,3721,0.0,0,7.28,NOT_REVIEWED,NOT_APPROVED
13,27,Винтовка ОРСИС T-5000M,heavy,4050,0.0,0,18.03,NOT_REVIEWED,NOT_APPROVED
13,48,Винтовка Barrett M98B,heavy,2907,0.0,0,6.0,NOT_REVIEWED,NOT_APPROVED
13,64,Винтовка ORSIS T-5000 Elite,heavy,4011,0.0,0,24.0,NOT_REVIEWED,NOT_APPROVED
13,33,Винтовка «Выхлоп»,heavy,3501,0.0,0,31.0,NOT_REVIEWED,NOT_APPROVED
13,54,Винтовка McMillan TAC-50,heavy,4482,0.0,0,37.0,NOT_REVIEWED,NOT_APPROVED
13,72,Винтовка Desert Tech HTI,heavy,4150,0.0,0,32.0,NOT_REVIEWED,NOT_APPROVED
13,73,Прототип X-17,heavy,2989,0.0,0,21.84,NOT_REVIEWED,NOT_APPROVED
13,55,Гаусс-пушка,heavy,5896,0.0,0,13.45,NOT_REVIEWED,NOT_APPROVED
13,4,Обрез охотничьего ружья,heavy,7673,0.0,0,8.54,NOT_REVIEWED,NOT_APPROVED
13,8,ПП «Кедр»,heavy,8579,0.0,0,44.38,NOT_REVIEWED,NOT_APPROVED
13,20,Дробовик Сайга-410,heavy,5118,0.0,0,29.0,NOT_REVIEWED,NOT_APPROVED
13,19,Дробовик СПАС-12,heavy,5277,0.0,0,15.03,NOT_REVIEWED,NOT_APPROVED
13,112,Дробовик Winchester SXP Defender,heavy,5113,0.0,0,18.97,NOT_REVIEWED,NOT_APPROVED
13,114,Дробовик Remington 870 MCS,heavy,4223,0.0,0,24.19,NOT_REVIEWED,NOT_APPROVED
13,32,Дробовик Сайга-12К,heavy,3522,0.0,0,49.25,NOT_REVIEWED,NOT_APPROVED
13,116,Дробовик TOZ-194,heavy,5366,0.0,0,3.16,NOT_REVIEWED,NOT_APPROVED
13,44,Дробовик «Вепрь-12»,heavy,3955,0.0,0,31.0,NOT_REVIEWED,NOT_APPROVED
13,62,Дробовик Kel-Tec KSG,heavy,4561,0.0,0,38.0,NOT_REVIEWED,NOT_APPROVED
13,118,Дробовик Beretta 1301 Tactical,heavy,4002,0.0,0,32.0,NOT_REVIEWED,NOT_APPROVED
13,50,Дробовик Benelli M4,heavy,4528,0.0,0,16.0,NOT_REVIEWED,NOT_APPROVED
13,119,Дробовик Fabarm STF/12,heavy,4786,0.0,0,27.0,NOT_REVIEWED,NOT_APPROVED
13,56,Дробовик AA-12,heavy,6157,0.0,0,11.0,NOT_REVIEWED,NOT_APPROVED
13,68,Дробовик Franchi SPAS-15,heavy,4896,0.0,0,13.15,NOT_REVIEWED,NOT_APPROVED
13,74,Дробовик USAS-12,heavy,3813,0.0,0,14.0,NOT_REVIEWED,NOT_APPROVED
13,124,Дробовик Ithaca Mag-10,heavy,3674,0.0,0,37.0,NOT_REVIEWED,NOT_APPROVED
13,125,Дробовик Remington SP-10,heavy,4839,0.0,0,41.0,NOT_REVIEWED,NOT_APPROVED
14,11,Автомат АКС-74У,heavy,5979,0.0,0,9.0,NOT_REVIEWED,NOT_APPROVED
14,12,Автомат АК-74,heavy,6103,0.0,0,1.0,NOT_REVIEWED,NOT_APPROVED
14,37,Автомат АК-107,heavy,4110,0.0,0,29.0,NOT_REVIEWED,NOT_APPROVED
14,21,Автомат АК-12,heavy,5161,0.0,0,29.0,NOT_REVIEWED,NOT_APPROVED
14,26,Автомат АН-94 «Абакан»,heavy,4230,0.0,0,19.0,NOT_REVIEWED,NOT_APPROVED
14,17,Пулемёт РПК-74,heavy,3796,0.0,0,14.04,NOT_REVIEWED,NOT_APPROVED
14,38,Автомат ADAR 2-15,heavy,5510,0.0,0,20.1,NOT_REVIEWED,NOT_APPROVED
14,45,Автомат АК-19,heavy,4424,0.0,0,16.0,NOT_REVIEWED,NOT_APPROVED
14,69,Автомат CZ Bren 2,heavy,4222,0.0,0,26.0,NOT_REVIEWED,NOT_APPROVED
14,43,Автомат ОЦ-14 «Гроза»,heavy,4768,0.0,0,52.01,NOT_REVIEWED,NOT_APPROVED
14,16,Карабин «Вепрь»,heavy,5720,0.0,0,12.65,NOT_REVIEWED,NOT_APPROVED
14,15,Автомат АК-103,heavy,4777,0.0,0,13.04,NOT_REVIEWED,NOT_APPROVED
14,25,Пулемёт РПД,heavy,3392,0.0,0,32.02,NOT_REVIEWED,NOT_APPROVED
14,18,Автомат АС «Вал»,heavy,4486,0.0,0,23.0,NOT_REVIEWED,NOT_APPROVED
14,10,Карабин Сайга-12,heavy,6356,0.0,0,3.0,NOT_REVIEWED,NOT_APPROVED
14,63,Автомат АК-308,heavy,4222,0.0,0,24.0,NOT_REVIEWED,NOT_APPROVED
14,51,Автомат ЛР-308,heavy,3905,0.0,0,40.0,NOT_REVIEWED,NOT_APPROVED
14,75,Автомат SCAR-H,heavy,4323,0.0,0,3.0,NOT_REVIEWED,NOT_APPROVED
14,22,Пулемёт ПКМ,heavy,2352,0.0,0,23.09,NOT_REVIEWED,NOT_APPROVED
14,29,Пулемёт «Печенег»,heavy,3642,0.0,0,18.38,NOT_REVIEWED,NOT_APPROVED
14,47,Автомат АК-АН «Абакан-100»,heavy,3445,0.0,0,2.0,NOT_REVIEWED,NOT_APPROVED
14,42,Винтовка SR-25,heavy,4012,0.0,0,32.0,NOT_REVIEWED,NOT_APPROVED
14,24,Винтовка СВДС,heavy,3921,0.0,0,4.0,NOT_REVIEWED,NOT_APPROVED
14,23,Винтовка Т-5000,heavy,3088,0.0,0,10.0,NOT_REVIEWED,NOT_APPROVED
14,30,Винтовка ВСС «Винторез»,heavy,4692,0.0,0,12.0,NOT_REVIEWED,NOT_APPROVED
14,40,Винтовка ВСК-94,heavy,4284,0.0,0,34.66,NOT_REVIEWED,NOT_APPROVED
14,64,Винтовка ORSIS T-5000 Elite,heavy,4011,0.0,0,3.0,NOT_REVIEWED,NOT_APPROVED
14,33,Винтовка «Выхлоп»,heavy,3501,0.0,0,10.0,NOT_REVIEWED,NOT_APPROVED
14,54,Винтовка McMillan TAC-50,heavy,4482,0.0,0,17.0,NOT_REVIEWED,NOT_APPROVED
14,72,Винтовка Desert Tech HTI,heavy,4150,0.0,0,13.0,NOT_REVIEWED,NOT_APPROVED
14,73,Прототип X-17,heavy,2989,0.0,0,15.62,NOT_REVIEWED,NOT_APPROVED
14,55,Гаусс-пушка,heavy,5896,0.0,0,2.0,NOT_REVIEWED,NOT_APPROVED
14,8,ПП «Кедр»,heavy,8579,0.0,0,35.34,NOT_REVIEWED,NOT_APPROVED
14,20,Дробовик Сайга-410,heavy,5118,0.0,0,9.22,NOT_REVIEWED,NOT_APPROVED
14,112,Дробовик Winchester SXP Defender,heavy,5113,0.0,0,5.0,NOT_REVIEWED,NOT_APPROVED
14,114,Дробовик Remington 870 MCS,heavy,4223,0.0,0,8.0,NOT_REVIEWED,NOT_APPROVED
14,32,Дробовик Сайга-12К,heavy,3522,0.0,0,30.27,NOT_REVIEWED,NOT_APPROVED
14,44,Дробовик «Вепрь-12»,heavy,3955,0.0,0,11.18,NOT_REVIEWED,NOT_APPROVED
14,62,Дробовик Kel-Tec KSG,heavy,4561,0.0,0,24.6,NOT_REVIEWED,NOT_APPROVED
14,118,Дробовик Beretta 1301 Tactical,heavy,4002,0.0,0,11.0,NOT_REVIEWED,NOT_APPROVED
14,119,Дробовик Fabarm STF/12,heavy,4786,0.0,0,8.0,NOT_REVIEWED,NOT_APPROVED
14,74,Дробовик USAS-12,heavy,3813,0.0,0,12.0,NOT_REVIEWED,NOT_APPROVED
14,124,Дробовик Ithaca Mag-10,heavy,3674,0.0,0,20.1,NOT_REVIEWED,NOT_APPROVED
14,125,Дробовик Remington SP-10,heavy,4839,0.0,0,21.0,NOT_REVIEWED,NOT_APPROVED
15,11,Автомат АКС-74У,heavy,5987,0.0,0,20.0,NOT_REVIEWED,NOT_APPROVED
15,12,Автомат АК-74,heavy,6148,0.0,0,13.0,NOT_REVIEWED,NOT_APPROVED
15,37,Автомат АК-107,heavy,4103,0.0,0,39.0,NOT_REVIEWED,NOT_APPROVED
15,21,Автомат АК-12,heavy,5161,0.0,0,39.0,NOT_REVIEWED,NOT_APPROVED
15,26,Автомат АН-94 «Абакан»,heavy,4287,0.0,0,29.0,NOT_REVIEWED,NOT_APPROVED
15,17,Пулемёт РПК-74,heavy,3796,0.0,0,24.0,NOT_REVIEWED,NOT_APPROVED
15,38,Автомат ADAR 2-15,heavy,5532,0.0,0,30.0,NOT_REVIEWED,NOT_APPROVED
15,45,Автомат АК-19,heavy,4428,0.0,0,29.0,NOT_REVIEWED,NOT_APPROVED
15,69,Автомат CZ Bren 2,heavy,4222,0.0,0,26.0,NOT_REVIEWED,NOT_APPROVED
15,43,Автомат ОЦ-14 «Гроза»,heavy,4705,0.0,0,54.56,NOT_REVIEWED,NOT_APPROVED
15,16,Карабин «Вепрь»,heavy,5787,0.0,0,21.0,NOT_REVIEWED,NOT_APPROVED
15,15,Автомат АК-103,heavy,4777,0.0,0,26.0,NOT_REVIEWED,NOT_APPROVED
15,25,Пулемёт РПД,heavy,3476,0.0,0,40.61,NOT_REVIEWED,NOT_APPROVED
15,18,Автомат АС «Вал»,heavy,4531,0.0,0,32.0,NOT_REVIEWED,NOT_APPROVED
15,10,Карабин Сайга-12,heavy,6409,0.0,0,12.0,NOT_REVIEWED,NOT_APPROVED
15,63,Автомат АК-308,heavy,4222,0.0,0,34.0,NOT_REVIEWED,NOT_APPROVED
15,51,Автомат ЛР-308,heavy,3905,0.0,0,50.0,NOT_REVIEWED,NOT_APPROVED
15,59,Пулемёт M240,heavy,3572,0.0,0,5.0,NOT_REVIEWED,NOT_APPROVED
15,22,Пулемёт ПКМ,heavy,2309,0.0,0,34.13,NOT_REVIEWED,NOT_APPROVED
15,29,Пулемёт «Печенег»,heavy,3642,0.0,0,25.5,NOT_REVIEWED,NOT_APPROVED
15,47,Автомат АК-АН «Абакан-100»,heavy,3555,0.0,0,11.18,NOT_REVIEWED,NOT_APPROVED
15,46,Винтовка SSG 08,heavy,3381,0.0,0,9.0,NOT_REVIEWED,NOT_APPROVED
15,42,Винтовка SR-25,heavy,4012,0.0,0,43.0,NOT_REVIEWED,NOT_APPROVED
15,13,Винтовка СВД,heavy,5419,0.0,0,1.0,NOT_REVIEWED,NOT_APPROVED
15,24,Винтовка СВДС,heavy,3816,0.0,0,16.12,NOT_REVIEWED,NOT_APPROVED
15,23,Винтовка Т-5000,heavy,3088,0.0,0,20.1,NOT_REVIEWED,NOT_APPROVED
15,28,Винтовка СВ-98,heavy,4616,0.0,0,6.0,NOT_REVIEWED,NOT_APPROVED
15,30,Винтовка ВСС «Винторез»,heavy,4814,0.0,0,22.0,NOT_REVIEWED,NOT_APPROVED
15,40,Винтовка ВСК-94,heavy,4269,0.0,0,34.41,NOT_REVIEWED,NOT_APPROVED
15,31,Винтовка СВ-338,heavy,3720,0.0,0,2.0,NOT_REVIEWED,NOT_APPROVED
15,27,Винтовка ОРСИС T-5000M,heavy,3935,0.0,0,9.0,NOT_REVIEWED,NOT_APPROVED
15,64,Винтовка ORSIS T-5000 Elite,heavy,4033,0.0,0,16.0,NOT_REVIEWED,NOT_APPROVED
15,33,Винтовка «Выхлоп»,heavy,3501,0.0,0,20.0,NOT_REVIEWED,NOT_APPROVED
15,54,Винтовка McMillan TAC-50,heavy,4476,0.0,0,27.0,NOT_REVIEWED,NOT_APPROVED
15,72,Винтовка Desert Tech HTI,heavy,4241,0.0,0,22.0,NOT_REVIEWED,NOT_APPROVED
15,73,Прототип X-17,heavy,2989,0.0,0,18.03,NOT_REVIEWED,NOT_APPROVED
15,55,Гаусс-пушка,heavy,5896,0.0,0,9.43,NOT_REVIEWED,NOT_APPROVED
15,4,Обрез охотничьего ружья,heavy,7673,0.0,0,3.0,NOT_REVIEWED,NOT_APPROVED
15,8,ПП «Кедр»,heavy,8579,0.0,0,40.5,NOT_REVIEWED,NOT_APPROVED
15,20,Дробовик Сайга-410,heavy,5200,0.0,0,19.0,NOT_REVIEWED,NOT_APPROVED
15,19,Дробовик СПАС-12,heavy,5277,0.0,0,3.0,NOT_REVIEWED,NOT_APPROVED
15,112,Дробовик Winchester SXP Defender,heavy,5113,0.0,0,15.0,NOT_REVIEWED,NOT_APPROVED
15,114,Дробовик Remington 870 MCS,heavy,4217,0.0,0,18.0,NOT_REVIEWED,NOT_APPROVED
15,32,Дробовик Сайга-12К,heavy,3522,0.0,0,43.0,NOT_REVIEWED,NOT_APPROVED
15,44,Дробовик «Вепрь-12»,heavy,3955,0.0,0,23.35,NOT_REVIEWED,NOT_APPROVED
15,62,Дробовик Kel-Tec KSG,heavy,4561,0.0,0,31.26,NOT_REVIEWED,NOT_APPROVED
15,118,Дробовик Beretta 1301 Tactical,heavy,3958,0.0,0,22.0,NOT_REVIEWED,NOT_APPROVED
15,50,Дробовик Benelli M4,heavy,4532,0.0,0,7.0,NOT_REVIEWED,NOT_APPROVED
15,119,Дробовик Fabarm STF/12,heavy,4770,0.0,0,18.0,NOT_REVIEWED,NOT_APPROVED
15,56,Дробовик AA-12,heavy,6183,0.0,0,2.0,NOT_REVIEWED,NOT_APPROVED
15,68,Дробовик Franchi SPAS-15,heavy,4855,0.0,0,6.0,NOT_REVIEWED,NOT_APPROVED
15,74,Дробовик USAS-12,heavy,3774,0.0,0,7.0,NOT_REVIEWED,NOT_APPROVED
15,124,Дробовик Ithaca Mag-10,heavy,3613,0.0,0,31.0,NOT_REVIEWED,NOT_APPROVED
15,125,Дробовик Remington SP-10,heavy,4897,0.0,0,33.0,NOT_REVIEWED,NOT_APPROVED
16,11,Автомат АКС-74У,heavy,5987,0.0,0,18.0,NOT_REVIEWED,NOT_APPROVED
16,12,Автомат АК-74,heavy,6085,0.0,0,40.2,NOT_REVIEWED,NOT_APPROVED
16,37,Автомат АК-107,heavy,4103,0.0,0,69.0,NOT_REVIEWED,NOT_APPROVED
16,21,Автомат АК-12,heavy,5161,0.0,0,60.0,NOT_REVIEWED,NOT_APPROVED
16,26,Автомат АН-94 «Абакан»,heavy,4230,0.0,0,58.69,NOT_REVIEWED,NOT_APPROVED
16,17,Пулемёт РПК-74,heavy,3796,0.0,0,50.45,NOT_REVIEWED,NOT_APPROVED
16,38,Автомат ADAR 2-15,heavy,5532,0.0,0,60.01,NOT_REVIEWED,NOT_APPROVED
16,45,Автомат АК-19,heavy,4428,0.0,0,56.0,NOT_REVIEWED,NOT_APPROVED
16,57,Автомат HK416,heavy,4536,0.0,0,2.83,NOT_REVIEWED,NOT_APPROVED
16,69,Автомат CZ Bren 2,heavy,4222,0.0,0,36.4,NOT_REVIEWED,NOT_APPROVED
16,43,Автомат ОЦ-14 «Гроза»,heavy,4768,0.0,0,84.97,NOT_REVIEWED,NOT_APPROVED
16,16,Карабин «Вепрь»,heavy,5720,0.0,0,49.16,NOT_REVIEWED,NOT_APPROVED
16,15,Автомат АК-103,heavy,4777,0.0,0,53.0,NOT_REVIEWED,NOT_APPROVED
16,25,Пулемёт РПД,heavy,3392,0.0,0,29.61,NOT_REVIEWED,NOT_APPROVED
16,18,Автомат АС «Вал»,heavy,4477,0.0,0,61.61,NOT_REVIEWED,NOT_APPROVED
16,10,Карабин Сайга-12,heavy,6356,0.0,0,42.0,NOT_REVIEWED,NOT_APPROVED
16,63,Автомат АК-308,heavy,4222,0.0,0,60.53,NOT_REVIEWED,NOT_APPROVED
16,51,Автомат ЛР-308,heavy,3905,0.0,0,80.0,NOT_REVIEWED,NOT_APPROVED
16,75,Автомат SCAR-H,heavy,4323,0.0,0,15.0,NOT_REVIEWED,NOT_APPROVED
16,22,Пулемёт ПКМ,heavy,2352,0.0,0,30.27,NOT_REVIEWED,NOT_APPROVED
16,29,Пулемёт «Печенег»,heavy,3642,0.0,0,53.04,NOT_REVIEWED,NOT_APPROVED
16,47,Автомат АК-АН «Абакан-100»,heavy,3445,0.0,0,42.43,NOT_REVIEWED,NOT_APPROVED
16,14,Винтовка СКС,heavy,5937,0.0,0,23.0,NOT_REVIEWED,NOT_APPROVED
16,46,Винтовка SSG 08,heavy,3465,0.0,0,38.0,NOT_REVIEWED,NOT_APPROVED
16,42,Винтовка SR-25,heavy,4012,0.0,0,72.0,NOT_REVIEWED,NOT_APPROVED
16,13,Винтовка СВД,heavy,5513,0.0,0,26.68,NOT_REVIEWED,NOT_APPROVED
16,24,Винтовка СВДС,heavy,3926,0.0,0,44.0,NOT_REVIEWED,NOT_APPROVED
16,23,Винтовка Т-5000,heavy,3088,0.0,0,50.0,NOT_REVIEWED,NOT_APPROVED
16,28,Винтовка СВ-98,heavy,4529,0.0,0,34.79,NOT_REVIEWED,NOT_APPROVED
16,30,Винтовка ВСС «Винторез»,heavy,4704,0.0,0,52.0,NOT_REVIEWED,NOT_APPROVED
16,40,Винтовка ВСК-94,heavy,4269,0.0,0,66.03,NOT_REVIEWED,NOT_APPROVED
16,31,Винтовка СВ-338,heavy,3720,0.0,0,29.0,NOT_REVIEWED,NOT_APPROVED
16,27,Винтовка ОРСИС T-5000M,heavy,4045,0.0,0,37.0,NOT_REVIEWED,NOT_APPROVED
16,48,Винтовка Barrett M98B,heavy,2913,0.0,0,16.64,NOT_REVIEWED,NOT_APPROVED
16,64,Винтовка ORSIS T-5000 Elite,heavy,4033,0.0,0,35.0,NOT_REVIEWED,NOT_APPROVED
16,33,Винтовка «Выхлоп»,heavy,3501,0.0,0,50.0,NOT_REVIEWED,NOT_APPROVED
16,54,Винтовка McMillan TAC-50,heavy,4476,0.0,0,45.0,NOT_REVIEWED,NOT_APPROVED
16,72,Винтовка Desert Tech HTI,heavy,4147,0.0,0,52.47,NOT_REVIEWED,NOT_APPROVED
16,73,Прототип X-17,heavy,2989,0.0,0,49.24,NOT_REVIEWED,NOT_APPROVED
16,55,Гаусс-пушка,heavy,5896,0.0,0,41.73,NOT_REVIEWED,NOT_APPROVED
16,4,Обрез охотничьего ружья,heavy,7673,0.0,0,31.06,NOT_REVIEWED,NOT_APPROVED
16,8,ПП «Кедр»,heavy,8579,0.0,0,67.36,NOT_REVIEWED,NOT_APPROVED
16,20,Дробовик Сайга-410,heavy,5123,0.0,0,49.0,NOT_REVIEWED,NOT_APPROVED
16,107,Дробовик Stoeger P3000,heavy,6057,0.0,0,1.0,NOT_REVIEWED,NOT_APPROVED
16,108,Дробовик Remington 870,heavy,5688,0.0,0,8.0,NOT_REVIEWED,NOT_APPROVED
16,109,Дробовик Winchester Model 1300,heavy,5741,0.0,0,2.0,NOT_REVIEWED,NOT_APPROVED
16,110,Дробовик Ithaca 37,heavy,5710,0.0,0,3.0,NOT_REVIEWED,NOT_APPROVED
16,111,Дробовик Browning BPS,heavy,5494,0.0,0,4.0,NOT_REVIEWED,NOT_APPROVED
16,19,Дробовик СПАС-12,heavy,5277,0.0,0,33.0,NOT_REVIEWED,NOT_APPROVED
16,112,Дробовик Winchester SXP Defender,heavy,5113,0.0,0,37.66,NOT_REVIEWED,NOT_APPROVED
16,113,Дробовик Mossberg 590A1,heavy,5631,0.0,0,2.0,NOT_REVIEWED,NOT_APPROVED
16,114,Дробовик Remington 870 MCS,heavy,4217,0.0,0,44.41,NOT_REVIEWED,NOT_APPROVED
16,32,Дробовик Сайга-12К,heavy,3522,0.0,0,70.0,NOT_REVIEWED,NOT_APPROVED
16,115,Дробовик Benelli Nova,heavy,5652,0.0,0,7.0,NOT_REVIEWED,NOT_APPROVED
16,116,Дробовик TOZ-194,heavy,5366,0.0,0,26.0,NOT_REVIEWED,NOT_APPROVED
16,44,Дробовик «Вепрь-12»,heavy,3955,0.0,0,50.0,NOT_REVIEWED,NOT_APPROVED
16,117,Дробовик Remington 1100,heavy,5591,0.0,0,6.0,NOT_REVIEWED,NOT_APPROVED
16,62,Дробовик Kel-Tec KSG,heavy,4561,0.0,0,60.75,NOT_REVIEWED,NOT_APPROVED
16,118,Дробовик Beretta 1301 Tactical,heavy,4013,0.0,0,51.0,NOT_REVIEWED,NOT_APPROVED
16,50,Дробовик Benelli M4,heavy,4532,0.0,0,36.0,NOT_REVIEWED,NOT_APPROVED
16,119,Дробовик Fabarm STF/12,heavy,4770,0.0,0,46.69,NOT_REVIEWED,NOT_APPROVED
16,56,Дробовик AA-12,heavy,6183,0.0,0,30.0,NOT_REVIEWED,NOT_APPROVED
16,120,Дробовик Winchester SX4,heavy,5735,0.0,0,13.0,NOT_REVIEWED,NOT_APPROVED
16,121,Дробовик Browning A5,heavy,5760,0.0,0,11.18,NOT_REVIEWED,NOT_APPROVED
16,68,Дробовик Franchi SPAS-15,heavy,4908,0.0,0,32.06,NOT_REVIEWED,NOT_APPROVED
16,122,Дробовик Remington 870 Magnum,heavy,6805,0.0,0,9.0,NOT_REVIEWED,NOT_APPROVED
16,123,Дробовик Benelli Vinci,heavy,5958,0.0,0,5.0,NOT_REVIEWED,NOT_APPROVED
16,74,Дробовик USAS-12,heavy,3819,0.0,0,14.0,NOT_REVIEWED,NOT_APPROVED
16,124,Дробовик Ithaca Mag-10,heavy,3669,0.0,0,56.72,NOT_REVIEWED,NOT_APPROVED
16,125,Дробовик Remington SP-10,heavy,4839,0.0,0,61.0,NOT_REVIEWED,NOT_APPROVED
17,11,Автомат АКС-74У,heavy,5987,0.0,0,11.0,NOT_REVIEWED,NOT_APPROVED
17,12,Автомат АК-74,heavy,6085,0.0,0,7.0,NOT_REVIEWED,NOT_APPROVED
17,37,Автомат АК-107,heavy,4103,0.0,0,28.28,NOT_REVIEWED,NOT_APPROVED
17,21,Автомат АК-12,heavy,5161,0.0,0,34.89,NOT_REVIEWED,NOT_APPROVED
17,26,Автомат АН-94 «Абакан»,heavy,4230,0.0,0,16.0,NOT_REVIEWED,NOT_APPROVED
17,38,Автомат ADAR 2-15,heavy,5532,0.0,0,21.0,NOT_REVIEWED,NOT_APPROVED
17,45,Автомат АК-19,heavy,4428,0.0,0,24.0,NOT_REVIEWED,NOT_APPROVED
17,57,Автомат HK416,heavy,4536,0.0,0,32.0,NOT_REVIEWED,NOT_APPROVED
17,69,Автомат CZ Bren 2,heavy,4222,0.0,0,24.0,NOT_REVIEWED,NOT_APPROVED
17,43,Автомат ОЦ-14 «Гроза»,heavy,4768,0.0,0,96.15,NOT_REVIEWED,NOT_APPROVED
17,16,Карабин «Вепрь»,heavy,5720,0.0,0,21.0,NOT_REVIEWED,NOT_APPROVED
17,15,Автомат АК-103,heavy,4777,0.0,0,19.0,NOT_REVIEWED,NOT_APPROVED
17,18,Автомат АС «Вал»,heavy,4477,0.0,0,23.0,NOT_REVIEWED,NOT_APPROVED
17,10,Карабин Сайга-12,heavy,6356,0.0,0,3.0,NOT_REVIEWED,NOT_APPROVED
17,63,Автомат АК-308,heavy,4222,0.0,0,28.0,NOT_REVIEWED,NOT_APPROVED
17,51,Автомат ЛР-308,heavy,3905,0.0,0,40.0,NOT_REVIEWED,NOT_APPROVED
17,75,Автомат SCAR-H,heavy,4323,0.0,0,48.38,NOT_REVIEWED,NOT_APPROVED
17,29,Пулемёт «Печенег»,heavy,3642,0.0,0,13.0,NOT_REVIEWED,NOT_APPROVED
17,47,Автомат АК-АН «Абакан-100»,heavy,3445,0.0,0,2.83,NOT_REVIEWED,NOT_APPROVED
17,46,Винтовка SSG 08,heavy,3465,0.0,0,4.0,NOT_REVIEWED,NOT_APPROVED
17,42,Винтовка SR-25,heavy,4012,0.0,0,32.0,NOT_REVIEWED,NOT_APPROVED
17,24,Винтовка СВДС,heavy,3926,0.0,0,6.4,NOT_REVIEWED,NOT_APPROVED
17,23,Винтовка Т-5000,heavy,3088,0.0,0,15.0,NOT_REVIEWED,NOT_APPROVED
17,28,Винтовка СВ-98,heavy,4529,0.0,0,8.0,NOT_REVIEWED,NOT_APPROVED
17,30,Винтовка ВСС «Винторез»,heavy,4704,0.0,0,13.0,NOT_REVIEWED,NOT_APPROVED
17,40,Винтовка ВСК-94,heavy,4269,0.0,0,34.0,NOT_REVIEWED,NOT_APPROVED
17,27,Винтовка ОРСИС T-5000M,heavy,4045,0.0,0,5.0,NOT_REVIEWED,NOT_APPROVED
17,60,Винтовка Accuracy International AXMC,heavy,3551,0.0,0,10.77,NOT_REVIEWED,NOT_APPROVED
17,64,Винтовка ORSIS T-5000 Elite,heavy,4033,0.0,0,23.35,NOT_REVIEWED,NOT_APPROVED
17,33,Винтовка «Выхлоп»,heavy,3501,0.0,0,10.0,NOT_REVIEWED,NOT_APPROVED
17,54,Винтовка McMillan TAC-50,heavy,4476,0.0,0,17.12,NOT_REVIEWED,NOT_APPROVED
17,72,Винтовка Desert Tech HTI,heavy,4147,0.0,0,13.0,NOT_REVIEWED,NOT_APPROVED
17,73,Прототип X-17,heavy,2989,0.0,0,38.6,NOT_REVIEWED,NOT_APPROVED
17,55,Гаусс-пушка,heavy,5896,0.0,0,3.0,NOT_REVIEWED,NOT_APPROVED
17,8,ПП «Кедр»,heavy,8579,0.0,0,62.0,NOT_REVIEWED,NOT_APPROVED
17,20,Дробовик Сайга-410,heavy,5123,0.0,0,13.89,NOT_REVIEWED,NOT_APPROVED
17,114,Дробовик Remington 870 MCS,heavy,4217,0.0,0,11.05,NOT_REVIEWED,NOT_APPROVED
17,32,Дробовик Сайга-12К,heavy,3522,0.0,0,42.05,NOT_REVIEWED,NOT_APPROVED
17,44,Дробовик «Вепрь-12»,heavy,3955,0.0,0,17.0,NOT_REVIEWED,NOT_APPROVED
17,62,Дробовик Kel-Tec KSG,heavy,4561,0.0,0,48.02,NOT_REVIEWED,NOT_APPROVED
17,118,Дробовик Beretta 1301 Tactical,heavy,4013,0.0,0,11.0,NOT_REVIEWED,NOT_APPROVED
17,119,Дробовик Fabarm STF/12,heavy,4770,0.0,0,12.65,NOT_REVIEWED,NOT_APPROVED
17,56,Дробовик AA-12,heavy,6183,0.0,0,8.49,NOT_REVIEWED,NOT_APPROVED
17,74,Дробовик USAS-12,heavy,3819,0.0,0,21.0,NOT_REVIEWED,NOT_APPROVED
17,124,Дробовик Ithaca Mag-10,heavy,3669,0.0,0,26.48,NOT_REVIEWED,NOT_APPROVED
17,125,Дробовик Remington SP-10,heavy,4839,0.0,0,25.02,NOT_REVIEWED,NOT_APPROVED
18,37,Автомат АК-107,heavy,4110,0.0,0,16.0,NOT_REVIEWED,NOT_APPROVED
18,21,Автомат АК-12,heavy,5161,0.0,0,16.0,NOT_REVIEWED,NOT_APPROVED
18,26,Автомат АН-94 «Абакан»,heavy,4287,0.0,0,3.0,NOT_REVIEWED,NOT_APPROVED
18,17,Пулемёт РПК-74,heavy,3796,0.0,0,1.0,NOT_REVIEWED,NOT_APPROVED
18,38,Автомат ADAR 2-15,heavy,5510,0.0,0,7.0,NOT_REVIEWED,NOT_APPROVED
18,45,Автомат АК-19,heavy,4424,0.0,0,3.0,NOT_REVIEWED,NOT_APPROVED
18,57,Автомат HK416,heavy,4536,0.0,0,18.0,NOT_REVIEWED,NOT_APPROVED
18,69,Автомат CZ Bren 2,heavy,4222,0.0,0,13.0,NOT_REVIEWED,NOT_APPROVED
18,43,Автомат ОЦ-14 «Гроза»,heavy,4705,0.0,0,61.07,NOT_REVIEWED,NOT_APPROVED
18,16,Карабин «Вепрь»,heavy,5787,0.0,0,2.24,NOT_REVIEWED,NOT_APPROVED
18,15,Автомат АК-103,heavy,4777,0.0,0,1.41,NOT_REVIEWED,NOT_APPROVED
18,25,Пулемёт РПД,heavy,3476,0.0,0,16.49,NOT_REVIEWED,NOT_APPROVED
18,18,Автомат АС «Вал»,heavy,4540,0.0,0,9.0,NOT_REVIEWED,NOT_APPROVED
18,63,Автомат АК-308,heavy,4222,0.0,0,16.16,NOT_REVIEWED,NOT_APPROVED
18,51,Автомат ЛР-308,heavy,3905,0.0,0,27.0,NOT_REVIEWED,NOT_APPROVED
18,75,Автомат SCAR-H,heavy,4269,0.0,0,26.08,NOT_REVIEWED,NOT_APPROVED
18,22,Пулемёт ПКМ,heavy,2309,0.0,0,11.0,NOT_REVIEWED,NOT_APPROVED
18,42,Винтовка SR-25,heavy,4012,0.0,0,19.0,NOT_REVIEWED,NOT_APPROVED
18,40,Винтовка ВСК-94,heavy,4284,0.0,0,22.0,NOT_REVIEWED,NOT_APPROVED
18,54,Винтовка McMillan TAC-50,heavy,4482,0.0,0,4.0,NOT_REVIEWED,NOT_APPROVED
18,73,Прототип X-17,heavy,2989,0.0,0,13.15,NOT_REVIEWED,NOT_APPROVED
18,8,ПП «Кедр»,heavy,8579,0.0,0,35.74,NOT_REVIEWED,NOT_APPROVED
18,32,Дробовик Сайга-12К,heavy,3522,0.0,0,18.0,NOT_REVIEWED,NOT_APPROVED
18,44,Дробовик «Вепрь-12»,heavy,3955,0.0,0,2.83,NOT_REVIEWED,NOT_APPROVED
18,62,Дробовик Kel-Tec KSG,heavy,4561,0.0,0,21.0,NOT_REVIEWED,NOT_APPROVED
18,74,Дробовик USAS-12,heavy,3768,0.0,0,10.0,NOT_REVIEWED,NOT_APPROVED
18,124,Дробовик Ithaca Mag-10,heavy,3618,0.0,0,14.0,NOT_REVIEWED,NOT_APPROVED
18,125,Дробовик Remington SP-10,heavy,4897,0.0,0,7.28,NOT_REVIEWED,NOT_APPROVED
19,17,Пулемёт РПК-74,heavy,3796,0.0,0,3.0,NOT_REVIEWED,NOT_APPROVED
19,67,Пулемёт Minimi Mk3,heavy,3250,0.0,0,17.0,NOT_REVIEWED,NOT_APPROVED
19,43,Автомат ОЦ-14 «Гроза»,heavy,4705,0.0,0,14.0,NOT_REVIEWED,NOT_APPROVED
19,51,Автомат ЛР-308,heavy,3905,0.0,0,7.0,NOT_REVIEWED,NOT_APPROVED
19,61,Пулемёт M60E6,heavy,3705,0.0,0,5.0,NOT_REVIEWED,NOT_APPROVED
19,59,Пулемёт M240,heavy,3572,0.0,0,28.0,NOT_REVIEWED,NOT_APPROVED
19,71,Пулемёт FN MAG,heavy,3067,0.0,0,19.0,NOT_REVIEWED,NOT_APPROVED
19,77,Пулемёт Negev NG7,heavy,3246,0.0,0,17.09,NOT_REVIEWED,NOT_APPROVED
19,53,Пулемёт «Печенег-СП»,heavy,3848,0.0,0,19.0,NOT_REVIEWED,NOT_APPROVED
19,46,Винтовка SSG 08,heavy,3376,0.0,0,40.46,NOT_REVIEWED,NOT_APPROVED
19,42,Винтовка SR-25,heavy,4012,0.0,0,10.0,NOT_REVIEWED,NOT_APPROVED
19,13,Винтовка СВД,heavy,5419,0.0,0,7.28,NOT_REVIEWED,NOT_APPROVED
19,23,Винтовка Т-5000,heavy,3088,0.0,0,31.38,NOT_REVIEWED,NOT_APPROVED
19,28,Винтовка СВ-98,heavy,4604,0.0,0,25.96,NOT_REVIEWED,NOT_APPROVED
19,36,Винтовка СВК,heavy,3077,0.0,0,27.0,NOT_REVIEWED,NOT_APPROVED
19,30,Винтовка ВСС «Винторез»,heavy,4802,0.0,0,26.0,NOT_REVIEWED,NOT_APPROVED
19,40,Винтовка ВСК-94,heavy,4284,0.0,0,25.0,NOT_REVIEWED,NOT_APPROVED
19,31,Винтовка СВ-338,heavy,3721,0.0,0,22.63,NOT_REVIEWED,NOT_APPROVED
19,27,Винтовка ОРСИС T-5000M,heavy,3940,0.0,0,35.0,NOT_REVIEWED,NOT_APPROVED
19,70,Винтовка Sako TRG-42,heavy,4021,0.0,0,28.0,NOT_REVIEWED,NOT_APPROVED
19,76,Винтовка Blaser R93 Tactical 2,heavy,3890,0.0,0,19.92,NOT_REVIEWED,NOT_APPROVED
19,39,Винтовка ORSIS T-5000 Sniper Pro,heavy,3843,0.0,0,31.26,NOT_REVIEWED,NOT_APPROVED
19,60,Винтовка Accuracy International AXMC,heavy,3550,0.0,0,2.0,NOT_REVIEWED,NOT_APPROVED
19,33,Винтовка «Выхлоп»,heavy,3501,0.0,0,32.89,NOT_REVIEWED,NOT_APPROVED
19,66,Винтовка Zastava M93 Black Arrow,heavy,4343,0.0,0,3.0,NOT_REVIEWED,NOT_APPROVED
19,52,Винтовка АСВК «Корд»,heavy,3313,0.0,0,10.63,NOT_REVIEWED,NOT_APPROVED
19,58,Винтовка Steyr HS .50,heavy,5108,0.0,0,6.0,NOT_REVIEWED,NOT_APPROVED
19,49,Винтовка Barrett M82,heavy,2365,0.0,0,21.02,NOT_REVIEWED,NOT_APPROVED
19,72,Винтовка Desert Tech HTI,heavy,4243,0.0,0,12.0,NOT_REVIEWED,NOT_APPROVED
19,78,Винтовка Cheytac M200 Intervention,heavy,2692,0.0,0,7.0,NOT_REVIEWED,NOT_APPROVED
19,73,Прототип X-17,heavy,2989,0.0,0,17.0,NOT_REVIEWED,NOT_APPROVED
19,55,Гаусс-пушка,heavy,5896,0.0,0,6.0,NOT_REVIEWED,NOT_APPROVED
19,4,Обрез охотничьего ружья,heavy,7673,0.0,0,3.0,NOT_REVIEWED,NOT_APPROVED
19,19,Дробовик СПАС-12,heavy,5277,0.0,0,14.0,NOT_REVIEWED,NOT_APPROVED
19,112,Дробовик Winchester SXP Defender,heavy,5113,0.0,0,30.0,NOT_REVIEWED,NOT_APPROVED
19,114,Дробовик Remington 870 MCS,heavy,4223,0.0,0,29.07,NOT_REVIEWED,NOT_APPROVED
19,116,Дробовик TOZ-194,heavy,5332,0.0,0,2.0,NOT_REVIEWED,NOT_APPROVED
19,62,Дробовик Kel-Tec KSG,heavy,4561,0.0,0,48.75,NOT_REVIEWED,NOT_APPROVED
19,118,Дробовик Beretta 1301 Tactical,heavy,3947,0.0,0,38.0,NOT_REVIEWED,NOT_APPROVED
19,50,Дробовик Benelli M4,heavy,4528,0.0,0,25.06,NOT_REVIEWED,NOT_APPROVED
19,119,Дробовик Fabarm STF/12,heavy,4786,0.0,0,30.08,NOT_REVIEWED,NOT_APPROVED
19,124,Дробовик Ithaca Mag-10,heavy,3618,0.0,0,8.0,NOT_REVIEWED,NOT_APPROVED
20,51,Автомат ЛР-308,heavy,3905,0.0,0,3.0,NOT_REVIEWED,NOT_APPROVED
21,37,Автомат АК-107,heavy,4110,0.0,0,6.71,NOT_REVIEWED,NOT_APPROVED
21,21,Автомат АК-12,heavy,5134,0.0,0,13.0,NOT_REVIEWED,NOT_APPROVED
21,26,Автомат АН-94 «Абакан»,heavy,4230,0.0,0,4.0,NOT_REVIEWED,NOT_APPROVED
21,38,Автомат ADAR 2-15,heavy,5499,0.0,0,6.0,NOT_REVIEWED,NOT_APPROVED
21,45,Автомат АК-19,heavy,4424,0.0,0,1.0,NOT_REVIEWED,NOT_APPROVED
21,43,Автомат ОЦ-14 «Гроза»,heavy,4754,0.0,0,14.56,NOT_REVIEWED,NOT_APPROVED
21,25,Пулемёт РПД,heavy,3392,0.0,0,15.03,NOT_REVIEWED,NOT_APPROVED
21,63,Автомат АК-308,heavy,4222,0.0,0,4.0,NOT_REVIEWED,NOT_APPROVED
21,51,Автомат ЛР-308,heavy,3905,0.0,0,25.0,NOT_REVIEWED,NOT_APPROVED
21,71,Пулемёт FN MAG,heavy,3067,0.0,0,3.0,NOT_REVIEWED,NOT_APPROVED
21,22,Пулемёт ПКМ,heavy,2352,0.0,0,12.65,NOT_REVIEWED,NOT_APPROVED
21,53,Пулемёт «Печенег-СП»,heavy,3848,0.0,0,9.85,NOT_REVIEWED,NOT_APPROVED
21,42,Винтовка SR-25,heavy,4012,0.0,0,17.12,NOT_REVIEWED,NOT_APPROVED
21,8,ПП «Кедр»,heavy,8543,0.0,0,5.39,NOT_REVIEWED,NOT_APPROVED
21,32,Дробовик Сайга-12К,heavy,3522,0.0,0,12.17,NOT_REVIEWED,NOT_APPROVED
21,62,Дробовик Kel-Tec KSG,heavy,4561,0.0,0,2.0,NOT_REVIEWED,NOT_APPROVED
21,124,Дробовик Ithaca Mag-10,heavy,3674,0.0,0,1.0,NOT_REVIEWED,NOT_APPROVED
21,125,Дробовик Remington SP-10,heavy,4839,0.0,0,4.0,NOT_REVIEWED,NOT_APPROVED
22,21,Автомат АК-12,heavy,5161,0.0,0,1.0,NOT_REVIEWED,NOT_APPROVED
22,43,Автомат ОЦ-14 «Гроза»,heavy,4768,0.0,0,2.0,NOT_REVIEWED,NOT_APPROVED
22,25,Пулемёт РПД,heavy,3392,0.0,0,3.0,NOT_REVIEWED,NOT_APPROVED
22,51,Автомат ЛР-308,heavy,3905,0.0,0,13.0,NOT_REVIEWED,NOT_APPROVED
22,42,Винтовка SR-25,heavy,4012,0.0,0,12.0,NOT_REVIEWED,NOT_APPROVED
23,43,Автомат ОЦ-14 «Гроза»,heavy,4768,0.0,0,7.0,NOT_REVIEWED,NOT_APPROVED
23,25,Пулемёт РПД,heavy,3392,0.0,0,1.0,NOT_REVIEWED,NOT_APPROVED
23,51,Автомат ЛР-308,heavy,3905,0.0,0,17.09,NOT_REVIEWED,NOT_APPROVED
23,42,Винтовка SR-25,heavy,4012,0.0,0,17.69,NOT_REVIEWED,NOT_APPROVED
23,32,Дробовик Сайга-12К,heavy,3522,0.0,0,5.0,NOT_REVIEWED,NOT_APPROVED
24,37,Автомат АК-107,heavy,4103,0.0,0,6.0,NOT_REVIEWED,NOT_APPROVED
24,21,Автомат АК-12,heavy,5161,0.0,0,6.0,NOT_REVIEWED,NOT_APPROVED
24,57,Автомат HK416,heavy,4536,0.0,0,10.0,NOT_REVIEWED,NOT_APPROVED
24,69,Автомат CZ Bren 2,heavy,4222,0.0,0,3.0,NOT_REVIEWED,NOT_APPROVED
24,43,Автомат ОЦ-14 «Гроза»,heavy,4768,0.0,0,53.34,NOT_REVIEWED,NOT_APPROVED
24,25,Пулемёт РПД,heavy,3392,0.0,0,9.0,NOT_REVIEWED,NOT_APPROVED
24,63,Автомат АК-308,heavy,4222,0.0,0,7.0,NOT_REVIEWED,NOT_APPROVED
24,51,Автомат ЛР-308,heavy,3905,0.0,0,17.0,NOT_REVIEWED,NOT_APPROVED
24,75,Автомат SCAR-H,heavy,4323,0.0,0,20.81,NOT_REVIEWED,NOT_APPROVED
24,42,Винтовка SR-25,heavy,4012,0.0,0,9.06,NOT_REVIEWED,NOT_APPROVED
24,40,Винтовка ВСК-94,heavy,4269,0.0,0,12.0,NOT_REVIEWED,NOT_APPROVED
24,73,Прототип X-17,heavy,2989,0.0,0,6.4,NOT_REVIEWED,NOT_APPROVED
24,8,ПП «Кедр»,heavy,8579,0.0,0,28.18,NOT_REVIEWED,NOT_APPROVED
24,32,Дробовик Сайга-12К,heavy,3522,0.0,0,8.94,NOT_REVIEWED,NOT_APPROVED
24,62,Дробовик Kel-Tec KSG,heavy,4561,0.0,0,11.18,NOT_REVIEWED,NOT_APPROVED
24,124,Дробовик Ithaca Mag-10,heavy,3669,0.0,0,3.0,NOT_REVIEWED,NOT_APPROVED
24,125,Дробовик Remington SP-10,heavy,4839,0.0,0,2.0,NOT_REVIEWED,NOT_APPROVED
25,43,Автомат ОЦ-14 «Гроза»,heavy,4768,0.0,0,8.94,NOT_REVIEWED,NOT_APPROVED
25,25,Пулемёт РПД,heavy,3392,0.0,0,1.41,NOT_REVIEWED,NOT_APPROVED
25,51,Автомат ЛР-308,heavy,3905,0.0,0,7.0,NOT_REVIEWED,NOT_APPROVED
26,37,Автомат АК-107,heavy,3911,0.0,0,1.0,NOT_REVIEWED,NOT_APPROVED
26,21,Автомат АК-12,heavy,4858,0.0,0,8.0,NOT_REVIEWED,NOT_APPROVED
26,38,Автомат ADAR 2-15,heavy,5346,0.0,0,1.0,NOT_REVIEWED,NOT_APPROVED
26,43,Автомат ОЦ-14 «Гроза»,heavy,4473,0.0,0,10.05,NOT_REVIEWED,NOT_APPROVED
26,25,Пулемёт РПД,heavy,3476,0.0,0,9.0,NOT_REVIEWED,NOT_APPROVED
26,51,Автомат ЛР-308,heavy,3905,0.0,0,20.0,NOT_REVIEWED,NOT_APPROVED
26,22,Пулемёт ПКМ,heavy,2309,0.0,0,4.0,NOT_REVIEWED,NOT_APPROVED
26,42,Винтовка SR-25,heavy,4008,0.0,0,13.0,NOT_REVIEWED,NOT_APPROVED
26,32,Дробовик Сайга-12К,heavy,3500,0.0,0,7.0,NOT_REVIEWED,NOT_APPROVED
27,37,Автомат АК-107,heavy,4103,0.0,0,17.0,NOT_REVIEWED,NOT_APPROVED
27,21,Автомат АК-12,heavy,5161,0.0,0,17.0,NOT_REVIEWED,NOT_APPROVED
27,26,Автомат АН-94 «Абакан»,heavy,4230,0.0,0,4.0,NOT_REVIEWED,NOT_APPROVED
27,17,Пулемёт РПК-74,heavy,3796,0.0,0,2.0,NOT_REVIEWED,NOT_APPROVED
27,38,Автомат ADAR 2-15,heavy,5532,0.0,0,8.0,NOT_REVIEWED,NOT_APPROVED
27,45,Автомат АК-19,heavy,4428,0.0,0,4.0,NOT_REVIEWED,NOT_APPROVED
27,57,Автомат HK416,heavy,4536,0.0,0,20.0,NOT_REVIEWED,NOT_APPROVED
27,69,Автомат CZ Bren 2,heavy,4222,0.0,0,12.0,NOT_REVIEWED,NOT_APPROVED
27,43,Автомат ОЦ-14 «Гроза»,heavy,4768,0.0,0,45.62,NOT_REVIEWED,NOT_APPROVED
27,15,Автомат АК-103,heavy,4777,0.0,0,1.0,NOT_REVIEWED,NOT_APPROVED
27,25,Пулемёт РПД,heavy,3392,0.0,0,16.03,NOT_REVIEWED,NOT_APPROVED
27,18,Автомат АС «Вал»,heavy,4477,0.0,0,9.43,NOT_REVIEWED,NOT_APPROVED
27,63,Автомат АК-308,heavy,4222,0.0,0,8.0,NOT_REVIEWED,NOT_APPROVED
27,51,Автомат ЛР-308,heavy,3905,0.0,0,28.0,NOT_REVIEWED,NOT_APPROVED
27,75,Автомат SCAR-H,heavy,4323,0.0,0,21.0,NOT_REVIEWED,NOT_APPROVED
27,22,Пулемёт ПКМ,heavy,2352,0.0,0,11.0,NOT_REVIEWED,NOT_APPROVED
27,29,Пулемёт «Печенег»,heavy,3642,0.0,0,2.83,NOT_REVIEWED,NOT_APPROVED
27,42,Винтовка SR-25,heavy,4012,0.0,0,20.0,NOT_REVIEWED,NOT_APPROVED
27,40,Винтовка ВСК-94,heavy,4269,0.0,0,23.0,NOT_REVIEWED,NOT_APPROVED
27,54,Винтовка McMillan TAC-50,heavy,4476,0.0,0,5.0,NOT_REVIEWED,NOT_APPROVED
27,73,Прототип X-17,heavy,2989,0.0,0,7.0,NOT_REVIEWED,NOT_APPROVED
27,8,ПП «Кедр»,heavy,8579,0.0,0,22.36,NOT_REVIEWED,NOT_APPROVED
27,32,Дробовик Сайга-12К,heavy,3522,0.0,0,18.0,NOT_REVIEWED,NOT_APPROVED
27,62,Дробовик Kel-Tec KSG,heavy,4561,0.0,0,11.31,NOT_REVIEWED,NOT_APPROVED
27,74,Дробовик USAS-12,heavy,3819,0.0,0,9.0,NOT_REVIEWED,NOT_APPROVED
27,124,Дробовик Ithaca Mag-10,heavy,3669,0.0,0,4.0,NOT_REVIEWED,NOT_APPROVED
27,125,Дробовик Remington SP-10,heavy,4839,0.0,0,9.0,NOT_REVIEWED,NOT_APPROVED
28,37,Автомат АК-107,heavy,4110,0.0,0,7.0,NOT_REVIEWED,NOT_APPROVED
28,21,Автомат АК-12,heavy,5161,0.0,0,8.0,NOT_REVIEWED,NOT_APPROVED
28,43,Автомат ОЦ-14 «Гроза»,heavy,4768,0.0,0,19.24,NOT_REVIEWED,NOT_APPROVED
28,25,Пулемёт РПД,heavy,3392,0.0,0,15.0,NOT_REVIEWED,NOT_APPROVED
28,18,Автомат АС «Вал»,heavy,4486,0.0,0,1.0,NOT_REVIEWED,NOT_APPROVED
28,51,Автомат ЛР-308,heavy,3905,0.0,0,19.0,NOT_REVIEWED,NOT_APPROVED
28,71,Пулемёт FN MAG,heavy,3067,0.0,0,3.61,NOT_REVIEWED,NOT_APPROVED
28,22,Пулемёт ПКМ,heavy,2352,0.0,0,8.0,NOT_REVIEWED,NOT_APPROVED
28,53,Пулемёт «Печенег-СП»,heavy,3848,0.0,0,5.0,NOT_REVIEWED,NOT_APPROVED
28,42,Винтовка SR-25,heavy,4012,0.0,0,11.7,NOT_REVIEWED,NOT_APPROVED
28,40,Винтовка ВСК-94,heavy,4284,0.0,0,2.24,NOT_REVIEWED,NOT_APPROVED
28,8,ПП «Кедр»,heavy,8570,0.0,0,7.07,NOT_REVIEWED,NOT_APPROVED
28,32,Дробовик Сайга-12К,heavy,3522,0.0,0,9.0,NOT_REVIEWED,NOT_APPROVED
28,125,Дробовик Remington SP-10,heavy,4839,0.0,0,1.0,NOT_REVIEWED,NOT_APPROVED
29,11,Автомат АКС-74У,heavy,5979,0.0,0,6.4,NOT_REVIEWED,NOT_APPROVED
29,12,Автомат АК-74,heavy,6103,0.0,0,40.0,NOT_REVIEWED,NOT_APPROVED
29,37,Автомат АК-107,heavy,4110,0.0,0,66.0,NOT_REVIEWED,NOT_APPROVED
29,21,Автомат АК-12,heavy,5161,0.0,0,35.0,NOT_REVIEWED,NOT_APPROVED
29,26,Автомат АН-94 «Абакан»,heavy,4230,0.0,0,56.57,NOT_REVIEWED,NOT_APPROVED
29,17,Пулемёт РПК-74,heavy,3796,0.0,0,51.0,NOT_REVIEWED,NOT_APPROVED
29,38,Автомат ADAR 2-15,heavy,5510,0.0,0,57.0,NOT_REVIEWED,NOT_APPROVED
29,45,Автомат АК-19,heavy,4424,0.0,0,53.94,NOT_REVIEWED,NOT_APPROVED
29,69,Автомат CZ Bren 2,heavy,4222,0.0,0,8.94,NOT_REVIEWED,NOT_APPROVED
29,43,Автомат ОЦ-14 «Гроза»,heavy,4768,0.0,0,80.96,NOT_REVIEWED,NOT_APPROVED
29,16,Карабин «Вепрь»,heavy,5720,0.0,0,49.24,NOT_REVIEWED,NOT_APPROVED
29,15,Автомат АК-103,heavy,4777,0.0,0,41.0,NOT_REVIEWED,NOT_APPROVED
29,25,Пулемёт РПД,heavy,3392,0.0,0,53.94,NOT_REVIEWED,NOT_APPROVED
29,18,Автомат АС «Вал»,heavy,4486,0.0,0,60.0,NOT_REVIEWED,NOT_APPROVED
29,10,Карабин Сайга-12,heavy,6356,0.0,0,29.73,NOT_REVIEWED,NOT_APPROVED
29,63,Автомат АК-308,heavy,4222,0.0,0,50.0,NOT_REVIEWED,NOT_APPROVED
29,51,Автомат ЛР-308,heavy,3905,0.0,0,77.0,NOT_REVIEWED,NOT_APPROVED
29,59,Пулемёт M240,heavy,3572,0.0,0,16.12,NOT_REVIEWED,NOT_APPROVED
29,22,Пулемёт ПКМ,heavy,2352,0.0,0,52.0,NOT_REVIEWED,NOT_APPROVED
29,29,Пулемёт «Печенег»,heavy,3642,0.0,0,55.23,NOT_REVIEWED,NOT_APPROVED
29,47,Автомат АК-АН «Абакан-100»,heavy,3445,0.0,0,39.2,NOT_REVIEWED,NOT_APPROVED
29,14,Винтовка СКС,heavy,5950,0.0,0,22.0,NOT_REVIEWED,NOT_APPROVED
29,46,Винтовка SSG 08,heavy,3459,0.0,0,35.0,NOT_REVIEWED,NOT_APPROVED
29,42,Винтовка SR-25,heavy,4012,0.0,0,69.87,NOT_REVIEWED,NOT_APPROVED
29,13,Винтовка СВД,heavy,5513,0.0,0,26.48,NOT_REVIEWED,NOT_APPROVED
29,24,Винтовка СВДС,heavy,3921,0.0,0,41.0,NOT_REVIEWED,NOT_APPROVED
29,23,Винтовка Т-5000,heavy,3088,0.0,0,47.0,NOT_REVIEWED,NOT_APPROVED
29,28,Винтовка СВ-98,heavy,4517,0.0,0,35.17,NOT_REVIEWED,NOT_APPROVED
29,30,Винтовка ВСС «Винторез»,heavy,4692,0.0,0,49.37,NOT_REVIEWED,NOT_APPROVED
29,40,Винтовка ВСК-94,heavy,4284,0.0,0,59.81,NOT_REVIEWED,NOT_APPROVED
29,31,Винтовка СВ-338,heavy,3721,0.0,0,27.89,NOT_REVIEWED,NOT_APPROVED
29,27,Винтовка ОРСИС T-5000M,heavy,4050,0.0,0,34.06,NOT_REVIEWED,NOT_APPROVED
29,48,Винтовка Barrett M98B,heavy,2907,0.0,0,1.0,NOT_REVIEWED,NOT_APPROVED
29,64,Винтовка ORSIS T-5000 Elite,heavy,4011,0.0,0,11.0,NOT_REVIEWED,NOT_APPROVED
29,33,Винтовка «Выхлоп»,heavy,3501,0.0,0,47.0,NOT_REVIEWED,NOT_APPROVED
29,54,Винтовка McMillan TAC-50,heavy,4482,0.0,0,19.0,NOT_REVIEWED,NOT_APPROVED
29,72,Винтовка Desert Tech HTI,heavy,4150,0.0,0,50.01,NOT_REVIEWED,NOT_APPROVED
29,73,Прототип X-17,heavy,2989,0.0,0,46.84,NOT_REVIEWED,NOT_APPROVED
29,55,Гаусс-пушка,heavy,5896,0.0,0,34.01,NOT_REVIEWED,NOT_APPROVED
29,4,Обрез охотничьего ружья,heavy,7673,0.0,0,31.06,NOT_REVIEWED,NOT_APPROVED
29,8,ПП «Кедр»,heavy,8579,0.0,0,45.71,NOT_REVIEWED,NOT_APPROVED
29,20,Дробовик Сайга-410,heavy,5118,0.0,0,47.0,NOT_REVIEWED,NOT_APPROVED
29,108,Дробовик Remington 870,heavy,5688,0.0,0,5.0,NOT_REVIEWED,NOT_APPROVED
29,111,Дробовик Browning BPS,heavy,5480,0.0,0,1.0,NOT_REVIEWED,NOT_APPROVED
29,19,Дробовик СПАС-12,heavy,5277,0.0,0,30.0,NOT_REVIEWED,NOT_APPROVED
29,112,Дробовик Winchester SXP Defender,heavy,5113,0.0,0,42.0,NOT_REVIEWED,NOT_APPROVED
29,114,Дробовик Remington 870 MCS,heavy,4223,0.0,0,44.91,NOT_REVIEWED,NOT_APPROVED
29,32,Дробовик Сайга-12К,heavy,3522,0.0,0,60.07,NOT_REVIEWED,NOT_APPROVED
29,115,Дробовик Benelli Nova,heavy,5652,0.0,0,4.0,NOT_REVIEWED,NOT_APPROVED
29,116,Дробовик TOZ-194,heavy,5366,0.0,0,23.0,NOT_REVIEWED,NOT_APPROVED
29,44,Дробовик «Вепрь-12»,heavy,3955,0.0,0,49.01,NOT_REVIEWED,NOT_APPROVED
29,117,Дробовик Remington 1100,heavy,5591,0.0,0,3.0,NOT_REVIEWED,NOT_APPROVED
29,62,Дробовик Kel-Tec KSG,heavy,4561,0.0,0,60.73,NOT_REVIEWED,NOT_APPROVED
29,118,Дробовик Beretta 1301 Tactical,heavy,4002,0.0,0,48.0,NOT_REVIEWED,NOT_APPROVED
29,50,Дробовик Benelli M4,heavy,4528,0.0,0,33.96,NOT_REVIEWED,NOT_APPROVED
29,119,Дробовик Fabarm STF/12,heavy,4786,0.0,0,45.0,NOT_REVIEWED,NOT_APPROVED
29,56,Дробовик AA-12,heavy,6157,0.0,0,27.0,NOT_REVIEWED,NOT_APPROVED
29,120,Дробовик Winchester SX4,heavy,5735,0.0,0,11.0,NOT_REVIEWED,NOT_APPROVED
29,121,Дробовик Browning A5,heavy,5760,0.0,0,11.66,NOT_REVIEWED,NOT_APPROVED
29,68,Дробовик Franchi SPAS-15,heavy,4896,0.0,0,32.0,NOT_REVIEWED,NOT_APPROVED
29,122,Дробовик Remington 870 Magnum,heavy,6830,0.0,0,7.0,NOT_REVIEWED,NOT_APPROVED
29,123,Дробовик Benelli Vinci,heavy,5958,0.0,0,3.0,NOT_REVIEWED,NOT_APPROVED
29,124,Дробовик Ithaca Mag-10,heavy,3674,0.0,0,57.27,NOT_REVIEWED,NOT_APPROVED
29,125,Дробовик Remington SP-10,heavy,4839,0.0,0,59.44,NOT_REVIEWED,NOT_APPROVED
30,12,Автомат АК-74,heavy,6103,0.0,0,27.0,NOT_REVIEWED,NOT_APPROVED
30,37,Автомат АК-107,heavy,4110,0.0,0,49.0,NOT_REVIEWED,NOT_APPROVED
30,21,Автомат АК-12,heavy,5161,0.0,0,15.0,NOT_REVIEWED,NOT_APPROVED
30,26,Автомат АН-94 «Абакан»,heavy,4230,0.0,0,40.0,NOT_REVIEWED,NOT_APPROVED
30,17,Пулемёт РПК-74,heavy,3796,0.0,0,51.0,NOT_REVIEWED,NOT_APPROVED
30,38,Автомат ADAR 2-15,heavy,5510,0.0,0,57.0,NOT_REVIEWED,NOT_APPROVED
30,45,Автомат АК-19,heavy,4424,0.0,0,47.0,NOT_REVIEWED,NOT_APPROVED
30,69,Автомат CZ Bren 2,heavy,4222,0.0,0,1.41,NOT_REVIEWED,NOT_APPROVED
30,43,Автомат ОЦ-14 «Гроза»,heavy,4768,0.0,0,76.56,NOT_REVIEWED,NOT_APPROVED
30,16,Карабин «Вепрь»,heavy,5720,0.0,0,44.28,NOT_REVIEWED,NOT_APPROVED
30,15,Автомат АК-103,heavy,4777,0.0,0,21.0,NOT_REVIEWED,NOT_APPROVED
30,25,Пулемёт РПД,heavy,3392,0.0,0,39.0,NOT_REVIEWED,NOT_APPROVED
30,18,Автомат АС «Вал»,heavy,4486,0.0,0,52.0,NOT_REVIEWED,NOT_APPROVED
30,10,Карабин Сайга-12,heavy,6356,0.0,0,4.47,NOT_REVIEWED,NOT_APPROVED
30,63,Автомат АК-308,heavy,4222,0.0,0,30.0,NOT_REVIEWED,NOT_APPROVED
30,51,Автомат ЛР-308,heavy,3905,0.0,0,76.0,NOT_REVIEWED,NOT_APPROVED
30,59,Пулемёт M240,heavy,3572,0.0,0,28.44,NOT_REVIEWED,NOT_APPROVED
30,71,Пулемёт FN MAG,heavy,3067,0.0,0,2.24,NOT_REVIEWED,NOT_APPROVED
30,22,Пулемёт ПКМ,heavy,2352,0.0,0,32.0,NOT_REVIEWED,NOT_APPROVED
30,29,Пулемёт «Печенег»,heavy,3642,0.0,0,38.0,NOT_REVIEWED,NOT_APPROVED
30,47,Автомат АК-АН «Абакан-100»,heavy,3445,0.0,0,39.2,NOT_REVIEWED,NOT_APPROVED
30,14,Винтовка СКС,heavy,5950,0.0,0,18.68,NOT_REVIEWED,NOT_APPROVED
30,46,Винтовка SSG 08,heavy,3459,0.0,0,41.15,NOT_REVIEWED,NOT_APPROVED
30,42,Винтовка SR-25,heavy,4012,0.0,0,68.0,NOT_REVIEWED,NOT_APPROVED
30,13,Винтовка СВД,heavy,5513,0.0,0,22.0,NOT_REVIEWED,NOT_APPROVED
30,24,Винтовка СВДС,heavy,3921,0.0,0,40.0,NOT_REVIEWED,NOT_APPROVED
30,23,Винтовка Т-5000,heavy,3088,0.0,0,46.0,NOT_REVIEWED,NOT_APPROVED
30,28,Винтовка СВ-98,heavy,4517,0.0,0,29.43,NOT_REVIEWED,NOT_APPROVED
30,30,Винтовка ВСС «Винторез»,heavy,4692,0.0,0,48.0,NOT_REVIEWED,NOT_APPROVED
30,40,Винтовка ВСК-94,heavy,4284,0.0,0,56.3,NOT_REVIEWED,NOT_APPROVED
30,31,Винтовка СВ-338,heavy,3721,0.0,0,25.0,NOT_REVIEWED,NOT_APPROVED
30,27,Винтовка ОРСИС T-5000M,heavy,4050,0.0,0,36.67,NOT_REVIEWED,NOT_APPROVED
30,33,Винтовка «Выхлоп»,heavy,3501,0.0,0,46.0,NOT_REVIEWED,NOT_APPROVED
30,72,Винтовка Desert Tech HTI,heavy,4150,0.0,0,48.01,NOT_REVIEWED,NOT_APPROVED
30,78,Винтовка Cheytac M200 Intervention,heavy,2692,0.0,0,2.83,NOT_REVIEWED,NOT_APPROVED
30,73,Прототип X-17,heavy,2989,0.0,0,42.58,NOT_REVIEWED,NOT_APPROVED
30,55,Гаусс-пушка,heavy,5896,0.0,0,30.36,NOT_REVIEWED,NOT_APPROVED
30,4,Обрез охотничьего ружья,heavy,7673,0.0,0,26.17,NOT_REVIEWED,NOT_APPROVED
30,8,ПП «Кедр»,heavy,8579,0.0,0,23.77,NOT_REVIEWED,NOT_APPROVED
30,20,Дробовик Сайга-410,heavy,5118,0.0,0,45.0,NOT_REVIEWED,NOT_APPROVED
30,108,Дробовик Remington 870,heavy,5688,0.0,0,4.0,NOT_REVIEWED,NOT_APPROVED
30,19,Дробовик СПАС-12,heavy,5277,0.0,0,32.06,NOT_REVIEWED,NOT_APPROVED
30,112,Дробовик Winchester SXP Defender,heavy,5113,0.0,0,41.0,NOT_REVIEWED,NOT_APPROVED
30,114,Дробовик Remington 870 MCS,heavy,4223,0.0,0,40.0,NOT_REVIEWED,NOT_APPROVED
30,32,Дробовик Сайга-12К,heavy,3522,0.0,0,40.0,NOT_REVIEWED,NOT_APPROVED
30,115,Дробовик Benelli Nova,heavy,5652,0.0,0,3.0,NOT_REVIEWED,NOT_APPROVED
30,116,Дробовик TOZ-194,heavy,5366,0.0,0,22.0,NOT_REVIEWED,NOT_APPROVED
30,44,Дробовик «Вепрь-12»,heavy,3955,0.0,0,46.0,NOT_REVIEWED,NOT_APPROVED
30,117,Дробовик Remington 1100,heavy,5591,0.0,0,2.0,NOT_REVIEWED,NOT_APPROVED
30,62,Дробовик Kel-Tec KSG,heavy,4561,0.0,0,54.82,NOT_REVIEWED,NOT_APPROVED
30,118,Дробовик Beretta 1301 Tactical,heavy,4002,0.0,0,47.0,NOT_REVIEWED,NOT_APPROVED
30,50,Дробовик Benelli M4,heavy,4528,0.0,0,32.0,NOT_REVIEWED,NOT_APPROVED
30,119,Дробовик Fabarm STF/12,heavy,4786,0.0,0,42.05,NOT_REVIEWED,NOT_APPROVED
30,56,Дробовик AA-12,heavy,6157,0.0,0,29.53,NOT_REVIEWED,NOT_APPROVED
30,120,Дробовик Winchester SX4,heavy,5735,0.0,0,9.0,NOT_REVIEWED,NOT_APPROVED
30,121,Дробовик Browning A5,heavy,5760,0.0,0,7.0,NOT_REVIEWED,NOT_APPROVED
30,68,Дробовик Franchi SPAS-15,heavy,4896,0.0,0,31.0,NOT_REVIEWED,NOT_APPROVED
30,122,Дробовик Remington 870 Magnum,heavy,6830,0.0,0,5.0,NOT_REVIEWED,NOT_APPROVED
30,123,Дробовик Benelli Vinci,heavy,5958,0.0,0,1.0,NOT_REVIEWED,NOT_APPROVED
30,124,Дробовик Ithaca Mag-10,heavy,3674,0.0,0,52.09,NOT_REVIEWED,NOT_APPROVED
30,125,Дробовик Remington SP-10,heavy,4839,0.0,0,57.22,NOT_REVIEWED,NOT_APPROVED
31,11,Автомат АКС-74У,heavy,5979,0.0,0,12.04,NOT_REVIEWED,NOT_APPROVED
31,12,Автомат АК-74,heavy,6103,0.0,0,17.0,NOT_REVIEWED,NOT_APPROVED
31,37,Автомат АК-107,heavy,4110,0.0,0,41.0,NOT_REVIEWED,NOT_APPROVED
31,21,Автомат АК-12,heavy,5161,0.0,0,34.37,NOT_REVIEWED,NOT_APPROVED
31,26,Автомат АН-94 «Абакан»,heavy,4230,0.0,0,36.0,NOT_REVIEWED,NOT_APPROVED
31,17,Пулемёт РПК-74,heavy,3796,0.0,0,31.0,NOT_REVIEWED,NOT_APPROVED
31,38,Автомат ADAR 2-15,heavy,5510,0.0,0,37.0,NOT_REVIEWED,NOT_APPROVED
31,45,Автомат АК-19,heavy,4424,0.0,0,33.0,NOT_REVIEWED,NOT_APPROVED
31,69,Автомат CZ Bren 2,heavy,4222,0.0,0,7.0,NOT_REVIEWED,NOT_APPROVED
31,43,Автомат ОЦ-14 «Гроза»,heavy,4768,0.0,0,54.71,NOT_REVIEWED,NOT_APPROVED
31,16,Карабин «Вепрь»,heavy,5720,0.0,0,24.19,NOT_REVIEWED,NOT_APPROVED
31,15,Автомат АК-103,heavy,4777,0.0,0,29.0,NOT_REVIEWED,NOT_APPROVED
31,25,Пулемёт РПД,heavy,3392,0.0,0,49.0,NOT_REVIEWED,NOT_APPROVED
31,18,Автомат АС «Вал»,heavy,4486,0.0,0,36.25,NOT_REVIEWED,NOT_APPROVED
31,10,Карабин Сайга-12,heavy,6356,0.0,0,18.0,NOT_REVIEWED,NOT_APPROVED
31,63,Автомат АК-308,heavy,4222,0.0,0,36.5,NOT_REVIEWED,NOT_APPROVED
31,51,Автомат ЛР-308,heavy,3905,0.0,0,57.0,NOT_REVIEWED,NOT_APPROVED
31,59,Пулемёт M240,heavy,3572,0.0,0,27.46,NOT_REVIEWED,NOT_APPROVED
31,22,Пулемёт ПКМ,heavy,2352,0.0,0,40.0,NOT_REVIEWED,NOT_APPROVED
31,29,Пулемёт «Печенег»,heavy,3642,0.0,0,28.0,NOT_REVIEWED,NOT_APPROVED
31,47,Автомат АК-АН «Абакан-100»,heavy,3445,0.0,0,19.1,NOT_REVIEWED,NOT_APPROVED
31,46,Винтовка SSG 08,heavy,3459,0.0,0,15.0,NOT_REVIEWED,NOT_APPROVED
31,42,Винтовка SR-25,heavy,4012,0.0,0,49.0,NOT_REVIEWED,NOT_APPROVED
31,13,Винтовка СВД,heavy,5513,0.0,0,3.0,NOT_REVIEWED,NOT_APPROVED
31,24,Винтовка СВДС,heavy,3921,0.0,0,21.0,NOT_REVIEWED,NOT_APPROVED
31,23,Винтовка Т-5000,heavy,3088,0.0,0,27.0,NOT_REVIEWED,NOT_APPROVED
31,28,Винтовка СВ-98,heavy,4517,0.0,0,8.06,NOT_REVIEWED,NOT_APPROVED
31,30,Винтовка ВСС «Винторез»,heavy,4692,0.0,0,29.0,NOT_REVIEWED,NOT_APPROVED
31,40,Винтовка ВСК-94,heavy,4284,0.0,0,34.21,NOT_REVIEWED,NOT_APPROVED
31,31,Винтовка СВ-338,heavy,3721,0.0,0,5.0,NOT_REVIEWED,NOT_APPROVED
31,27,Винтовка ОРСИС T-5000M,heavy,4050,0.0,0,15.0,NOT_REVIEWED,NOT_APPROVED
31,64,Винтовка ORSIS T-5000 Elite,heavy,4011,0.0,0,10.0,NOT_REVIEWED,NOT_APPROVED
31,33,Винтовка «Выхлоп»,heavy,3501,0.0,0,27.0,NOT_REVIEWED,NOT_APPROVED
31,54,Винтовка McMillan TAC-50,heavy,4482,0.0,0,18.0,NOT_REVIEWED,NOT_APPROVED
31,72,Винтовка Desert Tech HTI,heavy,4150,0.0,0,28.0,NOT_REVIEWED,NOT_APPROVED
31,73,Прототип X-17,heavy,2894,0.0,0,18.97,NOT_REVIEWED,NOT_APPROVED
31,55,Гаусс-пушка,heavy,5453,0.0,0,8.25,NOT_REVIEWED,NOT_APPROVED
31,4,Обрез охотничьего ружья,heavy,7411,0.0,0,5.0,NOT_REVIEWED,NOT_APPROVED
31,8,ПП «Кедр»,heavy,8523,0.0,0,41.59,NOT_REVIEWED,NOT_APPROVED
31,20,Дробовик Сайга-410,heavy,5118,0.0,0,25.0,NOT_REVIEWED,NOT_APPROVED
31,19,Дробовик СПАС-12,heavy,5277,0.0,0,10.0,NOT_REVIEWED,NOT_APPROVED
31,112,Дробовик Winchester SXP Defender,heavy,5113,0.0,0,22.0,NOT_REVIEWED,NOT_APPROVED
31,114,Дробовик Remington 870 MCS,heavy,4223,0.0,0,21.0,NOT_REVIEWED,NOT_APPROVED
31,32,Дробовик Сайга-12К,heavy,3522,0.0,0,46.0,NOT_REVIEWED,NOT_APPROVED
31,116,Дробовик TOZ-194,heavy,5366,0.0,0,2.0,NOT_REVIEWED,NOT_APPROVED
31,44,Дробовик «Вепрь-12»,heavy,3955,0.0,0,27.0,NOT_REVIEWED,NOT_APPROVED
31,62,Дробовик Kel-Tec KSG,heavy,4561,0.0,0,34.0,NOT_REVIEWED,NOT_APPROVED
31,118,Дробовик Beretta 1301 Tactical,heavy,4002,0.0,0,28.0,NOT_REVIEWED,NOT_APPROVED
31,50,Дробовик Benelli M4,heavy,4528,0.0,0,12.0,NOT_REVIEWED,NOT_APPROVED
31,119,Дробовик Fabarm STF/12,heavy,4786,0.0,0,23.0,NOT_REVIEWED,NOT_APPROVED
31,56,Дробовик AA-12,heavy,6144,0.0,0,7.62,NOT_REVIEWED,NOT_APPROVED
31,68,Дробовик Franchi SPAS-15,heavy,4896,0.0,0,12.0,NOT_REVIEWED,NOT_APPROVED
31,124,Дробовик Ithaca Mag-10,heavy,3674,0.0,0,33.0,NOT_REVIEWED,NOT_APPROVED
31,125,Дробовик Remington SP-10,heavy,4839,0.0,0,38.0,NOT_REVIEWED,NOT_APPROVED
32,11,Автомат АКС-74У,heavy,5979,0.0,0,13.0,NOT_REVIEWED,NOT_APPROVED
32,12,Автомат АК-74,heavy,6103,0.0,0,5.0,NOT_REVIEWED,NOT_APPROVED
32,37,Автомат АК-107,heavy,4110,0.0,0,33.0,NOT_REVIEWED,NOT_APPROVED
32,21,Автомат АК-12,heavy,5161,0.0,0,33.0,NOT_REVIEWED,NOT_APPROVED
32,26,Автомат АН-94 «Абакан»,heavy,4230,0.0,0,20.62,NOT_REVIEWED,NOT_APPROVED
32,17,Пулемёт РПК-74,heavy,3796,0.0,0,18.0,NOT_REVIEWED,NOT_APPROVED
32,38,Автомат ADAR 2-15,heavy,5510,0.0,0,24.0,NOT_REVIEWED,NOT_APPROVED
32,45,Автомат АК-19,heavy,4424,0.0,0,20.0,NOT_REVIEWED,NOT_APPROVED
32,57,Автомат HK416,heavy,4536,0.0,0,33.0,NOT_REVIEWED,NOT_APPROVED
32,69,Автомат CZ Bren 2,heavy,4222,0.0,0,28.0,NOT_REVIEWED,NOT_APPROVED
32,43,Автомат ОЦ-14 «Гроза»,heavy,4768,0.0,0,66.84,NOT_REVIEWED,NOT_APPROVED
32,16,Карабин «Вепрь»,heavy,5720,0.0,0,17.0,NOT_REVIEWED,NOT_APPROVED
32,15,Автомат АК-103,heavy,4777,0.0,0,17.0,NOT_REVIEWED,NOT_APPROVED
32,25,Пулемёт РПД,heavy,3392,0.0,0,2.0,NOT_REVIEWED,NOT_APPROVED
32,18,Автомат АС «Вал»,heavy,4486,0.0,0,27.0,NOT_REVIEWED,NOT_APPROVED
32,10,Карабин Сайга-12,heavy,6356,0.0,0,6.32,NOT_REVIEWED,NOT_APPROVED
32,63,Автомат АК-308,heavy,4222,0.0,0,28.18,NOT_REVIEWED,NOT_APPROVED
32,51,Автомат ЛР-308,heavy,3905,0.0,0,44.0,NOT_REVIEWED,NOT_APPROVED
32,75,Автомат SCAR-H,heavy,4323,0.0,0,39.22,NOT_REVIEWED,NOT_APPROVED
32,22,Пулемёт ПКМ,heavy,2352,0.0,0,2.0,NOT_REVIEWED,NOT_APPROVED
32,29,Пулемёт «Печенег»,heavy,3642,0.0,0,19.24,NOT_REVIEWED,NOT_APPROVED
32,47,Автомат АК-АН «Абакан-100»,heavy,3445,0.0,0,6.0,NOT_REVIEWED,NOT_APPROVED
32,46,Винтовка SSG 08,heavy,3459,0.0,0,2.0,NOT_REVIEWED,NOT_APPROVED
32,42,Винтовка SR-25,heavy,4012,0.0,0,36.0,NOT_REVIEWED,NOT_APPROVED
32,24,Винтовка СВДС,heavy,3921,0.0,0,8.0,NOT_REVIEWED,NOT_APPROVED
32,23,Винтовка Т-5000,heavy,3088,0.0,0,14.0,NOT_REVIEWED,NOT_APPROVED
32,28,Винтовка СВ-98,heavy,4517,0.0,0,11.0,NOT_REVIEWED,NOT_APPROVED
32,30,Винтовка ВСС «Винторез»,heavy,4692,0.0,0,16.0,NOT_REVIEWED,NOT_APPROVED
32,40,Винтовка ВСК-94,heavy,4284,0.0,0,39.0,NOT_REVIEWED,NOT_APPROVED
32,27,Винтовка ОРСИС T-5000M,heavy,4050,0.0,0,1.0,NOT_REVIEWED,NOT_APPROVED
32,60,Винтовка Accuracy International AXMC,heavy,3550,0.0,0,8.0,NOT_REVIEWED,NOT_APPROVED
32,48,Винтовка Barrett M98B,heavy,2907,0.0,0,2.0,NOT_REVIEWED,NOT_APPROVED
32,64,Винтовка ORSIS T-5000 Elite,heavy,4011,0.0,0,7.0,NOT_REVIEWED,NOT_APPROVED
32,33,Винтовка «Выхлоп»,heavy,3501,0.0,0,14.0,NOT_REVIEWED,NOT_APPROVED
32,54,Винтовка McMillan TAC-50,heavy,4482,0.0,0,21.0,NOT_REVIEWED,NOT_APPROVED
32,72,Винтовка Desert Tech HTI,heavy,4150,0.0,0,17.0,NOT_REVIEWED,NOT_APPROVED
32,73,Прототип X-17,heavy,2989,0.0,0,29.15,NOT_REVIEWED,NOT_APPROVED
32,55,Гаусс-пушка,heavy,5896,0.0,0,6.0,NOT_REVIEWED,NOT_APPROVED
32,8,ПП «Кедр»,heavy,8579,0.0,0,46.04,NOT_REVIEWED,NOT_APPROVED
32,20,Дробовик Сайга-410,heavy,5118,0.0,0,13.04,NOT_REVIEWED,NOT_APPROVED
32,112,Дробовик Winchester SXP Defender,heavy,5113,0.0,0,3.61,NOT_REVIEWED,NOT_APPROVED
32,114,Дробовик Remington 870 MCS,heavy,4223,0.0,0,15.0,NOT_REVIEWED,NOT_APPROVED
32,32,Дробовик Сайга-12К,heavy,3522,0.0,0,34.13,NOT_REVIEWED,NOT_APPROVED
32,44,Дробовик «Вепрь-12»,heavy,3955,0.0,0,14.56,NOT_REVIEWED,NOT_APPROVED
32,62,Дробовик Kel-Tec KSG,heavy,4561,0.0,0,35.0,NOT_REVIEWED,NOT_APPROVED
32,118,Дробовик Beretta 1301 Tactical,heavy,4002,0.0,0,15.0,NOT_REVIEWED,NOT_APPROVED
32,119,Дробовик Fabarm STF/12,heavy,4786,0.0,0,12.0,NOT_REVIEWED,NOT_APPROVED
32,74,Дробовик USAS-12,heavy,3813,0.0,0,26.0,NOT_REVIEWED,NOT_APPROVED
32,124,Дробовик Ithaca Mag-10,heavy,3674,0.0,0,25.81,NOT_REVIEWED,NOT_APPROVED
32,125,Дробовик Remington SP-10,heavy,4839,0.0,0,25.0,NOT_REVIEWED,NOT_APPROVED
33,12,Автомат АК-74,heavy,6148,0.0,0,41.3,NOT_REVIEWED,NOT_APPROVED
33,37,Автомат АК-107,heavy,4103,0.0,0,63.0,NOT_REVIEWED,NOT_APPROVED
33,21,Автомат АК-12,heavy,5161,0.0,0,30.0,NOT_REVIEWED,NOT_APPROVED
33,26,Автомат АН-94 «Абакан»,heavy,4287,0.0,0,55.0,NOT_REVIEWED,NOT_APPROVED
33,17,Пулемёт РПК-74,heavy,3796,0.0,0,55.32,NOT_REVIEWED,NOT_APPROVED
33,38,Автомат ADAR 2-15,heavy,5532,0.0,0,65.0,NOT_REVIEWED,NOT_APPROVED
33,45,Автомат АК-19,heavy,4428,0.0,0,60.0,NOT_REVIEWED,NOT_APPROVED
33,69,Автомат CZ Bren 2,heavy,4222,0.0,0,3.0,NOT_REVIEWED,NOT_APPROVED
33,43,Автомат ОЦ-14 «Гроза»,heavy,4705,0.0,0,74.55,NOT_REVIEWED,NOT_APPROVED
33,16,Карабин «Вепрь»,heavy,5787,0.0,0,49.0,NOT_REVIEWED,NOT_APPROVED
33,15,Автомат АК-103,heavy,4777,0.0,0,36.0,NOT_REVIEWED,NOT_APPROVED
33,25,Пулемёт РПД,heavy,3476,0.0,0,54.0,NOT_REVIEWED,NOT_APPROVED
33,18,Автомат АС «Вал»,heavy,4531,0.0,0,58.08,NOT_REVIEWED,NOT_APPROVED
33,10,Карабин Сайга-12,heavy,6409,0.0,0,23.09,NOT_REVIEWED,NOT_APPROVED
33,63,Автомат АК-308,heavy,4222,0.0,0,45.0,NOT_REVIEWED,NOT_APPROVED
33,51,Автомат ЛР-308,heavy,3905,0.0,0,84.0,NOT_REVIEWED,NOT_APPROVED
33,59,Пулемёт M240,heavy,3572,0.0,0,23.09,NOT_REVIEWED,NOT_APPROVED
33,22,Пулемёт ПКМ,heavy,2309,0.0,0,47.0,NOT_REVIEWED,NOT_APPROVED
33,29,Пулемёт «Печенег»,heavy,3642,0.0,0,53.0,NOT_REVIEWED,NOT_APPROVED
33,47,Автомат АК-АН «Абакан-100»,heavy,3555,0.0,0,31.06,NOT_REVIEWED,NOT_APPROVED
33,14,Винтовка СКС,heavy,5937,0.0,0,23.54,NOT_REVIEWED,NOT_APPROVED
33,46,Винтовка SSG 08,heavy,3381,0.0,0,43.93,NOT_REVIEWED,NOT_APPROVED
33,42,Винтовка SR-25,heavy,4012,0.0,0,76.0,NOT_REVIEWED,NOT_APPROVED
33,13,Винтовка СВД,heavy,5419,0.0,0,31.0,NOT_REVIEWED,NOT_APPROVED
33,24,Винтовка СВДС,heavy,3816,0.0,0,49.0,NOT_REVIEWED,NOT_APPROVED
33,23,Винтовка Т-5000,heavy,3088,0.0,0,54.0,NOT_REVIEWED,NOT_APPROVED
33,28,Винтовка СВ-98,heavy,4616,0.0,0,34.0,NOT_REVIEWED,NOT_APPROVED
33,30,Винтовка ВСС «Винторез»,heavy,4814,0.0,0,55.0,NOT_REVIEWED,NOT_APPROVED
33,40,Винтовка ВСК-94,heavy,4269,0.0,0,51.79,NOT_REVIEWED,NOT_APPROVED
33,31,Винтовка СВ-338,heavy,3720,0.0,0,29.0,NOT_REVIEWED,NOT_APPROVED
33,27,Винтовка ОРСИС T-5000M,heavy,3935,0.0,0,42.0,NOT_REVIEWED,NOT_APPROVED
33,64,Винтовка ORSIS T-5000 Elite,heavy,4033,0.0,0,5.0,NOT_REVIEWED,NOT_APPROVED
33,33,Винтовка «Выхлоп»,heavy,3501,0.0,0,54.0,NOT_REVIEWED,NOT_APPROVED
33,54,Винтовка McMillan TAC-50,heavy,4476,0.0,0,15.0,NOT_REVIEWED,NOT_APPROVED
33,72,Винтовка Desert Tech HTI,heavy,4241,0.0,0,54.0,NOT_REVIEWED,NOT_APPROVED
33,73,Прототип X-17,heavy,2989,0.0,0,43.0,NOT_REVIEWED,NOT_APPROVED
33,55,Гаусс-пушка,heavy,5896,0.0,0,26.02,NOT_REVIEWED,NOT_APPROVED
33,4,Обрез охотничьего ружья,heavy,7673,0.0,0,29.0,NOT_REVIEWED,NOT_APPROVED
33,8,ПП «Кедр»,heavy,8579,0.0,0,40.01,NOT_REVIEWED,NOT_APPROVED
33,20,Дробовик Сайга-410,heavy,5200,0.0,0,50.01,NOT_REVIEWED,NOT_APPROVED
33,106,Дробовик Mossberg 500,heavy,5519,0.0,0,3.0,NOT_REVIEWED,NOT_APPROVED
33,107,Дробовик Stoeger P3000,heavy,6018,0.0,0,6.0,NOT_REVIEWED,NOT_APPROVED
33,108,Дробовик Remington 870,heavy,5746,0.0,0,11.0,NOT_REVIEWED,NOT_APPROVED
33,109,Дробовик Winchester Model 1300,heavy,5741,0.0,0,6.0,NOT_REVIEWED,NOT_APPROVED
33,110,Дробовик Ithaca 37,heavy,5672,0.0,0,8.0,NOT_REVIEWED,NOT_APPROVED
33,111,Дробовик Browning BPS,heavy,5537,0.0,0,6.0,NOT_REVIEWED,NOT_APPROVED
33,19,Дробовик СПАС-12,heavy,5277,0.0,0,37.48,NOT_REVIEWED,NOT_APPROVED
33,112,Дробовик Winchester SXP Defender,heavy,5113,0.0,0,49.0,NOT_REVIEWED,NOT_APPROVED
33,113,Дробовик Mossberg 590A1,heavy,5675,0.0,0,5.0,NOT_REVIEWED,NOT_APPROVED
33,114,Дробовик Remington 870 MCS,heavy,4217,0.0,0,47.0,NOT_REVIEWED,NOT_APPROVED
33,32,Дробовик Сайга-12К,heavy,3522,0.0,0,55.0,NOT_REVIEWED,NOT_APPROVED
33,115,Дробовик Benelli Nova,heavy,5626,0.0,0,11.0,NOT_REVIEWED,NOT_APPROVED
33,116,Дробовик TOZ-194,heavy,5332,0.0,0,23.0,NOT_REVIEWED,NOT_APPROVED
33,44,Дробовик «Вепрь-12»,heavy,3955,0.0,0,54.0,NOT_REVIEWED,NOT_APPROVED
33,117,Дробовик Remington 1100,heavy,5591,0.0,0,9.0,NOT_REVIEWED,NOT_APPROVED
33,62,Дробовик Kel-Tec KSG,heavy,4561,0.0,0,61.0,NOT_REVIEWED,NOT_APPROVED
33,118,Дробовик Beretta 1301 Tactical,heavy,3958,0.0,0,56.0,NOT_REVIEWED,NOT_APPROVED
33,50,Дробовик Benelli M4,heavy,4532,0.0,0,39.0,NOT_REVIEWED,NOT_APPROVED
33,119,Дробовик Fabarm STF/12,heavy,4770,0.0,0,47.38,NOT_REVIEWED,NOT_APPROVED
33,56,Дробовик AA-12,heavy,6183,0.0,0,34.0,NOT_REVIEWED,NOT_APPROVED
33,120,Дробовик Winchester SX4,heavy,5693,0.0,0,17.0,NOT_REVIEWED,NOT_APPROVED
33,121,Дробовик Browning A5,heavy,5760,0.0,0,14.0,NOT_REVIEWED,NOT_APPROVED
33,68,Дробовик Franchi SPAS-15,heavy,4855,0.0,0,37.34,NOT_REVIEWED,NOT_APPROVED
33,122,Дробовик Remington 870 Magnum,heavy,6722,0.0,0,14.0,NOT_REVIEWED,NOT_APPROVED
33,123,Дробовик Benelli Vinci,heavy,5958,0.0,0,9.0,NOT_REVIEWED,NOT_APPROVED
33,124,Дробовик Ithaca Mag-10,heavy,3613,0.0,0,61.0,NOT_REVIEWED,NOT_APPROVED
33,125,Дробовик Remington SP-10,heavy,4897,0.0,0,62.0,NOT_REVIEWED,NOT_APPROVED
34,11,Автомат АКС-74У,heavy,5987,0.0,0,34.06,NOT_REVIEWED,NOT_APPROVED
34,12,Автомат АК-74,heavy,6085,0.0,0,33.0,NOT_REVIEWED,NOT_APPROVED
34,37,Автомат АК-107,heavy,4103,0.0,0,52.89,NOT_REVIEWED,NOT_APPROVED
34,21,Автомат АК-12,heavy,5161,0.0,0,56.32,NOT_REVIEWED,NOT_APPROVED
34,26,Автомат АН-94 «Абакан»,heavy,4230,0.0,0,38.83,NOT_REVIEWED,NOT_APPROVED
34,17,Пулемёт РПК-74,heavy,3796,0.0,0,39.0,NOT_REVIEWED,NOT_APPROVED
34,38,Автомат ADAR 2-15,heavy,5532,0.0,0,43.01,NOT_REVIEWED,NOT_APPROVED
34,45,Автомат АК-19,heavy,4428,0.0,0,46.0,NOT_REVIEWED,NOT_APPROVED
34,57,Автомат HK416,heavy,4536,0.0,0,9.0,NOT_REVIEWED,NOT_APPROVED
34,69,Автомат CZ Bren 2,heavy,4222,0.0,0,46.69,NOT_REVIEWED,NOT_APPROVED
34,43,Автомат ОЦ-14 «Гроза»,heavy,4768,0.0,0,90.74,NOT_REVIEWED,NOT_APPROVED
34,16,Карабин «Вепрь»,heavy,5720,0.0,0,43.0,NOT_REVIEWED,NOT_APPROVED
34,15,Автомат АК-103,heavy,4777,0.0,0,41.98,NOT_REVIEWED,NOT_APPROVED
34,25,Пулемёт РПД,heavy,3392,0.0,0,21.38,NOT_REVIEWED,NOT_APPROVED
34,18,Автомат АС «Вал»,heavy,4477,0.0,0,45.0,NOT_REVIEWED,NOT_APPROVED
34,10,Карабин Сайга-12,heavy,6356,0.0,0,26.0,NOT_REVIEWED,NOT_APPROVED
34,63,Автомат АК-308,heavy,4222,0.0,0,50.25,NOT_REVIEWED,NOT_APPROVED
34,51,Автомат ЛР-308,heavy,3905,0.0,0,62.0,NOT_REVIEWED,NOT_APPROVED
34,75,Автомат SCAR-H,heavy,4323,0.0,0,18.44,NOT_REVIEWED,NOT_APPROVED
34,22,Пулемёт ПКМ,heavy,2352,0.0,0,21.84,NOT_REVIEWED,NOT_APPROVED
34,29,Пулемёт «Печенег»,heavy,3642,0.0,0,35.0,NOT_REVIEWED,NOT_APPROVED
34,47,Автомат АК-АН «Абакан-100»,heavy,3445,0.0,0,27.0,NOT_REVIEWED,NOT_APPROVED
34,14,Винтовка СКС,heavy,5937,0.0,0,17.0,NOT_REVIEWED,NOT_APPROVED
34,46,Винтовка SSG 08,heavy,3465,0.0,0,25.08,NOT_REVIEWED,NOT_APPROVED
34,42,Винтовка SR-25,heavy,4012,0.0,0,54.0,NOT_REVIEWED,NOT_APPROVED
34,13,Винтовка СВД,heavy,5513,0.0,0,14.76,NOT_REVIEWED,NOT_APPROVED
34,24,Винтовка СВДС,heavy,3926,0.0,0,31.0,NOT_REVIEWED,NOT_APPROVED
34,23,Винтовка Т-5000,heavy,3088,0.0,0,37.0,NOT_REVIEWED,NOT_APPROVED
34,28,Винтовка СВ-98,heavy,4529,0.0,0,31.95,NOT_REVIEWED,NOT_APPROVED
34,30,Винтовка ВСС «Винторез»,heavy,4704,0.0,0,35.0,NOT_REVIEWED,NOT_APPROVED
34,40,Винтовка ВСК-94,heavy,4269,0.0,0,57.0,NOT_REVIEWED,NOT_APPROVED
34,31,Винтовка СВ-338,heavy,3720,0.0,0,15.0,NOT_REVIEWED,NOT_APPROVED
34,27,Винтовка ОРСИС T-5000M,heavy,4045,0.0,0,27.0,NOT_REVIEWED,NOT_APPROVED
34,48,Винтовка Barrett M98B,heavy,2913,0.0,0,20.4,NOT_REVIEWED,NOT_APPROVED
34,64,Винтовка ORSIS T-5000 Elite,heavy,4033,0.0,0,39.92,NOT_REVIEWED,NOT_APPROVED
34,33,Винтовка «Выхлоп»,heavy,3501,0.0,0,32.98,NOT_REVIEWED,NOT_APPROVED
34,54,Винтовка McMillan TAC-50,heavy,4476,0.0,0,41.79,NOT_REVIEWED,NOT_APPROVED
34,72,Винтовка Desert Tech HTI,heavy,4147,0.0,0,35.0,NOT_REVIEWED,NOT_APPROVED
34,73,Прототип X-17,heavy,2989,0.0,0,54.59,NOT_REVIEWED,NOT_APPROVED
34,55,Гаусс-пушка,heavy,5896,0.0,0,25.0,NOT_REVIEWED,NOT_APPROVED
34,4,Обрез охотничьего ружья,heavy,7673,0.0,0,22.8,NOT_REVIEWED,NOT_APPROVED
34,8,ПП «Кедр»,heavy,8579,0.0,0,75.77,NOT_REVIEWED,NOT_APPROVED
34,20,Дробовик Сайга-410,heavy,5123,0.0,0,36.35,NOT_REVIEWED,NOT_APPROVED
34,19,Дробовик СПАС-12,heavy,5277,0.0,0,18.44,NOT_REVIEWED,NOT_APPROVED
34,112,Дробовик Winchester SXP Defender,heavy,5113,0.0,0,19.0,NOT_REVIEWED,NOT_APPROVED
34,114,Дробовик Remington 870 MCS,heavy,4217,0.0,0,35.85,NOT_REVIEWED,NOT_APPROVED
34,32,Дробовик Сайга-12К,heavy,3522,0.0,0,63.6,NOT_REVIEWED,NOT_APPROVED
34,116,Дробовик TOZ-194,heavy,5366,0.0,0,9.0,NOT_REVIEWED,NOT_APPROVED
34,44,Дробовик «Вепрь-12»,heavy,3955,0.0,0,39.05,NOT_REVIEWED,NOT_APPROVED
34,62,Дробовик Kel-Tec KSG,heavy,4561,0.0,0,65.79,NOT_REVIEWED,NOT_APPROVED
34,118,Дробовик Beretta 1301 Tactical,heavy,4013,0.0,0,35.11,NOT_REVIEWED,NOT_APPROVED
34,50,Дробовик Benelli M4,heavy,4532,0.0,0,22.0,NOT_REVIEWED,NOT_APPROVED
34,119,Дробовик Fabarm STF/12,heavy,4770,0.0,0,35.44,NOT_REVIEWED,NOT_APPROVED
34,56,Дробовик AA-12,heavy,6183,0.0,0,24.35,NOT_REVIEWED,NOT_APPROVED
34,120,Дробовик Winchester SX4,heavy,5735,0.0,0,1.0,NOT_REVIEWED,NOT_APPROVED
34,121,Дробовик Browning A5,heavy,5760,0.0,0,8.0,NOT_REVIEWED,NOT_APPROVED
34,68,Дробовик Franchi SPAS-15,heavy,4908,0.0,0,14.0,NOT_REVIEWED,NOT_APPROVED
34,74,Дробовик USAS-12,heavy,3819,0.0,0,28.0,NOT_REVIEWED,NOT_APPROVED
34,124,Дробовик Ithaca Mag-10,heavy,3669,0.0,0,50.0,NOT_REVIEWED,NOT_APPROVED
34,125,Дробовик Remington SP-10,heavy,4839,0.0,0,49.04,NOT_REVIEWED,NOT_APPROVED
35,11,Автомат АКС-74У,heavy,5987,0.0,0,19.0,NOT_REVIEWED,NOT_APPROVED
35,12,Автомат АК-74,heavy,6085,0.0,0,18.0,NOT_REVIEWED,NOT_APPROVED
35,37,Автомат АК-107,heavy,4103,0.0,0,37.05,NOT_REVIEWED,NOT_APPROVED
35,21,Автомат АК-12,heavy,5161,0.0,0,39.92,NOT_REVIEWED,NOT_APPROVED
35,26,Автомат АН-94 «Абакан»,heavy,4230,0.0,0,30.08,NOT_REVIEWED,NOT_APPROVED
35,17,Пулемёт РПК-74,heavy,3796,0.0,0,25.0,NOT_REVIEWED,NOT_APPROVED
35,38,Автомат ADAR 2-15,heavy,5532,0.0,0,30.36,NOT_REVIEWED,NOT_APPROVED
35,45,Автомат АК-19,heavy,4428,0.0,0,34.54,NOT_REVIEWED,NOT_APPROVED
35,57,Автомат HK416,heavy,4536,0.0,0,8.0,NOT_REVIEWED,NOT_APPROVED
35,69,Автомат CZ Bren 2,heavy,4222,0.0,0,32.0,NOT_REVIEWED,NOT_APPROVED
35,43,Автомат ОЦ-14 «Гроза»,heavy,4768,0.0,0,74.63,NOT_REVIEWED,NOT_APPROVED
35,16,Карабин «Вепрь»,heavy,5720,0.0,0,29.43,NOT_REVIEWED,NOT_APPROVED
35,15,Автомат АК-103,heavy,4777,0.0,0,29.0,NOT_REVIEWED,NOT_APPROVED
35,25,Пулемёт РПД,heavy,3392,0.0,0,20.22,NOT_REVIEWED,NOT_APPROVED
35,18,Автомат АС «Вал»,heavy,4477,0.0,0,31.0,NOT_REVIEWED,NOT_APPROVED
35,10,Карабин Сайга-12,heavy,6356,0.0,0,11.0,NOT_REVIEWED,NOT_APPROVED
35,63,Автомат АК-308,heavy,4222,0.0,0,36.0,NOT_REVIEWED,NOT_APPROVED
35,51,Автомат ЛР-308,heavy,3905,0.0,0,48.0,NOT_REVIEWED,NOT_APPROVED
35,75,Автомат SCAR-H,heavy,4323,0.0,0,17.0,NOT_REVIEWED,NOT_APPROVED
35,22,Пулемёт ПКМ,heavy,2352,0.0,0,20.62,NOT_REVIEWED,NOT_APPROVED
35,29,Пулемёт «Печенег»,heavy,3642,0.0,0,22.47,NOT_REVIEWED,NOT_APPROVED
35,47,Автомат АК-АН «Абакан-100»,heavy,3445,0.0,0,10.0,NOT_REVIEWED,NOT_APPROVED
35,14,Винтовка СКС,heavy,5937,0.0,0,3.0,NOT_REVIEWED,NOT_APPROVED
35,46,Винтовка SSG 08,heavy,3465,0.0,0,10.0,NOT_REVIEWED,NOT_APPROVED
35,42,Винтовка SR-25,heavy,4012,0.0,0,40.2,NOT_REVIEWED,NOT_APPROVED
35,24,Винтовка СВДС,heavy,3926,0.0,0,17.0,NOT_REVIEWED,NOT_APPROVED
35,23,Винтовка Т-5000,heavy,3088,0.0,0,23.0,NOT_REVIEWED,NOT_APPROVED
35,28,Винтовка СВ-98,heavy,4529,0.0,0,15.03,NOT_REVIEWED,NOT_APPROVED
35,30,Винтовка ВСС «Винторез»,heavy,4704,0.0,0,21.0,NOT_REVIEWED,NOT_APPROVED
35,40,Винтовка ВСК-94,heavy,4269,0.0,0,43.0,NOT_REVIEWED,NOT_APPROVED
35,27,Винтовка ОРСИС T-5000M,heavy,4045,0.0,0,13.0,NOT_REVIEWED,NOT_APPROVED
35,48,Винтовка Barrett M98B,heavy,2913,0.0,0,8.06,NOT_REVIEWED,NOT_APPROVED
35,64,Винтовка ORSIS T-5000 Elite,heavy,4033,0.0,0,24.17,NOT_REVIEWED,NOT_APPROVED
35,33,Винтовка «Выхлоп»,heavy,3501,0.0,0,18.0,NOT_REVIEWED,NOT_APPROVED
35,54,Винтовка McMillan TAC-50,heavy,4476,0.0,0,25.0,NOT_REVIEWED,NOT_APPROVED
35,72,Винтовка Desert Tech HTI,heavy,4147,0.0,0,21.0,NOT_REVIEWED,NOT_APPROVED
35,73,Прототип X-17,heavy,2989,0.0,0,38.28,NOT_REVIEWED,NOT_APPROVED
35,55,Гаусс-пушка,heavy,5896,0.0,0,11.0,NOT_REVIEWED,NOT_APPROVED
35,4,Обрез охотничьего ружья,heavy,7673,0.0,0,6.08,NOT_REVIEWED,NOT_APPROVED
35,8,ПП «Кедр»,heavy,8579,0.0,0,59.03,NOT_REVIEWED,NOT_APPROVED
35,20,Дробовик Сайга-410,heavy,5123,0.0,0,19.42,NOT_REVIEWED,NOT_APPROVED
35,19,Дробовик СПАС-12,heavy,5277,0.0,0,2.83,NOT_REVIEWED,NOT_APPROVED
35,112,Дробовик Winchester SXP Defender,heavy,5113,0.0,0,12.04,NOT_REVIEWED,NOT_APPROVED
35,114,Дробовик Remington 870 MCS,heavy,4217,0.0,0,19.0,NOT_REVIEWED,NOT_APPROVED
35,32,Дробовик Сайга-12К,heavy,3522,0.0,0,47.17,NOT_REVIEWED,NOT_APPROVED
35,44,Дробовик «Вепрь-12»,heavy,3955,0.0,0,29.53,NOT_REVIEWED,NOT_APPROVED
35,62,Дробовик Kel-Tec KSG,heavy,4561,0.0,0,48.3,NOT_REVIEWED,NOT_APPROVED
35,118,Дробовик Beretta 1301 Tactical,heavy,4013,0.0,0,19.0,NOT_REVIEWED,NOT_APPROVED
35,50,Дробовик Benelli M4,heavy,4532,0.0,0,5.0,NOT_REVIEWED,NOT_APPROVED
35,119,Дробовик Fabarm STF/12,heavy,4770,0.0,0,19.24,NOT_REVIEWED,NOT_APPROVED
35,56,Дробовик AA-12,heavy,6183,0.0,0,8.54,NOT_REVIEWED,NOT_APPROVED
35,68,Дробовик Franchi SPAS-15,heavy,4908,0.0,0,2.0,NOT_REVIEWED,NOT_APPROVED
35,74,Дробовик USAS-12,heavy,3819,0.0,0,27.0,NOT_REVIEWED,NOT_APPROVED
35,124,Дробовик Ithaca Mag-10,heavy,3669,0.0,0,36.0,NOT_REVIEWED,NOT_APPROVED
35,125,Дробовик Remington SP-10,heavy,4839,0.0,0,33.0,NOT_REVIEWED,NOT_APPROVED
36,37,Автомат АК-107,heavy,4110,0.0,0,9.06,NOT_REVIEWED,NOT_APPROVED
36,21,Автомат АК-12,heavy,5161,0.0,0,15.0,NOT_REVIEWED,NOT_APPROVED
36,26,Автомат АН-94 «Абакан»,heavy,4230,0.0,0,6.0,NOT_REVIEWED,NOT_APPROVED
36,17,Пулемёт РПК-74,heavy,3796,0.0,0,2.0,NOT_REVIEWED,NOT_APPROVED
36,38,Автомат ADAR 2-15,heavy,5510,0.0,0,8.0,NOT_REVIEWED,NOT_APPROVED
36,45,Автомат АК-19,heavy,4424,0.0,0,3.0,NOT_REVIEWED,NOT_APPROVED
36,69,Автомат CZ Bren 2,heavy,4222,0.0,0,11.0,NOT_REVIEWED,NOT_APPROVED
36,43,Автомат ОЦ-14 «Гроза»,heavy,4768,0.0,0,21.47,NOT_REVIEWED,NOT_APPROVED
36,25,Пулемёт РПД,heavy,3392,0.0,0,18.03,NOT_REVIEWED,NOT_APPROVED
36,18,Автомат АС «Вал»,heavy,4486,0.0,0,3.16,NOT_REVIEWED,NOT_APPROVED
36,63,Автомат АК-308,heavy,4222,0.0,0,6.0,NOT_REVIEWED,NOT_APPROVED
36,51,Автомат ЛР-308,heavy,3905,0.0,0,27.0,NOT_REVIEWED,NOT_APPROVED
36,59,Пулемёт M240,heavy,3572,0.0,0,1.0,NOT_REVIEWED,NOT_APPROVED
36,22,Пулемёт ПКМ,heavy,2352,0.0,0,14.14,NOT_REVIEWED,NOT_APPROVED
36,42,Винтовка SR-25,heavy,4012,0.0,0,19.0,NOT_REVIEWED,NOT_APPROVED
36,40,Винтовка ВСК-94,heavy,4284,0.0,0,5.0,NOT_REVIEWED,NOT_APPROVED
36,54,Винтовка McMillan TAC-50,heavy,4482,0.0,0,3.0,NOT_REVIEWED,NOT_APPROVED
36,8,ПП «Кедр»,heavy,8564,0.0,0,9.22,NOT_REVIEWED,NOT_APPROVED
36,32,Дробовик Сайга-12К,heavy,3522,0.0,0,15.0,NOT_REVIEWED,NOT_APPROVED
36,62,Дробовик Kel-Tec KSG,heavy,4561,0.0,0,4.0,NOT_REVIEWED,NOT_APPROVED
36,74,Дробовик USAS-12,heavy,3813,0.0,0,1.0,NOT_REVIEWED,NOT_APPROVED
36,124,Дробовик Ithaca Mag-10,heavy,3674,0.0,0,3.0,NOT_REVIEWED,NOT_APPROVED
36,125,Дробовик Remington SP-10,heavy,4839,0.0,0,6.0,NOT_REVIEWED,NOT_APPROVED
37,37,Автомат АК-107,heavy,4103,0.0,0,9.43,NOT_REVIEWED,NOT_APPROVED
37,21,Автомат АК-12,heavy,5161,0.0,0,8.06,NOT_REVIEWED,NOT_APPROVED
37,38,Автомат ADAR 2-15,heavy,5532,0.0,0,1.0,NOT_REVIEWED,NOT_APPROVED
37,43,Автомат ОЦ-14 «Гроза»,heavy,4705,0.0,0,24.6,NOT_REVIEWED,NOT_APPROVED
37,25,Пулемёт РПД,heavy,3476,0.0,0,15.0,NOT_REVIEWED,NOT_APPROVED
37,51,Автомат ЛР-308,heavy,3905,0.0,0,20.0,NOT_REVIEWED,NOT_APPROVED
37,59,Пулемёт M240,heavy,3572,0.0,0,2.24,NOT_REVIEWED,NOT_APPROVED
37,71,Пулемёт FN MAG,heavy,3067,0.0,0,4.0,NOT_REVIEWED,NOT_APPROVED
37,22,Пулемёт ПКМ,heavy,2309,0.0,0,10.05,NOT_REVIEWED,NOT_APPROVED
37,53,Пулемёт «Печенег-СП»,heavy,3860,0.0,0,6.0,NOT_REVIEWED,NOT_APPROVED
37,42,Винтовка SR-25,heavy,4012,0.0,0,13.93,NOT_REVIEWED,NOT_APPROVED
37,40,Винтовка ВСК-94,heavy,4269,0.0,0,4.24,NOT_REVIEWED,NOT_APPROVED
37,8,ПП «Кедр»,heavy,8579,0.0,0,9.85,NOT_REVIEWED,NOT_APPROVED
37,32,Дробовик Сайга-12К,heavy,3522,0.0,0,9.49,NOT_REVIEWED,NOT_APPROVED
37,56,Дробовик AA-12,heavy,6183,0.0,0,2.0,NOT_REVIEWED,NOT_APPROVED
38,12,Автомат АК-74,heavy,6103,0.0,0,17.0,NOT_REVIEWED,NOT_APPROVED
38,37,Автомат АК-107,heavy,4110,0.0,0,47.0,NOT_REVIEWED,NOT_APPROVED
38,21,Автомат АК-12,heavy,5161,0.0,0,30.0,NOT_REVIEWED,NOT_APPROVED
38,26,Автомат АН-94 «Абакан»,heavy,4230,0.0,0,35.0,NOT_REVIEWED,NOT_APPROVED
38,17,Пулемёт РПК-74,heavy,3796,0.0,0,31.0,NOT_REVIEWED,NOT_APPROVED
38,38,Автомат ADAR 2-15,heavy,5510,0.0,0,37.0,NOT_REVIEWED,NOT_APPROVED
38,45,Автомат АК-19,heavy,4424,0.0,0,32.0,NOT_REVIEWED,NOT_APPROVED
38,69,Автомат CZ Bren 2,heavy,4222,0.0,0,3.0,NOT_REVIEWED,NOT_APPROVED
38,43,Автомат ОЦ-14 «Гроза»,heavy,4768,0.0,0,65.74,NOT_REVIEWED,NOT_APPROVED
38,16,Карабин «Вепрь»,heavy,5720,0.0,0,25.96,NOT_REVIEWED,NOT_APPROVED
38,15,Автомат АК-103,heavy,4777,0.0,0,29.0,NOT_REVIEWED,NOT_APPROVED
38,25,Пулемёт РПД,heavy,3392,0.0,0,49.24,NOT_REVIEWED,NOT_APPROVED
38,18,Автомат АС «Вал»,heavy,4486,0.0,0,39.0,NOT_REVIEWED,NOT_APPROVED
38,10,Карабин Сайга-12,heavy,6356,0.0,0,18.0,NOT_REVIEWED,NOT_APPROVED
38,63,Автомат АК-308,heavy,4222,0.0,0,37.48,NOT_REVIEWED,NOT_APPROVED
38,51,Автомат ЛР-308,heavy,3905,0.0,0,56.0,NOT_REVIEWED,NOT_APPROVED
38,59,Пулемёт M240,heavy,3572,0.0,0,26.4,NOT_REVIEWED,NOT_APPROVED
38,22,Пулемёт ПКМ,heavy,2352,0.0,0,40.8,NOT_REVIEWED,NOT_APPROVED
38,29,Пулемёт «Печенег»,heavy,3642,0.0,0,33.0,NOT_REVIEWED,NOT_APPROVED
38,47,Автомат АК-АН «Абакан-100»,heavy,3445,0.0,0,22.85,NOT_REVIEWED,NOT_APPROVED
38,46,Винтовка SSG 08,heavy,3459,0.0,0,17.0,NOT_REVIEWED,NOT_APPROVED
38,42,Винтовка SR-25,heavy,4012,0.0,0,48.0,NOT_REVIEWED,NOT_APPROVED
38,13,Винтовка СВД,heavy,5513,0.0,0,3.16,NOT_REVIEWED,NOT_APPROVED
38,24,Винтовка СВДС,heavy,3921,0.0,0,20.0,NOT_REVIEWED,NOT_APPROVED
38,23,Винтовка Т-5000,heavy,3088,0.0,0,26.0,NOT_REVIEWED,NOT_APPROVED
38,28,Винтовка СВ-98,heavy,4517,0.0,0,13.0,NOT_REVIEWED,NOT_APPROVED
38,30,Винтовка ВСС «Винторез»,heavy,4692,0.0,0,28.0,NOT_REVIEWED,NOT_APPROVED
38,40,Винтовка ВСК-94,heavy,4284,0.0,0,46.04,NOT_REVIEWED,NOT_APPROVED
38,31,Винтовка СВ-338,heavy,3721,0.0,0,5.0,NOT_REVIEWED,NOT_APPROVED
38,27,Винтовка ОРСИС T-5000M,heavy,4050,0.0,0,13.6,NOT_REVIEWED,NOT_APPROVED
38,64,Винтовка ORSIS T-5000 Elite,heavy,4011,0.0,0,6.0,NOT_REVIEWED,NOT_APPROVED
38,33,Винтовка «Выхлоп»,heavy,3501,0.0,0,26.0,NOT_REVIEWED,NOT_APPROVED
38,54,Винтовка McMillan TAC-50,heavy,4482,0.0,0,14.0,NOT_REVIEWED,NOT_APPROVED
38,72,Винтовка Desert Tech HTI,heavy,4150,0.0,0,29.0,NOT_REVIEWED,NOT_APPROVED
38,73,Прототип X-17,heavy,2985,0.0,0,29.7,NOT_REVIEWED,NOT_APPROVED
38,55,Гаусс-пушка,heavy,5680,0.0,0,21.0,NOT_REVIEWED,NOT_APPROVED
38,4,Обрез охотничьего ружья,heavy,7577,0.0,0,8.0,NOT_REVIEWED,NOT_APPROVED
38,8,ПП «Кедр»,heavy,8579,0.0,0,39.46,NOT_REVIEWED,NOT_APPROVED
38,20,Дробовик Сайга-410,heavy,5118,0.0,0,25.0,NOT_REVIEWED,NOT_APPROVED
38,19,Дробовик СПАС-12,heavy,5277,0.0,0,10.77,NOT_REVIEWED,NOT_APPROVED
38,112,Дробовик Winchester SXP Defender,heavy,5113,0.0,0,21.0,NOT_REVIEWED,NOT_APPROVED
38,114,Дробовик Remington 870 MCS,heavy,4223,0.0,0,22.36,NOT_REVIEWED,NOT_APPROVED
38,32,Дробовик Сайга-12К,heavy,3522,0.0,0,46.0,NOT_REVIEWED,NOT_APPROVED
38,116,Дробовик TOZ-194,heavy,5366,0.0,0,2.0,NOT_REVIEWED,NOT_APPROVED
38,44,Дробовик «Вепрь-12»,heavy,3955,0.0,0,26.0,NOT_REVIEWED,NOT_APPROVED
38,62,Дробовик Kel-Tec KSG,heavy,4561,0.0,0,38.63,NOT_REVIEWED,NOT_APPROVED
38,118,Дробовик Beretta 1301 Tactical,heavy,4002,0.0,0,27.0,NOT_REVIEWED,NOT_APPROVED
38,50,Дробовик Benelli M4,heavy,4528,0.0,0,12.0,NOT_REVIEWED,NOT_APPROVED
38,119,Дробовик Fabarm STF/12,heavy,4786,0.0,0,23.0,NOT_REVIEWED,NOT_APPROVED
38,56,Дробовик AA-12,heavy,6157,0.0,0,6.32,NOT_REVIEWED,NOT_APPROVED
38,68,Дробовик Franchi SPAS-15,heavy,4896,0.0,0,11.0,NOT_REVIEWED,NOT_APPROVED
38,124,Дробовик Ithaca Mag-10,heavy,3674,0.0,0,33.96,NOT_REVIEWED,NOT_APPROVED
38,125,Дробовик Remington SP-10,heavy,4839,0.0,0,37.0,NOT_REVIEWED,NOT_APPROVED
39,11,Автомат АКС-74У,heavy,5987,0.0,0,16.49,NOT_REVIEWED,NOT_APPROVED
39,12,Автомат АК-74,heavy,6148,0.0,0,4.0,NOT_REVIEWED,NOT_APPROVED
39,37,Автомат АК-107,heavy,4103,0.0,0,25.0,NOT_REVIEWED,NOT_APPROVED
39,21,Автомат АК-12,heavy,5161,0.0,0,33.54,NOT_REVIEWED,NOT_APPROVED
39,26,Автомат АН-94 «Абакан»,heavy,4287,0.0,0,17.0,NOT_REVIEWED,NOT_APPROVED
39,38,Автомат ADAR 2-15,heavy,5532,0.0,0,23.09,NOT_REVIEWED,NOT_APPROVED
39,45,Автомат АК-19,heavy,4428,0.0,0,26.02,NOT_REVIEWED,NOT_APPROVED
39,57,Автомат HK416,heavy,4536,0.0,0,36.88,NOT_REVIEWED,NOT_APPROVED
39,69,Автомат CZ Bren 2,heavy,4222,0.0,0,29.27,NOT_REVIEWED,NOT_APPROVED
39,43,Автомат ОЦ-14 «Гроза»,heavy,4705,0.0,0,100.0,NOT_REVIEWED,NOT_APPROVED
39,16,Карабин «Вепрь»,heavy,5787,0.0,0,21.0,NOT_REVIEWED,NOT_APPROVED
39,15,Автомат АК-103,heavy,4777,0.0,0,16.0,NOT_REVIEWED,NOT_APPROVED
39,18,Автомат АС «Вал»,heavy,4531,0.0,0,19.0,NOT_REVIEWED,NOT_APPROVED
39,10,Карабин Сайга-12,heavy,6409,0.0,0,5.0,NOT_REVIEWED,NOT_APPROVED
39,63,Автомат АК-308,heavy,4222,0.0,0,30.41,NOT_REVIEWED,NOT_APPROVED
39,51,Автомат ЛР-308,heavy,3905,0.0,0,41.3,NOT_REVIEWED,NOT_APPROVED
39,75,Автомат SCAR-H,heavy,4269,0.0,0,53.85,NOT_REVIEWED,NOT_APPROVED
39,29,Пулемёт «Печенег»,heavy,3642,0.0,0,16.03,NOT_REVIEWED,NOT_APPROVED
39,47,Автомат АК-АН «Абакан-100»,heavy,3555,0.0,0,8.94,NOT_REVIEWED,NOT_APPROVED
39,42,Винтовка SR-25,heavy,4012,0.0,0,34.0,NOT_REVIEWED,NOT_APPROVED
39,24,Винтовка СВДС,heavy,3816,0.0,0,5.66,NOT_REVIEWED,NOT_APPROVED
39,23,Винтовка Т-5000,heavy,3088,0.0,0,19.0,NOT_REVIEWED,NOT_APPROVED
39,28,Винтовка СВ-98,heavy,4616,0.0,0,13.34,NOT_REVIEWED,NOT_APPROVED
39,30,Винтовка ВСС «Винторез»,heavy,4814,0.0,0,9.0,NOT_REVIEWED,NOT_APPROVED
39,40,Винтовка ВСК-94,heavy,4269,0.0,0,31.0,NOT_REVIEWED,NOT_APPROVED
39,27,Винтовка ОРСИС T-5000M,heavy,3935,0.0,0,8.06,NOT_REVIEWED,NOT_APPROVED
39,60,Винтовка Accuracy International AXMC,heavy,3551,0.0,0,16.0,NOT_REVIEWED,NOT_APPROVED
39,48,Винтовка Barrett M98B,heavy,2913,0.0,0,5.0,NOT_REVIEWED,NOT_APPROVED
39,64,Винтовка ORSIS T-5000 Elite,heavy,4033,0.0,0,23.0,NOT_REVIEWED,NOT_APPROVED
39,33,Винтовка «Выхлоп»,heavy,3501,0.0,0,8.0,NOT_REVIEWED,NOT_APPROVED
39,54,Винтовка McMillan TAC-50,heavy,4476,0.0,0,24.04,NOT_REVIEWED,NOT_APPROVED
39,72,Винтовка Desert Tech HTI,heavy,4241,0.0,0,16.12,NOT_REVIEWED,NOT_APPROVED
39,73,Прототип X-17,heavy,2989,0.0,0,45.88,NOT_REVIEWED,NOT_APPROVED
39,55,Гаусс-пушка,heavy,5896,0.0,0,3.61,NOT_REVIEWED,NOT_APPROVED
39,4,Обрез охотничьего ружья,heavy,7673,0.0,0,3.61,NOT_REVIEWED,NOT_APPROVED
39,8,ПП «Кедр»,heavy,8579,0.0,0,66.61,NOT_REVIEWED,NOT_APPROVED
39,20,Дробовик Сайга-410,heavy,5200,0.0,0,20.12,NOT_REVIEWED,NOT_APPROVED
39,19,Дробовик СПАС-12,heavy,5277,0.0,0,1.0,NOT_REVIEWED,NOT_APPROVED
39,114,Дробовик Remington 870 MCS,heavy,4217,0.0,0,11.0,NOT_REVIEWED,NOT_APPROVED
39,32,Дробовик Сайга-12К,heavy,3522,0.0,0,48.47,NOT_REVIEWED,NOT_APPROVED
39,44,Дробовик «Вепрь-12»,heavy,3955,0.0,0,18.97,NOT_REVIEWED,NOT_APPROVED
39,62,Дробовик Kel-Tec KSG,heavy,4561,0.0,0,55.47,NOT_REVIEWED,NOT_APPROVED
39,118,Дробовик Beretta 1301 Tactical,heavy,3958,0.0,0,18.0,NOT_REVIEWED,NOT_APPROVED
39,50,Дробовик Benelli M4,heavy,4532,0.0,0,6.32,NOT_REVIEWED,NOT_APPROVED
39,119,Дробовик Fabarm STF/12,heavy,4770,0.0,0,18.0,NOT_REVIEWED,NOT_APPROVED
39,56,Дробовик AA-12,heavy,6183,0.0,0,15.56,NOT_REVIEWED,NOT_APPROVED
39,74,Дробовик USAS-12,heavy,3774,0.0,0,24.7,NOT_REVIEWED,NOT_APPROVED
39,124,Дробовик Ithaca Mag-10,heavy,3613,0.0,0,24.02,NOT_REVIEWED,NOT_APPROVED
39,125,Дробовик Remington SP-10,heavy,4897,0.0,0,27.46,NOT_REVIEWED,NOT_APPROVED
40,11,Автомат АКС-74У,heavy,5979,0.0,0,9.85,NOT_REVIEWED,NOT_APPROVED
40,12,Автомат АК-74,heavy,6166,0.0,0,11.4,NOT_REVIEWED,NOT_APPROVED
40,37,Автомат АК-107,heavy,4110,0.0,0,37.05,NOT_REVIEWED,NOT_APPROVED
40,21,Автомат АК-12,heavy,5161,0.0,0,37.0,NOT_REVIEWED,NOT_APPROVED
40,26,Автомат АН-94 «Абакан»,heavy,4287,0.0,0,26.68,NOT_REVIEWED,NOT_APPROVED
40,17,Пулемёт РПК-74,heavy,3796,0.0,0,22.36,NOT_REVIEWED,NOT_APPROVED
40,38,Автомат ADAR 2-15,heavy,5510,0.0,0,28.64,NOT_REVIEWED,NOT_APPROVED
40,45,Автомат АК-19,heavy,4424,0.0,0,25.3,NOT_REVIEWED,NOT_APPROVED
40,69,Автомат CZ Bren 2,heavy,4222,0.0,0,17.0,NOT_REVIEWED,NOT_APPROVED
40,43,Автомат ОЦ-14 «Гроза»,heavy,4705,0.0,0,61.68,NOT_REVIEWED,NOT_APPROVED
40,16,Карабин «Вепрь»,heavy,5787,0.0,0,23.09,NOT_REVIEWED,NOT_APPROVED
40,15,Автомат АК-103,heavy,4777,0.0,0,24.17,NOT_REVIEWED,NOT_APPROVED
40,25,Пулемёт РПД,heavy,3476,0.0,0,39.0,NOT_REVIEWED,NOT_APPROVED
40,18,Автомат АС «Вал»,heavy,4540,0.0,0,30.0,NOT_REVIEWED,NOT_APPROVED
40,10,Карабин Сайга-12,heavy,6409,0.0,0,10.0,NOT_REVIEWED,NOT_APPROVED
40,63,Автомат АК-308,heavy,4222,0.0,0,35.51,NOT_REVIEWED,NOT_APPROVED
40,51,Автомат ЛР-308,heavy,3905,0.0,0,48.0,NOT_REVIEWED,NOT_APPROVED
40,59,Пулемёт M240,heavy,3572,0.0,0,14.32,NOT_REVIEWED,NOT_APPROVED
40,22,Пулемёт ПКМ,heavy,2309,0.0,0,32.0,NOT_REVIEWED,NOT_APPROVED
40,29,Пулемёт «Печенег»,heavy,3642,0.0,0,29.53,NOT_REVIEWED,NOT_APPROVED
40,47,Автомат АК-АН «Абакан-100»,heavy,3555,0.0,0,13.0,NOT_REVIEWED,NOT_APPROVED
40,46,Винтовка SSG 08,heavy,3376,0.0,0,7.0,NOT_REVIEWED,NOT_APPROVED
40,42,Винтовка SR-25,heavy,4012,0.0,0,41.0,NOT_REVIEWED,NOT_APPROVED
40,13,Винтовка СВД,heavy,5419,0.0,0,2.0,NOT_REVIEWED,NOT_APPROVED
40,24,Винтовка СВДС,heavy,3811,0.0,0,13.0,NOT_REVIEWED,NOT_APPROVED
40,23,Винтовка Т-5000,heavy,3088,0.0,0,18.0,NOT_REVIEWED,NOT_APPROVED
40,28,Винтовка СВ-98,heavy,4604,0.0,0,13.0,NOT_REVIEWED,NOT_APPROVED
40,30,Винтовка ВСС «Винторез»,heavy,4802,0.0,0,19.42,NOT_REVIEWED,NOT_APPROVED
40,40,Винтовка ВСК-94,heavy,4284,0.0,0,40.25,NOT_REVIEWED,NOT_APPROVED
40,27,Винтовка ОРСИС T-5000M,heavy,3940,0.0,0,6.0,NOT_REVIEWED,NOT_APPROVED
40,64,Винтовка ORSIS T-5000 Elite,heavy,4011,0.0,0,13.0,NOT_REVIEWED,NOT_APPROVED
40,33,Винтовка «Выхлоп»,heavy,3501,0.0,0,18.0,NOT_REVIEWED,NOT_APPROVED
40,54,Винтовка McMillan TAC-50,heavy,4482,0.0,0,25.0,NOT_REVIEWED,NOT_APPROVED
40,72,Винтовка Desert Tech HTI,heavy,4243,0.0,0,20.02,NOT_REVIEWED,NOT_APPROVED
40,73,Прототип X-17,heavy,2989,0.0,0,26.0,NOT_REVIEWED,NOT_APPROVED
40,55,Гаусс-пушка,heavy,5896,0.0,0,10.44,NOT_REVIEWED,NOT_APPROVED
40,4,Обрез охотничьего ружья,heavy,7673,0.0,0,3.0,NOT_REVIEWED,NOT_APPROVED
40,8,ПП «Кедр»,heavy,8579,0.0,0,48.27,NOT_REVIEWED,NOT_APPROVED
40,20,Дробовик Сайга-410,heavy,5195,0.0,0,17.0,NOT_REVIEWED,NOT_APPROVED
40,19,Дробовик СПАС-12,heavy,5277,0.0,0,1.0,NOT_REVIEWED,NOT_APPROVED
40,112,Дробовик Winchester SXP Defender,heavy,5113,0.0,0,13.0,NOT_REVIEWED,NOT_APPROVED
40,114,Дробовик Remington 870 MCS,heavy,4223,0.0,0,19.65,NOT_REVIEWED,NOT_APPROVED
40,32,Дробовик Сайга-12К,heavy,3522,0.0,0,40.02,NOT_REVIEWED,NOT_APPROVED
40,44,Дробовик «Вепрь-12»,heavy,3955,0.0,0,23.6,NOT_REVIEWED,NOT_APPROVED
40,62,Дробовик Kel-Tec KSG,heavy,4561,0.0,0,38.59,NOT_REVIEWED,NOT_APPROVED
40,118,Дробовик Beretta 1301 Tactical,heavy,3947,0.0,0,20.0,NOT_REVIEWED,NOT_APPROVED
40,50,Дробовик Benelli M4,heavy,4528,0.0,0,5.0,NOT_REVIEWED,NOT_APPROVED
40,119,Дробовик Fabarm STF/12,heavy,4786,0.0,0,16.0,NOT_REVIEWED,NOT_APPROVED
40,68,Дробовик Franchi SPAS-15,heavy,4843,0.0,0,4.0,NOT_REVIEWED,NOT_APPROVED
40,124,Дробовик Ithaca Mag-10,heavy,3618,0.0,0,32.98,NOT_REVIEWED,NOT_APPROVED
40,125,Дробовик Remington SP-10,heavy,4897,0.0,0,30.08,NOT_REVIEWED,NOT_APPROVED
41,11,Автомат АКС-74У,heavy,5979,0.0,0,7.0,NOT_REVIEWED,NOT_APPROVED
41,37,Автомат АК-107,heavy,4110,0.0,0,8.25,NOT_REVIEWED,NOT_APPROVED
41,21,Автомат АК-12,heavy,5161,0.0,0,16.0,NOT_REVIEWED,NOT_APPROVED
41,38,Автомат ADAR 2-15,heavy,5510,0.0,0,4.0,NOT_REVIEWED,NOT_APPROVED
41,45,Автомат АК-19,heavy,4424,0.0,0,7.0,NOT_REVIEWED,NOT_APPROVED
41,57,Автомат HK416,heavy,4536,0.0,0,24.04,NOT_REVIEWED,NOT_APPROVED
41,69,Автомат CZ Bren 2,heavy,4222,0.0,0,20.59,NOT_REVIEWED,NOT_APPROVED
41,43,Автомат ОЦ-14 «Гроза»,heavy,4768,0.0,0,104.24,NOT_REVIEWED,NOT_APPROVED
41,16,Карабин «Вепрь»,heavy,5720,0.0,0,5.0,NOT_REVIEWED,NOT_APPROVED
41,18,Автомат АС «Вал»,heavy,4486,0.0,0,3.0,NOT_REVIEWED,NOT_APPROVED
41,63,Автомат АК-308,heavy,4222,0.0,0,12.21,NOT_REVIEWED,NOT_APPROVED
41,51,Автомат ЛР-308,heavy,3905,0.0,0,20.88,NOT_REVIEWED,NOT_APPROVED
41,75,Автомат SCAR-H,heavy,4323,0.0,0,34.53,NOT_REVIEWED,NOT_APPROVED
41,42,Винтовка SR-25,heavy,4012,0.0,0,15.0,NOT_REVIEWED,NOT_APPROVED
41,23,Винтовка Т-5000,heavy,3088,0.0,0,6.71,NOT_REVIEWED,NOT_APPROVED
41,28,Винтовка СВ-98,heavy,4517,0.0,0,13.0,NOT_REVIEWED,NOT_APPROVED
41,40,Винтовка ВСК-94,heavy,4284,0.0,0,14.0,NOT_REVIEWED,NOT_APPROVED
41,48,Винтовка Barrett M98B,heavy,2907,0.0,0,6.0,NOT_REVIEWED,NOT_APPROVED
41,64,Винтовка ORSIS T-5000 Elite,heavy,4011,0.0,0,6.0,NOT_REVIEWED,NOT_APPROVED
41,54,Винтовка McMillan TAC-50,heavy,4482,0.0,0,16.0,NOT_REVIEWED,NOT_APPROVED
41,72,Винтовка Desert Tech HTI,heavy,4150,0.0,0,8.54,NOT_REVIEWED,NOT_APPROVED
41,73,Прототип X-17,heavy,2989,0.0,0,40.8,NOT_REVIEWED,NOT_APPROVED
41,8,ПП «Кедр»,heavy,8579,0.0,0,49.66,NOT_REVIEWED,NOT_APPROVED
41,20,Дробовик Сайга-410,heavy,5118,0.0,0,6.0,NOT_REVIEWED,NOT_APPROVED
41,32,Дробовик Сайга-12К,heavy,3522,0.0,0,29.73,NOT_REVIEWED,NOT_APPROVED
41,62,Дробовик Kel-Tec KSG,heavy,4561,0.0,0,62.13,NOT_REVIEWED,NOT_APPROVED
41,119,Дробовик Fabarm STF/12,heavy,4786,0.0,0,1.0,NOT_REVIEWED,NOT_APPROVED
41,56,Дробовик AA-12,heavy,6157,0.0,0,16.28,NOT_REVIEWED,NOT_APPROVED
41,74,Дробовик USAS-12,heavy,3813,0.0,0,5.0,NOT_REVIEWED,NOT_APPROVED
41,124,Дробовик Ithaca Mag-10,heavy,3674,0.0,0,6.0,NOT_REVIEWED,NOT_APPROVED
41,125,Дробовик Remington SP-10,heavy,4839,0.0,0,10.0,NOT_REVIEWED,NOT_APPROVED
42,12,Автомат АК-74,heavy,6166,0.0,0,46.62,NOT_REVIEWED,NOT_APPROVED
42,37,Автомат АК-107,heavy,4110,0.0,0,69.0,NOT_REVIEWED,NOT_APPROVED
42,21,Автомат АК-12,heavy,5161,0.0,0,43.0,NOT_REVIEWED,NOT_APPROVED
42,26,Автомат АН-94 «Абакан»,heavy,4287,0.0,0,59.03,NOT_REVIEWED,NOT_APPROVED
42,17,Пулемёт РПК-74,heavy,3796,0.0,0,54.08,NOT_REVIEWED,NOT_APPROVED
42,38,Автомат ADAR 2-15,heavy,5510,0.0,0,60.13,NOT_REVIEWED,NOT_APPROVED
42,45,Автомат АК-19,heavy,4424,0.0,0,60.88,NOT_REVIEWED,NOT_APPROVED
42,69,Автомат CZ Bren 2,heavy,4222,0.0,0,18.03,NOT_REVIEWED,NOT_APPROVED
42,43,Автомат ОЦ-14 «Гроза»,heavy,4705,0.0,0,95.75,NOT_REVIEWED,NOT_APPROVED
42,16,Карабин «Вепрь»,heavy,5787,0.0,0,58.87,NOT_REVIEWED,NOT_APPROVED
42,15,Автомат АК-103,heavy,4777,0.0,0,49.0,NOT_REVIEWED,NOT_APPROVED
42,25,Пулемёт РПД,heavy,3476,0.0,0,48.05,NOT_REVIEWED,NOT_APPROVED
42,18,Автомат АС «Вал»,heavy,4540,0.0,0,62.0,NOT_REVIEWED,NOT_APPROVED
42,10,Карабин Сайга-12,heavy,6409,0.0,0,30.08,NOT_REVIEWED,NOT_APPROVED
42,63,Автомат АК-308,heavy,4222,0.0,0,58.0,NOT_REVIEWED,NOT_APPROVED
42,51,Автомат ЛР-308,heavy,3905,0.0,0,80.0,NOT_REVIEWED,NOT_APPROVED
42,75,Автомат SCAR-H,heavy,4269,0.0,0,11.0,NOT_REVIEWED,NOT_APPROVED
42,59,Пулемёт M240,heavy,3572,0.0,0,9.49,NOT_REVIEWED,NOT_APPROVED
42,22,Пулемёт ПКМ,heavy,2309,0.0,0,48.37,NOT_REVIEWED,NOT_APPROVED
42,29,Пулемёт «Печенег»,heavy,3642,0.0,0,56.3,NOT_REVIEWED,NOT_APPROVED
42,47,Автомат АК-АН «Абакан-100»,heavy,3555,0.0,0,41.0,NOT_REVIEWED,NOT_APPROVED
42,14,Винтовка СКС,heavy,5950,0.0,0,27.86,NOT_REVIEWED,NOT_APPROVED
42,46,Винтовка SSG 08,heavy,3376,0.0,0,39.01,NOT_REVIEWED,NOT_APPROVED
42,42,Винтовка SR-25,heavy,4012,0.0,0,73.0,NOT_REVIEWED,NOT_APPROVED
42,13,Винтовка СВД,heavy,5419,0.0,0,31.4,NOT_REVIEWED,NOT_APPROVED
42,24,Винтовка СВДС,heavy,3811,0.0,0,46.84,NOT_REVIEWED,NOT_APPROVED
42,23,Винтовка Т-5000,heavy,3088,0.0,0,50.99,NOT_REVIEWED,NOT_APPROVED
42,28,Винтовка СВ-98,heavy,4604,0.0,0,46.0,NOT_REVIEWED,NOT_APPROVED
42,30,Винтовка ВСС «Винторез»,heavy,4802,0.0,0,52.0,NOT_REVIEWED,NOT_APPROVED
42,40,Винтовка ВСК-94,heavy,4284,0.0,0,72.84,NOT_REVIEWED,NOT_APPROVED
42,31,Винтовка СВ-338,heavy,3721,0.0,0,30.0,NOT_REVIEWED,NOT_APPROVED
42,27,Винтовка ОРСИС T-5000M,heavy,3940,0.0,0,40.02,NOT_REVIEWED,NOT_APPROVED
42,48,Винтовка Barrett M98B,heavy,2907,0.0,0,10.44,NOT_REVIEWED,NOT_APPROVED
42,64,Винтовка ORSIS T-5000 Elite,heavy,4011,0.0,0,19.0,NOT_REVIEWED,NOT_APPROVED
42,33,Винтовка «Выхлоп»,heavy,3501,0.0,0,50.0,NOT_REVIEWED,NOT_APPROVED
42,54,Винтовка McMillan TAC-50,heavy,4482,0.0,0,27.0,NOT_REVIEWED,NOT_APPROVED
42,72,Винтовка Desert Tech HTI,heavy,4243,0.0,0,52.0,NOT_REVIEWED,NOT_APPROVED
42,73,Прототип X-17,heavy,2989,0.0,0,64.0,NOT_REVIEWED,NOT_APPROVED
42,55,Гаусс-пушка,heavy,5896,0.0,0,42.01,NOT_REVIEWED,NOT_APPROVED
42,4,Обрез охотничьего ружья,heavy,7673,0.0,0,36.5,NOT_REVIEWED,NOT_APPROVED
42,8,ПП «Кедр»,heavy,8579,0.0,0,51.16,NOT_REVIEWED,NOT_APPROVED
42,20,Дробовик Сайга-410,heavy,5195,0.0,0,49.5,NOT_REVIEWED,NOT_APPROVED
42,107,Дробовик Stoeger P3000,heavy,6003,0.0,0,2.0,NOT_REVIEWED,NOT_APPROVED
42,108,Дробовик Remington 870,heavy,5746,0.0,0,7.0,NOT_REVIEWED,NOT_APPROVED
42,109,Дробовик Winchester Model 1300,heavy,5741,0.0,0,2.0,NOT_REVIEWED,NOT_APPROVED
42,110,Дробовик Ithaca 37,heavy,5694,0.0,0,5.0,NOT_REVIEWED,NOT_APPROVED
42,111,Дробовик Browning BPS,heavy,5524,0.0,0,4.12,NOT_REVIEWED,NOT_APPROVED
42,19,Дробовик СПАС-12,heavy,5277,0.0,0,33.06,NOT_REVIEWED,NOT_APPROVED
42,112,Дробовик Winchester SXP Defender,heavy,5113,0.0,0,43.83,NOT_REVIEWED,NOT_APPROVED
42,113,Дробовик Mossberg 590A1,heavy,5682,0.0,0,1.0,NOT_REVIEWED,NOT_APPROVED
42,114,Дробовик Remington 870 MCS,heavy,4223,0.0,0,51.0,NOT_REVIEWED,NOT_APPROVED
42,32,Дробовик Сайга-12К,heavy,3522,0.0,0,68.0,NOT_REVIEWED,NOT_APPROVED
42,115,Дробовик Benelli Nova,heavy,5626,0.0,0,9.0,NOT_REVIEWED,NOT_APPROVED
42,116,Дробовик TOZ-194,heavy,5332,0.0,0,27.0,NOT_REVIEWED,NOT_APPROVED
42,44,Дробовик «Вепрь-12»,heavy,3955,0.0,0,57.78,NOT_REVIEWED,NOT_APPROVED
42,117,Дробовик Remington 1100,heavy,5591,0.0,0,7.28,NOT_REVIEWED,NOT_APPROVED
42,62,Дробовик Kel-Tec KSG,heavy,4561,0.0,0,76.92,NOT_REVIEWED,NOT_APPROVED
42,118,Дробовик Beretta 1301 Tactical,heavy,3947,0.0,0,52.0,NOT_REVIEWED,NOT_APPROVED
42,50,Дробовик Benelli M4,heavy,4528,0.0,0,37.0,NOT_REVIEWED,NOT_APPROVED
42,119,Дробовик Fabarm STF/12,heavy,4786,0.0,0,48.26,NOT_REVIEWED,NOT_APPROVED
42,56,Дробовик AA-12,heavy,6157,0.0,0,33.11,NOT_REVIEWED,NOT_APPROVED
42,120,Дробовик Winchester SX4,heavy,5693,0.0,0,15.0,NOT_REVIEWED,NOT_APPROVED
42,121,Дробовик Browning A5,heavy,5760,0.0,0,18.25,NOT_REVIEWED,NOT_APPROVED
42,68,Дробовик Franchi SPAS-15,heavy,4843,0.0,0,35.13,NOT_REVIEWED,NOT_APPROVED
42,122,Дробовик Remington 870 Magnum,heavy,6748,0.0,0,11.0,NOT_REVIEWED,NOT_APPROVED
42,123,Дробовик Benelli Vinci,heavy,5958,0.0,0,6.0,NOT_REVIEWED,NOT_APPROVED
42,124,Дробовик Ithaca Mag-10,heavy,3618,0.0,0,69.0,NOT_REVIEWED,NOT_APPROVED
42,125,Дробовик Remington SP-10,heavy,4897,0.0,0,64.0,NOT_REVIEWED,NOT_APPROVED
43,51,Автомат ЛР-308,heavy,3905,0.0,0,4.0,NOT_REVIEWED,NOT_APPROVED
43,42,Винтовка SR-25,heavy,4012,0.0,0,3.0,NOT_REVIEWED,NOT_APPROVED
44,43,Автомат ОЦ-14 «Гроза»,heavy,4768,0.0,0,5.0,NOT_REVIEWED,NOT_APPROVED
44,25,Пулемёт РПД,heavy,3392,0.0,0,1.0,NOT_REVIEWED,NOT_APPROVED
44,51,Автомат ЛР-308,heavy,3905,0.0,0,11.0,NOT_REVIEWED,NOT_APPROVED
44,42,Винтовка SR-25,heavy,4012,0.0,0,10.0,NOT_REVIEWED,NOT_APPROVED
45,38,Автомат ADAR 2-15,heavy,5334,0.0,0,7.0,NOT_REVIEWED,NOT_APPROVED
45,45,Автомат АК-19,heavy,4349,0.0,0,1.0,NOT_REVIEWED,NOT_APPROVED
45,51,Автомат ЛР-308,heavy,3793,0.0,0,12.0,NOT_REVIEWED,NOT_APPROVED
45,71,Пулемёт FN MAG,heavy,2978,0.0,0,4.47,NOT_REVIEWED,NOT_APPROVED
45,77,Пулемёт Negev NG7,heavy,3086,0.0,0,1.0,NOT_REVIEWED,NOT_APPROVED
45,53,Пулемёт «Печенег-СП»,heavy,3841,0.0,0,2.0,NOT_REVIEWED,NOT_APPROVED
45,46,Винтовка SSG 08,heavy,3420,0.0,0,3.0,NOT_REVIEWED,NOT_APPROVED
45,42,Винтовка SR-25,heavy,3887,0.0,0,14.0,NOT_REVIEWED,NOT_APPROVED
45,23,Винтовка Т-5000,heavy,3061,0.0,0,4.0,NOT_REVIEWED,NOT_APPROVED
45,36,Винтовка СВК,heavy,3061,0.0,0,1.0,NOT_REVIEWED,NOT_APPROVED
45,39,Винтовка ORSIS T-5000 Sniper Pro,heavy,3641,0.0,0,1.0,NOT_REVIEWED,NOT_APPROVED
45,72,Винтовка Desert Tech HTI,heavy,4074,0.0,0,5.0,NOT_REVIEWED,NOT_APPROVED
45,62,Дробовик Kel-Tec KSG,heavy,4395,0.0,0,7.21,NOT_REVIEWED,NOT_APPROVED
45,124,Дробовик Ithaca Mag-10,heavy,3540,0.0,0,2.0,NOT_REVIEWED,NOT_APPROVED
49,38,Автомат ADAR 2-15,heavy,5532,0.0,0,4.0,NOT_REVIEWED,NOT_APPROVED
49,51,Автомат ЛР-308,heavy,3905,0.0,0,1.0,NOT_REVIEWED,NOT_APPROVED
49,77,Пулемёт Negev NG7,heavy,3252,0.0,0,2.0,NOT_REVIEWED,NOT_APPROVED
49,42,Винтовка SR-25,heavy,4012,0.0,0,2.0,NOT_REVIEWED,NOT_APPROVED
49,49,Винтовка Barrett M82,heavy,2314,0.0,0,1.0,NOT_REVIEWED,NOT_APPROVED
49,72,Винтовка Desert Tech HTI,heavy,4147,0.0,0,1.0,NOT_REVIEWED,NOT_APPROVED
49,62,Дробовик Kel-Tec KSG,heavy,4561,0.0,0,7.0,NOT_REVIEWED,NOT_APPROVED
51,62,Дробовик Kel-Tec KSG,heavy,4319,0.0,0,4.0,NOT_REVIEWED,NOT_APPROVED
53,51,Автомат ЛР-308,heavy,3905,0.0,0,1.0,NOT_REVIEWED,NOT_APPROVED
54,43,Автомат ОЦ-14 «Гроза»,heavy,4768,0.0,0,5.83,NOT_REVIEWED,NOT_APPROVED
54,51,Автомат ЛР-308,heavy,3905,0.0,0,15.0,NOT_REVIEWED,NOT_APPROVED
54,42,Винтовка SR-25,heavy,4012,0.0,0,14.0,NOT_REVIEWED,NOT_APPROVED
54,32,Дробовик Сайга-12К,heavy,3522,0.0,0,3.0,NOT_REVIEWED,NOT_APPROVED
55,51,Автомат ЛР-308,heavy,3905,0.0,0,5.83,NOT_REVIEWED,NOT_APPROVED
55,42,Винтовка SR-25,heavy,4012,0.0,0,5.0,NOT_REVIEWED,NOT_APPROVED
56,62,Дробовик Kel-Tec KSG,heavy,4561,0.0,0,7.0,NOT_REVIEWED,NOT_APPROVED
57,42,Винтовка SR-25,heavy,4012,0.0,0,3.0,NOT_REVIEWED,NOT_APPROVED
57,72,Винтовка Desert Tech HTI,heavy,4150,0.0,0,1.0,NOT_REVIEWED,NOT_APPROVED
57,62,Дробовик Kel-Tec KSG,heavy,4561,0.0,0,3.0,NOT_REVIEWED,NOT_APPROVED
58,28,Винтовка СВ-98,heavy,4377,0.0,0,1.41,NOT_REVIEWED,NOT_APPROVED
58,27,Винтовка ОРСИС T-5000M,heavy,3909,0.0,0,4.12,NOT_REVIEWED,NOT_APPROVED
58,70,Винтовка Sako TRG-42,heavy,3927,0.0,0,5.0,NOT_REVIEWED,NOT_APPROVED
58,39,Винтовка ORSIS T-5000 Sniper Pro,heavy,3702,0.0,0,8.25,NOT_REVIEWED,NOT_APPROVED
58,33,Винтовка «Выхлоп»,heavy,3427,0.0,0,5.0,NOT_REVIEWED,NOT_APPROVED
58,35,Винтовка ОСВ-96,heavy,3010,0.0,0,1.41,NOT_REVIEWED,NOT_APPROVED
58,112,Дробовик Winchester SXP Defender,heavy,5039,0.0,0,5.0,NOT_REVIEWED,NOT_APPROVED
58,114,Дробовик Remington 870 MCS,heavy,4172,0.0,0,5.0,NOT_REVIEWED,NOT_APPROVED
58,62,Дробовик Kel-Tec KSG,heavy,4467,0.0,0,25.0,NOT_REVIEWED,NOT_APPROVED
58,118,Дробовик Beretta 1301 Tactical,heavy,3906,0.0,0,12.0,NOT_REVIEWED,NOT_APPROVED
58,50,Дробовик Benelli M4,heavy,4406,0.0,0,2.0,NOT_REVIEWED,NOT_APPROVED
58,119,Дробовик Fabarm STF/12,heavy,4679,0.0,0,7.0,NOT_REVIEWED,NOT_APPROVED
59,21,Автомат АК-12,heavy,5161,0.0,0,3.0,NOT_REVIEWED,NOT_APPROVED
59,43,Автомат ОЦ-14 «Гроза»,heavy,4768,0.0,0,8.06,NOT_REVIEWED,NOT_APPROVED
59,25,Пулемёт РПД,heavy,3392,0.0,0,6.71,NOT_REVIEWED,NOT_APPROVED
59,51,Автомат ЛР-308,heavy,3905,0.0,0,14.0,NOT_REVIEWED,NOT_APPROVED
59,42,Винтовка SR-25,heavy,4012,0.0,0,6.08,NOT_REVIEWED,NOT_APPROVED
59,32,Дробовик Сайга-12К,heavy,3522,0.0,0,5.1,NOT_REVIEWED,NOT_APPROVED
60,43,Автомат ОЦ-14 «Гроза»,heavy,4768,0.0,0,18.87,NOT_REVIEWED,NOT_APPROVED
60,51,Автомат ЛР-308,heavy,3905,0.0,0,4.0,NOT_REVIEWED,NOT_APPROVED
60,75,Автомат SCAR-H,heavy,4323,0.0,0,3.0,NOT_REVIEWED,NOT_APPROVED
60,8,ПП «Кедр»,heavy,8579,0.0,0,1.0,NOT_REVIEWED,NOT_APPROVED
61,51,Автомат ЛР-308,heavy,3905,0.0,0,1.0,NOT_REVIEWED,NOT_APPROVED
62,46,Винтовка SSG 08,heavy,3455,0.0,0,1.41,NOT_REVIEWED,NOT_APPROVED
62,70,Винтовка Sako TRG-42,heavy,3955,0.0,0,11.31,NOT_REVIEWED,NOT_APPROVED
62,66,Винтовка Zastava M93 Black Arrow,heavy,4301,0.0,0,2.0,NOT_REVIEWED,NOT_APPROVED
62,19,Дробовик СПАС-12,heavy,5259,0.0,0,2.83,NOT_REVIEWED,NOT_APPROVED
62,112,Дробовик Winchester SXP Defender,heavy,5097,0.0,0,21.19,NOT_REVIEWED,NOT_APPROVED
62,114,Дробовик Remington 870 MCS,heavy,4221,0.0,0,17.0,NOT_REVIEWED,NOT_APPROVED
62,62,Дробовик Kel-Tec KSG,heavy,4538,0.0,0,36.0,NOT_REVIEWED,NOT_APPROVED
62,118,Дробовик Beretta 1301 Tactical,heavy,3977,0.0,0,24.0,NOT_REVIEWED,NOT_APPROVED
62,50,Дробовик Benelli M4,heavy,4496,0.0,0,14.0,NOT_REVIEWED,NOT_APPROVED
62,119,Дробовик Fabarm STF/12,heavy,4756,0.0,0,18.0,NOT_REVIEWED,NOT_APPROVED
63,17,Пулемёт РПК-74,heavy,3757,0.0,0,16.0,NOT_REVIEWED,NOT_APPROVED
63,38,Автомат ADAR 2-15,heavy,5407,0.0,0,18.68,NOT_REVIEWED,NOT_APPROVED
63,45,Автомат АК-19,heavy,4380,0.0,0,3.61,NOT_REVIEWED,NOT_APPROVED
63,67,Пулемёт Minimi Mk3,heavy,3233,0.0,0,11.0,NOT_REVIEWED,NOT_APPROVED
63,43,Автомат ОЦ-14 «Гроза»,heavy,4714,0.0,0,34.83,NOT_REVIEWED,NOT_APPROVED
63,16,Карабин «Вепрь»,heavy,5527,0.0,0,11.0,NOT_REVIEWED,NOT_APPROVED
63,18,Автомат АС «Вал»,heavy,4392,0.0,0,1.0,NOT_REVIEWED,NOT_APPROVED
63,51,Автомат ЛР-308,heavy,3849,0.0,0,28.0,NOT_REVIEWED,NOT_APPROVED
63,61,Пулемёт M60E6,heavy,3674,0.0,0,10.0,NOT_REVIEWED,NOT_APPROVED
63,59,Пулемёт M240,heavy,3569,0.0,0,19.0,NOT_REVIEWED,NOT_APPROVED
63,71,Пулемёт FN MAG,heavy,3029,0.0,0,23.0,NOT_REVIEWED,NOT_APPROVED
63,77,Пулемёт Negev NG7,heavy,3154,0.0,0,1.0,NOT_REVIEWED,NOT_APPROVED
63,53,Пулемёт «Печенег-СП»,heavy,3860,0.0,0,20.88,NOT_REVIEWED,NOT_APPROVED
63,65,Пулемёт «Утёс-М»,heavy,4083,0.0,0,2.0,NOT_REVIEWED,NOT_APPROVED
63,46,Винтовка SSG 08,heavy,3435,0.0,0,22.0,NOT_REVIEWED,NOT_APPROVED
63,42,Винтовка SR-25,heavy,3948,0.0,0,31.0,NOT_REVIEWED,NOT_APPROVED
63,24,Винтовка СВДС,heavy,3773,0.0,0,9.0,NOT_REVIEWED,NOT_APPROVED
63,23,Винтовка Т-5000,heavy,3073,0.0,0,23.0,NOT_REVIEWED,NOT_APPROVED
63,36,Винтовка СВК,heavy,3076,0.0,0,20.0,NOT_REVIEWED,NOT_APPROVED
63,30,Винтовка ВСС «Винторез»,heavy,4650,0.0,0,17.0,NOT_REVIEWED,NOT_APPROVED
63,40,Винтовка ВСК-94,heavy,4214,0.0,0,14.0,NOT_REVIEWED,NOT_APPROVED
63,27,Винтовка ОРСИС T-5000M,heavy,3836,0.0,0,15.0,NOT_REVIEWED,NOT_APPROVED
63,70,Винтовка Sako TRG-42,heavy,3995,0.0,0,10.0,NOT_REVIEWED,NOT_APPROVED
63,39,Винтовка ORSIS T-5000 Sniper Pro,heavy,3679,0.0,0,2.0,NOT_REVIEWED,NOT_APPROVED
63,33,Винтовка «Выхлоп»,heavy,3439,0.0,0,17.0,NOT_REVIEWED,NOT_APPROVED
63,52,Винтовка АСВК «Корд»,heavy,3266,0.0,0,8.54,NOT_REVIEWED,NOT_APPROVED
63,72,Винтовка Desert Tech HTI,heavy,4091,0.0,0,16.76,NOT_REVIEWED,NOT_APPROVED
63,73,Прототип X-17,heavy,2817,0.0,0,4.0,NOT_REVIEWED,NOT_APPROVED
63,20,Дробовик Сайга-410,heavy,4946,0.0,0,12.37,NOT_REVIEWED,NOT_APPROVED
63,19,Дробовик СПАС-12,heavy,5191,0.0,0,2.0,NOT_REVIEWED,NOT_APPROVED
63,112,Дробовик Winchester SXP Defender,heavy,5038,0.0,0,10.0,NOT_REVIEWED,NOT_APPROVED
63,114,Дробовик Remington 870 MCS,heavy,4153,0.0,0,8.06,NOT_REVIEWED,NOT_APPROVED
63,32,Дробовик Сайга-12К,heavy,3465,0.0,0,1.0,NOT_REVIEWED,NOT_APPROVED
63,44,Дробовик «Вепрь-12»,heavy,3925,0.0,0,4.47,NOT_REVIEWED,NOT_APPROVED
63,62,Дробовик Kel-Tec KSG,heavy,4473,0.0,0,22.0,NOT_REVIEWED,NOT_APPROVED
63,118,Дробовик Beretta 1301 Tactical,heavy,3945,0.0,0,16.0,NOT_REVIEWED,NOT_APPROVED
63,119,Дробовик Fabarm STF/12,heavy,4653,0.0,0,10.77,NOT_REVIEWED,NOT_APPROVED
63,56,Дробовик AA-12,heavy,6096,0.0,0,16.0,NOT_REVIEWED,NOT_APPROVED
63,124,Дробовик Ithaca Mag-10,heavy,3579,0.0,0,21.0,NOT_REVIEWED,NOT_APPROVED
63,125,Дробовик Remington SP-10,heavy,4780,0.0,0,8.94,NOT_REVIEWED,NOT_APPROVED
64,43,Автомат ОЦ-14 «Гроза»,heavy,4768,0.0,0,40.72,NOT_REVIEWED,NOT_APPROVED
64,8,ПП «Кедр»,heavy,8579,0.0,0,5.39,NOT_REVIEWED,NOT_APPROVED
64,62,Дробовик Kel-Tec KSG,heavy,4561,0.0,0,1.0,NOT_REVIEWED,NOT_APPROVED
65,43,Автомат ОЦ-14 «Гроза»,heavy,4705,0.0,0,2.83,NOT_REVIEWED,NOT_APPROVED
65,51,Автомат ЛР-308,heavy,3905,0.0,0,5.0,NOT_REVIEWED,NOT_APPROVED
65,42,Винтовка SR-25,heavy,4012,0.0,0,1.41,NOT_REVIEWED,NOT_APPROVED
66,67,Пулемёт Minimi Mk3,heavy,3247,0.0,0,11.0,NOT_REVIEWED,NOT_APPROVED
66,43,Автомат ОЦ-14 «Гроза»,heavy,4705,0.0,0,9.0,NOT_REVIEWED,NOT_APPROVED
66,51,Автомат ЛР-308,heavy,3905,0.0,0,2.0,NOT_REVIEWED,NOT_APPROVED
66,61,Пулемёт M60E6,heavy,3710,0.0,0,1.0,NOT_REVIEWED,NOT_APPROVED
66,59,Пулемёт M240,heavy,3572,0.0,0,23.0,NOT_REVIEWED,NOT_APPROVED
66,71,Пулемёт FN MAG,heavy,3065,0.0,0,14.0,NOT_REVIEWED,NOT_APPROVED
66,77,Пулемёт Negev NG7,heavy,3250,0.0,0,16.49,NOT_REVIEWED,NOT_APPROVED
66,53,Пулемёт «Печенег-СП»,heavy,3860,0.0,0,13.0,NOT_REVIEWED,NOT_APPROVED
66,47,Автомат АК-АН «Абакан-100»,heavy,3555,0.0,0,21.0,NOT_REVIEWED,NOT_APPROVED
66,46,Винтовка SSG 08,heavy,3381,0.0,0,36.77,NOT_REVIEWED,NOT_APPROVED
66,42,Винтовка SR-25,heavy,4012,0.0,0,5.0,NOT_REVIEWED,NOT_APPROVED
66,13,Винтовка СВД,heavy,5417,0.0,0,3.0,NOT_REVIEWED,NOT_APPROVED
66,23,Винтовка Т-5000,heavy,3088,0.0,0,23.77,NOT_REVIEWED,NOT_APPROVED
66,28,Винтовка СВ-98,heavy,4616,0.0,0,37.11,NOT_REVIEWED,NOT_APPROVED
66,36,Винтовка СВК,heavy,3077,0.0,0,21.0,NOT_REVIEWED,NOT_APPROVED
66,30,Винтовка ВСС «Винторез»,heavy,4814,0.0,0,23.0,NOT_REVIEWED,NOT_APPROVED
66,40,Винтовка ВСК-94,heavy,4269,0.0,0,21.0,NOT_REVIEWED,NOT_APPROVED
66,31,Винтовка СВ-338,heavy,3720,0.0,0,23.19,NOT_REVIEWED,NOT_APPROVED
66,27,Винтовка ОРСИС T-5000M,heavy,3935,0.0,0,35.0,NOT_REVIEWED,NOT_APPROVED
66,70,Винтовка Sako TRG-42,heavy,4063,0.0,0,49.65,NOT_REVIEWED,NOT_APPROVED
66,76,Винтовка Blaser R93 Tactical 2,heavy,3866,0.0,0,22.8,NOT_REVIEWED,NOT_APPROVED
66,39,Винтовка ORSIS T-5000 Sniper Pro,heavy,3825,0.0,0,35.0,NOT_REVIEWED,NOT_APPROVED
66,60,Винтовка Accuracy International AXMC,heavy,3551,0.0,0,2.24,NOT_REVIEWED,NOT_APPROVED
66,33,Винтовка «Выхлоп»,heavy,3501,0.0,0,33.0,NOT_REVIEWED,NOT_APPROVED
66,66,Винтовка Zastava M93 Black Arrow,heavy,4339,0.0,0,5.83,NOT_REVIEWED,NOT_APPROVED
66,52,Винтовка АСВК «Корд»,heavy,3313,0.0,0,15.0,NOT_REVIEWED,NOT_APPROVED
66,58,Винтовка Steyr HS .50,heavy,5106,0.0,0,32.0,NOT_REVIEWED,NOT_APPROVED
66,49,Винтовка Barrett M82,heavy,2364,0.0,0,26.0,NOT_REVIEWED,NOT_APPROVED
66,72,Винтовка Desert Tech HTI,heavy,4241,0.0,0,6.0,NOT_REVIEWED,NOT_APPROVED
66,78,Винтовка Cheytac M200 Intervention,heavy,2697,0.0,0,31.91,NOT_REVIEWED,NOT_APPROVED
66,73,Прототип X-17,heavy,2987,0.0,0,12.0,NOT_REVIEWED,NOT_APPROVED
66,55,Гаусс-пушка,heavy,5896,0.0,0,33.0,NOT_REVIEWED,NOT_APPROVED
66,4,Обрез охотничьего ружья,heavy,7671,0.0,0,27.0,NOT_REVIEWED,NOT_APPROVED
66,106,Дробовик Mossberg 500,heavy,5517,0.0,0,11.0,NOT_REVIEWED,NOT_APPROVED
66,107,Дробовик Stoeger P3000,heavy,6016,0.0,0,14.0,NOT_REVIEWED,NOT_APPROVED
66,108,Дробовик Remington 870,heavy,5744,0.0,0,19.0,NOT_REVIEWED,NOT_APPROVED
66,109,Дробовик Winchester Model 1300,heavy,5739,0.0,0,14.0,NOT_REVIEWED,NOT_APPROVED
66,110,Дробовик Ithaca 37,heavy,5670,0.0,0,16.0,NOT_REVIEWED,NOT_APPROVED
66,111,Дробовик Browning BPS,heavy,5535,0.0,0,14.0,NOT_REVIEWED,NOT_APPROVED
66,19,Дробовик СПАС-12,heavy,5277,0.0,0,40.05,NOT_REVIEWED,NOT_APPROVED
66,112,Дробовик Winchester SXP Defender,heavy,5113,0.0,0,57.0,NOT_REVIEWED,NOT_APPROVED
66,113,Дробовик Mossberg 590A1,heavy,5673,0.0,0,13.0,NOT_REVIEWED,NOT_APPROVED
66,114,Дробовик Remington 870 MCS,heavy,4215,0.0,0,55.04,NOT_REVIEWED,NOT_APPROVED
66,115,Дробовик Benelli Nova,heavy,5624,0.0,0,18.97,NOT_REVIEWED,NOT_APPROVED
66,116,Дробовик TOZ-194,heavy,5330,0.0,0,27.0,NOT_REVIEWED,NOT_APPROVED
66,117,Дробовик Remington 1100,heavy,5589,0.0,0,17.0,NOT_REVIEWED,NOT_APPROVED
66,62,Дробовик Kel-Tec KSG,heavy,4559,0.0,0,72.73,NOT_REVIEWED,NOT_APPROVED
66,118,Дробовик Beretta 1301 Tactical,heavy,3956,0.0,0,64.0,NOT_REVIEWED,NOT_APPROVED
66,50,Дробовик Benelli M4,heavy,4532,0.0,0,48.51,NOT_REVIEWED,NOT_APPROVED
66,119,Дробовик Fabarm STF/12,heavy,4768,0.0,0,55.58,NOT_REVIEWED,NOT_APPROVED
66,120,Дробовик Winchester SX4,heavy,5691,0.0,0,22.0,NOT_REVIEWED,NOT_APPROVED
66,121,Дробовик Browning A5,heavy,5758,0.0,0,21.0,NOT_REVIEWED,NOT_APPROVED
66,122,Дробовик Remington 870 Magnum,heavy,6720,0.0,0,21.0,NOT_REVIEWED,NOT_APPROVED
66,123,Дробовик Benelli Vinci,heavy,5956,0.0,0,16.0,NOT_REVIEWED,NOT_APPROVED
66,124,Дробовик Ithaca Mag-10,heavy,3613,0.0,0,2.0,NOT_REVIEWED,NOT_APPROVED
68,37,Автомат АК-107,heavy,4110,0.0,0,6.32,NOT_REVIEWED,NOT_APPROVED
68,21,Автомат АК-12,heavy,5161,0.0,0,16.64,NOT_REVIEWED,NOT_APPROVED
68,57,Автомат HK416,heavy,4536,0.0,0,4.0,NOT_REVIEWED,NOT_APPROVED
68,69,Автомат CZ Bren 2,heavy,4222,0.0,0,1.0,NOT_REVIEWED,NOT_APPROVED
68,43,Автомат ОЦ-14 «Гроза»,heavy,4768,0.0,0,36.8,NOT_REVIEWED,NOT_APPROVED
68,25,Пулемёт РПД,heavy,3392,0.0,0,20.52,NOT_REVIEWED,NOT_APPROVED
68,63,Автомат АК-308,heavy,4222,0.0,0,3.0,NOT_REVIEWED,NOT_APPROVED
68,51,Автомат ЛР-308,heavy,3905,0.0,0,15.0,NOT_REVIEWED,NOT_APPROVED
68,75,Автомат SCAR-H,heavy,4323,0.0,0,13.0,NOT_REVIEWED,NOT_APPROVED
68,22,Пулемёт ПКМ,heavy,2352,0.0,0,14.0,NOT_REVIEWED,NOT_APPROVED
68,42,Винтовка SR-25,heavy,4012,0.0,0,7.0,NOT_REVIEWED,NOT_APPROVED
68,40,Винтовка ВСК-94,heavy,4284,0.0,0,10.0,NOT_REVIEWED,NOT_APPROVED
68,73,Прототип X-17,heavy,2989,0.0,0,1.0,NOT_REVIEWED,NOT_APPROVED
68,8,ПП «Кедр»,heavy,8579,0.0,0,20.62,NOT_REVIEWED,NOT_APPROVED
68,32,Дробовик Сайга-12К,heavy,3522,0.0,0,21.0,NOT_REVIEWED,NOT_APPROVED
68,62,Дробовик Kel-Tec KSG,heavy,4561,0.0,0,10.77,NOT_REVIEWED,NOT_APPROVED
68,124,Дробовик Ithaca Mag-10,heavy,3674,0.0,0,3.0,NOT_REVIEWED,NOT_APPROVED
68,125,Дробовик Remington SP-10,heavy,4839,0.0,0,5.0,NOT_REVIEWED,NOT_APPROVED
69,11,Автомат АКС-74У,heavy,5987,0.0,0,2.24,NOT_REVIEWED,NOT_APPROVED
69,37,Автомат АК-107,heavy,4103,0.0,0,23.0,NOT_REVIEWED,NOT_APPROVED
69,21,Автомат АК-12,heavy,5161,0.0,0,30.0,NOT_REVIEWED,NOT_APPROVED
69,26,Автомат АН-94 «Абакан»,heavy,4287,0.0,0,19.92,NOT_REVIEWED,NOT_APPROVED
69,17,Пулемёт РПК-74,heavy,3796,0.0,0,12.17,NOT_REVIEWED,NOT_APPROVED
69,38,Автомат ADAR 2-15,heavy,5532,0.0,0,23.0,NOT_REVIEWED,NOT_APPROVED
69,45,Автомат АК-19,heavy,4428,0.0,0,18.0,NOT_REVIEWED,NOT_APPROVED
69,43,Автомат ОЦ-14 «Гроза»,heavy,4705,0.0,0,32.0,NOT_REVIEWED,NOT_APPROVED
69,16,Карабин «Вепрь»,heavy,5787,0.0,0,6.32,NOT_REVIEWED,NOT_APPROVED
69,15,Автомат АК-103,heavy,4777,0.0,0,13.0,NOT_REVIEWED,NOT_APPROVED
69,25,Пулемёт РПД,heavy,3476,0.0,0,31.0,NOT_REVIEWED,NOT_APPROVED
69,18,Автомат АС «Вал»,heavy,4531,0.0,0,16.0,NOT_REVIEWED,NOT_APPROVED
69,10,Карабин Сайга-12,heavy,6409,0.0,0,1.0,NOT_REVIEWED,NOT_APPROVED
69,63,Автомат АК-308,heavy,4222,0.0,0,21.0,NOT_REVIEWED,NOT_APPROVED
69,51,Автомат ЛР-308,heavy,3905,0.0,0,42.0,NOT_REVIEWED,NOT_APPROVED
69,59,Пулемёт M240,heavy,3572,0.0,0,16.0,NOT_REVIEWED,NOT_APPROVED
69,71,Пулемёт FN MAG,heavy,3067,0.0,0,18.38,NOT_REVIEWED,NOT_APPROVED
69,22,Пулемёт ПКМ,heavy,2309,0.0,0,29.0,NOT_REVIEWED,NOT_APPROVED
69,29,Пулемёт «Печенег»,heavy,3642,0.0,0,13.0,NOT_REVIEWED,NOT_APPROVED
69,53,Пулемёт «Печенег-СП»,heavy,3860,0.0,0,9.49,NOT_REVIEWED,NOT_APPROVED
69,46,Винтовка SSG 08,heavy,3381,0.0,0,10.0,NOT_REVIEWED,NOT_APPROVED
69,42,Винтовка SR-25,heavy,4012,0.0,0,34.13,NOT_REVIEWED,NOT_APPROVED
69,24,Винтовка СВДС,heavy,3816,0.0,0,7.0,NOT_REVIEWED,NOT_APPROVED
69,23,Винтовка Т-5000,heavy,3088,0.0,0,12.0,NOT_REVIEWED,NOT_APPROVED
69,30,Винтовка ВСС «Винторез»,heavy,4814,0.0,0,13.0,NOT_REVIEWED,NOT_APPROVED
69,40,Винтовка ВСК-94,heavy,4269,0.0,0,9.0,NOT_REVIEWED,NOT_APPROVED
69,27,Винтовка ОРСИС T-5000M,heavy,3935,0.0,0,4.0,NOT_REVIEWED,NOT_APPROVED
69,33,Винтовка «Выхлоп»,heavy,3501,0.0,0,12.0,NOT_REVIEWED,NOT_APPROVED
69,72,Винтовка Desert Tech HTI,heavy,4241,0.0,0,12.0,NOT_REVIEWED,NOT_APPROVED
69,73,Прототип X-17,heavy,2989,0.0,0,1.0,NOT_REVIEWED,NOT_APPROVED
69,8,ПП «Кедр»,heavy,8579,0.0,0,18.36,NOT_REVIEWED,NOT_APPROVED
69,20,Дробовик Сайга-410,heavy,5200,0.0,0,8.0,NOT_REVIEWED,NOT_APPROVED
69,112,Дробовик Winchester SXP Defender,heavy,5113,0.0,0,7.0,NOT_REVIEWED,NOT_APPROVED
69,114,Дробовик Remington 870 MCS,heavy,4217,0.0,0,5.0,NOT_REVIEWED,NOT_APPROVED
69,32,Дробовик Сайга-12К,heavy,3522,0.0,0,29.0,NOT_REVIEWED,NOT_APPROVED
69,44,Дробовик «Вепрь-12»,heavy,3955,0.0,0,12.0,NOT_REVIEWED,NOT_APPROVED
69,62,Дробовик Kel-Tec KSG,heavy,4561,0.0,0,19.0,NOT_REVIEWED,NOT_APPROVED
69,118,Дробовик Beretta 1301 Tactical,heavy,3958,0.0,0,14.0,NOT_REVIEWED,NOT_APPROVED
69,119,Дробовик Fabarm STF/12,heavy,4770,0.0,0,5.0,NOT_REVIEWED,NOT_APPROVED
69,124,Дробовик Ithaca Mag-10,heavy,3613,0.0,0,19.0,NOT_REVIEWED,NOT_APPROVED
69,125,Дробовик Remington SP-10,heavy,4897,0.0,0,20.0,NOT_REVIEWED,NOT_APPROVED
70,45,Автомат АК-19,heavy,4424,0.0,0,1.0,NOT_REVIEWED,NOT_APPROVED
70,43,Автомат ОЦ-14 «Гроза»,heavy,4768,0.0,0,39.96,NOT_REVIEWED,NOT_APPROVED
70,25,Пулемёт РПД,heavy,3392,0.0,0,3.61,NOT_REVIEWED,NOT_APPROVED
70,51,Автомат ЛР-308,heavy,3905,0.0,0,9.0,NOT_REVIEWED,NOT_APPROVED
70,75,Автомат SCAR-H,heavy,4323,0.0,0,6.0,NOT_REVIEWED,NOT_APPROVED
70,42,Винтовка SR-25,heavy,4012,0.0,0,1.0,NOT_REVIEWED,NOT_APPROVED
70,40,Винтовка ВСК-94,heavy,4284,0.0,0,4.0,NOT_REVIEWED,NOT_APPROVED
70,73,Прототип X-17,heavy,2976,0.0,0,4.12,NOT_REVIEWED,NOT_APPROVED
70,8,ПП «Кедр»,heavy,8579,0.0,0,24.17,NOT_REVIEWED,NOT_APPROVED
70,32,Дробовик Сайга-12К,heavy,3522,0.0,0,7.21,NOT_REVIEWED,NOT_APPROVED
70,62,Дробовик Kel-Tec KSG,heavy,4561,0.0,0,13.42,NOT_REVIEWED,NOT_APPROVED
72,51,Автомат ЛР-308,heavy,3905,0.0,0,13.0,NOT_REVIEWED,NOT_APPROVED
72,42,Винтовка SR-25,heavy,4012,0.0,0,15.0,NOT_REVIEWED,NOT_APPROVED
72,32,Дробовик Сайга-12К,heavy,3522,0.0,0,1.41,NOT_REVIEWED,NOT_APPROVED
73,21,Автомат АК-12,heavy,5161,0.0,0,3.0,NOT_REVIEWED,NOT_APPROVED
73,43,Автомат ОЦ-14 «Гроза»,heavy,4768,0.0,0,4.0,NOT_REVIEWED,NOT_APPROVED
73,25,Пулемёт РПД,heavy,3392,0.0,0,4.12,NOT_REVIEWED,NOT_APPROVED
73,51,Автомат ЛР-308,heavy,3905,0.0,0,15.0,NOT_REVIEWED,NOT_APPROVED
73,42,Винтовка SR-25,heavy,4012,0.0,0,7.0,NOT_REVIEWED,NOT_APPROVED
73,32,Дробовик Сайга-12К,heavy,3522,0.0,0,1.0,NOT_REVIEWED,NOT_APPROVED
74,12,Автомат АК-74,heavy,6148,0.0,0,13.0,NOT_REVIEWED,NOT_APPROVED
74,37,Автомат АК-107,heavy,4103,0.0,0,14.0,NOT_REVIEWED,NOT_APPROVED
74,26,Автомат АН-94 «Абакан»,heavy,4287,0.0,0,7.21,NOT_REVIEWED,NOT_APPROVED
74,17,Пулемёт РПК-74,heavy,3796,0.0,0,28.79,NOT_REVIEWED,NOT_APPROVED
74,38,Автомат ADAR 2-15,heavy,5532,0.0,0,35.0,NOT_REVIEWED,NOT_APPROVED
74,45,Автомат АК-19,heavy,4428,0.0,0,17.8,NOT_REVIEWED,NOT_APPROVED
74,43,Автомат ОЦ-14 «Гроза»,heavy,4705,0.0,0,45.25,NOT_REVIEWED,NOT_APPROVED
74,16,Карабин «Вепрь»,heavy,5787,0.0,0,20.0,NOT_REVIEWED,NOT_APPROVED
74,25,Пулемёт РПД,heavy,3476,0.0,0,5.0,NOT_REVIEWED,NOT_APPROVED
74,18,Автомат АС «Вал»,heavy,4531,0.0,0,18.68,NOT_REVIEWED,NOT_APPROVED
74,51,Автомат ЛР-308,heavy,3905,0.0,0,46.0,NOT_REVIEWED,NOT_APPROVED
74,61,Пулемёт M60E6,heavy,3710,0.0,0,21.0,NOT_REVIEWED,NOT_APPROVED
74,59,Пулемёт M240,heavy,3572,0.0,0,28.86,NOT_REVIEWED,NOT_APPROVED
74,71,Пулемёт FN MAG,heavy,3067,0.0,0,34.0,NOT_REVIEWED,NOT_APPROVED
74,29,Пулемёт «Печенег»,heavy,3642,0.0,0,4.0,NOT_REVIEWED,NOT_APPROVED
74,53,Пулемёт «Печенег-СП»,heavy,3860,0.0,0,31.76,NOT_REVIEWED,NOT_APPROVED
74,65,Пулемёт «Утёс-М»,heavy,4263,0.0,0,8.25,NOT_REVIEWED,NOT_APPROVED
74,46,Винтовка SSG 08,heavy,3381,0.0,0,32.0,NOT_REVIEWED,NOT_APPROVED
74,42,Винтовка SR-25,heavy,4012,0.0,0,48.7,NOT_REVIEWED,NOT_APPROVED
74,13,Винтовка СВД,heavy,5419,0.0,0,1.0,NOT_REVIEWED,NOT_APPROVED
74,24,Винтовка СВДС,heavy,3816,0.0,0,19.0,NOT_REVIEWED,NOT_APPROVED
74,23,Винтовка Т-5000,heavy,3088,0.0,0,24.74,NOT_REVIEWED,NOT_APPROVED
74,28,Винтовка СВ-98,heavy,4616,0.0,0,4.0,NOT_REVIEWED,NOT_APPROVED
74,36,Винтовка СВК,heavy,3077,0.0,0,12.17,NOT_REVIEWED,NOT_APPROVED
74,30,Винтовка ВСС «Винторез»,heavy,4814,0.0,0,24.02,NOT_REVIEWED,NOT_APPROVED
74,40,Винтовка ВСК-94,heavy,4269,0.0,0,25.0,NOT_REVIEWED,NOT_APPROVED
74,31,Винтовка СВ-338,heavy,3720,0.0,0,1.41,NOT_REVIEWED,NOT_APPROVED
74,27,Винтовка ОРСИС T-5000M,heavy,3935,0.0,0,26.0,NOT_REVIEWED,NOT_APPROVED
74,70,Винтовка Sako TRG-42,heavy,4063,0.0,0,18.0,NOT_REVIEWED,NOT_APPROVED
74,33,Винтовка «Выхлоп»,heavy,3501,0.0,0,26.0,NOT_REVIEWED,NOT_APPROVED
74,72,Винтовка Desert Tech HTI,heavy,4241,0.0,0,24.0,NOT_REVIEWED,NOT_APPROVED
74,78,Винтовка Cheytac M200 Intervention,heavy,2697,0.0,0,4.0,NOT_REVIEWED,NOT_APPROVED
74,73,Прототип X-17,heavy,2989,0.0,0,15.0,NOT_REVIEWED,NOT_APPROVED
74,4,Обрез охотничьего ружья,heavy,7673,0.0,0,1.41,NOT_REVIEWED,NOT_APPROVED
74,20,Дробовик Сайга-410,heavy,5200,0.0,0,21.0,NOT_REVIEWED,NOT_APPROVED
74,19,Дробовик СПАС-12,heavy,5277,0.0,0,11.0,NOT_REVIEWED,NOT_APPROVED
74,112,Дробовик Winchester SXP Defender,heavy,5113,0.0,0,19.0,NOT_REVIEWED,NOT_APPROVED
74,114,Дробовик Remington 870 MCS,heavy,4217,0.0,0,17.46,NOT_REVIEWED,NOT_APPROVED
74,32,Дробовик Сайга-12К,heavy,3522,0.0,0,17.46,NOT_REVIEWED,NOT_APPROVED
74,44,Дробовик «Вепрь-12»,heavy,3955,0.0,0,21.84,NOT_REVIEWED,NOT_APPROVED
74,62,Дробовик Kel-Tec KSG,heavy,4561,0.0,0,31.0,NOT_REVIEWED,NOT_APPROVED
74,118,Дробовик Beretta 1301 Tactical,heavy,3958,0.0,0,26.0,NOT_REVIEWED,NOT_APPROVED
74,50,Дробовик Benelli M4,heavy,4532,0.0,0,9.0,NOT_REVIEWED,NOT_APPROVED
74,119,Дробовик Fabarm STF/12,heavy,4770,0.0,0,20.0,NOT_REVIEWED,NOT_APPROVED
74,56,Дробовик AA-12,heavy,6183,0.0,0,22.63,NOT_REVIEWED,NOT_APPROVED
74,68,Дробовик Franchi SPAS-15,heavy,4855,0.0,0,8.0,NOT_REVIEWED,NOT_APPROVED
74,124,Дробовик Ithaca Mag-10,heavy,3613,0.0,0,31.0,NOT_REVIEWED,NOT_APPROVED
74,125,Дробовик Remington SP-10,heavy,4897,0.0,0,26.93,NOT_REVIEWED,NOT_APPROVED
75,37,Автомат АК-107,heavy,4103,0.0,0,11.7,NOT_REVIEWED,NOT_APPROVED
75,21,Автомат АК-12,heavy,5161,0.0,0,15.0,NOT_REVIEWED,NOT_APPROVED
75,26,Автомат АН-94 «Абакан»,heavy,4230,0.0,0,5.0,NOT_REVIEWED,NOT_APPROVED
75,17,Пулемёт РПК-74,heavy,3796,0.0,0,1.0,NOT_REVIEWED,NOT_APPROVED
75,38,Автомат ADAR 2-15,heavy,5532,0.0,0,7.0,NOT_REVIEWED,NOT_APPROVED
75,45,Автомат АК-19,heavy,4428,0.0,0,2.0,NOT_REVIEWED,NOT_APPROVED
75,43,Автомат ОЦ-14 «Гроза»,heavy,4768,0.0,0,25.24,NOT_REVIEWED,NOT_APPROVED
75,25,Пулемёт РПД,heavy,3392,0.0,0,20.62,NOT_REVIEWED,NOT_APPROVED
75,18,Автомат АС «Вал»,heavy,4477,0.0,0,6.0,NOT_REVIEWED,NOT_APPROVED
75,63,Автомат АК-308,heavy,4222,0.0,0,6.0,NOT_REVIEWED,NOT_APPROVED
75,51,Автомат ЛР-308,heavy,3905,0.0,0,26.0,NOT_REVIEWED,NOT_APPROVED
75,59,Пулемёт M240,heavy,3572,0.0,0,3.0,NOT_REVIEWED,NOT_APPROVED
75,71,Пулемёт FN MAG,heavy,3067,0.0,0,9.22,NOT_REVIEWED,NOT_APPROVED
75,22,Пулемёт ПКМ,heavy,2352,0.0,0,15.0,NOT_REVIEWED,NOT_APPROVED
75,53,Пулемёт «Печенег-СП»,heavy,3860,0.0,0,12.0,NOT_REVIEWED,NOT_APPROVED
75,46,Винтовка SSG 08,heavy,3465,0.0,0,3.0,NOT_REVIEWED,NOT_APPROVED
75,42,Винтовка SR-25,heavy,4012,0.0,0,18.68,NOT_REVIEWED,NOT_APPROVED
75,40,Винтовка ВСК-94,heavy,4269,0.0,0,4.47,NOT_REVIEWED,NOT_APPROVED
75,8,ПП «Кедр»,heavy,8579,0.0,0,12.17,NOT_REVIEWED,NOT_APPROVED
75,32,Дробовик Сайга-12К,heavy,3522,0.0,0,15.13,NOT_REVIEWED,NOT_APPROVED
75,62,Дробовик Kel-Tec KSG,heavy,4561,0.0,0,5.39,NOT_REVIEWED,NOT_APPROVED
75,124,Дробовик Ithaca Mag-10,heavy,3669,0.0,0,2.0,NOT_REVIEWED,NOT_APPROVED
75,125,Дробовик Remington SP-10,heavy,4839,0.0,0,7.0,NOT_REVIEWED,NOT_APPROVED
76,12,Автомат АК-74,heavy,5876,0.0,0,8.06,NOT_REVIEWED,NOT_APPROVED
76,37,Автомат АК-107,heavy,4003,0.0,0,31.0,NOT_REVIEWED,NOT_APPROVED
76,21,Автомат АК-12,heavy,5072,0.0,0,23.6,NOT_REVIEWED,NOT_APPROVED
76,26,Автомат АН-94 «Абакан»,heavy,4143,0.0,0,20.02,NOT_REVIEWED,NOT_APPROVED
76,17,Пулемёт РПК-74,heavy,3746,0.0,0,20.0,NOT_REVIEWED,NOT_APPROVED
76,38,Автомат ADAR 2-15,heavy,5376,0.0,0,32.0,NOT_REVIEWED,NOT_APPROVED
76,45,Автомат АК-19,heavy,4347,0.0,0,27.0,NOT_REVIEWED,NOT_APPROVED
76,43,Автомат ОЦ-14 «Гроза»,heavy,4690,0.0,0,40.0,NOT_REVIEWED,NOT_APPROVED
76,16,Карабин «Вепрь»,heavy,5558,0.0,0,14.0,NOT_REVIEWED,NOT_APPROVED
76,15,Автомат АК-103,heavy,4704,0.0,0,20.4,NOT_REVIEWED,NOT_APPROVED
76,25,Пулемёт РПД,heavy,3335,0.0,0,22.0,NOT_REVIEWED,NOT_APPROVED
76,18,Автомат АС «Вал»,heavy,4385,0.0,0,26.0,NOT_REVIEWED,NOT_APPROVED
76,10,Карабин Сайга-12,heavy,6131,0.0,0,9.0,NOT_REVIEWED,NOT_APPROVED
76,63,Автомат АК-308,heavy,4136,0.0,0,17.69,NOT_REVIEWED,NOT_APPROVED
76,51,Автомат ЛР-308,heavy,3822,0.0,0,50.29,NOT_REVIEWED,NOT_APPROVED
76,61,Пулемёт M60E6,heavy,3650,0.0,0,10.2,NOT_REVIEWED,NOT_APPROVED
76,59,Пулемёт M240,heavy,3548,0.0,0,25.0,NOT_REVIEWED,NOT_APPROVED
76,71,Пулемёт FN MAG,heavy,3011,0.0,0,24.0,NOT_REVIEWED,NOT_APPROVED
76,22,Пулемёт ПКМ,heavy,2281,0.0,0,15.13,NOT_REVIEWED,NOT_APPROVED
76,29,Пулемёт «Печенег»,heavy,3600,0.0,0,21.0,NOT_REVIEWED,NOT_APPROVED
76,53,Пулемёт «Печенег-СП»,heavy,3837,0.0,0,20.88,NOT_REVIEWED,NOT_APPROVED
76,46,Винтовка SSG 08,heavy,3425,0.0,0,19.1,NOT_REVIEWED,NOT_APPROVED
76,42,Винтовка SR-25,heavy,3922,0.0,0,43.1,NOT_REVIEWED,NOT_APPROVED
76,24,Винтовка СВДС,heavy,3762,0.0,0,12.37,NOT_REVIEWED,NOT_APPROVED
76,23,Винтовка Т-5000,heavy,3062,0.0,0,21.0,NOT_REVIEWED,NOT_APPROVED
76,28,Винтовка СВ-98,heavy,4387,0.0,0,4.0,NOT_REVIEWED,NOT_APPROVED
76,30,Винтовка ВСС «Винторез»,heavy,4641,0.0,0,13.34,NOT_REVIEWED,NOT_APPROVED
76,40,Винтовка ВСК-94,heavy,4217,0.0,0,18.25,NOT_REVIEWED,NOT_APPROVED
76,27,Винтовка ОРСИС T-5000M,heavy,3868,0.0,0,13.15,NOT_REVIEWED,NOT_APPROVED
76,70,Винтовка Sako TRG-42,heavy,3940,0.0,0,9.06,NOT_REVIEWED,NOT_APPROVED
76,33,Винтовка «Выхлоп»,heavy,3429,0.0,0,21.38,NOT_REVIEWED,NOT_APPROVED
76,72,Винтовка Desert Tech HTI,heavy,4070,0.0,0,22.2,NOT_REVIEWED,NOT_APPROVED
76,73,Прототип X-17,heavy,2786,0.0,0,10.0,NOT_REVIEWED,NOT_APPROVED
76,8,ПП «Кедр»,heavy,8352,0.0,0,14.87,NOT_REVIEWED,NOT_APPROVED
76,20,Дробовик Сайга-410,heavy,4938,0.0,0,16.16,NOT_REVIEWED,NOT_APPROVED
76,112,Дробовик Winchester SXP Defender,heavy,5016,0.0,0,16.0,NOT_REVIEWED,NOT_APPROVED
76,114,Дробовик Remington 870 MCS,heavy,4132,0.0,0,14.0,NOT_REVIEWED,NOT_APPROVED
76,32,Дробовик Сайга-12К,heavy,3444,0.0,0,38.0,NOT_REVIEWED,NOT_APPROVED
76,44,Дробовик «Вепрь-12»,heavy,3913,0.0,0,21.0,NOT_REVIEWED,NOT_APPROVED
76,62,Дробовик Kel-Tec KSG,heavy,4443,0.0,0,28.0,NOT_REVIEWED,NOT_APPROVED
76,118,Дробовик Beretta 1301 Tactical,heavy,3892,0.0,0,22.0,NOT_REVIEWED,NOT_APPROVED
76,50,Дробовик Benelli M4,heavy,4391,0.0,0,6.0,NOT_REVIEWED,NOT_APPROVED
76,119,Дробовик Fabarm STF/12,heavy,4651,0.0,0,14.14,NOT_REVIEWED,NOT_APPROVED
76,56,Дробовик AA-12,heavy,6036,0.0,0,7.07,NOT_REVIEWED,NOT_APPROVED
76,68,Дробовик Franchi SPAS-15,heavy,4786,0.0,0,3.0,NOT_REVIEWED,NOT_APPROVED
76,124,Дробовик Ithaca Mag-10,heavy,3584,0.0,0,27.0,NOT_REVIEWED,NOT_APPROVED
76,125,Дробовик Remington SP-10,heavy,4751,0.0,0,30.0,NOT_REVIEWED,NOT_APPROVED
77,37,Автомат АК-107,heavy,4110,0.0,0,14.04,NOT_REVIEWED,NOT_APPROVED
77,21,Автомат АК-12,heavy,5161,0.0,0,14.0,NOT_REVIEWED,NOT_APPROVED
77,26,Автомат АН-94 «Абакан»,heavy,4230,0.0,0,4.0,NOT_REVIEWED,NOT_APPROVED
77,38,Автомат ADAR 2-15,heavy,5510,0.0,0,5.83,NOT_REVIEWED,NOT_APPROVED
77,45,Автомат АК-19,heavy,4424,0.0,0,1.41,NOT_REVIEWED,NOT_APPROVED
77,69,Автомат CZ Bren 2,heavy,4222,0.0,0,11.0,NOT_REVIEWED,NOT_APPROVED
77,43,Автомат ОЦ-14 «Гроза»,heavy,4768,0.0,0,28.79,NOT_REVIEWED,NOT_APPROVED
77,25,Пулемёт РПД,heavy,3392,0.0,0,17.12,NOT_REVIEWED,NOT_APPROVED
77,18,Автомат АС «Вал»,heavy,4486,0.0,0,8.0,NOT_REVIEWED,NOT_APPROVED
77,63,Автомат АК-308,heavy,4222,0.0,0,8.94,NOT_REVIEWED,NOT_APPROVED
77,51,Автомат ЛР-308,heavy,3905,0.0,0,25.0,NOT_REVIEWED,NOT_APPROVED
77,59,Пулемёт M240,heavy,3572,0.0,0,8.94,NOT_REVIEWED,NOT_APPROVED
77,22,Пулемёт ПКМ,heavy,2352,0.0,0,8.54,NOT_REVIEWED,NOT_APPROVED
77,29,Пулемёт «Печенег»,heavy,3642,0.0,0,4.12,NOT_REVIEWED,NOT_APPROVED
77,42,Винтовка SR-25,heavy,4012,0.0,0,17.12,NOT_REVIEWED,NOT_APPROVED
77,40,Винтовка ВСК-94,heavy,4284,0.0,0,8.54,NOT_REVIEWED,NOT_APPROVED
77,54,Винтовка McMillan TAC-50,heavy,4482,0.0,0,2.0,NOT_REVIEWED,NOT_APPROVED
77,8,ПП «Кедр»,heavy,8529,0.0,0,18.03,NOT_REVIEWED,NOT_APPROVED
77,32,Дробовик Сайга-12К,heavy,3522,0.0,0,16.12,NOT_REVIEWED,NOT_APPROVED
77,62,Дробовик Kel-Tec KSG,heavy,4561,0.0,0,9.85,NOT_REVIEWED,NOT_APPROVED
77,74,Дробовик USAS-12,heavy,3813,0.0,0,3.0,NOT_REVIEWED,NOT_APPROVED
77,124,Дробовик Ithaca Mag-10,heavy,3674,0.0,0,5.1,NOT_REVIEWED,NOT_APPROVED
77,125,Дробовик Remington SP-10,heavy,4839,0.0,0,7.07,NOT_REVIEWED,NOT_APPROVED
79,12,Автомат АК-74,heavy,6135,0.0,0,8.25,NOT_REVIEWED,NOT_APPROVED
79,37,Автомат АК-107,heavy,4096,0.0,0,16.28,NOT_REVIEWED,NOT_APPROVED
79,21,Автомат АК-12,heavy,5150,0.0,0,4.12,NOT_REVIEWED,NOT_APPROVED
79,26,Автомат АН-94 «Абакан»,heavy,4276,0.0,0,18.6,NOT_REVIEWED,NOT_APPROVED
79,17,Пулемёт РПК-74,heavy,3788,0.0,0,20.0,NOT_REVIEWED,NOT_APPROVED
79,38,Автомат ADAR 2-15,heavy,5523,0.0,0,33.0,NOT_REVIEWED,NOT_APPROVED
79,45,Автомат АК-19,heavy,4428,0.0,0,28.0,NOT_REVIEWED,NOT_APPROVED
79,67,Пулемёт Minimi Mk3,heavy,3247,0.0,0,1.0,NOT_REVIEWED,NOT_APPROVED
79,43,Автомат ОЦ-14 «Гроза»,heavy,4693,0.0,0,39.05,NOT_REVIEWED,NOT_APPROVED
79,16,Карабин «Вепрь»,heavy,5774,0.0,0,14.0,NOT_REVIEWED,NOT_APPROVED
79,15,Автомат АК-103,heavy,4777,0.0,0,10.63,NOT_REVIEWED,NOT_APPROVED
79,25,Пулемёт РПД,heavy,3476,0.0,0,3.0,NOT_REVIEWED,NOT_APPROVED
79,18,Автомат АС «Вал»,heavy,4524,0.0,0,25.0,NOT_REVIEWED,NOT_APPROVED
79,63,Автомат АК-308,heavy,4215,0.0,0,1.0,NOT_REVIEWED,NOT_APPROVED
79,51,Автомат ЛР-308,heavy,3893,0.0,0,44.05,NOT_REVIEWED,NOT_APPROVED
79,61,Пулемёт M60E6,heavy,3702,0.0,0,17.0,NOT_REVIEWED,NOT_APPROVED
79,59,Пулемёт M240,heavy,3572,0.0,0,27.89,NOT_REVIEWED,NOT_APPROVED
79,71,Пулемёт FN MAG,heavy,3067,0.0,0,24.52,NOT_REVIEWED,NOT_APPROVED
79,29,Пулемёт «Печенег»,heavy,3642,0.0,0,2.0,NOT_REVIEWED,NOT_APPROVED
79,53,Пулемёт «Печенег-СП»,heavy,3860,0.0,0,24.0,NOT_REVIEWED,NOT_APPROVED
79,65,Пулемёт «Утёс-М»,heavy,4250,0.0,0,6.0,NOT_REVIEWED,NOT_APPROVED
79,46,Винтовка SSG 08,heavy,3381,0.0,0,30.0,NOT_REVIEWED,NOT_APPROVED
79,42,Винтовка SR-25,heavy,4012,0.0,0,44.91,NOT_REVIEWED,NOT_APPROVED
79,24,Винтовка СВДС,heavy,3803,0.0,0,15.03,NOT_REVIEWED,NOT_APPROVED
79,23,Винтовка Т-5000,heavy,3088,0.0,0,22.0,NOT_REVIEWED,NOT_APPROVED
79,28,Винтовка СВ-98,heavy,4603,0.0,0,3.0,NOT_REVIEWED,NOT_APPROVED
79,36,Винтовка СВК,heavy,3077,0.0,0,14.32,NOT_REVIEWED,NOT_APPROVED
79,30,Винтовка ВСС «Винторез»,heavy,4810,0.0,0,13.93,NOT_REVIEWED,NOT_APPROVED
79,40,Винтовка ВСК-94,heavy,4269,0.0,0,19.0,NOT_REVIEWED,NOT_APPROVED
79,31,Винтовка СВ-338,heavy,3707,0.0,0,1.0,NOT_REVIEWED,NOT_APPROVED
79,27,Винтовка ОРСИС T-5000M,heavy,3922,0.0,0,22.0,NOT_REVIEWED,NOT_APPROVED
79,70,Винтовка Sako TRG-42,heavy,4059,0.0,0,15.0,NOT_REVIEWED,NOT_APPROVED
79,33,Винтовка «Выхлоп»,heavy,3501,0.0,0,22.0,NOT_REVIEWED,NOT_APPROVED
79,72,Винтовка Desert Tech HTI,heavy,4241,0.0,0,22.36,NOT_REVIEWED,NOT_APPROVED
79,73,Прототип X-17,heavy,2976,0.0,0,11.0,NOT_REVIEWED,NOT_APPROVED
79,20,Дробовик Сайга-410,heavy,5187,0.0,0,16.16,NOT_REVIEWED,NOT_APPROVED
79,19,Дробовик СПАС-12,heavy,5277,0.0,0,1.0,NOT_REVIEWED,NOT_APPROVED
79,112,Дробовик Winchester SXP Defender,heavy,5113,0.0,0,16.0,NOT_REVIEWED,NOT_APPROVED
79,114,Дробовик Remington 870 MCS,heavy,4217,0.0,0,15.0,NOT_REVIEWED,NOT_APPROVED
79,32,Дробовик Сайга-12К,heavy,3522,0.0,0,25.94,NOT_REVIEWED,NOT_APPROVED
79,44,Дробовик «Вепрь-12»,heavy,3955,0.0,0,22.0,NOT_REVIEWED,NOT_APPROVED
79,62,Дробовик Kel-Tec KSG,heavy,4558,0.0,0,29.07,NOT_REVIEWED,NOT_APPROVED
79,118,Дробовик Beretta 1301 Tactical,heavy,3951,0.0,0,24.0,NOT_REVIEWED,NOT_APPROVED
79,50,Дробовик Benelli M4,heavy,4527,0.0,0,7.0,NOT_REVIEWED,NOT_APPROVED
79,119,Дробовик Fabarm STF/12,heavy,4757,0.0,0,15.0,NOT_REVIEWED,NOT_APPROVED
79,56,Дробовик AA-12,heavy,6170,0.0,0,19.7,NOT_REVIEWED,NOT_APPROVED
79,68,Дробовик Franchi SPAS-15,heavy,4849,0.0,0,4.0,NOT_REVIEWED,NOT_APPROVED
79,124,Дробовик Ithaca Mag-10,heavy,3613,0.0,0,29.0,NOT_REVIEWED,NOT_APPROVED
79,125,Дробовик Remington SP-10,heavy,4884,0.0,0,30.0,NOT_REVIEWED,NOT_APPROVED
81,37,Автомат АК-107,heavy,4110,0.0,0,7.0,NOT_REVIEWED,NOT_APPROVED
81,21,Автомат АК-12,heavy,5161,0.0,0,1.41,NOT_REVIEWED,NOT_APPROVED
81,26,Автомат АН-94 «Абакан»,heavy,4230,0.0,0,2.24,NOT_REVIEWED,NOT_APPROVED
81,38,Автомат ADAR 2-15,heavy,5510,0.0,0,5.0,NOT_REVIEWED,NOT_APPROVED
81,43,Автомат ОЦ-14 «Гроза»,heavy,4768,0.0,0,16.0,NOT_REVIEWED,NOT_APPROVED
81,18,Автомат АС «Вал»,heavy,4486,0.0,0,2.0,NOT_REVIEWED,NOT_APPROVED
81,51,Автомат ЛР-308,heavy,3905,0.0,0,24.0,NOT_REVIEWED,NOT_APPROVED
81,59,Пулемёт M240,heavy,3572,0.0,0,3.0,NOT_REVIEWED,NOT_APPROVED
81,71,Пулемёт FN MAG,heavy,3067,0.0,0,5.0,NOT_REVIEWED,NOT_APPROVED
81,53,Пулемёт «Печенег-СП»,heavy,3848,0.0,0,1.0,NOT_REVIEWED,NOT_APPROVED
81,46,Винтовка SSG 08,heavy,3459,0.0,0,1.0,NOT_REVIEWED,NOT_APPROVED
81,42,Винтовка SR-25,heavy,4012,0.0,0,21.63,NOT_REVIEWED,NOT_APPROVED
81,23,Винтовка Т-5000,heavy,3088,0.0,0,1.0,NOT_REVIEWED,NOT_APPROVED
81,36,Винтовка СВК,heavy,3077,0.0,0,2.24,NOT_REVIEWED,NOT_APPROVED
81,32,Дробовик Сайга-12К,heavy,3522,0.0,0,13.0,NOT_REVIEWED,NOT_APPROVED
81,62,Дробовик Kel-Tec KSG,heavy,4561,0.0,0,1.0,NOT_REVIEWED,NOT_APPROVED
81,56,Дробовик AA-12,heavy,6157,0.0,0,10.0,NOT_REVIEWED,NOT_APPROVED
81,125,Дробовик Remington SP-10,heavy,4839,0.0,0,5.0,NOT_REVIEWED,NOT_APPROVED
82,43,Автомат ОЦ-14 «Гроза»,heavy,4764,0.0,0,8.06,NOT_REVIEWED,NOT_APPROVED
82,51,Автомат ЛР-308,heavy,3905,0.0,0,17.0,NOT_REVIEWED,NOT_APPROVED
82,42,Винтовка SR-25,heavy,4011,0.0,0,16.0,NOT_REVIEWED,NOT_APPROVED
82,32,Дробовик Сайга-12К,heavy,3515,0.0,0,5.0,NOT_REVIEWED,NOT_APPROVED
82,56,Дробовик AA-12,heavy,6113,0.0,0,1.0,NOT_REVIEWED,NOT_APPROVED
83,43,Автомат ОЦ-14 «Гроза»,heavy,4768,0.0,0,18.03,NOT_REVIEWED,NOT_APPROVED
83,51,Автомат ЛР-308,heavy,3905,0.0,0,2.0,NOT_REVIEWED,NOT_APPROVED
83,8,ПП «Кедр»,heavy,8579,0.0,0,5.0,NOT_REVIEWED,NOT_APPROVED
85,43,Автомат ОЦ-14 «Гроза»,heavy,4367,0.0,0,1.41,NOT_REVIEWED,NOT_APPROVED
85,51,Автомат ЛР-308,heavy,3905,0.0,0,10.0,NOT_REVIEWED,NOT_APPROVED
85,42,Винтовка SR-25,heavy,4012,0.0,0,9.0,NOT_REVIEWED,NOT_APPROVED
86,37,Автомат АК-107,heavy,4103,0.0,0,1.0,NOT_REVIEWED,NOT_APPROVED
86,43,Автомат ОЦ-14 «Гроза»,heavy,4705,0.0,0,16.76,NOT_REVIEWED,NOT_APPROVED
86,25,Пулемёт РПД,heavy,3476,0.0,0,1.0,NOT_REVIEWED,NOT_APPROVED
86,51,Автомат ЛР-308,heavy,3905,0.0,0,10.0,NOT_REVIEWED,NOT_APPROVED
86,42,Винтовка SR-25,heavy,4012,0.0,0,3.0,NOT_REVIEWED,NOT_APPROVED
86,8,ПП «Кедр»,heavy,8579,0.0,0,5.0,NOT_REVIEWED,NOT_APPROVED
86,32,Дробовик Сайга-12К,heavy,3522,0.0,0,3.61,NOT_REVIEWED,NOT_APPROVED
87,17,Пулемёт РПК-74,heavy,3518,0.0,0,7.07,NOT_REVIEWED,NOT_APPROVED
87,38,Автомат ADAR 2-15,heavy,4862,0.0,0,15.52,NOT_REVIEWED,NOT_APPROVED
87,45,Автомат АК-19,heavy,3964,0.0,0,4.12,NOT_REVIEWED,NOT_APPROVED
87,67,Пулемёт Minimi Mk3,heavy,3250,0.0,0,1.41,NOT_REVIEWED,NOT_APPROVED
87,43,Автомат ОЦ-14 «Гроза»,heavy,4151,0.0,0,19.21,NOT_REVIEWED,NOT_APPROVED
87,16,Карабин «Вепрь»,heavy,5093,0.0,0,2.0,NOT_REVIEWED,NOT_APPROVED
87,18,Автомат АС «Вал»,heavy,3931,0.0,0,1.0,NOT_REVIEWED,NOT_APPROVED
87,51,Автомат ЛР-308,heavy,3900,0.0,0,18.0,NOT_REVIEWED,NOT_APPROVED
87,61,Пулемёт M60E6,heavy,3487,0.0,0,1.0,NOT_REVIEWED,NOT_APPROVED
87,59,Пулемёт M240,heavy,3486,0.0,0,13.0,NOT_REVIEWED,NOT_APPROVED
87,71,Пулемёт FN MAG,heavy,3067,0.0,0,14.32,NOT_REVIEWED,NOT_APPROVED
87,77,Пулемёт Negev NG7,heavy,3246,0.0,0,10.0,NOT_REVIEWED,NOT_APPROVED
87,53,Пулемёт «Печенег-СП»,heavy,3802,0.0,0,13.89,NOT_REVIEWED,NOT_APPROVED
87,46,Винтовка SSG 08,heavy,3459,0.0,0,13.0,NOT_REVIEWED,NOT_APPROVED
87,42,Винтовка SR-25,heavy,3932,0.0,0,21.1,NOT_REVIEWED,NOT_APPROVED
87,23,Винтовка Т-5000,heavy,3088,0.0,0,14.0,NOT_REVIEWED,NOT_APPROVED
87,36,Винтовка СВК,heavy,3077,0.0,0,11.0,NOT_REVIEWED,NOT_APPROVED
87,30,Винтовка ВСС «Винторез»,heavy,4326,0.0,0,8.0,NOT_REVIEWED,NOT_APPROVED
87,40,Винтовка ВСК-94,heavy,3981,0.0,0,3.16,NOT_REVIEWED,NOT_APPROVED
87,27,Винтовка ОРСИС T-5000M,heavy,3802,0.0,0,6.0,NOT_REVIEWED,NOT_APPROVED
87,70,Винтовка Sako TRG-42,heavy,3958,0.0,0,1.0,NOT_REVIEWED,NOT_APPROVED
87,39,Винтовка ORSIS T-5000 Sniper Pro,heavy,3805,0.0,0,8.0,NOT_REVIEWED,NOT_APPROVED
87,33,Винтовка «Выхлоп»,heavy,3432,0.0,0,8.0,NOT_REVIEWED,NOT_APPROVED
87,52,Винтовка АСВК «Корд»,heavy,3311,0.0,0,5.0,NOT_REVIEWED,NOT_APPROVED
87,72,Винтовка Desert Tech HTI,heavy,4047,0.0,0,10.77,NOT_REVIEWED,NOT_APPROVED
87,20,Дробовик Сайга-410,heavy,4489,0.0,0,3.0,NOT_REVIEWED,NOT_APPROVED
87,112,Дробовик Winchester SXP Defender,heavy,4579,0.0,0,1.0,NOT_REVIEWED,NOT_APPROVED
87,32,Дробовик Сайга-12К,heavy,3357,0.0,0,1.41,NOT_REVIEWED,NOT_APPROVED
87,44,Дробовик «Вепрь-12»,heavy,3695,0.0,0,5.0,NOT_REVIEWED,NOT_APPROVED
87,62,Дробовик Kel-Tec KSG,heavy,4302,0.0,0,15.81,NOT_REVIEWED,NOT_APPROVED
87,118,Дробовик Beretta 1301 Tactical,heavy,3937,0.0,0,7.0,NOT_REVIEWED,NOT_APPROVED
87,56,Дробовик AA-12,heavy,5461,0.0,0,5.0,NOT_REVIEWED,NOT_APPROVED
87,124,Дробовик Ithaca Mag-10,heavy,3674,0.0,0,12.0,NOT_REVIEWED,NOT_APPROVED
87,125,Дробовик Remington SP-10,heavy,4401,0.0,0,6.0,NOT_REVIEWED,NOT_APPROVED
88,37,Автомат АК-107,heavy,4110,0.0,0,4.47,NOT_REVIEWED,NOT_APPROVED
88,21,Автомат АК-12,heavy,5161,0.0,0,8.25,NOT_REVIEWED,NOT_APPROVED
88,38,Автомат ADAR 2-15,heavy,5510,0.0,0,1.0,NOT_REVIEWED,NOT_APPROVED
88,43,Автомат ОЦ-14 «Гроза»,heavy,4705,0.0,0,15.0,NOT_REVIEWED,NOT_APPROVED
88,25,Пулемёт РПД,heavy,3476,0.0,0,3.0,NOT_REVIEWED,NOT_APPROVED
88,51,Автомат ЛР-308,heavy,3905,0.0,0,20.0,NOT_REVIEWED,NOT_APPROVED
88,71,Пулемёт FN MAG,heavy,3067,0.0,0,1.0,NOT_REVIEWED,NOT_APPROVED
88,42,Винтовка SR-25,heavy,4012,0.0,0,18.38,NOT_REVIEWED,NOT_APPROVED
88,32,Дробовик Сайга-12К,heavy,3522,0.0,0,9.0,NOT_REVIEWED,NOT_APPROVED
88,56,Дробовик AA-12,heavy,6157,0.0,0,5.83,NOT_REVIEWED,NOT_APPROVED
89,43,Автомат ОЦ-14 «Гроза»,heavy,4768,0.0,0,35.9,NOT_REVIEWED,NOT_APPROVED
89,51,Автомат ЛР-308,heavy,3905,0.0,0,4.0,NOT_REVIEWED,NOT_APPROVED
89,75,Автомат SCAR-H,heavy,4323,0.0,0,3.0,NOT_REVIEWED,NOT_APPROVED
89,8,ПП «Кедр»,heavy,8579,0.0,0,7.81,NOT_REVIEWED,NOT_APPROVED
90,12,Автомат АК-74,heavy,6052,0.0,0,2.0,NOT_REVIEWED,NOT_APPROVED
90,37,Автомат АК-107,heavy,4105,0.0,0,15.81,NOT_REVIEWED,NOT_APPROVED
90,21,Автомат АК-12,heavy,5156,0.0,0,2.83,NOT_REVIEWED,NOT_APPROVED
90,26,Автомат АН-94 «Абакан»,heavy,4227,0.0,0,16.97,NOT_REVIEWED,NOT_APPROVED
90,17,Пулемёт РПК-74,heavy,3791,0.0,0,16.49,NOT_REVIEWED,NOT_APPROVED
90,38,Автомат ADAR 2-15,heavy,5496,0.0,0,23.0,NOT_REVIEWED,NOT_APPROVED
90,45,Автомат АК-19,heavy,4420,0.0,0,18.0,NOT_REVIEWED,NOT_APPROVED
90,67,Пулемёт Minimi Mk3,heavy,3246,0.0,0,1.0,NOT_REVIEWED,NOT_APPROVED
90,43,Автомат ОЦ-14 «Гроза»,heavy,4762,0.0,0,34.0,NOT_REVIEWED,NOT_APPROVED
90,16,Карабин «Вепрь»,heavy,5685,0.0,0,9.0,NOT_REVIEWED,NOT_APPROVED
90,15,Автомат АК-103,heavy,4773,0.0,0,9.22,NOT_REVIEWED,NOT_APPROVED
90,25,Пулемёт РПД,heavy,3382,0.0,0,3.0,NOT_REVIEWED,NOT_APPROVED
90,18,Автомат АС «Вал»,heavy,4481,0.0,0,19.42,NOT_REVIEWED,NOT_APPROVED
90,51,Автомат ЛР-308,heavy,3899,0.0,0,42.0,NOT_REVIEWED,NOT_APPROVED
90,61,Пулемёт M60E6,heavy,3703,0.0,0,9.43,NOT_REVIEWED,NOT_APPROVED
90,59,Пулемёт M240,heavy,3566,0.0,0,16.28,NOT_REVIEWED,NOT_APPROVED
90,71,Пулемёт FN MAG,heavy,3067,0.0,0,21.84,NOT_REVIEWED,NOT_APPROVED
90,29,Пулемёт «Печенег»,heavy,3640,0.0,0,2.0,NOT_REVIEWED,NOT_APPROVED
90,53,Пулемёт «Печенег-СП»,heavy,3842,0.0,0,23.0,NOT_REVIEWED,NOT_APPROVED
90,65,Пулемёт «Утёс-М»,heavy,4264,0.0,0,5.0,NOT_REVIEWED,NOT_APPROVED
90,46,Винтовка SSG 08,heavy,3457,0.0,0,19.0,NOT_REVIEWED,NOT_APPROVED
90,42,Винтовка SR-25,heavy,4003,0.0,0,41.0,NOT_REVIEWED,NOT_APPROVED
90,24,Винтовка СВДС,heavy,3913,0.0,0,6.0,NOT_REVIEWED,NOT_APPROVED
90,23,Винтовка Т-5000,heavy,3086,0.0,0,17.69,NOT_REVIEWED,NOT_APPROVED
90,36,Винтовка СВК,heavy,3072,0.0,0,15.03,NOT_REVIEWED,NOT_APPROVED
90,30,Винтовка ВСС «Винторез»,heavy,4688,0.0,0,13.0,NOT_REVIEWED,NOT_APPROVED
90,40,Винтовка ВСК-94,heavy,4282,0.0,0,13.0,NOT_REVIEWED,NOT_APPROVED
90,27,Винтовка ОРСИС T-5000M,heavy,4023,0.0,0,13.0,NOT_REVIEWED,NOT_APPROVED
90,70,Винтовка Sako TRG-42,heavy,3953,0.0,0,7.0,NOT_REVIEWED,NOT_APPROVED
90,33,Винтовка «Выхлоп»,heavy,3500,0.0,0,14.0,NOT_REVIEWED,NOT_APPROVED
90,72,Винтовка Desert Tech HTI,heavy,4140,0.0,0,13.0,NOT_REVIEWED,NOT_APPROVED
90,73,Прототип X-17,heavy,2960,0.0,0,3.0,NOT_REVIEWED,NOT_APPROVED
90,20,Дробовик Сайга-410,heavy,5099,0.0,0,10.0,NOT_REVIEWED,NOT_APPROVED
90,112,Дробовик Winchester SXP Defender,heavy,5102,0.0,0,7.0,NOT_REVIEWED,NOT_APPROVED
90,114,Дробовик Remington 870 MCS,heavy,4217,0.0,0,5.1,NOT_REVIEWED,NOT_APPROVED
90,32,Дробовик Сайга-12К,heavy,3517,0.0,0,25.0,NOT_REVIEWED,NOT_APPROVED
90,44,Дробовик «Вепрь-12»,heavy,3951,0.0,0,12.0,NOT_REVIEWED,NOT_APPROVED
90,62,Дробовик Kel-Tec KSG,heavy,4555,0.0,0,19.0,NOT_REVIEWED,NOT_APPROVED
90,118,Дробовик Beretta 1301 Tactical,heavy,3991,0.0,0,13.0,NOT_REVIEWED,NOT_APPROVED
90,119,Дробовик Fabarm STF/12,heavy,4777,0.0,0,8.94,NOT_REVIEWED,NOT_APPROVED
90,56,Дробовик AA-12,heavy,6145,0.0,0,19.7,NOT_REVIEWED,NOT_APPROVED
90,124,Дробовик Ithaca Mag-10,heavy,3674,0.0,0,18.0,NOT_REVIEWED,NOT_APPROVED
90,125,Дробовик Remington SP-10,heavy,4830,0.0,0,22.14,NOT_REVIEWED,NOT_APPROVED
91,19,Дробовик СПАС-12,heavy,5248,0.0,0,6.0,NOT_REVIEWED,NOT_APPROVED
91,112,Дробовик Winchester SXP Defender,heavy,5090,0.0,0,20.1,NOT_REVIEWED,NOT_APPROVED
91,114,Дробовик Remington 870 MCS,heavy,4216,0.0,0,13.6,NOT_REVIEWED,NOT_APPROVED
91,62,Дробовик Kel-Tec KSG,heavy,4560,0.0,0,30.0,NOT_REVIEWED,NOT_APPROVED
91,118,Дробовик Beretta 1301 Tactical,heavy,3951,0.0,0,21.0,NOT_REVIEWED,NOT_APPROVED
91,50,Дробовик Benelli M4,heavy,4507,0.0,0,11.0,NOT_REVIEWED,NOT_APPROVED
91,119,Дробовик Fabarm STF/12,heavy,4730,0.0,0,12.65,NOT_REVIEWED,NOT_APPROVED
92,37,Автомат АК-107,heavy,4110,0.0,0,11.4,NOT_REVIEWED,NOT_APPROVED
92,21,Автомат АК-12,heavy,5161,0.0,0,16.03,NOT_REVIEWED,NOT_APPROVED
92,26,Автомат АН-94 «Абакан»,heavy,4287,0.0,0,6.0,NOT_REVIEWED,NOT_APPROVED
92,17,Пулемёт РПК-74,heavy,3796,0.0,0,2.0,NOT_REVIEWED,NOT_APPROVED
92,38,Автомат ADAR 2-15,heavy,5510,0.0,0,8.0,NOT_REVIEWED,NOT_APPROVED
92,45,Автомат АК-19,heavy,4424,0.0,0,4.0,NOT_REVIEWED,NOT_APPROVED
92,57,Автомат HK416,heavy,4536,0.0,0,2.0,NOT_REVIEWED,NOT_APPROVED
92,69,Автомат CZ Bren 2,heavy,4222,0.0,0,12.17,NOT_REVIEWED,NOT_APPROVED
92,43,Автомат ОЦ-14 «Гроза»,heavy,4705,0.0,0,29.0,NOT_REVIEWED,NOT_APPROVED
92,25,Пулемёт РПД,heavy,3476,0.0,0,19.0,NOT_REVIEWED,NOT_APPROVED
92,18,Автомат АС «Вал»,heavy,4540,0.0,0,7.0,NOT_REVIEWED,NOT_APPROVED
92,63,Автомат АК-308,heavy,4222,0.0,0,7.0,NOT_REVIEWED,NOT_APPROVED
92,51,Автомат ЛР-308,heavy,3905,0.0,0,28.0,NOT_REVIEWED,NOT_APPROVED
92,75,Автомат SCAR-H,heavy,4269,0.0,0,10.0,NOT_REVIEWED,NOT_APPROVED
92,59,Пулемёт M240,heavy,3572,0.0,0,1.0,NOT_REVIEWED,NOT_APPROVED
92,22,Пулемёт ПКМ,heavy,2309,0.0,0,12.0,NOT_REVIEWED,NOT_APPROVED
92,42,Винтовка SR-25,heavy,4012,0.0,0,20.0,NOT_REVIEWED,NOT_APPROVED
92,40,Винтовка ВСК-94,heavy,4284,0.0,0,17.03,NOT_REVIEWED,NOT_APPROVED
92,54,Винтовка McMillan TAC-50,heavy,4482,0.0,0,4.0,NOT_REVIEWED,NOT_APPROVED
92,8,ПП «Кедр»,heavy,8579,0.0,0,12.04,NOT_REVIEWED,NOT_APPROVED
92,32,Дробовик Сайга-12К,heavy,3522,0.0,0,16.49,NOT_REVIEWED,NOT_APPROVED
92,62,Дробовик Kel-Tec KSG,heavy,4561,0.0,0,5.0,NOT_REVIEWED,NOT_APPROVED
92,74,Дробовик USAS-12,heavy,3768,0.0,0,10.0,NOT_REVIEWED,NOT_APPROVED
92,124,Дробовик Ithaca Mag-10,heavy,3618,0.0,0,5.0,NOT_REVIEWED,NOT_APPROVED
92,125,Дробовик Remington SP-10,heavy,4897,0.0,0,8.0,NOT_REVIEWED,NOT_APPROVED
93,43,Автомат ОЦ-14 «Гроза»,heavy,4768,0.0,0,14.14,NOT_REVIEWED,NOT_APPROVED
93,51,Автомат ЛР-308,heavy,3905,0.0,0,3.0,NOT_REVIEWED,NOT_APPROVED
95,43,Автомат ОЦ-14 «Гроза»,heavy,4768,0.0,0,1.0,NOT_REVIEWED,NOT_APPROVED
95,51,Автомат ЛР-308,heavy,3905,0.0,0,11.0,NOT_REVIEWED,NOT_APPROVED
95,42,Винтовка SR-25,heavy,4012,0.0,0,10.0,NOT_REVIEWED,NOT_APPROVED
96,62,Дробовик Kel-Tec KSG,heavy,4430,0.0,0,7.0,NOT_REVIEWED,NOT_APPROVED
